FeedbackID,CustomerID,TruckID,FeedbackDate,Rating,Comments,DeliverySatisfaction,SupportSatisfaction,LikelihoodToRecommend
1,28,187,2022-11-23,8,The truck performs excellently in all terrains.,6,6,10
2,74,187,2024-09-03,9,"Engine efficiency is superb, very satisfied.",6,8,9
3,8,197,2023-10-27,10,"Delivery was delayed by a few days, disappointed.",9,8,9
4,3,36,2023-12-19,10,The truck performs excellently in all terrains.,6,9,9
5,88,153,2024-07-03,6,"Minor issues with brakes, resolved promptly.",9,9,8
6,52,97,2024-12-08,10,The truck performs excellently in all terrains.,5,5,10
7,26,89,2023-10-25,5,Excellent service and friendly dealer staff.,6,9,8
8,75,53,2024-02-01,9,"Some scratches noticed on delivery, but acceptable.",9,5,8
9,64,161,2025-01-03,9,"Engine efficiency is superb, very satisfied.",5,6,7
10,100,104,2025-06-11,6,Support team responded quickly and professionally.,5,9,10
11,66,156,2023-07-27,5,Support team responded quickly and professionally.,9,8,9
12,39,94,2023-01-28,5,"Minor issues with brakes, resolved promptly.",8,5,9
13,63,87,2024-10-24,5,"Engine efficiency is superb, very satisfied.",8,8,8
14,26,49,2023-04-17,9,Fuel consumption is higher than expected.,8,7,10
15,21,23,2025-06-08,5,Fuel consumption is higher than expected.,6,7,10
16,4,153,2023-12-11,7,Excellent service and friendly dealer staff.,10,6,9
17,95,142,2024-05-06,6,Cabin comfort could be better for long drives.,10,8,6
18,43,167,2022-12-14,5,Excellent service and friendly dealer staff.,8,6,9
19,40,22,2025-04-01,9,Would definitely recommend to other logistics companies.,8,8,8
20,12,129,2024-09-14,6,"Delivery was delayed by a few days, disappointed.",6,5,9
21,11,189,2025-01-18,9,Excellent service and friendly dealer staff.,9,6,9
22,45,7,2022-11-25,5,Would definitely recommend to other logistics companies.,8,7,7
23,11,33,2023-03-22,5,"Delivery was delayed by a few days, disappointed.",8,6,10
24,5,110,2024-02-26,6,Fuel consumption is higher than expected.,10,8,8
25,5,154,2025-03-20,7,"Delivery was delayed by a few days, disappointed.",10,10,8
26,14,115,2025-07-26,10,"Minor issues with brakes, resolved promptly.",8,8,7
27,29,78,2023-09-16,7,"Minor issues with brakes, resolved promptly.",5,6,6
28,19,56,2024-06-19,9,"Some scratches noticed on delivery, but acceptable.",8,6,10
29,33,190,2024-07-07,10,The truck performs excellently in all terrains.,7,10,6
30,17,19,2025-07-13,9,Cabin comfort could be better for long drives.,9,6,6
31,28,36,2024-06-12,9,"Delivery was delayed by a few days, disappointed.",8,7,8
32,48,20,2024-12-27,9,"Delivery was delayed by a few days, disappointed.",7,8,10
33,64,162,2024-05-20,7,"Some scratches noticed on delivery, but acceptable.",5,8,7
34,84,97,2024-01-06,5,"Delivery was delayed by a few days, disappointed.",8,8,10
35,95,102,2024-02-11,8,"Minor issues with brakes, resolved promptly.",5,10,8
36,58,145,2022-12-27,8,"Minor issues with brakes, resolved promptly.",5,7,9
37,37,193,2024-05-27,10,"Some scratches noticed on delivery, but acceptable.",9,10,10
38,94,83,2023-06-13,5,Cabin comfort could be better for long drives.,8,10,6
39,52,105,2024-07-29,6,Would definitely recommend to other logistics companies.,9,9,10
40,44,25,2025-01-24,8,Cabin comfort could be better for long drives.,9,10,8
41,89,115,2023-10-08,7,Fuel consumption is higher than expected.,5,7,9
42,62,171,2022-12-08,9,Support team responded quickly and professionally.,8,5,8
43,99,135,2025-01-31,9,The truck performs excellently in all terrains.,10,9,8
44,13,188,2025-06-03,9,"Some scratches noticed on delivery, but acceptable.",6,10,9
45,1,12,2023-05-19,5,"Engine efficiency is superb, very satisfied.",8,5,7
46,23,29,2023-05-14,7,Would definitely recommend to other logistics companies.,9,5,10
47,100,111,2023-02-22,9,Excellent service and friendly dealer staff.,5,7,6
48,14,24,2024-12-21,8,Support team responded quickly and professionally.,9,9,9
49,22,165,2024-04-20,9,The truck performs excellently in all terrains.,9,10,8
50,75,29,2023-04-24,10,The truck performs excellently in all terrains.,10,5,7
51,39,15,2023-09-10,9,"Delivery was delayed by a few days, disappointed.",5,9,8
52,61,177,2023-03-29,8,"Delivery was delayed by a few days, disappointed.",6,10,9
53,56,157,2023-07-06,9,"Minor issues with brakes, resolved promptly.",9,6,7
54,11,53,2024-01-01,6,The truck performs excellently in all terrains.,5,5,9
55,34,200,2024-03-26,10,Excellent service and friendly dealer staff.,8,7,10
56,70,116,2025-02-20,7,Support team responded quickly and professionally.,5,6,6
57,62,154,2023-09-15,10,"Delivery was delayed by a few days, disappointed.",6,10,6
58,29,101,2023-08-21,9,Excellent service and friendly dealer staff.,8,9,10
59,15,150,2025-06-07,8,Support team responded quickly and professionally.,6,6,8
60,10,78,2023-12-30,9,Support team responded quickly and professionally.,7,10,8
61,33,54,2024-07-23,8,"Engine efficiency is superb, very satisfied.",6,5,6
62,16,60,2025-05-22,6,"Engine efficiency is superb, very satisfied.",6,8,7
63,67,96,2025-08-11,8,"Some scratches noticed on delivery, but acceptable.",7,8,9
64,44,43,2024-02-25,9,The truck performs excellently in all terrains.,9,9,6
65,8,33,2024-12-26,5,Excellent service and friendly dealer staff.,5,10,10
66,88,177,2022-11-20,5,"Some scratches noticed on delivery, but acceptable.",9,10,7
67,28,188,2025-05-24,10,Excellent service and friendly dealer staff.,8,5,6
68,41,17,2024-06-11,5,"Minor issues with brakes, resolved promptly.",5,8,10
69,6,31,2024-05-28,9,"Some scratches noticed on delivery, but acceptable.",6,8,10
70,22,175,2023-12-10,5,Support team responded quickly and professionally.,5,5,8
71,94,69,2025-07-27,10,"Engine efficiency is superb, very satisfied.",5,10,8
72,20,168,2024-08-21,5,"Some scratches noticed on delivery, but acceptable.",9,5,6
73,29,175,2024-11-10,10,Cabin comfort could be better for long drives.,7,7,7
74,32,116,2025-01-11,6,Fuel consumption is higher than expected.,6,7,7
75,70,189,2023-07-23,8,Excellent service and friendly dealer staff.,5,7,10
76,67,181,2024-10-10,6,Fuel consumption is higher than expected.,8,5,7
77,95,149,2023-04-13,8,Fuel consumption is higher than expected.,6,10,7
78,56,92,2024-10-30,6,Cabin comfort could be better for long drives.,6,10,8
79,89,68,2025-06-19,9,"Delivery was delayed by a few days, disappointed.",6,7,7
80,1,91,2023-04-22,7,"Delivery was delayed by a few days, disappointed.",7,8,9
81,21,95,2022-11-18,8,"Delivery was delayed by a few days, disappointed.",6,9,9
82,61,139,2023-01-10,6,Cabin comfort could be better for long drives.,10,6,8
83,87,95,2024-06-28,7,"Delivery was delayed by a few days, disappointed.",6,9,7
84,61,85,2022-11-01,6,The truck performs excellently in all terrains.,9,10,6
85,30,110,2024-04-24,10,Cabin comfort could be better for long drives.,9,10,6
86,43,55,2025-08-03,10,Cabin comfort could be better for long drives.,7,5,9
87,70,162,2024-03-22,10,"Some scratches noticed on delivery, but acceptable.",10,10,9
88,14,26,2023-10-04,9,"Delivery was delayed by a few days, disappointed.",6,10,6
89,15,24,2025-06-23,8,The truck performs excellently in all terrains.,9,7,8
90,55,151,2025-01-12,6,"Some scratches noticed on delivery, but acceptable.",8,6,9
91,62,51,2024-02-05,5,Cabin comfort could be better for long drives.,5,5,7
92,55,33,2023-04-14,10,"Engine efficiency is superb, very satisfied.",7,7,10
93,78,127,2025-01-07,5,Cabin comfort could be better for long drives.,5,7,8
94,75,185,2025-05-02,7,Would definitely recommend to other logistics companies.,7,6,9
95,41,49,2025-04-09,9,Excellent service and friendly dealer staff.,5,9,8
96,23,145,2025-07-07,8,Excellent service and friendly dealer staff.,8,10,8
97,46,150,2025-01-14,5,Cabin comfort could be better for long drives.,9,5,7
98,2,48,2022-10-21,10,Cabin comfort could be better for long drives.,9,9,10
99,30,87,2023-11-14,10,Excellent service and friendly dealer staff.,6,5,8
100,70,26,2025-10-04,5,Would definitely recommend to other logistics companies.,9,8,8
101,95,89,2024-10-21,9,The truck performs excellently in all terrains.,7,5,6
102,34,18,2024-02-10,6,"Delivery was delayed by a few days, disappointed.",9,9,10
103,76,14,2025-07-11,9,"Minor issues with brakes, resolved promptly.",8,10,9
104,65,146,2024-02-22,10,The truck performs excellently in all terrains.,9,5,9
105,100,169,2023-12-11,6,The truck performs excellently in all terrains.,6,10,7
106,26,28,2022-11-30,7,The truck performs excellently in all terrains.,6,7,10
107,7,65,2025-01-23,5,Would definitely recommend to other logistics companies.,5,6,6
108,83,153,2025-07-15,6,Cabin comfort could be better for long drives.,7,6,6
109,96,199,2024-07-19,6,The truck performs excellently in all terrains.,6,6,9
110,71,154,2023-04-19,5,"Engine efficiency is superb, very satisfied.",8,9,10
111,64,28,2023-06-07,10,"Minor issues with brakes, resolved promptly.",9,7,9
112,30,36,2025-01-27,7,"Delivery was delayed by a few days, disappointed.",9,10,10
113,43,55,2024-04-26,5,"Engine efficiency is superb, very satisfied.",5,6,6
114,84,2,2025-04-15,5,"Some scratches noticed on delivery, but acceptable.",7,6,8
115,59,52,2025-03-19,9,Excellent service and friendly dealer staff.,7,8,8
116,59,191,2023-09-19,5,"Minor issues with brakes, resolved promptly.",8,5,10
117,22,181,2023-04-27,10,"Minor issues with brakes, resolved promptly.",10,10,6
118,3,135,2024-11-25,5,Support team responded quickly and professionally.,9,6,8
119,32,39,2024-04-17,7,The truck performs excellently in all terrains.,6,10,7
120,85,33,2023-12-12,8,Excellent service and friendly dealer staff.,10,6,8
121,43,92,2025-04-04,5,Support team responded quickly and professionally.,8,10,7
122,92,114,2022-12-27,8,Cabin comfort could be better for long drives.,9,10,7
123,58,186,2023-05-19,7,The truck performs excellently in all terrains.,10,8,10
124,37,187,2024-04-06,6,Cabin comfort could be better for long drives.,8,9,8
125,31,194,2023-07-11,8,Support team responded quickly and professionally.,7,8,10
126,75,68,2025-05-05,10,Cabin comfort could be better for long drives.,9,5,10
127,78,22,2024-03-29,7,"Minor issues with brakes, resolved promptly.",8,7,9
128,94,97,2022-11-18,7,The truck performs excellently in all terrains.,5,9,6
129,66,192,2023-11-26,7,Excellent service and friendly dealer staff.,6,9,9
130,89,15,2024-11-04,9,"Some scratches noticed on delivery, but acceptable.",7,9,7
131,71,82,2024-05-26,7,"Delivery was delayed by a few days, disappointed.",6,9,8
132,76,14,2024-08-24,9,"Delivery was delayed by a few days, disappointed.",9,10,8
133,36,73,2022-11-03,7,Excellent service and friendly dealer staff.,6,6,7
134,49,157,2024-10-27,10,"Minor issues with brakes, resolved promptly.",9,9,10
135,83,49,2025-06-22,5,"Delivery was delayed by a few days, disappointed.",10,6,10
136,42,50,2024-09-05,10,The truck performs excellently in all terrains.,6,6,9
137,45,200,2022-12-22,6,Cabin comfort could be better for long drives.,5,9,7
138,22,8,2024-05-16,5,"Minor issues with brakes, resolved promptly.",5,9,9
139,46,167,2024-12-30,9,"Minor issues with brakes, resolved promptly.",10,7,9
140,83,73,2023-11-17,7,Cabin comfort could be better for long drives.,5,5,7
141,70,189,2023-12-16,5,Excellent service and friendly dealer staff.,10,6,9
142,22,2,2024-03-18,7,Excellent service and friendly dealer staff.,6,8,10
143,69,66,2025-01-05,7,Would definitely recommend to other logistics companies.,7,8,9
144,57,99,2024-05-07,8,"Some scratches noticed on delivery, but acceptable.",8,6,7
145,97,38,2025-06-12,7,"Minor issues with brakes, resolved promptly.",8,9,10
146,35,74,2023-09-17,8,Would definitely recommend to other logistics companies.,8,8,7
147,85,6,2023-11-29,10,"Some scratches noticed on delivery, but acceptable.",6,5,7
148,91,171,2024-09-10,5,"Engine efficiency is superb, very satisfied.",10,5,9
149,88,73,2024-08-25,6,"Minor issues with brakes, resolved promptly.",6,8,7
150,85,184,2024-06-08,6,"Engine efficiency is superb, very satisfied.",7,10,8
151,54,186,2024-10-15,10,"Minor issues with brakes, resolved promptly.",8,5,8
152,98,31,2024-01-27,5,"Some scratches noticed on delivery, but acceptable.",7,7,7
153,54,119,2023-10-05,7,Cabin comfort could be better for long drives.,6,9,7
154,47,121,2023-03-29,6,Excellent service and friendly dealer staff.,7,10,6
155,36,88,2023-04-06,8,"Engine efficiency is superb, very satisfied.",10,9,6
156,95,50,2022-12-15,8,"Engine efficiency is superb, very satisfied.",10,6,7
157,71,188,2024-02-01,9,The truck performs excellently in all terrains.,5,6,7
158,21,195,2025-09-13,8,"Minor issues with brakes, resolved promptly.",10,6,6
159,3,143,2022-11-21,5,Would definitely recommend to other logistics companies.,5,9,6
160,26,71,2023-11-17,7,"Delivery was delayed by a few days, disappointed.",8,9,8
161,83,35,2023-12-02,6,Excellent service and friendly dealer staff.,8,9,10
162,70,130,2024-01-11,10,The truck performs excellently in all terrains.,5,9,8
163,77,175,2025-05-06,5,Would definitely recommend to other logistics companies.,9,6,7
164,32,34,2025-01-31,9,"Engine efficiency is superb, very satisfied.",5,8,10
165,42,197,2024-05-13,7,"Engine efficiency is superb, very satisfied.",10,5,9
166,35,19,2023-06-12,9,Excellent service and friendly dealer staff.,8,8,10
167,25,6,2023-04-27,5,"Minor issues with brakes, resolved promptly.",5,5,7
168,55,40,2023-09-04,6,Fuel consumption is higher than expected.,6,6,10
169,52,106,2024-10-06,10,Excellent service and friendly dealer staff.,6,9,8
170,95,136,2023-08-29,8,Fuel consumption is higher than expected.,10,6,6
171,64,63,2023-01-31,9,Excellent service and friendly dealer staff.,6,8,8
172,75,2,2023-07-05,6,Support team responded quickly and professionally.,8,5,6
173,27,21,2025-02-05,6,Excellent service and friendly dealer staff.,9,10,8
174,17,96,2024-03-07,9,"Delivery was delayed by a few days, disappointed.",6,6,9
175,23,155,2023-02-22,8,"Some scratches noticed on delivery, but acceptable.",9,7,9
176,18,133,2024-05-11,10,Excellent service and friendly dealer staff.,6,7,8
177,70,188,2023-04-02,8,Would definitely recommend to other logistics companies.,6,9,10
178,29,93,2025-09-15,5,"Delivery was delayed by a few days, disappointed.",5,9,6
179,64,23,2024-09-11,8,"Some scratches noticed on delivery, but acceptable.",9,7,8
180,1,28,2023-09-10,7,"Minor issues with brakes, resolved promptly.",7,5,9
181,13,170,2024-06-05,10,The truck performs excellently in all terrains.,5,9,7
182,64,22,2024-02-21,9,Cabin comfort could be better for long drives.,6,8,10
183,18,146,2022-11-23,5,"Minor issues with brakes, resolved promptly.",9,5,8
184,40,123,2024-08-02,10,"Minor issues with brakes, resolved promptly.",7,9,10
185,4,136,2025-01-13,9,"Some scratches noticed on delivery, but acceptable.",5,6,10
186,24,63,2023-10-05,5,Cabin comfort could be better for long drives.,5,8,9
187,76,44,2025-08-28,6,Excellent service and friendly dealer staff.,9,6,6
188,38,166,2024-06-28,7,"Some scratches noticed on delivery, but acceptable.",9,5,7
189,46,99,2025-07-30,7,Cabin comfort could be better for long drives.,10,10,10
190,81,129,2023-05-06,10,The truck performs excellently in all terrains.,6,6,9
191,2,170,2023-10-29,10,Cabin comfort could be better for long drives.,6,10,8
192,71,116,2024-04-23,9,Excellent service and friendly dealer staff.,8,8,9
193,24,3,2024-12-08,8,"Engine efficiency is superb, very satisfied.",5,9,10
194,51,29,2022-10-07,7,"Minor issues with brakes, resolved promptly.",7,8,7
195,89,75,2022-12-30,10,"Minor issues with brakes, resolved promptly.",6,5,7
196,89,91,2023-04-02,5,Support team responded quickly and professionally.,5,9,7
197,16,31,2024-04-25,8,"Minor issues with brakes, resolved promptly.",6,10,7
198,2,115,2024-03-01,10,"Minor issues with brakes, resolved promptly.",10,5,6
199,76,195,2022-12-17,10,"Engine efficiency is superb, very satisfied.",5,10,7
200,34,112,2025-04-03,9,Excellent service and friendly dealer staff.,5,10,7
201,83,185,2023-09-02,7,The truck performs excellently in all terrains.,8,6,6
202,11,108,2023-05-07,10,Support team responded quickly and professionally.,9,5,6
203,34,181,2024-06-24,5,Would definitely recommend to other logistics companies.,6,6,6
204,69,138,2024-02-20,8,Would definitely recommend to other logistics companies.,9,8,10
205,82,34,2022-10-16,10,Support team responded quickly and professionally.,6,10,8
206,75,144,2023-07-20,5,Excellent service and friendly dealer staff.,5,10,10
207,9,191,2022-12-05,9,"Delivery was delayed by a few days, disappointed.",8,10,10
208,11,87,2023-09-23,9,"Engine efficiency is superb, very satisfied.",6,10,7
209,5,174,2024-08-15,6,Excellent service and friendly dealer staff.,7,8,7
210,62,71,2024-05-16,9,"Engine efficiency is superb, very satisfied.",9,9,9
211,64,135,2025-02-11,6,"Some scratches noticed on delivery, but acceptable.",10,10,10
212,69,174,2023-10-30,9,"Some scratches noticed on delivery, but acceptable.",6,6,9
213,57,68,2024-01-04,8,Excellent service and friendly dealer staff.,8,8,10
214,32,67,2025-04-27,9,"Some scratches noticed on delivery, but acceptable.",5,6,10
215,75,73,2025-02-25,6,"Some scratches noticed on delivery, but acceptable.",6,5,7
216,40,124,2025-01-11,10,Would definitely recommend to other logistics companies.,7,8,9
217,65,8,2024-03-02,7,Fuel consumption is higher than expected.,5,10,9
218,8,126,2023-08-21,5,Would definitely recommend to other logistics companies.,5,5,10
219,3,56,2025-01-22,6,"Delivery was delayed by a few days, disappointed.",5,8,10
220,93,83,2024-04-05,9,Cabin comfort could be better for long drives.,5,8,10
221,32,102,2024-03-05,6,Would definitely recommend to other logistics companies.,8,7,9
222,70,56,2024-09-03,10,Support team responded quickly and professionally.,10,5,7
223,85,122,2024-04-24,8,Support team responded quickly and professionally.,10,10,10
224,39,30,2023-05-29,10,"Engine efficiency is superb, very satisfied.",8,7,6
225,47,59,2023-07-12,6,The truck performs excellently in all terrains.,5,5,7
226,65,22,2023-01-28,6,"Engine efficiency is superb, very satisfied.",9,5,10
227,27,61,2023-04-27,6,"Minor issues with brakes, resolved promptly.",5,7,6
228,57,121,2024-03-09,6,Cabin comfort could be better for long drives.,10,7,8
229,68,139,2024-11-11,6,Would definitely recommend to other logistics companies.,8,5,7
230,10,117,2025-02-13,6,The truck performs excellently in all terrains.,6,8,6
231,28,13,2022-12-07,7,Support team responded quickly and professionally.,10,6,7
232,17,149,2024-04-06,8,"Engine efficiency is superb, very satisfied.",10,8,8
233,65,78,2023-11-18,6,Fuel consumption is higher than expected.,7,5,9
234,89,114,2025-02-08,6,"Engine efficiency is superb, very satisfied.",7,6,6
235,2,18,2024-11-16,5,"Engine efficiency is superb, very satisfied.",8,9,10
236,36,11,2023-10-25,8,"Delivery was delayed by a few days, disappointed.",7,7,9
237,59,46,2024-09-29,9,The truck performs excellently in all terrains.,6,6,10
238,25,95,2022-12-09,7,The truck performs excellently in all terrains.,7,5,7
239,85,32,2023-08-24,5,Support team responded quickly and professionally.,8,10,7
240,82,96,2023-09-20,9,Would definitely recommend to other logistics companies.,8,9,10
241,54,16,2023-01-07,10,Fuel consumption is higher than expected.,9,8,9
242,45,55,2024-04-06,8,"Minor issues with brakes, resolved promptly.",7,6,6
243,45,199,2023-03-20,7,Support team responded quickly and professionally.,7,8,6
244,24,156,2025-02-24,7,"Engine efficiency is superb, very satisfied.",8,5,6
245,60,172,2023-10-29,8,"Engine efficiency is superb, very satisfied.",6,10,9
246,14,59,2023-02-13,7,The truck performs excellently in all terrains.,9,5,8
247,67,2,2023-02-22,9,"Minor issues with brakes, resolved promptly.",7,7,8
248,96,161,2024-07-05,6,The truck performs excellently in all terrains.,6,10,10
249,84,25,2025-03-08,9,The truck performs excellently in all terrains.,10,9,10
250,53,122,2023-10-18,9,Support team responded quickly and professionally.,7,6,9
251,49,59,2025-08-20,10,"Engine efficiency is superb, very satisfied.",10,10,7
252,40,41,2024-04-03,9,"Engine efficiency is superb, very satisfied.",10,10,7
253,91,27,2025-08-26,9,"Some scratches noticed on delivery, but acceptable.",8,10,6
254,86,30,2024-05-09,9,"Delivery was delayed by a few days, disappointed.",10,6,10
255,13,32,2024-12-06,9,"Minor issues with brakes, resolved promptly.",9,7,8
256,35,146,2025-09-19,7,"Minor issues with brakes, resolved promptly.",10,5,7
257,87,120,2023-04-21,5,Cabin comfort could be better for long drives.,10,10,8
258,5,144,2023-04-09,9,"Some scratches noticed on delivery, but acceptable.",5,10,8
259,85,167,2024-03-17,8,"Delivery was delayed by a few days, disappointed.",7,5,10
260,27,42,2022-11-07,5,"Minor issues with brakes, resolved promptly.",7,10,7
261,55,170,2023-08-01,8,Support team responded quickly and professionally.,8,6,6
262,31,114,2023-06-03,6,Excellent service and friendly dealer staff.,7,10,8
263,57,157,2024-01-19,5,Would definitely recommend to other logistics companies.,7,7,9
264,21,190,2023-03-29,9,"Some scratches noticed on delivery, but acceptable.",8,8,7
265,20,112,2023-03-28,8,Fuel consumption is higher than expected.,6,5,8
266,52,131,2023-03-19,7,"Minor issues with brakes, resolved promptly.",7,10,10
267,3,91,2023-10-06,8,Cabin comfort could be better for long drives.,5,7,6
268,84,89,2023-12-31,6,Fuel consumption is higher than expected.,5,5,6
269,14,78,2024-07-21,9,"Minor issues with brakes, resolved promptly.",5,8,9
270,41,152,2024-08-25,7,"Minor issues with brakes, resolved promptly.",7,5,8
271,70,24,2024-08-22,9,Fuel consumption is higher than expected.,7,9,6
272,18,64,2023-02-12,8,"Some scratches noticed on delivery, but acceptable.",7,10,8
273,18,183,2023-08-03,6,The truck performs excellently in all terrains.,10,6,10
274,49,3,2023-12-24,9,The truck performs excellently in all terrains.,6,8,8
275,98,195,2024-11-15,9,The truck performs excellently in all terrains.,10,8,6
276,38,192,2025-06-24,9,Fuel consumption is higher than expected.,7,10,6
277,55,100,2024-11-13,9,Fuel consumption is higher than expected.,10,5,10
278,16,130,2022-10-17,5,"Delivery was delayed by a few days, disappointed.",8,9,7
279,28,56,2024-11-11,7,Excellent service and friendly dealer staff.,6,5,8
280,22,47,2025-07-05,8,Cabin comfort could be better for long drives.,6,5,9
281,70,92,2025-07-05,5,Cabin comfort could be better for long drives.,10,10,7
282,17,35,2024-01-02,6,Would definitely recommend to other logistics companies.,5,7,7
283,45,33,2025-09-12,10,"Minor issues with brakes, resolved promptly.",6,9,10
284,69,83,2024-07-23,10,"Delivery was delayed by a few days, disappointed.",9,7,8
285,74,38,2024-09-03,6,Support team responded quickly and professionally.,8,5,8
286,66,170,2023-01-17,6,"Engine efficiency is superb, very satisfied.",8,6,6
287,69,5,2024-05-06,10,The truck performs excellently in all terrains.,9,10,10
288,1,166,2023-12-21,9,Excellent service and friendly dealer staff.,5,10,6
289,86,100,2025-01-16,5,"Minor issues with brakes, resolved promptly.",5,5,8
290,100,42,2025-04-05,7,"Delivery was delayed by a few days, disappointed.",7,10,6
291,79,30,2025-07-26,10,Support team responded quickly and professionally.,5,5,6
292,95,138,2024-07-02,6,"Delivery was delayed by a few days, disappointed.",8,8,6
293,78,106,2023-10-14,5,Excellent service and friendly dealer staff.,5,5,7
294,62,146,2024-07-28,9,Cabin comfort could be better for long drives.,7,5,6
295,80,97,2023-07-05,7,"Delivery was delayed by a few days, disappointed.",6,6,10
296,10,107,2023-05-03,5,"Delivery was delayed by a few days, disappointed.",10,6,8
297,55,87,2025-02-11,7,"Some scratches noticed on delivery, but acceptable.",5,9,10
298,88,3,2024-04-10,5,Support team responded quickly and professionally.,6,6,6
299,8,168,2023-07-05,8,"Some scratches noticed on delivery, but acceptable.",9,8,8
300,74,186,2023-02-18,7,"Delivery was delayed by a few days, disappointed.",9,6,9
301,98,39,2025-06-19,7,"Engine efficiency is superb, very satisfied.",8,8,9
302,31,190,2024-01-20,5,"Minor issues with brakes, resolved promptly.",8,9,8
303,76,91,2024-03-28,7,The truck performs excellently in all terrains.,7,10,9
304,94,74,2024-12-05,8,"Minor issues with brakes, resolved promptly.",5,9,9
305,68,31,2024-02-09,9,"Delivery was delayed by a few days, disappointed.",6,7,8
306,9,118,2023-12-14,10,"Delivery was delayed by a few days, disappointed.",9,10,8
307,49,166,2025-08-14,7,The truck performs excellently in all terrains.,6,5,10
308,55,162,2023-04-14,5,"Some scratches noticed on delivery, but acceptable.",6,6,9
309,53,104,2023-01-20,10,"Minor issues with brakes, resolved promptly.",8,6,7
310,55,142,2023-03-09,10,Fuel consumption is higher than expected.,7,7,9
311,86,164,2025-07-24,7,Excellent service and friendly dealer staff.,8,6,9
312,9,151,2024-12-14,9,The truck performs excellently in all terrains.,6,9,10
313,38,12,2022-11-26,5,Cabin comfort could be better for long drives.,8,5,7
314,20,177,2024-09-01,7,Would definitely recommend to other logistics companies.,10,7,7
315,45,183,2022-11-07,9,Would definitely recommend to other logistics companies.,5,9,6
316,2,51,2025-09-16,7,The truck performs excellently in all terrains.,10,5,9
317,90,118,2024-09-17,8,"Engine efficiency is superb, very satisfied.",8,7,9
318,89,63,2024-05-15,5,Fuel consumption is higher than expected.,10,9,7
319,79,173,2023-07-10,8,"Engine efficiency is superb, very satisfied.",5,7,6
320,4,70,2023-09-10,7,Cabin comfort could be better for long drives.,7,9,10
321,91,45,2024-02-04,9,Excellent service and friendly dealer staff.,7,10,10
322,30,51,2025-07-28,8,Support team responded quickly and professionally.,5,5,8
323,78,51,2023-07-11,8,"Engine efficiency is superb, very satisfied.",9,6,10
324,6,144,2023-08-18,8,Support team responded quickly and professionally.,6,7,7
325,99,171,2024-03-15,9,Cabin comfort could be better for long drives.,9,8,7
326,43,164,2023-04-29,5,The truck performs excellently in all terrains.,8,10,9
327,75,36,2024-07-25,9,"Minor issues with brakes, resolved promptly.",7,6,7
328,65,200,2025-04-06,8,"Minor issues with brakes, resolved promptly.",7,7,10
329,41,34,2025-09-05,9,Support team responded quickly and professionally.,6,6,9
330,18,53,2024-06-30,10,Excellent service and friendly dealer staff.,9,7,8
331,10,22,2023-05-09,9,"Delivery was delayed by a few days, disappointed.",6,7,8
332,12,18,2023-08-01,8,Would definitely recommend to other logistics companies.,7,10,6
333,78,170,2023-01-07,8,Excellent service and friendly dealer staff.,6,10,9
334,59,6,2025-04-10,10,"Engine efficiency is superb, very satisfied.",8,10,8
335,16,107,2024-01-01,7,The truck performs excellently in all terrains.,10,5,7
336,44,44,2023-02-19,6,Would definitely recommend to other logistics companies.,9,8,10
337,52,77,2023-05-05,9,"Delivery was delayed by a few days, disappointed.",8,10,7
338,24,25,2024-07-14,5,Cabin comfort could be better for long drives.,5,5,8
339,100,124,2024-05-31,7,"Some scratches noticed on delivery, but acceptable.",6,8,10
340,64,67,2023-05-20,8,Would definitely recommend to other logistics companies.,9,10,8
341,43,86,2023-08-18,6,Support team responded quickly and professionally.,5,10,10
342,66,104,2023-02-26,10,"Delivery was delayed by a few days, disappointed.",6,10,6
343,30,196,2023-03-08,10,"Some scratches noticed on delivery, but acceptable.",9,6,6
344,49,80,2023-04-25,10,"Some scratches noticed on delivery, but acceptable.",6,5,7
345,82,200,2024-09-15,10,"Some scratches noticed on delivery, but acceptable.",6,5,8
346,2,128,2022-12-14,10,Would definitely recommend to other logistics companies.,5,8,8
347,11,172,2024-04-15,5,Support team responded quickly and professionally.,7,7,8
348,81,194,2023-07-12,10,Fuel consumption is higher than expected.,7,9,9
349,3,139,2023-07-27,7,Cabin comfort could be better for long drives.,6,10,7
350,12,107,2023-09-30,10,Support team responded quickly and professionally.,6,9,7
351,58,22,2025-09-11,6,"Engine efficiency is superb, very satisfied.",7,10,8
352,36,21,2025-05-11,6,"Delivery was delayed by a few days, disappointed.",6,5,7
353,53,168,2023-01-19,6,Would definitely recommend to other logistics companies.,8,9,6
354,44,179,2024-10-20,8,"Some scratches noticed on delivery, but acceptable.",7,10,6
355,88,34,2024-01-03,9,"Delivery was delayed by a few days, disappointed.",6,7,8
356,54,151,2023-09-03,6,Excellent service and friendly dealer staff.,9,8,10
357,34,29,2024-03-26,6,Excellent service and friendly dealer staff.,10,8,9
358,92,101,2024-01-03,6,The truck performs excellently in all terrains.,7,7,8
359,55,179,2025-08-17,5,Cabin comfort could be better for long drives.,10,10,8
360,94,1,2023-12-12,8,Excellent service and friendly dealer staff.,9,9,6
361,54,14,2024-03-13,10,Excellent service and friendly dealer staff.,6,6,6
362,17,149,2024-01-24,10,Fuel consumption is higher than expected.,10,10,6
363,29,195,2023-08-15,8,The truck performs excellently in all terrains.,6,8,7
364,77,82,2024-12-18,7,Would definitely recommend to other logistics companies.,8,5,7
365,35,179,2023-05-01,8,"Minor issues with brakes, resolved promptly.",9,6,8
366,93,174,2022-10-16,8,"Engine efficiency is superb, very satisfied.",8,5,10
367,24,98,2024-01-30,5,"Some scratches noticed on delivery, but acceptable.",8,6,10
368,21,7,2024-09-01,7,"Some scratches noticed on delivery, but acceptable.",5,8,6
369,58,139,2025-05-14,5,Fuel consumption is higher than expected.,9,8,8
370,19,116,2024-10-14,8,Would definitely recommend to other logistics companies.,7,6,6
371,81,120,2024-04-11,10,Excellent service and friendly dealer staff.,6,8,9
372,69,144,2023-02-17,7,Would definitely recommend to other logistics companies.,6,10,8
373,30,82,2024-01-12,10,"Minor issues with brakes, resolved promptly.",5,6,7
374,75,3,2024-07-19,7,"Minor issues with brakes, resolved promptly.",6,8,10
375,93,121,2023-12-13,9,Cabin comfort could be better for long drives.,8,6,9
376,73,161,2022-11-28,10,The truck performs excellently in all terrains.,8,9,8
377,64,150,2023-02-21,9,"Delivery was delayed by a few days, disappointed.",7,9,8
378,13,74,2025-10-06,6,Excellent service and friendly dealer staff.,10,7,8
379,71,131,2024-11-16,6,The truck performs excellently in all terrains.,9,10,8
380,47,152,2025-04-22,5,"Delivery was delayed by a few days, disappointed.",6,6,9
381,39,168,2023-01-11,9,The truck performs excellently in all terrains.,5,10,10
382,19,43,2024-01-27,8,Support team responded quickly and professionally.,7,10,7
383,81,61,2024-04-04,6,"Engine efficiency is superb, very satisfied.",10,7,7
384,77,139,2022-11-11,10,Support team responded quickly and professionally.,7,8,8
385,13,136,2024-03-27,8,"Engine efficiency is superb, very satisfied.",6,7,7
386,67,106,2024-04-13,8,"Delivery was delayed by a few days, disappointed.",9,7,10
387,28,48,2023-10-12,7,Would definitely recommend to other logistics companies.,7,9,7
388,1,109,2025-06-22,10,Would definitely recommend to other logistics companies.,9,10,6
389,18,70,2024-10-13,7,Fuel consumption is higher than expected.,7,7,8
390,16,150,2024-04-07,8,Excellent service and friendly dealer staff.,8,7,6
391,20,155,2023-05-24,6,"Minor issues with brakes, resolved promptly.",6,10,7
392,5,2,2024-09-13,6,Fuel consumption is higher than expected.,6,9,9
393,77,164,2024-11-28,7,Fuel consumption is higher than expected.,7,6,10
394,64,119,2025-06-03,9,Cabin comfort could be better for long drives.,8,5,8
395,15,32,2024-12-13,5,"Delivery was delayed by a few days, disappointed.",9,7,8
396,17,103,2025-06-17,5,"Engine efficiency is superb, very satisfied.",6,9,8
397,59,50,2024-04-15,8,Cabin comfort could be better for long drives.,5,9,8
398,75,39,2024-11-24,7,Support team responded quickly and professionally.,9,7,7
399,21,91,2022-10-19,5,Would definitely recommend to other logistics companies.,8,5,8
400,89,58,2023-07-06,5,"Minor issues with brakes, resolved promptly.",9,5,6
401,92,90,2024-02-04,10,"Engine efficiency is superb, very satisfied.",7,10,10
402,87,70,2025-09-22,7,Excellent service and friendly dealer staff.,10,6,7
403,9,95,2024-08-15,10,Excellent service and friendly dealer staff.,5,6,10
404,45,110,2023-10-23,10,Excellent service and friendly dealer staff.,6,8,8
405,44,144,2024-10-23,8,Fuel consumption is higher than expected.,8,7,8
406,68,193,2023-04-11,6,"Some scratches noticed on delivery, but acceptable.",7,10,9
407,6,188,2023-05-09,6,Fuel consumption is higher than expected.,10,6,10
408,60,110,2023-04-22,8,The truck performs excellently in all terrains.,5,7,6
409,78,111,2023-03-04,8,"Some scratches noticed on delivery, but acceptable.",8,6,9
410,4,89,2025-09-03,8,Support team responded quickly and professionally.,5,10,8
411,21,10,2023-06-27,5,Cabin comfort could be better for long drives.,7,5,6
412,40,190,2025-07-18,6,Excellent service and friendly dealer staff.,5,9,10
413,75,40,2024-04-10,7,"Some scratches noticed on delivery, but acceptable.",6,7,7
414,34,93,2023-08-02,10,"Minor issues with brakes, resolved promptly.",9,8,8
415,8,83,2024-05-20,9,Support team responded quickly and professionally.,7,9,8
416,55,178,2023-11-23,5,Excellent service and friendly dealer staff.,6,6,6
417,33,48,2023-09-21,8,"Some scratches noticed on delivery, but acceptable.",8,10,10
418,96,51,2024-08-14,8,Excellent service and friendly dealer staff.,10,8,9
419,87,5,2024-06-20,10,Support team responded quickly and professionally.,8,10,6
420,93,48,2025-09-08,10,Would definitely recommend to other logistics companies.,7,9,7
421,7,92,2025-05-29,5,"Minor issues with brakes, resolved promptly.",8,9,6
422,78,53,2023-08-12,6,"Engine efficiency is superb, very satisfied.",6,6,6
423,100,156,2024-06-19,6,Excellent service and friendly dealer staff.,10,5,8
424,14,126,2024-02-08,8,"Engine efficiency is superb, very satisfied.",10,7,9
425,56,156,2025-09-07,9,Fuel consumption is higher than expected.,8,9,8
426,64,37,2023-06-20,5,"Minor issues with brakes, resolved promptly.",5,7,7
427,28,184,2023-11-17,9,"Engine efficiency is superb, very satisfied.",6,10,9
428,81,84,2025-05-27,6,Fuel consumption is higher than expected.,7,7,9
429,47,70,2024-07-21,10,Cabin comfort could be better for long drives.,8,10,7
430,93,72,2025-06-03,5,Fuel consumption is higher than expected.,10,8,8
431,18,33,2023-05-19,10,The truck performs excellently in all terrains.,6,5,7
432,2,138,2024-08-08,10,The truck performs excellently in all terrains.,5,9,8
433,6,61,2023-06-01,10,The truck performs excellently in all terrains.,7,8,10
434,85,44,2024-10-01,8,Excellent service and friendly dealer staff.,8,6,10
435,57,18,2025-04-30,9,Excellent service and friendly dealer staff.,7,6,10
436,78,107,2022-12-27,10,Fuel consumption is higher than expected.,6,7,7
437,99,73,2024-05-09,9,Support team responded quickly and professionally.,10,6,6
438,61,24,2023-11-15,7,Would definitely recommend to other logistics companies.,10,9,8
439,61,195,2024-02-28,7,"Delivery was delayed by a few days, disappointed.",5,10,10
440,37,195,2023-02-25,8,Support team responded quickly and professionally.,7,9,7
441,8,27,2023-05-04,5,Excellent service and friendly dealer staff.,5,5,8
442,100,186,2024-12-16,6,"Engine efficiency is superb, very satisfied.",10,7,7
443,92,20,2023-02-05,9,"Engine efficiency is superb, very satisfied.",8,5,7
444,35,68,2025-06-20,10,Excellent service and friendly dealer staff.,6,8,9
445,62,174,2023-01-22,8,Support team responded quickly and professionally.,7,6,10
446,14,139,2023-02-12,10,Fuel consumption is higher than expected.,6,5,6
447,98,63,2024-12-12,8,"Some scratches noticed on delivery, but acceptable.",8,7,7
448,81,79,2025-08-09,10,"Some scratches noticed on delivery, but acceptable.",6,9,10
449,2,114,2024-10-18,7,"Engine efficiency is superb, very satisfied.",9,10,8
450,88,148,2025-10-04,7,The truck performs excellently in all terrains.,8,10,7
451,91,156,2025-06-01,6,"Some scratches noticed on delivery, but acceptable.",7,9,6
452,19,108,2025-09-09,7,"Delivery was delayed by a few days, disappointed.",9,10,8
453,37,139,2023-07-15,8,Fuel consumption is higher than expected.,8,8,9
454,42,83,2023-04-18,7,"Minor issues with brakes, resolved promptly.",10,5,7
455,6,11,2023-07-05,9,Cabin comfort could be better for long drives.,8,5,8
456,90,165,2022-11-30,10,Cabin comfort could be better for long drives.,7,7,9
457,69,121,2023-01-14,6,"Engine efficiency is superb, very satisfied.",8,10,8
458,10,23,2023-10-08,6,Cabin comfort could be better for long drives.,8,9,9
459,26,125,2024-06-03,8,"Engine efficiency is superb, very satisfied.",8,6,10
460,73,158,2024-11-15,10,"Engine efficiency is superb, very satisfied.",7,10,8
461,89,175,2024-10-02,9,Cabin comfort could be better for long drives.,7,10,8
462,52,175,2025-01-21,5,"Engine efficiency is superb, very satisfied.",10,6,6
463,40,79,2023-05-26,6,The truck performs excellently in all terrains.,7,6,7
464,42,15,2022-12-25,6,Fuel consumption is higher than expected.,9,6,7
465,99,3,2023-10-06,5,Support team responded quickly and professionally.,7,9,7
466,10,42,2024-07-01,7,Support team responded quickly and professionally.,8,5,6
467,67,5,2024-10-21,5,Cabin comfort could be better for long drives.,7,9,9
468,10,108,2025-03-27,7,The truck performs excellently in all terrains.,5,7,9
469,6,74,2023-07-31,7,Support team responded quickly and professionally.,10,8,6
470,28,10,2024-06-03,7,"Delivery was delayed by a few days, disappointed.",9,6,10
471,2,86,2024-02-13,10,Cabin comfort could be better for long drives.,5,5,7
472,9,139,2024-12-07,6,"Engine efficiency is superb, very satisfied.",8,10,10
473,14,83,2024-07-29,6,"Delivery was delayed by a few days, disappointed.",9,7,7
474,42,150,2025-07-25,10,Fuel consumption is higher than expected.,10,6,10
475,75,159,2022-12-29,5,"Delivery was delayed by a few days, disappointed.",8,10,8
476,49,46,2022-11-01,5,Fuel consumption is higher than expected.,6,7,6
477,83,125,2022-10-17,10,Excellent service and friendly dealer staff.,8,9,10
478,76,132,2025-07-21,8,The truck performs excellently in all terrains.,9,6,9
479,50,146,2025-05-15,5,"Minor issues with brakes, resolved promptly.",6,8,8
480,52,68,2024-04-09,10,The truck performs excellently in all terrains.,10,9,10
481,65,133,2022-10-20,8,"Minor issues with brakes, resolved promptly.",8,8,7
482,62,114,2024-05-08,7,Support team responded quickly and professionally.,7,7,6
483,11,104,2023-12-15,6,"Some scratches noticed on delivery, but acceptable.",7,6,6
484,8,188,2024-10-03,6,Excellent service and friendly dealer staff.,6,5,6
485,93,177,2023-01-21,8,"Some scratches noticed on delivery, but acceptable.",8,9,6
486,74,16,2024-11-14,5,The truck performs excellently in all terrains.,8,5,7
487,24,132,2025-01-17,7,"Delivery was delayed by a few days, disappointed.",7,5,7
488,49,186,2025-07-24,10,"Minor issues with brakes, resolved promptly.",10,9,10
489,64,17,2023-12-31,9,Cabin comfort could be better for long drives.,10,7,10
490,44,192,2023-06-18,6,Excellent service and friendly dealer staff.,8,5,8
491,94,60,2023-07-13,5,Cabin comfort could be better for long drives.,6,5,6
492,12,4,2024-08-08,6,Would definitely recommend to other logistics companies.,5,8,10
493,32,20,2023-02-16,9,"Minor issues with brakes, resolved promptly.",7,5,6
494,94,125,2024-08-18,8,"Engine efficiency is superb, very satisfied.",5,9,10
495,68,39,2025-01-03,10,Support team responded quickly and professionally.,7,8,6
496,59,199,2024-02-14,6,"Minor issues with brakes, resolved promptly.",9,5,10
497,84,68,2022-10-11,10,The truck performs excellently in all terrains.,9,7,8
498,58,26,2024-09-10,5,Support team responded quickly and professionally.,9,9,9
499,98,56,2022-11-01,8,Would definitely recommend to other logistics companies.,6,10,9
500,86,124,2023-01-12,7,"Some scratches noticed on delivery, but acceptable.",9,6,9
501,15,130,2022-12-02,5,Support team responded quickly and professionally.,10,6,6
502,41,143,2024-10-16,5,"Engine efficiency is superb, very satisfied.",7,10,6
503,46,73,2023-08-14,6,"Some scratches noticed on delivery, but acceptable.",10,7,7
504,71,91,2024-06-03,6,The truck performs excellently in all terrains.,9,10,9
505,9,91,2023-12-13,9,Fuel consumption is higher than expected.,7,5,10
506,20,3,2024-08-19,5,The truck performs excellently in all terrains.,6,6,8
507,30,180,2023-11-27,8,"Minor issues with brakes, resolved promptly.",8,6,8
508,22,25,2023-06-11,5,Support team responded quickly and professionally.,7,8,10
509,53,123,2024-06-16,7,Excellent service and friendly dealer staff.,7,5,9
510,14,131,2022-10-12,7,"Delivery was delayed by a few days, disappointed.",9,9,8
511,45,117,2023-10-29,8,Fuel consumption is higher than expected.,8,6,6
512,80,138,2023-07-14,8,Cabin comfort could be better for long drives.,9,9,9
513,64,77,2024-11-07,8,"Delivery was delayed by a few days, disappointed.",10,6,6
514,63,142,2022-12-19,8,"Some scratches noticed on delivery, but acceptable.",10,6,7
515,3,187,2025-02-10,9,Fuel consumption is higher than expected.,6,8,6
516,85,119,2024-01-30,7,"Engine efficiency is superb, very satisfied.",9,8,9
517,14,139,2023-06-03,5,"Some scratches noticed on delivery, but acceptable.",6,7,10
518,84,11,2024-12-02,5,Excellent service and friendly dealer staff.,7,7,10
519,100,21,2024-05-10,9,The truck performs excellently in all terrains.,6,10,7
520,59,160,2023-10-17,7,The truck performs excellently in all terrains.,10,10,10
521,76,88,2023-02-28,8,Excellent service and friendly dealer staff.,6,8,7
522,19,22,2025-05-24,9,"Some scratches noticed on delivery, but acceptable.",5,7,10
523,83,142,2024-01-27,9,"Delivery was delayed by a few days, disappointed.",5,10,10
524,50,161,2022-10-23,7,"Some scratches noticed on delivery, but acceptable.",9,7,8
525,86,99,2023-09-12,10,Support team responded quickly and professionally.,6,5,7
526,69,29,2023-04-30,9,"Delivery was delayed by a few days, disappointed.",7,10,8
527,70,135,2024-09-07,10,Fuel consumption is higher than expected.,9,10,8
528,32,38,2025-05-04,9,"Engine efficiency is superb, very satisfied.",10,6,7
529,2,37,2023-03-06,8,"Minor issues with brakes, resolved promptly.",10,5,7
530,53,1,2023-06-15,8,The truck performs excellently in all terrains.,5,6,7
531,11,173,2023-01-21,10,Cabin comfort could be better for long drives.,9,10,6
532,40,196,2024-09-23,8,"Engine efficiency is superb, very satisfied.",7,8,7
533,31,155,2022-12-18,5,Support team responded quickly and professionally.,10,7,7
534,9,40,2024-08-21,10,Fuel consumption is higher than expected.,10,8,6
535,52,135,2024-02-05,8,"Engine efficiency is superb, very satisfied.",6,9,8
536,97,173,2024-05-13,7,Fuel consumption is higher than expected.,6,9,9
537,13,133,2024-01-31,10,"Engine efficiency is superb, very satisfied.",10,10,7
538,2,119,2024-05-26,10,Would definitely recommend to other logistics companies.,7,9,6
539,7,180,2022-12-24,6,Cabin comfort could be better for long drives.,9,5,10
540,40,171,2024-05-27,9,"Delivery was delayed by a few days, disappointed.",10,7,6
541,66,111,2024-11-18,9,"Some scratches noticed on delivery, but acceptable.",10,8,10
542,18,166,2022-11-15,10,"Delivery was delayed by a few days, disappointed.",10,6,9
543,82,159,2023-11-27,8,The truck performs excellently in all terrains.,7,8,7
544,85,126,2025-05-05,9,Cabin comfort could be better for long drives.,10,10,7
545,100,131,2023-12-28,9,Support team responded quickly and professionally.,10,5,10
546,86,97,2025-06-10,7,The truck performs excellently in all terrains.,6,6,6
547,31,98,2024-12-08,8,Support team responded quickly and professionally.,10,5,6
548,6,117,2022-11-07,8,"Some scratches noticed on delivery, but acceptable.",5,10,9
549,60,179,2025-04-01,8,Excellent service and friendly dealer staff.,5,5,8
550,82,117,2023-04-13,5,"Engine efficiency is superb, very satisfied.",9,8,6
551,55,186,2023-09-07,9,"Engine efficiency is superb, very satisfied.",5,10,8
552,83,28,2022-12-29,6,"Minor issues with brakes, resolved promptly.",6,5,9
553,20,134,2025-03-11,8,Would definitely recommend to other logistics companies.,9,5,7
554,85,60,2024-05-08,6,"Minor issues with brakes, resolved promptly.",8,6,7
555,52,15,2024-08-10,10,"Delivery was delayed by a few days, disappointed.",6,9,7
556,37,51,2024-01-31,6,Excellent service and friendly dealer staff.,5,9,10
557,4,193,2025-06-04,10,Excellent service and friendly dealer staff.,8,7,10
558,35,94,2025-06-29,5,Would definitely recommend to other logistics companies.,6,6,7
559,11,140,2025-03-08,9,"Delivery was delayed by a few days, disappointed.",7,5,6
560,70,62,2025-07-19,8,"Some scratches noticed on delivery, but acceptable.",10,8,10
561,95,144,2025-01-30,10,"Some scratches noticed on delivery, but acceptable.",5,7,6
562,13,2,2022-10-18,7,The truck performs excellently in all terrains.,8,6,6
563,33,153,2022-12-09,6,Fuel consumption is higher than expected.,8,9,10
564,45,96,2022-10-29,8,"Some scratches noticed on delivery, but acceptable.",10,10,9
565,80,67,2023-04-23,7,Cabin comfort could be better for long drives.,5,5,10
566,73,118,2025-05-11,9,Excellent service and friendly dealer staff.,6,7,9
567,1,32,2024-03-23,9,Would definitely recommend to other logistics companies.,8,7,9
568,79,133,2024-11-07,7,Cabin comfort could be better for long drives.,8,5,9
569,57,61,2024-05-03,5,"Engine efficiency is superb, very satisfied.",9,6,9
570,51,99,2024-03-30,10,Cabin comfort could be better for long drives.,8,7,7
571,31,188,2024-10-19,9,"Some scratches noticed on delivery, but acceptable.",8,8,8
572,98,67,2025-01-05,9,Cabin comfort could be better for long drives.,6,6,8
573,14,97,2023-10-11,5,Excellent service and friendly dealer staff.,9,7,7
574,73,80,2024-03-25,10,The truck performs excellently in all terrains.,9,6,7
575,60,123,2024-07-06,9,Excellent service and friendly dealer staff.,9,10,9
576,8,190,2024-11-16,10,Excellent service and friendly dealer staff.,9,6,8
577,39,196,2022-12-13,10,Would definitely recommend to other logistics companies.,7,9,8
578,19,51,2024-01-01,7,"Engine efficiency is superb, very satisfied.",10,6,8
579,8,187,2024-07-17,6,"Engine efficiency is superb, very satisfied.",9,7,10
580,8,106,2025-05-08,5,"Minor issues with brakes, resolved promptly.",9,9,9
581,60,62,2025-08-09,7,The truck performs excellently in all terrains.,9,8,6
582,61,135,2024-03-13,10,"Delivery was delayed by a few days, disappointed.",6,10,9
583,88,69,2024-11-06,6,"Delivery was delayed by a few days, disappointed.",9,7,7
584,79,199,2024-10-27,5,Would definitely recommend to other logistics companies.,9,9,6
585,89,167,2023-02-14,7,Support team responded quickly and professionally.,8,5,8
586,37,37,2025-04-28,8,Would definitely recommend to other logistics companies.,10,7,7
587,11,115,2024-05-08,8,Cabin comfort could be better for long drives.,7,6,8
588,100,67,2023-04-26,10,Support team responded quickly and professionally.,10,7,6
589,11,159,2023-11-13,5,The truck performs excellently in all terrains.,9,7,10
590,64,100,2023-05-28,6,"Delivery was delayed by a few days, disappointed.",10,5,7
591,98,100,2024-04-19,7,Would definitely recommend to other logistics companies.,7,10,7
592,50,102,2024-03-11,10,The truck performs excellently in all terrains.,5,10,6
593,66,68,2025-01-07,6,Fuel consumption is higher than expected.,10,10,10
594,56,197,2025-03-14,7,Cabin comfort could be better for long drives.,7,5,9
595,59,9,2022-11-10,10,"Engine efficiency is superb, very satisfied.",8,5,10
596,52,88,2023-03-02,8,"Some scratches noticed on delivery, but acceptable.",5,6,9
597,26,158,2023-07-04,9,Would definitely recommend to other logistics companies.,5,7,9
598,74,137,2024-01-31,10,"Engine efficiency is superb, very satisfied.",9,5,6
599,47,81,2023-09-14,10,"Minor issues with brakes, resolved promptly.",7,6,7
600,16,136,2025-03-28,9,Would definitely recommend to other logistics companies.,5,9,6
601,35,151,2024-01-20,9,"Delivery was delayed by a few days, disappointed.",10,7,7
602,69,173,2025-04-23,9,Would definitely recommend to other logistics companies.,5,9,6
603,6,42,2025-09-19,10,"Delivery was delayed by a few days, disappointed.",10,8,7
604,81,33,2025-02-11,9,"Delivery was delayed by a few days, disappointed.",9,9,7
605,100,137,2023-08-10,9,"Delivery was delayed by a few days, disappointed.",6,5,6
606,1,53,2024-04-23,6,Would definitely recommend to other logistics companies.,9,9,9
607,25,82,2024-09-09,10,Support team responded quickly and professionally.,10,9,9
608,85,81,2024-10-26,6,Would definitely recommend to other logistics companies.,6,5,7
609,12,80,2025-04-27,5,"Minor issues with brakes, resolved promptly.",9,9,10
610,75,145,2025-02-17,9,"Some scratches noticed on delivery, but acceptable.",9,9,7
611,15,64,2023-03-10,6,"Some scratches noticed on delivery, but acceptable.",8,7,7
612,80,67,2024-11-04,5,"Some scratches noticed on delivery, but acceptable.",6,10,7
613,86,29,2023-04-15,7,Would definitely recommend to other logistics companies.,10,10,10
614,43,91,2024-02-22,8,"Delivery was delayed by a few days, disappointed.",7,5,10
615,86,192,2023-03-06,8,"Delivery was delayed by a few days, disappointed.",6,8,6
616,67,143,2024-04-23,9,"Some scratches noticed on delivery, but acceptable.",10,8,10
617,22,156,2024-08-28,5,Support team responded quickly and professionally.,10,8,8
618,83,3,2024-03-21,7,"Engine efficiency is superb, very satisfied.",6,10,9
619,57,16,2025-06-05,6,Support team responded quickly and professionally.,10,8,7
620,70,154,2023-05-14,8,Fuel consumption is higher than expected.,10,9,10
621,43,108,2023-05-18,9,"Some scratches noticed on delivery, but acceptable.",10,5,10
622,33,82,2024-04-25,10,Excellent service and friendly dealer staff.,6,8,9
623,93,35,2025-06-12,10,"Minor issues with brakes, resolved promptly.",7,10,9
624,65,122,2024-11-19,5,Support team responded quickly and professionally.,6,10,6
625,51,28,2024-04-18,9,"Delivery was delayed by a few days, disappointed.",8,8,10
626,12,70,2025-02-16,5,Excellent service and friendly dealer staff.,10,7,10
627,100,131,2025-05-26,7,"Engine efficiency is superb, very satisfied.",10,10,7
628,31,119,2024-07-28,9,"Engine efficiency is superb, very satisfied.",6,10,7
629,89,193,2025-06-23,5,Support team responded quickly and professionally.,5,5,7
630,66,116,2023-02-23,8,"Minor issues with brakes, resolved promptly.",10,10,6
631,25,161,2024-03-02,9,"Minor issues with brakes, resolved promptly.",9,6,10
632,62,13,2025-04-21,6,Fuel consumption is higher than expected.,7,10,8
633,15,24,2023-10-31,7,"Engine efficiency is superb, very satisfied.",9,9,9
634,55,116,2024-07-09,8,Cabin comfort could be better for long drives.,5,9,8
635,70,65,2024-04-02,7,Cabin comfort could be better for long drives.,6,6,6
636,19,110,2024-10-27,5,"Minor issues with brakes, resolved promptly.",10,8,9
637,18,178,2025-04-18,8,Fuel consumption is higher than expected.,5,8,10
638,37,107,2025-02-05,5,"Some scratches noticed on delivery, but acceptable.",10,7,10
639,45,2,2023-02-09,8,Excellent service and friendly dealer staff.,5,7,9
640,94,82,2025-02-20,10,Excellent service and friendly dealer staff.,9,10,10
641,35,94,2023-01-29,5,"Delivery was delayed by a few days, disappointed.",10,9,9
642,7,77,2025-07-16,10,Fuel consumption is higher than expected.,5,5,10
643,30,166,2024-02-03,8,"Engine efficiency is superb, very satisfied.",7,6,7
644,48,63,2023-12-14,6,Cabin comfort could be better for long drives.,7,10,6
645,72,54,2024-07-03,8,Support team responded quickly and professionally.,8,8,9
646,48,75,2023-09-07,8,"Engine efficiency is superb, very satisfied.",7,9,8
647,98,193,2025-03-20,7,"Engine efficiency is superb, very satisfied.",5,5,10
648,29,19,2025-02-16,8,"Engine efficiency is superb, very satisfied.",6,5,9
649,75,117,2023-09-26,7,Excellent service and friendly dealer staff.,8,10,6
650,51,116,2024-03-29,9,"Engine efficiency is superb, very satisfied.",8,10,9
651,67,103,2025-10-03,7,Fuel consumption is higher than expected.,7,5,10
652,21,43,2022-12-10,6,"Delivery was delayed by a few days, disappointed.",7,8,8
653,17,137,2024-06-15,9,Fuel consumption is higher than expected.,6,9,10
654,29,159,2024-01-23,7,"Some scratches noticed on delivery, but acceptable.",6,9,6
655,66,31,2024-07-08,8,Support team responded quickly and professionally.,9,6,7
656,72,72,2025-04-21,7,"Delivery was delayed by a few days, disappointed.",10,10,9
657,12,19,2023-03-02,9,Excellent service and friendly dealer staff.,10,7,7
658,95,105,2023-04-18,10,"Minor issues with brakes, resolved promptly.",7,6,6
659,52,142,2024-09-06,10,Cabin comfort could be better for long drives.,5,10,9
660,73,117,2024-09-22,7,Excellent service and friendly dealer staff.,10,10,6
661,70,178,2024-02-25,5,"Delivery was delayed by a few days, disappointed.",5,7,10
662,21,103,2023-10-09,7,Would definitely recommend to other logistics companies.,5,5,9
663,38,164,2023-08-03,8,"Delivery was delayed by a few days, disappointed.",10,7,6
664,40,90,2022-10-28,7,"Delivery was delayed by a few days, disappointed.",5,10,9
665,5,148,2022-12-16,6,Cabin comfort could be better for long drives.,10,7,7
666,60,20,2023-06-19,8,"Delivery was delayed by a few days, disappointed.",8,7,8
667,59,143,2025-10-01,10,Fuel consumption is higher than expected.,5,7,10
668,53,184,2022-10-09,6,Fuel consumption is higher than expected.,7,6,6
669,39,28,2024-07-23,6,Support team responded quickly and professionally.,7,10,10
670,40,178,2023-12-14,5,Support team responded quickly and professionally.,10,6,6
671,60,69,2024-08-24,6,"Minor issues with brakes, resolved promptly.",8,5,7
672,57,103,2023-11-19,8,Cabin comfort could be better for long drives.,7,10,8
673,92,190,2025-05-20,6,"Minor issues with brakes, resolved promptly.",6,9,6
674,90,197,2025-04-13,5,Support team responded quickly and professionally.,8,5,8
675,55,102,2025-03-13,10,Cabin comfort could be better for long drives.,8,7,10
676,15,130,2025-03-02,10,"Delivery was delayed by a few days, disappointed.",5,6,9
677,93,19,2023-09-22,9,Support team responded quickly and professionally.,7,7,7
678,32,104,2023-08-10,10,"Some scratches noticed on delivery, but acceptable.",5,5,9
679,52,15,2025-05-17,10,Cabin comfort could be better for long drives.,8,8,6
680,11,27,2023-07-25,8,"Some scratches noticed on delivery, but acceptable.",8,5,7
681,99,194,2024-06-20,8,The truck performs excellently in all terrains.,8,6,6
682,13,159,2023-08-15,8,Fuel consumption is higher than expected.,8,8,10
683,7,175,2025-10-03,5,Cabin comfort could be better for long drives.,6,10,6
684,25,177,2025-07-03,7,"Minor issues with brakes, resolved promptly.",9,7,8
685,98,31,2025-07-04,8,Support team responded quickly and professionally.,6,9,10
686,12,182,2023-09-14,8,Cabin comfort could be better for long drives.,9,8,6
687,38,87,2024-12-07,10,"Engine efficiency is superb, very satisfied.",10,8,9
688,85,16,2023-07-23,7,Cabin comfort could be better for long drives.,7,5,10
689,38,99,2023-10-05,10,Support team responded quickly and professionally.,6,6,9
690,83,142,2025-07-15,7,"Engine efficiency is superb, very satisfied.",7,9,10
691,48,128,2022-11-27,9,Cabin comfort could be better for long drives.,10,6,8
692,48,21,2025-06-16,6,"Minor issues with brakes, resolved promptly.",9,5,9
693,39,13,2025-02-12,5,"Some scratches noticed on delivery, but acceptable.",9,7,10
694,65,62,2024-11-17,6,The truck performs excellently in all terrains.,10,8,6
695,98,115,2025-05-07,8,The truck performs excellently in all terrains.,7,10,7
696,25,182,2023-04-18,7,The truck performs excellently in all terrains.,9,10,7
697,91,48,2024-01-16,10,"Delivery was delayed by a few days, disappointed.",6,7,8
698,24,178,2024-10-12,9,Fuel consumption is higher than expected.,7,7,8
699,19,79,2025-04-19,5,Cabin comfort could be better for long drives.,8,8,6
700,89,107,2023-11-09,6,"Minor issues with brakes, resolved promptly.",10,8,8
701,35,26,2023-12-04,8,Excellent service and friendly dealer staff.,10,6,10
702,70,176,2024-04-07,7,Fuel consumption is higher than expected.,9,8,9
703,93,154,2025-04-30,10,"Delivery was delayed by a few days, disappointed.",7,9,9
704,47,59,2022-11-17,8,Support team responded quickly and professionally.,6,5,6
705,23,67,2024-08-20,6,Cabin comfort could be better for long drives.,5,10,7
706,6,198,2025-04-24,8,Support team responded quickly and professionally.,8,7,10
707,58,96,2024-10-30,9,Support team responded quickly and professionally.,5,6,9
708,80,199,2024-01-25,5,"Delivery was delayed by a few days, disappointed.",6,7,7
709,30,109,2024-06-30,5,"Engine efficiency is superb, very satisfied.",8,6,6
710,22,129,2023-03-28,9,Fuel consumption is higher than expected.,5,7,8
711,88,161,2024-03-29,9,Excellent service and friendly dealer staff.,10,6,7
712,59,39,2022-12-29,8,Excellent service and friendly dealer staff.,6,10,9
713,38,56,2025-08-29,9,Support team responded quickly and professionally.,8,8,9
714,94,79,2023-11-04,5,"Minor issues with brakes, resolved promptly.",10,9,9
715,73,162,2023-02-06,10,Cabin comfort could be better for long drives.,10,9,8
716,14,118,2023-06-01,7,Fuel consumption is higher than expected.,6,9,8
717,86,173,2025-06-12,10,"Some scratches noticed on delivery, but acceptable.",6,5,10
718,46,116,2022-12-15,8,"Some scratches noticed on delivery, but acceptable.",5,8,7
719,62,21,2025-06-23,9,Would definitely recommend to other logistics companies.,8,9,7
720,43,177,2024-01-30,8,"Engine efficiency is superb, very satisfied.",9,6,8
721,75,36,2023-07-03,10,"Delivery was delayed by a few days, disappointed.",10,6,10
722,86,128,2025-06-14,7,"Delivery was delayed by a few days, disappointed.",5,10,9
723,51,93,2024-04-30,5,"Some scratches noticed on delivery, but acceptable.",9,5,8
724,95,199,2023-04-21,5,The truck performs excellently in all terrains.,7,9,6
725,16,57,2023-07-04,6,Fuel consumption is higher than expected.,8,8,6
726,22,193,2023-11-06,9,Excellent service and friendly dealer staff.,7,10,8
727,53,64,2023-02-09,6,The truck performs excellently in all terrains.,6,8,7
728,55,92,2023-11-03,7,"Minor issues with brakes, resolved promptly.",10,6,7
729,36,186,2023-08-27,9,The truck performs excellently in all terrains.,7,5,10
730,85,105,2023-12-12,10,The truck performs excellently in all terrains.,5,6,9
731,46,162,2023-09-21,5,Support team responded quickly and professionally.,5,6,7
732,70,11,2025-06-01,5,"Delivery was delayed by a few days, disappointed.",9,8,10
733,65,177,2022-12-02,10,"Some scratches noticed on delivery, but acceptable.",5,6,9
734,41,98,2023-11-29,10,Support team responded quickly and professionally.,6,9,7
735,94,194,2025-09-20,10,Excellent service and friendly dealer staff.,9,8,10
736,21,165,2024-07-24,10,Excellent service and friendly dealer staff.,5,6,10
737,14,113,2025-03-07,5,Fuel consumption is higher than expected.,9,10,9
738,78,34,2024-03-13,10,Fuel consumption is higher than expected.,5,10,7
739,19,58,2024-04-04,9,Excellent service and friendly dealer staff.,7,8,7
740,92,32,2024-12-16,8,Support team responded quickly and professionally.,8,5,8
741,11,3,2023-06-10,8,"Some scratches noticed on delivery, but acceptable.",5,5,7
742,3,141,2024-01-31,10,Excellent service and friendly dealer staff.,8,8,6
743,55,29,2024-03-02,8,"Delivery was delayed by a few days, disappointed.",5,5,9
744,85,13,2024-03-22,9,Cabin comfort could be better for long drives.,7,6,10
745,21,182,2023-07-20,9,Cabin comfort could be better for long drives.,9,7,6
746,91,48,2025-05-20,6,Excellent service and friendly dealer staff.,5,9,8
747,89,196,2025-08-09,10,Excellent service and friendly dealer staff.,9,8,7
748,51,66,2025-01-30,10,Cabin comfort could be better for long drives.,7,7,8
749,29,199,2025-05-19,10,"Minor issues with brakes, resolved promptly.",5,7,6
750,94,94,2025-09-22,8,Would definitely recommend to other logistics companies.,7,6,10
751,31,149,2024-09-04,9,Fuel consumption is higher than expected.,7,8,8
752,17,192,2023-06-27,7,"Some scratches noticed on delivery, but acceptable.",8,5,7
753,80,197,2022-12-14,7,"Minor issues with brakes, resolved promptly.",10,6,7
754,20,141,2025-02-27,6,"Delivery was delayed by a few days, disappointed.",8,6,6
755,69,193,2024-07-13,6,Would definitely recommend to other logistics companies.,8,10,6
756,69,154,2024-10-06,8,"Some scratches noticed on delivery, but acceptable.",6,8,10
757,28,51,2023-08-03,7,"Some scratches noticed on delivery, but acceptable.",10,7,6
758,7,16,2024-02-14,7,"Some scratches noticed on delivery, but acceptable.",6,10,8
759,43,7,2025-03-08,7,Would definitely recommend to other logistics companies.,6,8,8
760,97,184,2025-01-17,7,Excellent service and friendly dealer staff.,5,6,10
761,100,32,2023-03-08,5,Would definitely recommend to other logistics companies.,7,9,7
762,32,10,2025-01-15,5,Fuel consumption is higher than expected.,10,6,6
763,83,11,2024-12-31,6,Cabin comfort could be better for long drives.,8,6,7
764,16,147,2025-04-05,6,Cabin comfort could be better for long drives.,8,6,10
765,85,133,2023-08-08,8,The truck performs excellently in all terrains.,7,9,9
766,32,15,2024-04-21,6,"Some scratches noticed on delivery, but acceptable.",5,8,6
767,35,155,2023-06-13,6,Would definitely recommend to other logistics companies.,9,5,9
768,77,182,2024-04-05,7,"Minor issues with brakes, resolved promptly.",9,9,8
769,53,23,2024-06-30,7,Would definitely recommend to other logistics companies.,9,5,7
770,62,96,2024-01-20,10,Support team responded quickly and professionally.,9,9,8
771,3,79,2025-02-11,10,Fuel consumption is higher than expected.,5,9,6
772,70,116,2025-03-20,9,"Engine efficiency is superb, very satisfied.",8,7,10
773,61,171,2022-10-08,10,Cabin comfort could be better for long drives.,7,5,9
774,83,69,2024-04-06,8,"Minor issues with brakes, resolved promptly.",10,9,9
775,61,86,2024-05-23,9,"Engine efficiency is superb, very satisfied.",7,8,8
776,41,191,2024-11-08,6,"Some scratches noticed on delivery, but acceptable.",8,5,6
777,27,74,2024-10-30,7,Cabin comfort could be better for long drives.,10,10,6
778,3,166,2024-03-04,6,The truck performs excellently in all terrains.,7,7,10
779,14,97,2024-11-22,7,"Delivery was delayed by a few days, disappointed.",8,10,9
780,21,11,2023-10-02,9,Would definitely recommend to other logistics companies.,8,6,8
781,42,57,2024-03-27,5,Excellent service and friendly dealer staff.,6,9,8
782,57,112,2025-01-28,6,Support team responded quickly and professionally.,5,7,9
783,53,15,2023-03-07,7,Cabin comfort could be better for long drives.,7,10,8
784,77,50,2025-01-14,5,Fuel consumption is higher than expected.,10,7,10
785,45,21,2024-03-08,9,Fuel consumption is higher than expected.,8,7,8
786,28,107,2025-04-26,9,Would definitely recommend to other logistics companies.,8,8,10
787,30,169,2023-05-16,6,"Engine efficiency is superb, very satisfied.",9,7,6
788,31,153,2023-12-22,7,"Engine efficiency is superb, very satisfied.",8,6,8
789,53,33,2024-09-06,8,Support team responded quickly and professionally.,8,9,9
790,98,84,2024-08-27,9,Would definitely recommend to other logistics companies.,7,7,9
791,71,85,2024-03-24,8,"Engine efficiency is superb, very satisfied.",5,9,10
792,76,181,2023-07-18,7,"Delivery was delayed by a few days, disappointed.",6,10,9
793,57,36,2023-09-20,7,"Some scratches noticed on delivery, but acceptable.",8,8,6
794,54,88,2023-11-23,6,"Engine efficiency is superb, very satisfied.",10,6,8
795,33,119,2025-05-31,5,Would definitely recommend to other logistics companies.,8,5,7
796,24,1,2024-03-31,7,Fuel consumption is higher than expected.,7,8,7
797,54,182,2024-12-26,8,"Delivery was delayed by a few days, disappointed.",6,5,9
798,46,22,2024-11-07,7,The truck performs excellently in all terrains.,5,10,8
799,42,119,2023-04-11,6,"Some scratches noticed on delivery, but acceptable.",6,5,10
800,83,179,2024-06-03,9,Excellent service and friendly dealer staff.,9,7,7
801,20,144,2023-10-23,6,"Engine efficiency is superb, very satisfied.",5,5,7
802,43,166,2023-01-15,9,Excellent service and friendly dealer staff.,7,7,10
803,62,64,2023-10-22,5,"Engine efficiency is superb, very satisfied.",10,5,9
804,93,194,2023-06-02,8,Support team responded quickly and professionally.,8,5,10
805,39,191,2023-08-11,7,Support team responded quickly and professionally.,6,5,6
806,27,33,2023-09-25,10,Fuel consumption is higher than expected.,8,9,6
807,27,157,2025-04-30,8,"Delivery was delayed by a few days, disappointed.",7,9,6
808,98,159,2022-11-24,10,"Minor issues with brakes, resolved promptly.",5,7,9
809,95,37,2023-06-08,5,"Some scratches noticed on delivery, but acceptable.",9,6,9
810,27,3,2023-11-14,6,Excellent service and friendly dealer staff.,6,7,10
811,57,197,2023-01-11,10,Cabin comfort could be better for long drives.,7,6,8
812,44,151,2023-12-14,9,"Delivery was delayed by a few days, disappointed.",6,8,9
813,78,198,2025-09-01,7,"Engine efficiency is superb, very satisfied.",5,10,10
814,88,5,2024-07-31,5,Cabin comfort could be better for long drives.,8,10,9
815,22,135,2024-05-08,8,"Engine efficiency is superb, very satisfied.",5,5,7
816,14,4,2024-08-12,7,The truck performs excellently in all terrains.,7,6,10
817,61,108,2023-12-28,7,Fuel consumption is higher than expected.,5,5,6
818,65,158,2023-02-11,5,"Delivery was delayed by a few days, disappointed.",8,7,6
819,93,118,2024-01-09,7,Fuel consumption is higher than expected.,10,9,6
820,61,178,2024-01-06,10,"Minor issues with brakes, resolved promptly.",10,10,10
821,21,131,2023-03-19,9,Fuel consumption is higher than expected.,8,10,10
822,7,44,2024-11-02,5,Would definitely recommend to other logistics companies.,9,6,10
823,42,41,2025-09-12,8,Excellent service and friendly dealer staff.,8,9,8
824,79,171,2024-08-15,10,"Some scratches noticed on delivery, but acceptable.",10,5,8
825,94,131,2024-03-31,7,"Minor issues with brakes, resolved promptly.",10,8,8
826,39,109,2023-01-16,9,Support team responded quickly and professionally.,9,5,10
827,36,196,2023-03-20,10,Excellent service and friendly dealer staff.,7,6,10
828,35,43,2024-12-25,6,"Engine efficiency is superb, very satisfied.",8,10,9
829,67,126,2023-08-17,7,Cabin comfort could be better for long drives.,7,10,8
830,79,162,2023-05-27,8,Fuel consumption is higher than expected.,9,6,10
831,56,143,2023-02-11,7,Support team responded quickly and professionally.,7,6,6
832,69,132,2024-07-18,5,The truck performs excellently in all terrains.,6,7,7
833,71,172,2024-04-09,6,Fuel consumption is higher than expected.,5,6,6
834,35,155,2024-04-05,7,The truck performs excellently in all terrains.,7,8,6
835,27,120,2023-03-06,8,"Engine efficiency is superb, very satisfied.",8,8,7
836,78,161,2023-09-20,8,Cabin comfort could be better for long drives.,8,5,8
837,27,5,2023-07-28,5,Cabin comfort could be better for long drives.,5,8,7
838,84,122,2024-03-04,8,Fuel consumption is higher than expected.,5,5,6
839,95,114,2024-01-17,9,"Some scratches noticed on delivery, but acceptable.",9,8,9
840,46,100,2025-09-23,5,Support team responded quickly and professionally.,7,10,6
841,92,157,2024-10-19,6,"Minor issues with brakes, resolved promptly.",10,10,7
842,9,34,2024-05-14,6,Excellent service and friendly dealer staff.,5,7,10
843,19,81,2024-05-19,9,"Delivery was delayed by a few days, disappointed.",8,6,6
844,4,47,2024-11-22,7,The truck performs excellently in all terrains.,9,6,7
845,23,5,2024-11-03,7,"Minor issues with brakes, resolved promptly.",9,8,7
846,44,85,2025-04-21,8,"Engine efficiency is superb, very satisfied.",10,10,6
847,39,113,2025-06-29,10,"Minor issues with brakes, resolved promptly.",5,5,9
848,34,100,2023-09-26,10,"Some scratches noticed on delivery, but acceptable.",5,7,10
849,58,152,2025-01-26,7,Fuel consumption is higher than expected.,9,9,6
850,1,19,2023-06-12,9,Fuel consumption is higher than expected.,10,6,7
851,28,127,2025-05-12,6,Fuel consumption is higher than expected.,6,7,9
852,59,58,2024-06-03,5,"Delivery was delayed by a few days, disappointed.",7,7,6
853,85,169,2025-04-26,9,Support team responded quickly and professionally.,9,7,10
854,23,104,2024-12-18,5,"Engine efficiency is superb, very satisfied.",8,9,7
855,74,100,2023-11-07,5,Excellent service and friendly dealer staff.,7,7,9
856,75,13,2024-03-23,6,Fuel consumption is higher than expected.,8,6,6
857,25,107,2025-09-07,6,"Minor issues with brakes, resolved promptly.",8,6,8
858,87,28,2024-02-08,7,Excellent service and friendly dealer staff.,10,7,6
859,92,123,2024-01-31,8,Fuel consumption is higher than expected.,9,6,7
860,7,51,2024-03-07,8,Excellent service and friendly dealer staff.,6,8,6
861,1,68,2023-08-29,8,Excellent service and friendly dealer staff.,6,7,9
862,69,196,2024-11-26,7,The truck performs excellently in all terrains.,9,10,8
863,39,148,2023-06-05,7,Cabin comfort could be better for long drives.,5,8,9
864,28,86,2024-01-04,10,The truck performs excellently in all terrains.,10,10,8
865,31,80,2023-01-28,9,Support team responded quickly and professionally.,9,10,8
866,23,76,2023-09-27,10,"Some scratches noticed on delivery, but acceptable.",10,8,8
867,69,61,2025-03-13,6,"Some scratches noticed on delivery, but acceptable.",5,10,10
868,60,41,2023-08-21,9,Cabin comfort could be better for long drives.,7,10,9
869,51,85,2024-09-28,5,Excellent service and friendly dealer staff.,8,9,7
870,72,159,2025-02-05,9,The truck performs excellently in all terrains.,10,7,10
871,71,124,2024-04-16,5,The truck performs excellently in all terrains.,10,6,6
872,87,145,2023-03-02,9,"Engine efficiency is superb, very satisfied.",8,6,9
873,7,155,2023-12-29,10,Support team responded quickly and professionally.,10,9,6
874,72,75,2023-03-14,7,Cabin comfort could be better for long drives.,9,6,7
875,46,151,2023-12-21,8,Fuel consumption is higher than expected.,9,10,7
876,35,118,2023-02-10,9,Cabin comfort could be better for long drives.,9,8,6
877,30,161,2022-12-25,9,Would definitely recommend to other logistics companies.,8,7,9
878,74,105,2024-09-03,10,Support team responded quickly and professionally.,10,5,10
879,28,103,2024-10-05,7,Excellent service and friendly dealer staff.,7,6,9
880,5,40,2022-11-11,5,"Delivery was delayed by a few days, disappointed.",7,6,9
881,4,22,2023-03-03,5,The truck performs excellently in all terrains.,6,9,8
882,90,173,2025-09-20,8,Support team responded quickly and professionally.,9,8,9
883,12,113,2022-10-14,7,"Minor issues with brakes, resolved promptly.",9,5,7
884,52,130,2025-07-06,7,Fuel consumption is higher than expected.,10,10,9
885,68,56,2025-09-09,7,"Engine efficiency is superb, very satisfied.",6,5,7
886,63,114,2025-04-05,6,Support team responded quickly and professionally.,8,6,6
887,77,50,2024-09-18,6,"Minor issues with brakes, resolved promptly.",5,8,7
888,28,125,2024-03-25,10,Cabin comfort could be better for long drives.,9,6,10
889,87,161,2023-06-24,7,Support team responded quickly and professionally.,10,7,6
890,20,109,2024-01-19,7,Cabin comfort could be better for long drives.,5,7,10
891,5,197,2024-04-13,8,"Some scratches noticed on delivery, but acceptable.",6,10,8
892,90,96,2024-11-28,6,"Minor issues with brakes, resolved promptly.",10,9,9
893,96,33,2025-07-04,6,Cabin comfort could be better for long drives.,9,6,10
894,67,13,2024-10-22,7,"Engine efficiency is superb, very satisfied.",7,8,6
895,3,76,2024-11-15,5,Would definitely recommend to other logistics companies.,8,7,9
896,30,75,2024-01-10,10,"Minor issues with brakes, resolved promptly.",5,8,6
897,60,56,2024-10-01,8,"Engine efficiency is superb, very satisfied.",6,7,6
898,41,57,2024-06-13,7,"Some scratches noticed on delivery, but acceptable.",8,7,9
899,47,183,2024-10-19,8,Excellent service and friendly dealer staff.,10,8,10
900,83,54,2022-12-25,9,Excellent service and friendly dealer staff.,8,6,8
901,61,11,2025-04-06,5,Fuel consumption is higher than expected.,5,6,9
902,40,141,2023-02-25,6,Excellent service and friendly dealer staff.,8,6,10
903,83,1,2023-12-25,10,"Some scratches noticed on delivery, but acceptable.",6,6,9
904,30,40,2024-01-25,7,Would definitely recommend to other logistics companies.,9,8,9
905,59,191,2023-04-27,7,"Engine efficiency is superb, very satisfied.",7,6,9
906,73,49,2025-05-14,7,Support team responded quickly and professionally.,9,5,6
907,56,99,2023-02-06,9,Would definitely recommend to other logistics companies.,10,10,6
908,2,170,2023-11-21,9,Support team responded quickly and professionally.,8,5,6
909,44,169,2025-09-30,6,"Minor issues with brakes, resolved promptly.",9,5,9
910,17,12,2025-08-13,10,The truck performs excellently in all terrains.,9,7,9
911,29,46,2023-04-14,5,"Delivery was delayed by a few days, disappointed.",8,10,9
912,64,39,2025-10-02,10,"Delivery was delayed by a few days, disappointed.",8,5,10
913,9,151,2024-04-02,9,Support team responded quickly and professionally.,5,6,10
914,53,73,2024-03-23,5,Fuel consumption is higher than expected.,6,10,7
915,59,31,2025-04-23,7,The truck performs excellently in all terrains.,7,10,6
916,2,95,2023-12-17,6,"Some scratches noticed on delivery, but acceptable.",7,9,9
917,34,127,2025-03-19,9,"Minor issues with brakes, resolved promptly.",8,5,8
918,79,145,2025-06-25,10,Excellent service and friendly dealer staff.,6,7,6
919,70,44,2025-07-27,9,Support team responded quickly and professionally.,6,5,7
920,95,183,2023-05-06,9,Would definitely recommend to other logistics companies.,6,10,7
921,64,184,2024-10-08,6,Support team responded quickly and professionally.,5,6,10
922,39,117,2023-09-21,9,"Engine efficiency is superb, very satisfied.",5,8,8
923,76,83,2024-03-08,6,"Delivery was delayed by a few days, disappointed.",6,7,6
924,54,33,2024-01-30,8,"Minor issues with brakes, resolved promptly.",9,10,7
925,94,23,2022-10-24,10,Excellent service and friendly dealer staff.,9,7,7
926,29,144,2024-12-24,8,"Delivery was delayed by a few days, disappointed.",8,8,8
927,61,177,2024-03-10,5,"Minor issues with brakes, resolved promptly.",5,7,9
928,58,183,2024-11-17,5,Would definitely recommend to other logistics companies.,8,6,8
929,83,68,2024-05-19,5,"Delivery was delayed by a few days, disappointed.",5,5,8
930,90,36,2024-10-14,7,"Engine efficiency is superb, very satisfied.",10,10,9
931,46,118,2022-12-02,10,"Minor issues with brakes, resolved promptly.",8,9,10
932,97,86,2022-11-19,5,Fuel consumption is higher than expected.,6,7,10
933,10,58,2024-11-11,5,Excellent service and friendly dealer staff.,10,7,9
934,4,167,2023-05-17,5,Support team responded quickly and professionally.,8,7,8
935,27,38,2023-11-11,5,Would definitely recommend to other logistics companies.,10,5,6
936,58,66,2024-07-02,8,"Engine efficiency is superb, very satisfied.",8,8,10
937,70,135,2024-12-08,5,Cabin comfort could be better for long drives.,10,7,9
938,10,195,2024-05-09,8,The truck performs excellently in all terrains.,5,8,6
939,60,72,2023-07-30,9,Cabin comfort could be better for long drives.,8,7,9
940,58,12,2024-01-19,9,"Delivery was delayed by a few days, disappointed.",5,8,6
941,61,96,2025-08-04,7,Would definitely recommend to other logistics companies.,9,5,10
942,2,175,2024-12-01,10,Fuel consumption is higher than expected.,8,6,10
943,73,174,2025-02-02,5,Support team responded quickly and professionally.,7,5,10
944,55,176,2022-11-24,10,"Engine efficiency is superb, very satisfied.",9,5,9
945,90,94,2025-03-25,7,Cabin comfort could be better for long drives.,6,9,7
946,18,127,2024-10-02,10,Cabin comfort could be better for long drives.,8,8,7
947,75,57,2025-01-19,5,Cabin comfort could be better for long drives.,6,6,7
948,53,140,2023-10-21,6,The truck performs excellently in all terrains.,6,10,9
949,53,152,2023-01-08,5,Cabin comfort could be better for long drives.,5,5,8
950,8,41,2024-10-19,8,Cabin comfort could be better for long drives.,9,5,9
951,48,105,2025-01-18,7,Support team responded quickly and professionally.,7,6,6
952,27,159,2025-01-04,5,Cabin comfort could be better for long drives.,9,7,6
953,65,165,2024-05-23,7,The truck performs excellently in all terrains.,7,5,9
954,41,52,2025-04-19,9,Excellent service and friendly dealer staff.,8,10,8
955,77,91,2024-08-26,10,"Minor issues with brakes, resolved promptly.",10,9,8
956,48,36,2023-11-08,9,"Delivery was delayed by a few days, disappointed.",7,7,8
957,2,139,2024-03-27,9,"Engine efficiency is superb, very satisfied.",10,9,9
958,45,195,2024-06-29,9,Cabin comfort could be better for long drives.,6,10,6
959,44,126,2023-05-31,5,"Engine efficiency is superb, very satisfied.",7,9,8
960,14,94,2024-10-20,5,Support team responded quickly and professionally.,10,9,10
961,68,150,2025-01-15,10,"Engine efficiency is superb, very satisfied.",8,6,9
962,62,87,2023-03-26,6,Support team responded quickly and professionally.,7,6,7
963,23,68,2025-02-14,9,Excellent service and friendly dealer staff.,9,10,6
964,42,123,2025-09-05,7,The truck performs excellently in all terrains.,7,8,6
965,28,44,2024-03-11,5,The truck performs excellently in all terrains.,6,10,6
966,1,147,2023-02-06,10,The truck performs excellently in all terrains.,5,10,9
967,71,76,2025-05-22,6,"Engine efficiency is superb, very satisfied.",5,8,10
968,46,86,2024-08-29,10,The truck performs excellently in all terrains.,5,5,8
969,41,61,2023-12-01,10,"Some scratches noticed on delivery, but acceptable.",9,5,10
970,34,76,2023-01-17,9,"Engine efficiency is superb, very satisfied.",6,6,6
971,75,18,2023-03-10,10,Cabin comfort could be better for long drives.,6,7,6
972,27,129,2024-05-10,8,Fuel consumption is higher than expected.,10,6,8
973,59,183,2025-03-13,6,"Engine efficiency is superb, very satisfied.",8,7,8
974,70,179,2023-10-30,6,"Delivery was delayed by a few days, disappointed.",9,8,10
975,43,100,2024-06-13,10,Excellent service and friendly dealer staff.,9,6,8
976,2,74,2023-12-19,9,"Engine efficiency is superb, very satisfied.",9,6,8
977,19,35,2022-10-26,6,The truck performs excellently in all terrains.,5,10,9
978,19,25,2024-07-28,6,"Some scratches noticed on delivery, but acceptable.",10,9,10
979,71,139,2024-09-14,5,"Engine efficiency is superb, very satisfied.",10,9,8
980,51,198,2023-12-04,9,"Some scratches noticed on delivery, but acceptable.",9,7,10
981,56,96,2022-11-04,9,The truck performs excellently in all terrains.,7,10,9
982,90,148,2025-09-30,6,"Some scratches noticed on delivery, but acceptable.",5,10,7
983,24,82,2023-04-07,5,The truck performs excellently in all terrains.,10,9,6
984,93,9,2024-10-31,9,"Minor issues with brakes, resolved promptly.",7,7,7
985,34,82,2023-02-08,5,Support team responded quickly and professionally.,9,9,8
986,94,197,2023-01-05,5,Excellent service and friendly dealer staff.,8,8,10
987,16,71,2023-10-06,10,"Delivery was delayed by a few days, disappointed.",8,5,8
988,92,6,2023-03-11,8,"Delivery was delayed by a few days, disappointed.",9,9,6
989,15,72,2023-08-14,9,"Minor issues with brakes, resolved promptly.",10,8,10
990,9,103,2024-11-07,9,"Some scratches noticed on delivery, but acceptable.",8,10,6
991,34,71,2023-10-23,6,The truck performs excellently in all terrains.,5,8,9
992,17,109,2023-02-03,10,Fuel consumption is higher than expected.,9,8,7
993,19,40,2024-11-13,9,Support team responded quickly and professionally.,9,9,7
994,9,16,2023-03-30,6,"Engine efficiency is superb, very satisfied.",10,9,9
995,35,13,2025-05-01,6,Would definitely recommend to other logistics companies.,8,10,8
996,99,87,2025-06-30,6,Would definitely recommend to other logistics companies.,8,10,6
997,14,112,2025-02-11,5,"Engine efficiency is superb, very satisfied.",8,7,6
998,93,170,2025-10-02,5,The truck performs excellently in all terrains.,9,5,7
999,77,154,2023-04-04,10,Would definitely recommend to other logistics companies.,10,9,9
1000,37,47,2024-11-27,8,Would definitely recommend to other logistics companies.,10,5,10
1001,14,151,2024-08-06,5,"Delivery was delayed by a few days, disappointed.",8,6,7
1002,65,58,2024-06-13,5,Cabin comfort could be better for long drives.,5,5,6
1003,86,61,2024-12-15,10,The truck performs excellently in all terrains.,6,9,7
1004,31,15,2024-06-07,10,The truck performs excellently in all terrains.,9,7,9
1005,19,51,2024-07-27,5,Fuel consumption is higher than expected.,8,7,7
1006,53,32,2025-03-06,10,"Minor issues with brakes, resolved promptly.",10,7,10
1007,16,48,2024-05-09,6,Excellent service and friendly dealer staff.,9,9,8
1008,13,77,2024-10-19,7,"Delivery was delayed by a few days, disappointed.",6,8,8
1009,43,74,2023-04-26,10,"Engine efficiency is superb, very satisfied.",10,8,6
1010,83,1,2023-02-24,6,Excellent service and friendly dealer staff.,6,10,7
1011,60,189,2022-10-14,7,Cabin comfort could be better for long drives.,6,8,7
1012,90,78,2023-05-30,5,Support team responded quickly and professionally.,10,7,10
1013,2,194,2025-09-06,10,"Minor issues with brakes, resolved promptly.",5,10,10
1014,17,46,2023-02-21,10,Support team responded quickly and professionally.,5,6,6
1015,1,106,2023-03-03,6,Would definitely recommend to other logistics companies.,8,6,6
1016,23,5,2023-01-19,5,Would definitely recommend to other logistics companies.,10,10,6
1017,3,10,2025-09-13,5,"Minor issues with brakes, resolved promptly.",5,9,6
1018,89,89,2024-10-02,6,Excellent service and friendly dealer staff.,6,10,6
1019,75,96,2024-03-07,8,Excellent service and friendly dealer staff.,5,9,7
1020,4,36,2023-11-19,10,Cabin comfort could be better for long drives.,10,6,7
1021,10,6,2023-04-03,7,Support team responded quickly and professionally.,9,9,10
1022,67,1,2023-07-14,8,Excellent service and friendly dealer staff.,9,7,7
1023,30,128,2023-07-26,7,"Minor issues with brakes, resolved promptly.",8,10,6
1024,27,43,2023-09-12,6,Cabin comfort could be better for long drives.,6,6,10
1025,69,64,2024-11-13,8,"Minor issues with brakes, resolved promptly.",6,5,8
1026,49,50,2023-06-12,10,Excellent service and friendly dealer staff.,7,9,9
1027,70,92,2025-06-12,8,"Minor issues with brakes, resolved promptly.",9,7,9
1028,53,69,2024-05-31,6,Cabin comfort could be better for long drives.,8,10,10
1029,78,148,2024-09-27,10,Excellent service and friendly dealer staff.,8,5,6
1030,79,200,2025-04-30,5,"Minor issues with brakes, resolved promptly.",10,9,10
1031,67,118,2024-05-22,9,"Engine efficiency is superb, very satisfied.",10,5,7
1032,90,77,2025-08-18,8,"Some scratches noticed on delivery, but acceptable.",6,5,10
1033,10,24,2025-02-21,6,"Delivery was delayed by a few days, disappointed.",9,5,8
1034,83,50,2022-10-31,8,Excellent service and friendly dealer staff.,6,9,6
1035,53,198,2024-07-02,6,Support team responded quickly and professionally.,10,10,7
1036,8,5,2024-09-09,10,The truck performs excellently in all terrains.,6,5,10
1037,78,144,2024-11-25,5,Excellent service and friendly dealer staff.,10,9,6
1038,18,170,2024-01-07,7,Support team responded quickly and professionally.,9,8,9
1039,72,3,2025-02-14,7,Excellent service and friendly dealer staff.,6,10,7
1040,20,58,2024-04-26,9,"Engine efficiency is superb, very satisfied.",10,6,7
1041,87,133,2025-03-05,6,Fuel consumption is higher than expected.,7,6,9
1042,89,50,2023-07-21,6,Fuel consumption is higher than expected.,6,10,7
1043,58,139,2025-02-02,7,Support team responded quickly and professionally.,6,8,9
1044,51,104,2024-08-27,5,"Minor issues with brakes, resolved promptly.",6,10,6
1045,54,38,2024-10-17,8,The truck performs excellently in all terrains.,9,5,8
1046,52,5,2025-01-18,10,"Minor issues with brakes, resolved promptly.",5,6,6
1047,43,103,2024-05-24,6,Cabin comfort could be better for long drives.,10,8,10
1048,38,175,2025-01-25,10,The truck performs excellently in all terrains.,9,5,6
1049,100,124,2025-05-11,6,The truck performs excellently in all terrains.,9,10,9
1050,48,8,2023-03-15,8,Fuel consumption is higher than expected.,9,9,9
1051,68,167,2024-08-17,6,Cabin comfort could be better for long drives.,6,7,6
1052,48,136,2024-05-17,6,"Engine efficiency is superb, very satisfied.",8,9,10
1053,75,134,2022-10-13,6,"Engine efficiency is superb, very satisfied.",9,10,7
1054,23,139,2024-07-05,10,The truck performs excellently in all terrains.,6,8,10
1055,27,86,2023-06-28,10,Excellent service and friendly dealer staff.,9,5,10
1056,40,5,2023-02-03,8,Cabin comfort could be better for long drives.,9,7,7
1057,84,72,2024-10-14,9,"Some scratches noticed on delivery, but acceptable.",6,5,7
1058,48,88,2023-07-04,5,Would definitely recommend to other logistics companies.,10,7,9
1059,81,74,2024-09-15,9,Cabin comfort could be better for long drives.,10,10,8
1060,31,147,2025-05-06,6,The truck performs excellently in all terrains.,5,10,6
1061,10,63,2025-03-31,8,"Minor issues with brakes, resolved promptly.",7,6,10
1062,69,34,2024-06-10,6,"Delivery was delayed by a few days, disappointed.",5,7,9
1063,86,111,2022-11-10,9,"Engine efficiency is superb, very satisfied.",8,6,10
1064,92,62,2022-12-31,5,Would definitely recommend to other logistics companies.,6,9,8
1065,10,175,2024-04-13,5,Fuel consumption is higher than expected.,7,8,8
1066,99,182,2023-06-26,9,"Some scratches noticed on delivery, but acceptable.",9,9,6
1067,35,83,2024-06-03,5,Would definitely recommend to other logistics companies.,9,10,6
1068,26,25,2025-07-24,9,"Engine efficiency is superb, very satisfied.",5,10,7
1069,52,27,2025-06-07,5,Cabin comfort could be better for long drives.,5,10,9
1070,69,146,2024-05-07,10,"Delivery was delayed by a few days, disappointed.",10,8,8
1071,25,17,2024-03-15,7,Fuel consumption is higher than expected.,7,6,6
1072,10,175,2024-05-19,7,"Minor issues with brakes, resolved promptly.",8,8,9
1073,68,4,2025-05-21,5,"Engine efficiency is superb, very satisfied.",6,10,8
1074,79,93,2024-03-02,7,"Delivery was delayed by a few days, disappointed.",9,9,6
1075,39,60,2023-04-04,8,"Delivery was delayed by a few days, disappointed.",6,6,7
1076,54,97,2023-04-02,6,"Some scratches noticed on delivery, but acceptable.",8,9,8
1077,73,11,2024-09-08,7,Cabin comfort could be better for long drives.,7,8,6
1078,13,68,2024-04-12,6,The truck performs excellently in all terrains.,9,9,10
1079,27,134,2023-08-22,7,The truck performs excellently in all terrains.,5,10,9
1080,67,91,2023-02-24,6,"Minor issues with brakes, resolved promptly.",8,10,8
1081,56,103,2024-01-10,9,"Delivery was delayed by a few days, disappointed.",5,9,8
1082,11,128,2023-12-13,5,Excellent service and friendly dealer staff.,5,8,7
1083,54,196,2023-10-10,5,Support team responded quickly and professionally.,9,9,7
1084,83,86,2023-05-21,10,"Minor issues with brakes, resolved promptly.",10,10,6
1085,68,71,2025-01-03,5,Support team responded quickly and professionally.,5,7,7
1086,14,80,2024-10-19,9,Fuel consumption is higher than expected.,5,5,8
1087,66,73,2024-06-04,6,Would definitely recommend to other logistics companies.,8,10,6
1088,9,190,2022-10-24,9,"Engine efficiency is superb, very satisfied.",6,6,9
1089,85,3,2024-04-28,9,"Engine efficiency is superb, very satisfied.",6,10,8
1090,2,39,2025-08-19,8,The truck performs excellently in all terrains.,5,6,6
1091,4,152,2025-07-05,6,The truck performs excellently in all terrains.,7,10,10
1092,28,171,2024-03-25,10,"Minor issues with brakes, resolved promptly.",6,10,10
1093,14,188,2024-03-22,7,Fuel consumption is higher than expected.,7,5,7
1094,24,166,2024-05-29,5,The truck performs excellently in all terrains.,8,6,6
1095,87,105,2023-07-24,6,Excellent service and friendly dealer staff.,7,7,7
1096,79,86,2025-09-03,9,"Engine efficiency is superb, very satisfied.",5,8,6
1097,38,136,2023-02-14,7,"Delivery was delayed by a few days, disappointed.",6,7,6
1098,73,151,2023-01-21,10,"Delivery was delayed by a few days, disappointed.",7,7,8
1099,53,165,2025-07-27,9,"Engine efficiency is superb, very satisfied.",9,7,7
1100,2,100,2024-11-24,8,Support team responded quickly and professionally.,8,8,7
1101,41,41,2025-09-29,9,The truck performs excellently in all terrains.,5,5,8
1102,13,34,2023-07-05,9,"Delivery was delayed by a few days, disappointed.",10,6,8
1103,95,76,2024-04-04,7,"Minor issues with brakes, resolved promptly.",9,10,10
1104,93,97,2023-04-03,10,"Delivery was delayed by a few days, disappointed.",7,5,8
1105,35,134,2023-04-06,5,Cabin comfort could be better for long drives.,10,10,7
1106,1,188,2024-11-15,5,"Engine efficiency is superb, very satisfied.",6,8,9
1107,18,155,2023-11-07,9,"Minor issues with brakes, resolved promptly.",10,7,10
1108,4,94,2024-02-03,8,Would definitely recommend to other logistics companies.,7,9,10
1109,75,128,2023-11-16,9,Excellent service and friendly dealer staff.,6,6,8
1110,29,38,2022-10-22,9,"Engine efficiency is superb, very satisfied.",9,10,9
1111,67,172,2023-12-12,5,Support team responded quickly and professionally.,6,5,6
1112,100,51,2024-10-07,9,Would definitely recommend to other logistics companies.,7,5,8
1113,64,7,2024-03-07,9,"Some scratches noticed on delivery, but acceptable.",9,8,10
1114,94,28,2025-02-24,7,"Delivery was delayed by a few days, disappointed.",5,9,10
1115,97,133,2024-11-27,8,"Some scratches noticed on delivery, but acceptable.",10,8,7
1116,75,53,2023-10-15,10,The truck performs excellently in all terrains.,7,7,7
1117,87,118,2024-07-21,9,Excellent service and friendly dealer staff.,6,5,10
1118,96,55,2025-09-07,8,Excellent service and friendly dealer staff.,10,6,9
1119,30,32,2024-02-05,9,Cabin comfort could be better for long drives.,9,6,8
1120,55,123,2023-09-02,5,The truck performs excellently in all terrains.,7,10,10
1121,23,135,2025-09-10,5,"Engine efficiency is superb, very satisfied.",8,7,8
1122,24,22,2022-11-04,9,"Minor issues with brakes, resolved promptly.",7,9,10
1123,57,176,2024-07-11,6,"Some scratches noticed on delivery, but acceptable.",10,10,10
1124,56,152,2023-11-10,5,"Delivery was delayed by a few days, disappointed.",7,5,6
1125,99,191,2024-09-16,7,The truck performs excellently in all terrains.,6,8,6
1126,36,28,2024-01-03,9,"Minor issues with brakes, resolved promptly.",7,5,9
1127,11,176,2023-12-21,7,"Minor issues with brakes, resolved promptly.",5,5,6
1128,44,196,2024-08-02,6,Would definitely recommend to other logistics companies.,5,5,9
1129,26,24,2024-09-29,6,The truck performs excellently in all terrains.,5,5,7
1130,82,155,2024-11-23,9,Support team responded quickly and professionally.,9,6,9
1131,70,51,2025-05-08,9,The truck performs excellently in all terrains.,5,10,9
1132,38,56,2023-08-22,9,"Engine efficiency is superb, very satisfied.",9,6,9
1133,67,54,2025-06-13,6,Excellent service and friendly dealer staff.,8,7,8
1134,20,184,2023-03-24,6,"Minor issues with brakes, resolved promptly.",6,9,8
1135,93,43,2023-01-31,7,Would definitely recommend to other logistics companies.,10,5,9
1136,30,150,2024-07-25,8,Cabin comfort could be better for long drives.,6,8,9
1137,62,114,2023-07-25,7,"Engine efficiency is superb, very satisfied.",6,5,10
1138,22,37,2023-10-24,8,Fuel consumption is higher than expected.,9,5,8
1139,77,28,2025-09-27,9,Support team responded quickly and professionally.,8,5,10
1140,41,14,2025-01-31,9,Would definitely recommend to other logistics companies.,10,6,9
1141,68,98,2024-06-07,6,"Minor issues with brakes, resolved promptly.",9,9,8
1142,79,147,2024-09-08,5,"Some scratches noticed on delivery, but acceptable.",7,10,7
1143,34,36,2023-11-13,6,The truck performs excellently in all terrains.,6,8,10
1144,88,77,2023-07-01,8,Cabin comfort could be better for long drives.,7,6,6
1145,85,181,2024-04-04,8,Fuel consumption is higher than expected.,5,9,10
1146,42,86,2023-09-22,9,The truck performs excellently in all terrains.,5,10,7
1147,73,137,2022-10-22,6,"Delivery was delayed by a few days, disappointed.",10,6,10
1148,95,171,2025-09-15,7,"Some scratches noticed on delivery, but acceptable.",6,7,10
1149,42,73,2022-11-29,9,Support team responded quickly and professionally.,7,7,9
1150,94,142,2025-02-17,9,Excellent service and friendly dealer staff.,6,6,9
1151,52,141,2022-11-17,6,Fuel consumption is higher than expected.,5,9,9
1152,44,106,2024-11-14,6,"Delivery was delayed by a few days, disappointed.",5,6,6
1153,37,84,2023-05-10,5,Excellent service and friendly dealer staff.,8,7,6
1154,82,16,2024-11-29,7,Excellent service and friendly dealer staff.,6,6,10
1155,9,94,2024-03-15,6,"Some scratches noticed on delivery, but acceptable.",9,10,10
1156,46,120,2023-05-12,8,Cabin comfort could be better for long drives.,6,10,6
1157,66,32,2023-10-14,6,Would definitely recommend to other logistics companies.,10,6,10
1158,27,117,2024-02-21,6,"Some scratches noticed on delivery, but acceptable.",5,8,10
1159,28,189,2025-05-10,5,"Delivery was delayed by a few days, disappointed.",10,9,6
1160,64,159,2023-10-05,7,Support team responded quickly and professionally.,7,7,7
1161,48,127,2025-08-20,9,Support team responded quickly and professionally.,9,6,10
1162,37,192,2024-02-05,5,Fuel consumption is higher than expected.,5,10,7
1163,27,139,2025-10-02,10,"Some scratches noticed on delivery, but acceptable.",10,8,6
1164,70,6,2023-06-08,8,Support team responded quickly and professionally.,9,8,8
1165,50,145,2025-01-06,8,The truck performs excellently in all terrains.,9,10,9
1166,70,117,2024-04-02,9,"Minor issues with brakes, resolved promptly.",10,9,6
1167,80,74,2024-02-29,7,The truck performs excellently in all terrains.,8,9,8
1168,11,150,2022-12-28,6,"Some scratches noticed on delivery, but acceptable.",9,5,8
1169,67,50,2022-12-14,8,"Some scratches noticed on delivery, but acceptable.",5,8,10
1170,15,42,2025-01-19,6,"Delivery was delayed by a few days, disappointed.",7,7,9
1171,12,60,2024-01-03,7,Would definitely recommend to other logistics companies.,5,6,8
1172,70,116,2024-07-09,6,Excellent service and friendly dealer staff.,7,7,9
1173,94,69,2025-07-22,8,Excellent service and friendly dealer staff.,9,5,8
1174,47,86,2023-12-06,9,"Some scratches noticed on delivery, but acceptable.",7,5,9
1175,7,92,2025-03-22,5,"Delivery was delayed by a few days, disappointed.",6,8,8
1176,61,92,2023-04-27,10,"Some scratches noticed on delivery, but acceptable.",6,8,8
1177,29,190,2024-04-15,5,The truck performs excellently in all terrains.,8,5,8
1178,85,18,2023-04-19,6,Cabin comfort could be better for long drives.,6,5,10
1179,45,114,2023-09-02,10,"Delivery was delayed by a few days, disappointed.",5,10,7
1180,18,124,2022-10-20,8,Fuel consumption is higher than expected.,5,9,7
1181,23,40,2025-07-11,9,"Engine efficiency is superb, very satisfied.",5,5,10
1182,20,114,2024-03-09,5,"Delivery was delayed by a few days, disappointed.",5,9,7
1183,9,177,2024-02-02,7,"Minor issues with brakes, resolved promptly.",5,6,6
1184,45,107,2023-05-27,6,Support team responded quickly and professionally.,9,9,8
1185,80,99,2024-09-21,9,Would definitely recommend to other logistics companies.,9,6,8
1186,1,36,2022-12-20,10,"Some scratches noticed on delivery, but acceptable.",9,9,8
1187,1,33,2023-01-04,7,"Minor issues with brakes, resolved promptly.",10,8,10
1188,27,81,2023-02-09,10,Excellent service and friendly dealer staff.,9,8,8
1189,80,50,2023-12-19,5,"Minor issues with brakes, resolved promptly.",7,9,8
1190,8,23,2024-10-01,10,Excellent service and friendly dealer staff.,7,6,8
1191,59,175,2025-04-10,5,Cabin comfort could be better for long drives.,8,10,9
1192,92,28,2025-01-05,9,"Delivery was delayed by a few days, disappointed.",7,8,8
1193,81,177,2023-08-02,5,Support team responded quickly and professionally.,10,5,7
1194,61,132,2024-02-20,10,Support team responded quickly and professionally.,7,6,10
1195,44,103,2024-02-24,6,Cabin comfort could be better for long drives.,10,7,6
1196,66,130,2023-07-20,8,"Delivery was delayed by a few days, disappointed.",10,10,9
1197,51,25,2025-03-16,10,Fuel consumption is higher than expected.,6,9,7
1198,18,91,2025-06-12,5,Excellent service and friendly dealer staff.,8,5,7
1199,54,159,2025-08-15,7,Cabin comfort could be better for long drives.,7,9,10
1200,40,113,2025-05-02,7,"Some scratches noticed on delivery, but acceptable.",5,8,8
1201,25,71,2024-01-22,6,"Some scratches noticed on delivery, but acceptable.",5,10,10
1202,70,112,2024-08-09,7,The truck performs excellently in all terrains.,6,8,7
1203,69,173,2024-08-10,8,"Engine efficiency is superb, very satisfied.",9,5,8
1204,16,148,2023-02-25,5,Support team responded quickly and professionally.,7,7,6
1205,59,191,2024-12-09,10,Would definitely recommend to other logistics companies.,9,7,10
1206,81,123,2023-03-26,7,Would definitely recommend to other logistics companies.,6,7,9
1207,82,193,2023-02-10,7,Fuel consumption is higher than expected.,5,7,10
1208,8,42,2024-06-01,6,"Delivery was delayed by a few days, disappointed.",9,9,8
1209,88,20,2024-04-21,6,Excellent service and friendly dealer staff.,10,9,7
1210,57,49,2022-10-07,7,The truck performs excellently in all terrains.,7,9,8
1211,12,77,2023-04-16,5,"Minor issues with brakes, resolved promptly.",6,5,7
1212,40,86,2022-11-14,6,Excellent service and friendly dealer staff.,8,7,8
1213,59,6,2025-09-30,5,"Minor issues with brakes, resolved promptly.",5,10,8
1214,32,158,2025-05-06,6,Cabin comfort could be better for long drives.,10,9,9
1215,52,48,2023-04-16,8,Cabin comfort could be better for long drives.,7,8,10
1216,71,67,2024-07-13,5,"Minor issues with brakes, resolved promptly.",6,7,10
1217,75,40,2023-01-02,9,Cabin comfort could be better for long drives.,6,5,6
1218,65,61,2024-09-09,5,Excellent service and friendly dealer staff.,9,5,8
1219,81,153,2023-08-13,10,The truck performs excellently in all terrains.,5,7,10
1220,60,37,2024-06-25,9,Cabin comfort could be better for long drives.,7,9,10
1221,82,35,2023-09-17,8,"Minor issues with brakes, resolved promptly.",10,7,7
1222,24,186,2025-08-29,7,Fuel consumption is higher than expected.,10,5,8
1223,45,36,2023-12-11,5,The truck performs excellently in all terrains.,8,5,6
1224,37,168,2024-06-11,5,Support team responded quickly and professionally.,7,5,10
1225,98,81,2024-05-02,8,The truck performs excellently in all terrains.,6,9,7
1226,70,194,2024-09-12,7,Excellent service and friendly dealer staff.,7,9,8
1227,9,52,2025-09-02,5,The truck performs excellently in all terrains.,6,5,7
1228,41,96,2023-08-15,5,Support team responded quickly and professionally.,6,9,9
1229,72,178,2023-08-02,7,"Minor issues with brakes, resolved promptly.",8,5,8
1230,6,143,2025-09-05,6,Cabin comfort could be better for long drives.,9,8,6
1231,93,121,2023-02-26,10,Support team responded quickly and professionally.,9,5,6
1232,87,142,2023-07-29,8,Would definitely recommend to other logistics companies.,9,10,8
1233,81,134,2024-04-01,6,Cabin comfort could be better for long drives.,5,7,6
1234,11,153,2025-02-28,7,The truck performs excellently in all terrains.,7,9,8
1235,16,159,2022-11-13,6,The truck performs excellently in all terrains.,9,10,9
1236,89,40,2025-05-12,9,Support team responded quickly and professionally.,6,7,10
1237,89,125,2023-06-07,7,Would definitely recommend to other logistics companies.,5,6,8
1238,17,127,2025-05-08,9,"Minor issues with brakes, resolved promptly.",9,8,7
1239,49,169,2022-10-17,5,The truck performs excellently in all terrains.,5,5,8
1240,59,122,2024-10-15,6,Support team responded quickly and professionally.,8,10,9
1241,20,76,2023-06-07,10,Cabin comfort could be better for long drives.,10,8,9
1242,38,45,2022-10-30,10,Support team responded quickly and professionally.,5,8,7
1243,24,111,2022-10-23,9,The truck performs excellently in all terrains.,9,8,10
1244,58,158,2023-11-26,9,Fuel consumption is higher than expected.,6,9,6
1245,95,155,2023-01-31,7,"Some scratches noticed on delivery, but acceptable.",8,5,9
1246,10,82,2025-08-12,6,"Minor issues with brakes, resolved promptly.",7,8,8
1247,86,85,2025-04-12,9,Would definitely recommend to other logistics companies.,10,9,8
1248,2,37,2025-09-22,5,"Some scratches noticed on delivery, but acceptable.",7,9,6
1249,87,39,2024-09-14,5,Would definitely recommend to other logistics companies.,6,9,8
1250,43,26,2023-08-10,10,Would definitely recommend to other logistics companies.,6,10,9
1251,85,164,2023-11-21,7,Cabin comfort could be better for long drives.,5,10,8
1252,51,17,2025-02-23,8,"Engine efficiency is superb, very satisfied.",10,10,6
1253,23,51,2024-11-02,9,"Delivery was delayed by a few days, disappointed.",5,6,8
1254,6,149,2024-10-27,8,The truck performs excellently in all terrains.,10,5,10
1255,53,195,2023-06-23,10,The truck performs excellently in all terrains.,9,6,6
1256,32,132,2025-05-13,9,Fuel consumption is higher than expected.,9,5,7
1257,77,69,2023-06-09,9,"Some scratches noticed on delivery, but acceptable.",6,10,7
1258,18,109,2022-11-18,10,Support team responded quickly and professionally.,8,6,9
1259,67,190,2024-06-27,5,Cabin comfort could be better for long drives.,9,9,10
1260,45,182,2025-04-24,8,Excellent service and friendly dealer staff.,5,6,8
1261,17,138,2024-09-19,10,"Engine efficiency is superb, very satisfied.",7,8,6
1262,38,156,2025-04-14,5,"Delivery was delayed by a few days, disappointed.",9,9,9
1263,6,63,2024-09-12,6,"Some scratches noticed on delivery, but acceptable.",9,5,8
1264,27,143,2025-07-23,7,Fuel consumption is higher than expected.,7,8,9
1265,32,133,2024-04-04,5,Would definitely recommend to other logistics companies.,7,10,9
1266,61,167,2023-10-20,8,Cabin comfort could be better for long drives.,5,7,6
1267,84,131,2024-04-06,10,"Minor issues with brakes, resolved promptly.",10,9,8
1268,19,91,2025-03-29,6,"Engine efficiency is superb, very satisfied.",8,5,8
1269,99,30,2025-02-15,10,"Minor issues with brakes, resolved promptly.",5,9,9
1270,24,152,2023-09-10,9,"Engine efficiency is superb, very satisfied.",9,6,9
1271,29,166,2023-01-24,6,"Minor issues with brakes, resolved promptly.",7,9,8
1272,58,106,2024-03-16,9,Support team responded quickly and professionally.,9,7,7
1273,27,44,2024-06-11,6,Excellent service and friendly dealer staff.,8,5,6
1274,24,111,2024-08-24,10,"Some scratches noticed on delivery, but acceptable.",8,9,8
1275,90,88,2025-02-12,5,Fuel consumption is higher than expected.,8,6,7
1276,99,5,2023-09-07,8,Excellent service and friendly dealer staff.,9,9,7
1277,77,193,2025-05-10,8,Excellent service and friendly dealer staff.,8,7,10
1278,100,128,2024-11-06,9,"Minor issues with brakes, resolved promptly.",6,7,6
1279,73,3,2025-07-25,7,"Minor issues with brakes, resolved promptly.",5,10,8
1280,100,146,2025-06-12,5,Would definitely recommend to other logistics companies.,5,7,10
1281,53,28,2024-06-11,9,Excellent service and friendly dealer staff.,9,5,8
1282,32,142,2025-05-04,7,Fuel consumption is higher than expected.,9,6,10
1283,91,149,2023-08-20,5,"Minor issues with brakes, resolved promptly.",6,8,6
1284,42,69,2023-01-07,7,"Delivery was delayed by a few days, disappointed.",5,7,8
1285,79,156,2024-01-10,9,Would definitely recommend to other logistics companies.,10,9,9
1286,67,37,2025-02-26,5,Support team responded quickly and professionally.,7,5,7
1287,54,158,2024-04-18,5,"Delivery was delayed by a few days, disappointed.",6,6,8
1288,61,110,2024-06-22,8,"Some scratches noticed on delivery, but acceptable.",5,8,10
1289,40,42,2023-06-03,8,Would definitely recommend to other logistics companies.,9,9,8
1290,40,133,2024-06-09,5,Fuel consumption is higher than expected.,7,5,7
1291,26,23,2023-08-29,8,"Minor issues with brakes, resolved promptly.",6,9,8
1292,7,85,2023-06-28,5,Excellent service and friendly dealer staff.,5,7,9
1293,82,150,2022-12-12,8,Excellent service and friendly dealer staff.,5,6,10
1294,52,18,2022-10-11,5,The truck performs excellently in all terrains.,7,8,6
1295,12,173,2024-06-15,10,Would definitely recommend to other logistics companies.,8,9,6
1296,32,174,2024-01-28,7,Would definitely recommend to other logistics companies.,5,7,6
1297,87,173,2023-02-11,10,Fuel consumption is higher than expected.,8,7,8
1298,52,198,2023-01-22,6,Support team responded quickly and professionally.,8,5,9
1299,73,141,2023-06-28,6,Support team responded quickly and professionally.,9,10,7
1300,54,2,2024-08-05,9,Support team responded quickly and professionally.,6,5,6
1301,71,75,2023-12-27,7,Support team responded quickly and professionally.,7,5,7
1302,48,148,2023-05-17,5,Excellent service and friendly dealer staff.,10,10,8
1303,90,27,2024-04-25,10,"Minor issues with brakes, resolved promptly.",8,10,9
1304,63,14,2023-03-30,8,"Delivery was delayed by a few days, disappointed.",9,5,7
1305,1,155,2024-07-31,8,Excellent service and friendly dealer staff.,6,9,10
1306,21,169,2025-02-11,8,Excellent service and friendly dealer staff.,5,7,6
1307,100,118,2023-12-13,8,Fuel consumption is higher than expected.,8,9,9
1308,23,43,2023-12-08,9,Would definitely recommend to other logistics companies.,6,7,7
1309,21,198,2022-10-17,7,Would definitely recommend to other logistics companies.,10,5,6
1310,52,11,2023-12-09,8,Would definitely recommend to other logistics companies.,7,9,10
1311,40,57,2023-04-19,10,The truck performs excellently in all terrains.,10,6,7
1312,56,101,2023-04-12,9,Support team responded quickly and professionally.,5,7,6
1313,44,197,2022-11-23,6,Would definitely recommend to other logistics companies.,9,6,9
1314,55,27,2023-04-04,8,Cabin comfort could be better for long drives.,9,5,7
1315,20,189,2023-06-14,10,"Some scratches noticed on delivery, but acceptable.",10,10,10
1316,49,174,2025-03-02,9,"Engine efficiency is superb, very satisfied.",6,6,8
1317,52,123,2025-10-06,5,Would definitely recommend to other logistics companies.,8,7,9
1318,86,55,2023-09-21,6,"Engine efficiency is superb, very satisfied.",8,8,9
1319,71,145,2024-01-17,5,Excellent service and friendly dealer staff.,10,5,6
1320,76,182,2024-12-12,5,Fuel consumption is higher than expected.,7,7,6
1321,31,147,2024-08-23,9,"Engine efficiency is superb, very satisfied.",5,8,9
1322,2,73,2023-10-15,7,"Engine efficiency is superb, very satisfied.",8,9,9
1323,77,145,2024-02-25,7,Support team responded quickly and professionally.,5,10,7
1324,87,196,2023-07-26,7,Excellent service and friendly dealer staff.,9,9,10
1325,92,102,2025-08-24,10,Excellent service and friendly dealer staff.,7,9,9
1326,4,129,2022-11-28,7,"Engine efficiency is superb, very satisfied.",9,5,8
1327,12,28,2025-04-13,7,Excellent service and friendly dealer staff.,9,7,8
1328,75,153,2025-06-17,7,Cabin comfort could be better for long drives.,5,8,9
1329,89,122,2025-09-16,7,"Minor issues with brakes, resolved promptly.",9,7,6
1330,3,75,2024-07-20,7,Cabin comfort could be better for long drives.,5,5,7
1331,100,200,2024-12-04,6,"Some scratches noticed on delivery, but acceptable.",9,8,10
1332,37,15,2023-03-05,10,"Some scratches noticed on delivery, but acceptable.",7,7,9
1333,16,146,2025-02-04,8,Fuel consumption is higher than expected.,8,5,8
1334,31,3,2023-03-10,7,"Engine efficiency is superb, very satisfied.",6,10,8
1335,33,179,2024-01-04,6,The truck performs excellently in all terrains.,9,10,10
1336,54,56,2023-06-18,7,"Delivery was delayed by a few days, disappointed.",10,10,8
1337,20,158,2023-10-08,9,"Engine efficiency is superb, very satisfied.",7,7,10
1338,56,45,2023-03-18,6,Fuel consumption is higher than expected.,5,8,6
1339,59,64,2023-02-08,6,Support team responded quickly and professionally.,8,5,7
1340,13,172,2022-10-11,9,Excellent service and friendly dealer staff.,5,8,7
1341,24,20,2022-11-15,9,"Engine efficiency is superb, very satisfied.",5,9,6
1342,30,110,2023-09-15,8,Would definitely recommend to other logistics companies.,9,8,9
1343,60,20,2023-06-22,6,"Delivery was delayed by a few days, disappointed.",7,5,6
1344,70,31,2023-04-13,7,Support team responded quickly and professionally.,10,10,6
1345,58,29,2022-11-28,8,"Minor issues with brakes, resolved promptly.",9,9,10
1346,60,64,2023-09-13,6,Cabin comfort could be better for long drives.,6,7,7
1347,94,182,2024-01-31,9,Cabin comfort could be better for long drives.,8,6,10
1348,27,4,2023-08-12,5,"Some scratches noticed on delivery, but acceptable.",6,7,7
1349,21,129,2023-05-01,5,Support team responded quickly and professionally.,6,9,8
1350,10,136,2023-04-30,8,The truck performs excellently in all terrains.,6,6,6
1351,44,195,2025-09-06,9,"Minor issues with brakes, resolved promptly.",6,5,10
1352,14,195,2023-01-30,9,"Minor issues with brakes, resolved promptly.",9,8,10
1353,95,172,2025-05-18,6,Cabin comfort could be better for long drives.,8,9,6
1354,80,45,2023-04-08,6,"Engine efficiency is superb, very satisfied.",7,9,8
1355,73,41,2023-08-02,6,"Delivery was delayed by a few days, disappointed.",6,7,9
1356,5,116,2024-05-13,8,Support team responded quickly and professionally.,5,9,9
1357,34,3,2024-05-17,9,Cabin comfort could be better for long drives.,7,5,8
1358,3,30,2023-05-02,10,Would definitely recommend to other logistics companies.,7,7,7
1359,54,67,2024-07-19,10,Support team responded quickly and professionally.,6,6,9
1360,45,157,2023-02-10,9,"Minor issues with brakes, resolved promptly.",9,5,9
1361,17,28,2025-06-24,6,The truck performs excellently in all terrains.,8,5,8
1362,89,4,2023-03-07,8,Would definitely recommend to other logistics companies.,8,9,8
1363,90,168,2023-05-12,5,The truck performs excellently in all terrains.,6,10,9
1364,51,12,2024-12-24,8,"Engine efficiency is superb, very satisfied.",8,10,7
1365,14,102,2024-09-30,8,Would definitely recommend to other logistics companies.,8,8,8
1366,35,129,2024-12-20,9,Support team responded quickly and professionally.,6,9,9
1367,63,74,2025-01-18,9,The truck performs excellently in all terrains.,10,7,9
1368,77,34,2023-10-28,5,"Engine efficiency is superb, very satisfied.",8,8,10
1369,74,182,2024-12-31,8,"Minor issues with brakes, resolved promptly.",6,8,9
1370,98,47,2024-11-15,7,Fuel consumption is higher than expected.,10,10,7
1371,10,78,2025-05-20,7,Fuel consumption is higher than expected.,6,7,9
1372,60,66,2024-02-14,6,"Minor issues with brakes, resolved promptly.",8,7,6
1373,15,191,2023-01-30,10,Excellent service and friendly dealer staff.,6,6,10
1374,34,118,2025-08-13,7,Support team responded quickly and professionally.,7,5,10
1375,7,119,2025-09-29,10,Cabin comfort could be better for long drives.,9,5,7
1376,20,48,2025-07-02,5,"Delivery was delayed by a few days, disappointed.",6,6,7
1377,69,141,2023-05-03,7,Would definitely recommend to other logistics companies.,5,7,9
1378,26,79,2025-06-30,6,The truck performs excellently in all terrains.,10,10,7
1379,14,54,2024-12-23,9,"Some scratches noticed on delivery, but acceptable.",9,8,9
1380,62,107,2023-05-26,6,Support team responded quickly and professionally.,9,6,8
1381,76,97,2024-11-30,10,"Some scratches noticed on delivery, but acceptable.",6,9,10
1382,86,52,2023-01-05,7,Would definitely recommend to other logistics companies.,5,5,10
1383,19,114,2024-03-18,5,"Delivery was delayed by a few days, disappointed.",6,9,10
1384,14,82,2024-09-07,7,"Minor issues with brakes, resolved promptly.",9,10,9
1385,90,13,2024-05-17,9,Would definitely recommend to other logistics companies.,9,10,10
1386,3,88,2023-09-06,5,"Delivery was delayed by a few days, disappointed.",9,10,10
1387,88,29,2023-04-22,6,Support team responded quickly and professionally.,8,8,9
1388,13,112,2023-07-23,8,"Delivery was delayed by a few days, disappointed.",5,9,7
1389,23,80,2022-10-22,8,Cabin comfort could be better for long drives.,8,10,10
1390,76,177,2024-11-19,5,"Some scratches noticed on delivery, but acceptable.",9,9,6
1391,22,56,2025-01-26,7,The truck performs excellently in all terrains.,10,7,9
1392,20,127,2023-01-09,5,Cabin comfort could be better for long drives.,8,10,9
1393,67,161,2025-04-16,5,"Engine efficiency is superb, very satisfied.",5,7,6
1394,31,190,2024-12-11,6,Cabin comfort could be better for long drives.,9,10,7
1395,47,79,2023-06-04,10,Fuel consumption is higher than expected.,6,7,6
1396,70,50,2023-11-05,10,The truck performs excellently in all terrains.,10,10,10
1397,13,81,2022-11-24,5,Fuel consumption is higher than expected.,8,10,7
1398,20,49,2023-10-22,10,"Delivery was delayed by a few days, disappointed.",10,10,7
1399,66,34,2024-06-12,10,Would definitely recommend to other logistics companies.,7,9,8
1400,96,50,2024-07-03,8,"Engine efficiency is superb, very satisfied.",9,7,10
1401,17,80,2023-09-03,10,"Minor issues with brakes, resolved promptly.",5,10,10
1402,71,52,2025-06-08,5,"Minor issues with brakes, resolved promptly.",6,9,8
1403,36,125,2024-10-25,5,Would definitely recommend to other logistics companies.,10,8,6
1404,74,26,2022-12-11,10,Fuel consumption is higher than expected.,8,6,6
1405,31,144,2023-04-12,8,"Minor issues with brakes, resolved promptly.",8,7,9
1406,16,46,2024-04-24,10,Would definitely recommend to other logistics companies.,9,6,10
1407,57,165,2024-12-16,5,Would definitely recommend to other logistics companies.,9,7,6
1408,79,167,2025-07-26,5,The truck performs excellently in all terrains.,8,5,8
1409,14,108,2023-09-22,6,"Minor issues with brakes, resolved promptly.",6,6,8
1410,70,132,2023-09-08,5,"Engine efficiency is superb, very satisfied.",6,6,7
1411,94,96,2023-01-29,5,Fuel consumption is higher than expected.,7,6,7
1412,9,16,2022-11-05,10,"Some scratches noticed on delivery, but acceptable.",10,9,7
1413,68,173,2022-11-09,5,"Delivery was delayed by a few days, disappointed.",5,7,9
1414,56,127,2023-03-26,8,"Some scratches noticed on delivery, but acceptable.",6,5,10
1415,94,160,2023-11-03,6,Cabin comfort could be better for long drives.,8,9,10
1416,20,114,2023-06-15,8,Support team responded quickly and professionally.,8,6,7
1417,93,174,2023-10-20,6,"Delivery was delayed by a few days, disappointed.",9,10,8
1418,98,59,2023-07-13,9,The truck performs excellently in all terrains.,10,9,10
1419,22,183,2024-11-20,5,"Minor issues with brakes, resolved promptly.",6,6,10
1420,18,174,2024-12-08,7,Excellent service and friendly dealer staff.,8,9,10
1421,59,154,2024-12-02,7,"Delivery was delayed by a few days, disappointed.",6,9,9
1422,30,80,2023-11-08,9,Excellent service and friendly dealer staff.,8,5,9
1423,5,8,2023-08-16,6,"Delivery was delayed by a few days, disappointed.",5,9,8
1424,35,3,2023-08-19,5,Cabin comfort could be better for long drives.,10,5,7
1425,98,180,2023-01-11,9,"Delivery was delayed by a few days, disappointed.",6,10,8
1426,12,31,2025-08-24,8,"Minor issues with brakes, resolved promptly.",5,7,10
1427,55,151,2024-04-27,5,"Some scratches noticed on delivery, but acceptable.",10,9,7
1428,82,72,2024-07-20,9,"Some scratches noticed on delivery, but acceptable.",5,9,8
1429,30,93,2025-07-27,7,Support team responded quickly and professionally.,6,8,6
1430,63,91,2024-07-19,6,Fuel consumption is higher than expected.,5,5,10
1431,12,166,2022-12-08,9,"Delivery was delayed by a few days, disappointed.",5,7,9
1432,81,99,2024-06-18,6,Cabin comfort could be better for long drives.,9,9,8
1433,85,44,2024-08-24,8,"Delivery was delayed by a few days, disappointed.",9,10,9
1434,61,170,2022-12-26,10,Cabin comfort could be better for long drives.,6,10,8
1435,63,98,2023-09-27,7,Fuel consumption is higher than expected.,8,10,8
1436,5,162,2023-12-30,9,"Minor issues with brakes, resolved promptly.",9,8,8
1437,66,164,2023-10-15,10,Fuel consumption is higher than expected.,7,8,8
1438,4,133,2025-04-10,5,Support team responded quickly and professionally.,8,10,8
1439,90,153,2022-11-27,8,"Some scratches noticed on delivery, but acceptable.",7,9,6
1440,5,22,2025-06-25,5,Cabin comfort could be better for long drives.,7,9,7
1441,31,166,2023-08-12,10,"Some scratches noticed on delivery, but acceptable.",7,5,9
1442,70,56,2024-03-11,7,Support team responded quickly and professionally.,8,10,6
1443,27,148,2024-03-20,8,The truck performs excellently in all terrains.,10,7,9
1444,51,176,2025-05-04,5,Would definitely recommend to other logistics companies.,7,5,6
1445,11,135,2023-12-09,5,Cabin comfort could be better for long drives.,7,6,10
1446,26,83,2024-08-02,9,The truck performs excellently in all terrains.,10,8,8
1447,50,163,2023-08-24,7,Would definitely recommend to other logistics companies.,5,7,9
1448,12,128,2023-12-05,10,Fuel consumption is higher than expected.,9,7,6
1449,40,166,2024-02-05,5,"Minor issues with brakes, resolved promptly.",9,6,10
1450,52,118,2024-08-21,5,The truck performs excellently in all terrains.,7,8,8
1451,49,28,2025-02-27,6,Would definitely recommend to other logistics companies.,10,7,7
1452,37,156,2023-08-28,5,Cabin comfort could be better for long drives.,7,7,8
1453,60,173,2024-08-20,6,The truck performs excellently in all terrains.,9,9,6
1454,4,161,2024-10-23,10,Support team responded quickly and professionally.,6,9,9
1455,41,166,2024-06-07,6,Fuel consumption is higher than expected.,10,7,7
1456,2,59,2023-01-01,8,Cabin comfort could be better for long drives.,7,6,8
1457,93,17,2024-03-08,5,"Delivery was delayed by a few days, disappointed.",5,9,9
1458,72,197,2024-01-19,6,"Some scratches noticed on delivery, but acceptable.",8,8,6
1459,38,53,2024-04-18,6,Excellent service and friendly dealer staff.,6,9,9
1460,52,172,2025-05-04,8,"Engine efficiency is superb, very satisfied.",7,9,6
1461,56,105,2023-06-18,8,Would definitely recommend to other logistics companies.,10,9,10
1462,93,59,2024-12-09,5,Excellent service and friendly dealer staff.,5,6,8
1463,35,79,2022-10-13,5,"Some scratches noticed on delivery, but acceptable.",5,10,10
1464,52,157,2025-07-08,7,Cabin comfort could be better for long drives.,10,7,7
1465,49,75,2025-10-04,7,"Minor issues with brakes, resolved promptly.",8,6,7
1466,66,60,2024-02-27,6,Excellent service and friendly dealer staff.,6,10,7
1467,75,58,2023-04-12,7,"Some scratches noticed on delivery, but acceptable.",10,9,8
1468,100,39,2025-08-11,10,"Delivery was delayed by a few days, disappointed.",9,6,9
1469,87,62,2025-08-23,8,Excellent service and friendly dealer staff.,7,8,7
1470,100,159,2025-03-03,9,"Delivery was delayed by a few days, disappointed.",5,6,7
1471,38,157,2023-01-21,9,Support team responded quickly and professionally.,6,7,8
1472,34,137,2023-01-22,6,The truck performs excellently in all terrains.,5,6,8
1473,4,108,2024-01-14,10,The truck performs excellently in all terrains.,10,10,6
1474,60,31,2023-07-12,6,The truck performs excellently in all terrains.,5,8,10
1475,60,100,2024-09-05,9,Excellent service and friendly dealer staff.,6,10,7
1476,54,125,2023-09-17,7,"Some scratches noticed on delivery, but acceptable.",7,6,6
1477,6,142,2023-10-19,9,"Engine efficiency is superb, very satisfied.",6,7,10
1478,69,152,2025-08-01,8,"Some scratches noticed on delivery, but acceptable.",6,8,7
1479,74,75,2025-04-03,7,Would definitely recommend to other logistics companies.,8,8,9
1480,65,20,2025-07-28,10,Would definitely recommend to other logistics companies.,9,10,7
1481,16,4,2023-03-17,8,"Engine efficiency is superb, very satisfied.",8,8,10
1482,50,181,2024-12-17,7,Support team responded quickly and professionally.,8,10,8
1483,89,70,2022-10-24,6,Excellent service and friendly dealer staff.,9,5,9
1484,46,49,2023-09-07,9,"Some scratches noticed on delivery, but acceptable.",10,9,10
1485,56,61,2024-10-27,5,Support team responded quickly and professionally.,7,10,9
1486,95,199,2023-09-15,9,Excellent service and friendly dealer staff.,7,8,9
1487,93,195,2023-05-03,6,"Some scratches noticed on delivery, but acceptable.",6,10,10
1488,96,198,2024-11-10,9,"Minor issues with brakes, resolved promptly.",9,6,8
1489,53,78,2024-06-16,10,Excellent service and friendly dealer staff.,5,5,8
1490,36,99,2024-11-11,5,Excellent service and friendly dealer staff.,9,7,6
1491,49,153,2023-01-05,8,"Some scratches noticed on delivery, but acceptable.",5,5,6
1492,87,190,2023-06-21,10,Support team responded quickly and professionally.,9,5,10
1493,6,33,2024-09-26,5,"Some scratches noticed on delivery, but acceptable.",5,6,10
1494,58,73,2024-09-15,10,Support team responded quickly and professionally.,9,6,7
1495,39,131,2024-03-23,7,"Engine efficiency is superb, very satisfied.",7,6,10
1496,89,134,2024-05-31,8,The truck performs excellently in all terrains.,7,8,9
1497,62,175,2024-07-06,7,The truck performs excellently in all terrains.,10,10,9
1498,78,148,2024-07-17,6,Support team responded quickly and professionally.,8,10,9
1499,74,90,2024-08-23,9,"Some scratches noticed on delivery, but acceptable.",6,5,9
1500,71,18,2022-11-16,9,"Delivery was delayed by a few days, disappointed.",8,5,8
1501,86,165,2022-11-18,9,Would definitely recommend to other logistics companies.,7,10,6
1502,78,172,2023-10-18,7,Would definitely recommend to other logistics companies.,9,9,10
1503,25,127,2023-05-04,10,"Some scratches noticed on delivery, but acceptable.",9,7,8
1504,74,37,2024-10-04,10,Cabin comfort could be better for long drives.,7,5,8
1505,21,86,2023-09-27,9,"Some scratches noticed on delivery, but acceptable.",7,9,6
1506,36,132,2023-02-09,7,"Minor issues with brakes, resolved promptly.",10,8,9
1507,99,184,2023-07-24,10,"Some scratches noticed on delivery, but acceptable.",7,9,6
1508,89,21,2025-07-31,10,"Some scratches noticed on delivery, but acceptable.",10,6,10
1509,56,102,2023-01-31,10,Fuel consumption is higher than expected.,7,7,10
1510,68,163,2024-07-25,5,"Delivery was delayed by a few days, disappointed.",9,8,9
1511,13,103,2023-09-18,6,"Some scratches noticed on delivery, but acceptable.",8,6,6
1512,85,95,2022-12-19,10,Excellent service and friendly dealer staff.,5,8,8
1513,71,14,2023-06-09,10,The truck performs excellently in all terrains.,9,5,7
1514,5,125,2023-04-12,5,"Delivery was delayed by a few days, disappointed.",10,7,6
1515,75,77,2023-11-27,5,Support team responded quickly and professionally.,7,7,7
1516,47,184,2023-02-03,10,"Some scratches noticed on delivery, but acceptable.",6,6,6
1517,38,62,2025-03-18,8,The truck performs excellently in all terrains.,5,6,9
1518,6,180,2023-05-29,10,"Delivery was delayed by a few days, disappointed.",7,7,8
1519,90,29,2024-04-23,7,Support team responded quickly and professionally.,8,8,7
1520,81,119,2024-10-14,6,Fuel consumption is higher than expected.,9,6,7
1521,26,7,2025-07-01,9,Fuel consumption is higher than expected.,7,9,8
1522,96,88,2023-11-17,6,"Engine efficiency is superb, very satisfied.",5,9,10
1523,34,154,2023-03-28,9,Fuel consumption is higher than expected.,5,10,6
1524,89,70,2022-11-24,10,Would definitely recommend to other logistics companies.,8,8,7
1525,57,191,2024-03-16,10,Cabin comfort could be better for long drives.,5,5,9
1526,48,155,2025-05-27,6,Excellent service and friendly dealer staff.,9,5,8
1527,3,171,2024-03-27,8,The truck performs excellently in all terrains.,8,7,10
1528,56,15,2025-01-30,7,Excellent service and friendly dealer staff.,9,5,8
1529,29,199,2023-03-31,6,The truck performs excellently in all terrains.,5,6,6
1530,53,53,2025-01-04,10,"Delivery was delayed by a few days, disappointed.",7,7,10
1531,91,42,2023-10-11,9,Support team responded quickly and professionally.,9,6,10
1532,65,34,2025-06-04,9,Support team responded quickly and professionally.,6,7,9
1533,72,171,2024-09-14,8,"Delivery was delayed by a few days, disappointed.",5,6,6
1534,78,54,2023-12-16,5,Support team responded quickly and professionally.,10,7,6
1535,42,88,2025-06-03,8,"Minor issues with brakes, resolved promptly.",5,5,10
1536,55,70,2023-11-02,7,Fuel consumption is higher than expected.,9,7,9
1537,79,82,2023-06-21,9,The truck performs excellently in all terrains.,7,8,6
1538,82,140,2023-12-20,7,Would definitely recommend to other logistics companies.,5,6,10
1539,7,80,2023-10-18,7,The truck performs excellently in all terrains.,10,8,6
1540,15,19,2025-06-24,9,Fuel consumption is higher than expected.,7,5,6
1541,36,111,2023-11-21,10,Cabin comfort could be better for long drives.,9,5,10
1542,66,196,2024-06-02,8,"Engine efficiency is superb, very satisfied.",10,6,8
1543,20,9,2023-01-27,9,"Minor issues with brakes, resolved promptly.",8,7,10
1544,6,50,2023-11-28,9,Excellent service and friendly dealer staff.,7,8,9
1545,57,186,2024-03-21,7,The truck performs excellently in all terrains.,8,8,9
1546,56,104,2023-09-08,6,Fuel consumption is higher than expected.,9,8,6
1547,19,166,2024-02-28,10,Support team responded quickly and professionally.,7,7,10
1548,10,166,2023-05-08,5,The truck performs excellently in all terrains.,10,6,8
1549,49,144,2025-08-01,10,"Delivery was delayed by a few days, disappointed.",7,5,6
1550,30,82,2025-07-25,7,"Engine efficiency is superb, very satisfied.",7,6,10
1551,1,89,2023-05-14,5,Fuel consumption is higher than expected.,5,5,6
1552,66,105,2025-02-06,5,Fuel consumption is higher than expected.,5,5,10
1553,34,21,2025-10-02,10,Fuel consumption is higher than expected.,8,8,9
1554,41,30,2025-04-20,9,"Minor issues with brakes, resolved promptly.",10,6,7
1555,11,175,2024-04-09,6,Support team responded quickly and professionally.,6,5,7
1556,8,103,2025-04-10,5,"Some scratches noticed on delivery, but acceptable.",6,6,8
1557,46,65,2022-12-02,10,Excellent service and friendly dealer staff.,8,10,7
1558,56,69,2023-12-02,8,Would definitely recommend to other logistics companies.,6,5,7
1559,47,84,2025-01-20,5,Would definitely recommend to other logistics companies.,8,9,9
1560,11,28,2025-04-04,6,"Minor issues with brakes, resolved promptly.",5,10,6
1561,87,109,2023-06-28,6,"Some scratches noticed on delivery, but acceptable.",9,7,10
1562,90,85,2025-07-25,8,Excellent service and friendly dealer staff.,9,5,9
1563,66,114,2025-04-09,5,Would definitely recommend to other logistics companies.,6,6,9
1564,92,5,2025-03-10,6,"Some scratches noticed on delivery, but acceptable.",8,10,10
1565,20,195,2025-03-16,6,Support team responded quickly and professionally.,5,9,7
1566,64,4,2024-09-13,5,Fuel consumption is higher than expected.,9,7,9
1567,8,25,2023-07-19,10,The truck performs excellently in all terrains.,9,5,7
1568,71,86,2024-09-26,6,The truck performs excellently in all terrains.,5,10,8
1569,26,132,2025-02-14,5,Excellent service and friendly dealer staff.,5,8,9
1570,17,16,2025-09-20,10,"Minor issues with brakes, resolved promptly.",9,8,9
1571,94,51,2023-08-10,10,Support team responded quickly and professionally.,7,10,8
1572,48,30,2025-07-15,8,Support team responded quickly and professionally.,5,6,7
1573,51,46,2023-04-14,6,Cabin comfort could be better for long drives.,10,7,7
1574,95,145,2024-11-10,8,The truck performs excellently in all terrains.,9,8,8
1575,17,117,2023-06-28,6,"Some scratches noticed on delivery, but acceptable.",10,5,8
1576,8,23,2024-08-05,9,Fuel consumption is higher than expected.,7,6,9
1577,40,152,2025-10-05,7,Excellent service and friendly dealer staff.,7,10,7
1578,75,53,2024-04-03,9,"Delivery was delayed by a few days, disappointed.",8,5,7
1579,14,173,2024-12-08,5,"Delivery was delayed by a few days, disappointed.",9,8,8
1580,67,92,2025-01-11,8,"Engine efficiency is superb, very satisfied.",8,5,8
1581,47,69,2023-01-20,9,Support team responded quickly and professionally.,9,7,8
1582,87,33,2024-05-01,9,"Some scratches noticed on delivery, but acceptable.",8,8,7
1583,27,80,2024-07-05,8,Would definitely recommend to other logistics companies.,5,8,10
1584,36,19,2025-01-02,6,"Engine efficiency is superb, very satisfied.",7,10,6
1585,53,163,2023-12-26,10,"Delivery was delayed by a few days, disappointed.",9,6,8
1586,18,73,2024-07-22,9,Would definitely recommend to other logistics companies.,6,5,6
1587,64,195,2024-03-08,10,Support team responded quickly and professionally.,5,8,10
1588,84,143,2024-06-20,8,"Engine efficiency is superb, very satisfied.",8,8,9
1589,99,47,2025-02-01,5,"Some scratches noticed on delivery, but acceptable.",10,6,6
1590,38,36,2025-03-14,7,"Engine efficiency is superb, very satisfied.",7,5,9
1591,86,134,2023-04-24,10,Excellent service and friendly dealer staff.,7,9,9
1592,71,178,2024-08-13,5,Excellent service and friendly dealer staff.,6,10,8
1593,4,139,2025-04-19,7,Cabin comfort could be better for long drives.,10,7,7
1594,33,87,2024-06-04,7,"Minor issues with brakes, resolved promptly.",5,6,7
1595,83,165,2023-12-25,10,Would definitely recommend to other logistics companies.,10,5,9
1596,33,1,2023-11-26,10,"Engine efficiency is superb, very satisfied.",7,6,6
1597,87,188,2023-12-20,9,"Some scratches noticed on delivery, but acceptable.",5,9,7
1598,40,193,2023-05-20,8,"Engine efficiency is superb, very satisfied.",5,8,10
1599,78,182,2023-05-07,10,Would definitely recommend to other logistics companies.,10,8,6
1600,97,126,2025-03-20,10,The truck performs excellently in all terrains.,8,10,6
1601,33,176,2023-06-23,8,"Minor issues with brakes, resolved promptly.",6,9,8
1602,66,186,2023-09-03,7,"Delivery was delayed by a few days, disappointed.",10,6,9
1603,63,105,2023-01-09,8,Would definitely recommend to other logistics companies.,9,10,8
1604,59,148,2025-06-10,9,The truck performs excellently in all terrains.,7,7,8
1605,93,125,2025-04-24,8,The truck performs excellently in all terrains.,5,8,9
1606,92,112,2024-07-20,10,Cabin comfort could be better for long drives.,9,9,8
1607,79,17,2023-03-20,9,"Delivery was delayed by a few days, disappointed.",5,7,10
1608,30,180,2023-09-08,9,Excellent service and friendly dealer staff.,7,5,9
1609,69,181,2023-05-12,7,"Minor issues with brakes, resolved promptly.",10,9,10
1610,69,128,2025-04-17,10,"Delivery was delayed by a few days, disappointed.",10,10,9
1611,88,6,2023-08-03,5,Excellent service and friendly dealer staff.,9,5,9
1612,81,56,2025-05-31,5,"Delivery was delayed by a few days, disappointed.",9,6,7
1613,66,169,2024-07-05,6,Would definitely recommend to other logistics companies.,8,6,6
1614,67,101,2025-07-12,5,Would definitely recommend to other logistics companies.,7,9,6
1615,6,51,2024-09-27,10,"Engine efficiency is superb, very satisfied.",8,10,6
1616,40,126,2024-09-15,7,Cabin comfort could be better for long drives.,5,6,8
1617,51,155,2022-10-31,6,Cabin comfort could be better for long drives.,7,8,6
1618,78,55,2023-01-06,7,Would definitely recommend to other logistics companies.,6,5,6
1619,21,50,2024-09-29,7,The truck performs excellently in all terrains.,10,10,10
1620,53,148,2025-01-29,9,The truck performs excellently in all terrains.,10,10,6
1621,14,173,2025-09-21,9,Would definitely recommend to other logistics companies.,7,10,10
1622,22,91,2023-06-27,8,Support team responded quickly and professionally.,9,10,8
1623,59,60,2022-11-13,5,"Engine efficiency is superb, very satisfied.",6,7,8
1624,31,76,2023-03-12,5,"Delivery was delayed by a few days, disappointed.",6,10,6
1625,22,62,2025-07-15,6,"Engine efficiency is superb, very satisfied.",8,7,6
1626,33,159,2024-11-01,10,Support team responded quickly and professionally.,8,9,7
1627,88,23,2025-07-26,9,Fuel consumption is higher than expected.,9,9,8
1628,41,24,2025-05-24,9,"Some scratches noticed on delivery, but acceptable.",6,9,10
1629,25,3,2022-12-28,8,Fuel consumption is higher than expected.,6,7,9
1630,61,38,2024-11-17,6,Would definitely recommend to other logistics companies.,7,5,6
1631,98,49,2025-06-14,7,"Minor issues with brakes, resolved promptly.",8,10,7
1632,70,165,2025-07-31,7,Support team responded quickly and professionally.,10,6,8
1633,82,73,2024-01-31,6,"Engine efficiency is superb, very satisfied.",5,6,7
1634,33,117,2022-11-11,6,The truck performs excellently in all terrains.,9,10,9
1635,64,109,2023-09-03,10,Would definitely recommend to other logistics companies.,10,10,10
1636,3,83,2023-01-10,5,Excellent service and friendly dealer staff.,8,7,8
1637,100,77,2023-02-24,7,"Delivery was delayed by a few days, disappointed.",5,7,6
1638,37,188,2025-06-13,6,"Engine efficiency is superb, very satisfied.",10,6,9
1639,84,6,2023-03-02,6,"Delivery was delayed by a few days, disappointed.",6,9,6
1640,38,180,2025-05-21,10,Would definitely recommend to other logistics companies.,6,9,7
1641,91,180,2023-03-14,9,The truck performs excellently in all terrains.,9,8,7
1642,22,79,2023-02-21,10,The truck performs excellently in all terrains.,9,9,10
1643,91,69,2022-10-15,5,Excellent service and friendly dealer staff.,7,9,6
1644,94,98,2024-02-20,9,Would definitely recommend to other logistics companies.,10,6,10
1645,12,200,2023-07-31,8,The truck performs excellently in all terrains.,5,9,10
1646,63,72,2023-05-06,6,"Delivery was delayed by a few days, disappointed.",9,8,10
1647,7,57,2025-07-06,9,Fuel consumption is higher than expected.,10,10,8
1648,89,195,2025-08-03,5,Cabin comfort could be better for long drives.,8,7,8
1649,97,80,2025-04-21,9,Support team responded quickly and professionally.,10,10,6
1650,46,73,2023-01-17,10,"Delivery was delayed by a few days, disappointed.",7,9,10
1651,26,138,2025-09-06,5,Fuel consumption is higher than expected.,5,9,8
1652,67,129,2023-10-02,9,Cabin comfort could be better for long drives.,5,7,7
1653,60,172,2025-04-17,7,Fuel consumption is higher than expected.,5,9,7
1654,19,63,2025-05-31,10,"Engine efficiency is superb, very satisfied.",8,6,9
1655,81,61,2023-09-27,10,Support team responded quickly and professionally.,9,9,6
1656,53,39,2023-06-20,10,"Delivery was delayed by a few days, disappointed.",7,5,7
1657,21,29,2022-12-29,6,Would definitely recommend to other logistics companies.,10,8,8
1658,65,150,2024-08-04,6,"Delivery was delayed by a few days, disappointed.",9,10,10
1659,32,130,2023-10-22,8,Excellent service and friendly dealer staff.,7,8,10
1660,89,53,2024-04-25,7,The truck performs excellently in all terrains.,5,8,9
1661,15,123,2024-10-23,5,Excellent service and friendly dealer staff.,8,9,6
1662,95,2,2025-01-23,8,Would definitely recommend to other logistics companies.,8,7,9
1663,34,124,2025-08-14,8,Cabin comfort could be better for long drives.,9,10,7
1664,6,61,2024-05-15,7,"Delivery was delayed by a few days, disappointed.",7,5,8
1665,12,121,2025-08-20,10,Fuel consumption is higher than expected.,10,5,10
1666,30,79,2024-05-09,10,Cabin comfort could be better for long drives.,7,5,7
1667,83,31,2025-10-04,6,The truck performs excellently in all terrains.,5,6,7
1668,44,8,2024-02-05,9,The truck performs excellently in all terrains.,6,5,6
1669,4,102,2024-09-06,5,The truck performs excellently in all terrains.,5,8,7
1670,84,123,2023-01-16,7,Cabin comfort could be better for long drives.,9,5,7
1671,89,149,2024-11-16,10,Excellent service and friendly dealer staff.,10,5,6
1672,5,78,2024-07-18,8,"Delivery was delayed by a few days, disappointed.",5,5,8
1673,81,194,2025-07-09,8,Excellent service and friendly dealer staff.,8,5,7
1674,18,98,2022-12-15,6,Excellent service and friendly dealer staff.,5,8,9
1675,95,113,2023-08-20,10,Support team responded quickly and professionally.,9,6,6
1676,78,83,2024-12-25,5,"Some scratches noticed on delivery, but acceptable.",5,9,6
1677,24,19,2023-09-18,5,"Delivery was delayed by a few days, disappointed.",8,8,6
1678,30,30,2025-05-09,7,The truck performs excellently in all terrains.,9,8,8
1679,97,171,2024-03-29,6,"Minor issues with brakes, resolved promptly.",9,8,9
1680,74,160,2023-02-11,10,Excellent service and friendly dealer staff.,9,6,6
1681,96,59,2025-04-13,7,"Engine efficiency is superb, very satisfied.",6,5,8
1682,54,33,2025-06-28,9,The truck performs excellently in all terrains.,5,10,10
1683,17,47,2024-06-23,9,"Delivery was delayed by a few days, disappointed.",10,9,8
1684,33,160,2025-07-15,5,Support team responded quickly and professionally.,8,7,8
1685,76,84,2025-06-26,6,Excellent service and friendly dealer staff.,8,10,9
1686,92,96,2024-04-08,10,"Minor issues with brakes, resolved promptly.",5,8,10
1687,62,147,2023-03-30,10,"Minor issues with brakes, resolved promptly.",10,5,6
1688,26,27,2024-11-29,8,Excellent service and friendly dealer staff.,10,10,9
1689,33,21,2025-09-13,9,Would definitely recommend to other logistics companies.,8,9,6
1690,84,138,2025-03-25,5,Cabin comfort could be better for long drives.,6,6,7
1691,66,46,2024-03-17,9,Cabin comfort could be better for long drives.,8,7,8
1692,34,189,2025-03-25,8,Fuel consumption is higher than expected.,10,7,9
1693,17,54,2024-11-14,8,"Minor issues with brakes, resolved promptly.",5,10,8
1694,62,160,2023-02-17,5,The truck performs excellently in all terrains.,8,9,7
1695,58,133,2025-07-11,9,Cabin comfort could be better for long drives.,8,5,7
1696,3,160,2023-01-02,7,"Delivery was delayed by a few days, disappointed.",8,10,7
1697,25,182,2023-10-31,7,Would definitely recommend to other logistics companies.,9,5,7
1698,24,130,2022-12-27,8,Would definitely recommend to other logistics companies.,8,10,9
1699,1,27,2023-03-22,9,"Some scratches noticed on delivery, but acceptable.",5,5,9
1700,22,10,2024-01-02,6,Support team responded quickly and professionally.,6,7,10
1701,45,50,2024-10-28,8,Support team responded quickly and professionally.,5,7,7
1702,8,17,2023-03-08,6,Would definitely recommend to other logistics companies.,9,10,6
1703,44,105,2023-08-26,7,Would definitely recommend to other logistics companies.,10,9,10
1704,62,9,2025-01-21,8,"Some scratches noticed on delivery, but acceptable.",8,7,7
1705,99,156,2023-04-11,6,Cabin comfort could be better for long drives.,7,10,7
1706,37,55,2023-03-04,5,"Engine efficiency is superb, very satisfied.",8,8,7
1707,64,134,2023-12-21,9,Cabin comfort could be better for long drives.,6,7,9
1708,52,89,2025-09-23,5,Would definitely recommend to other logistics companies.,5,9,8
1709,28,138,2024-12-20,8,"Engine efficiency is superb, very satisfied.",5,7,9
1710,91,177,2024-09-25,5,Would definitely recommend to other logistics companies.,5,5,7
1711,14,139,2025-08-29,8,Fuel consumption is higher than expected.,6,8,9
1712,76,189,2025-05-27,8,Support team responded quickly and professionally.,10,6,7
1713,88,56,2023-02-16,10,Fuel consumption is higher than expected.,6,9,7
1714,27,2,2024-11-23,9,"Minor issues with brakes, resolved promptly.",8,8,7
1715,57,151,2024-05-09,5,Fuel consumption is higher than expected.,10,10,7
1716,34,83,2024-05-13,6,"Some scratches noticed on delivery, but acceptable.",5,10,8
1717,74,11,2024-09-30,8,"Minor issues with brakes, resolved promptly.",10,5,9
1718,7,128,2022-10-19,5,"Engine efficiency is superb, very satisfied.",9,7,7
1719,46,43,2022-12-14,6,Excellent service and friendly dealer staff.,7,5,10
1720,90,72,2024-01-06,6,Fuel consumption is higher than expected.,5,9,9
1721,31,60,2025-05-15,6,Fuel consumption is higher than expected.,8,10,9
1722,47,133,2025-08-30,10,Cabin comfort could be better for long drives.,8,5,6
1723,93,169,2025-06-29,10,Cabin comfort could be better for long drives.,8,8,10
1724,24,102,2025-08-13,7,Cabin comfort could be better for long drives.,6,10,7
1725,54,198,2022-11-30,8,The truck performs excellently in all terrains.,9,6,10
1726,14,163,2024-05-28,6,Would definitely recommend to other logistics companies.,10,10,9
1727,43,133,2024-05-17,8,Cabin comfort could be better for long drives.,10,9,10
1728,53,131,2024-04-13,10,Excellent service and friendly dealer staff.,7,7,9
1729,13,7,2023-08-23,8,The truck performs excellently in all terrains.,10,6,9
1730,58,179,2024-07-02,6,"Delivery was delayed by a few days, disappointed.",5,9,6
1731,80,150,2022-11-02,10,"Minor issues with brakes, resolved promptly.",10,8,10
1732,88,125,2024-08-26,10,"Engine efficiency is superb, very satisfied.",6,6,7
1733,33,92,2025-08-12,8,"Delivery was delayed by a few days, disappointed.",6,7,7
1734,23,26,2023-03-21,10,"Some scratches noticed on delivery, but acceptable.",5,5,8
1735,39,2,2025-08-05,6,Fuel consumption is higher than expected.,9,6,9
1736,22,127,2025-01-04,7,Fuel consumption is higher than expected.,10,8,7
1737,33,196,2023-02-17,10,Would definitely recommend to other logistics companies.,6,9,7
1738,86,132,2025-01-03,7,Cabin comfort could be better for long drives.,10,5,8
1739,64,14,2025-09-18,7,Fuel consumption is higher than expected.,5,10,7
1740,37,4,2024-05-26,10,Excellent service and friendly dealer staff.,8,9,9
1741,100,100,2023-10-15,7,Would definitely recommend to other logistics companies.,7,10,10
1742,5,149,2025-08-11,10,"Delivery was delayed by a few days, disappointed.",6,8,9
1743,75,103,2024-11-27,8,"Minor issues with brakes, resolved promptly.",5,10,8
1744,75,151,2024-07-01,6,Support team responded quickly and professionally.,9,9,7
1745,21,109,2022-12-24,7,Fuel consumption is higher than expected.,5,5,7
1746,40,56,2023-07-17,5,The truck performs excellently in all terrains.,9,9,6
1747,8,84,2022-11-10,6,"Some scratches noticed on delivery, but acceptable.",6,8,9
1748,16,43,2023-04-02,9,"Delivery was delayed by a few days, disappointed.",7,10,8
1749,87,59,2024-05-01,7,"Some scratches noticed on delivery, but acceptable.",6,7,9
1750,73,66,2023-03-22,9,Excellent service and friendly dealer staff.,5,5,7
1751,35,161,2022-11-20,6,The truck performs excellently in all terrains.,8,5,10
1752,22,84,2024-10-15,10,Would definitely recommend to other logistics companies.,10,6,7
1753,75,153,2025-01-05,9,Cabin comfort could be better for long drives.,6,10,10
1754,9,26,2024-10-15,8,Fuel consumption is higher than expected.,8,9,7
1755,16,120,2024-11-21,9,Cabin comfort could be better for long drives.,10,9,6
1756,15,73,2025-08-23,6,Would definitely recommend to other logistics companies.,8,9,6
1757,67,162,2024-06-22,6,"Minor issues with brakes, resolved promptly.",6,7,8
1758,4,20,2023-08-02,5,"Delivery was delayed by a few days, disappointed.",7,7,8
1759,31,143,2023-06-05,6,Support team responded quickly and professionally.,5,6,6
1760,62,78,2025-04-23,8,The truck performs excellently in all terrains.,8,5,6
1761,64,104,2024-04-06,10,Would definitely recommend to other logistics companies.,5,6,10
1762,44,144,2023-06-09,10,"Engine efficiency is superb, very satisfied.",10,8,9
1763,84,147,2024-02-28,9,"Engine efficiency is superb, very satisfied.",6,5,7
1764,3,118,2025-03-03,8,The truck performs excellently in all terrains.,6,8,7
1765,11,170,2023-02-17,9,"Some scratches noticed on delivery, but acceptable.",7,8,10
1766,68,173,2023-03-11,10,The truck performs excellently in all terrains.,7,6,10
1767,20,34,2023-07-04,9,Cabin comfort could be better for long drives.,7,9,8
1768,28,125,2022-10-09,10,"Engine efficiency is superb, very satisfied.",10,7,9
1769,22,190,2024-05-16,10,"Engine efficiency is superb, very satisfied.",9,6,7
1770,35,186,2024-09-08,7,"Engine efficiency is superb, very satisfied.",10,8,9
1771,69,54,2023-05-21,8,Support team responded quickly and professionally.,6,5,6
1772,36,127,2024-05-16,5,Would definitely recommend to other logistics companies.,9,6,6
1773,87,199,2024-11-13,8,Cabin comfort could be better for long drives.,9,6,7
1774,15,181,2024-09-19,9,"Minor issues with brakes, resolved promptly.",7,7,9
1775,99,75,2023-03-06,8,The truck performs excellently in all terrains.,7,9,6
1776,42,145,2025-07-01,6,Support team responded quickly and professionally.,7,6,10
1777,63,167,2024-10-21,10,The truck performs excellently in all terrains.,8,6,6
1778,28,155,2023-08-29,9,The truck performs excellently in all terrains.,9,9,8
1779,42,126,2024-11-14,10,Fuel consumption is higher than expected.,8,5,7
1780,86,48,2023-10-21,8,The truck performs excellently in all terrains.,6,9,8
1781,76,92,2025-05-19,8,"Minor issues with brakes, resolved promptly.",6,8,8
1782,3,100,2025-07-24,8,"Some scratches noticed on delivery, but acceptable.",9,10,7
1783,34,96,2023-05-13,6,Cabin comfort could be better for long drives.,9,5,7
1784,67,12,2022-11-14,6,"Delivery was delayed by a few days, disappointed.",6,6,10
1785,25,32,2023-05-31,8,Fuel consumption is higher than expected.,5,9,9
1786,97,14,2023-08-23,9,"Some scratches noticed on delivery, but acceptable.",7,5,6
1787,56,157,2023-12-21,9,Fuel consumption is higher than expected.,7,6,8
1788,69,181,2025-03-13,5,"Some scratches noticed on delivery, but acceptable.",10,9,6
1789,31,137,2023-01-12,10,"Delivery was delayed by a few days, disappointed.",5,7,6
1790,11,12,2024-02-28,7,"Delivery was delayed by a few days, disappointed.",10,5,6
1791,11,101,2022-10-17,5,The truck performs excellently in all terrains.,9,5,10
1792,53,125,2024-04-19,8,The truck performs excellently in all terrains.,7,9,6
1793,96,197,2023-03-27,9,"Delivery was delayed by a few days, disappointed.",6,6,6
1794,96,81,2024-01-14,10,"Minor issues with brakes, resolved promptly.",10,10,8
1795,31,78,2023-09-28,6,Cabin comfort could be better for long drives.,7,8,7
1796,21,21,2023-10-28,10,Support team responded quickly and professionally.,10,5,8
1797,22,170,2025-01-21,6,Support team responded quickly and professionally.,7,10,6
1798,40,164,2022-11-27,10,The truck performs excellently in all terrains.,9,9,6
1799,85,139,2023-06-03,10,The truck performs excellently in all terrains.,6,9,9
1800,70,199,2025-03-19,7,Excellent service and friendly dealer staff.,7,10,7
1801,12,199,2025-07-19,7,Would definitely recommend to other logistics companies.,6,5,6
1802,43,119,2022-12-20,8,"Minor issues with brakes, resolved promptly.",10,8,9
1803,19,75,2023-06-28,7,Cabin comfort could be better for long drives.,5,8,6
1804,52,192,2024-07-24,7,The truck performs excellently in all terrains.,5,10,6
1805,68,96,2024-01-23,8,Excellent service and friendly dealer staff.,5,7,10
1806,95,5,2024-12-29,10,Would definitely recommend to other logistics companies.,10,10,8
1807,88,30,2024-11-29,9,Cabin comfort could be better for long drives.,8,5,9
1808,11,9,2023-12-18,9,Fuel consumption is higher than expected.,8,7,6
1809,61,103,2023-07-03,10,"Engine efficiency is superb, very satisfied.",8,9,6
1810,34,28,2023-04-25,7,"Engine efficiency is superb, very satisfied.",7,9,6
1811,38,100,2024-04-22,6,Support team responded quickly and professionally.,5,10,6
1812,69,147,2024-08-16,10,Fuel consumption is higher than expected.,6,5,10
1813,43,196,2022-10-27,10,Fuel consumption is higher than expected.,6,9,7
1814,22,77,2025-09-27,6,Fuel consumption is higher than expected.,9,9,7
1815,15,102,2023-10-13,7,Support team responded quickly and professionally.,6,10,7
1816,30,75,2022-12-04,10,The truck performs excellently in all terrains.,5,6,6
1817,19,17,2025-02-16,9,"Minor issues with brakes, resolved promptly.",7,5,10
1818,57,25,2024-05-12,8,Support team responded quickly and professionally.,9,10,8
1819,17,146,2025-07-23,5,Would definitely recommend to other logistics companies.,6,7,7
1820,62,162,2023-03-29,10,"Minor issues with brakes, resolved promptly.",6,7,8
1821,28,59,2025-01-10,8,Support team responded quickly and professionally.,9,10,6
1822,100,185,2023-01-30,5,"Delivery was delayed by a few days, disappointed.",7,7,9
1823,64,128,2025-01-25,7,"Engine efficiency is superb, very satisfied.",6,8,9
1824,49,95,2024-11-04,10,"Delivery was delayed by a few days, disappointed.",7,9,7
1825,93,47,2024-03-08,5,"Delivery was delayed by a few days, disappointed.",9,10,7
1826,80,162,2023-02-01,5,The truck performs excellently in all terrains.,7,8,10
1827,20,164,2024-07-21,9,The truck performs excellently in all terrains.,9,10,6
1828,97,181,2023-07-23,8,The truck performs excellently in all terrains.,8,6,10
1829,34,114,2023-02-04,9,The truck performs excellently in all terrains.,8,8,7
1830,76,8,2023-05-21,6,"Some scratches noticed on delivery, but acceptable.",9,6,8
1831,28,8,2024-11-07,5,Excellent service and friendly dealer staff.,6,6,10
1832,64,130,2023-02-07,6,"Delivery was delayed by a few days, disappointed.",8,8,9
1833,21,110,2022-12-12,5,The truck performs excellently in all terrains.,10,7,10
1834,52,25,2024-07-16,10,"Some scratches noticed on delivery, but acceptable.",8,5,9
1835,5,200,2025-09-23,8,Support team responded quickly and professionally.,10,5,9
1836,43,63,2024-12-17,6,The truck performs excellently in all terrains.,8,9,8
1837,62,143,2024-12-02,8,"Some scratches noticed on delivery, but acceptable.",8,10,7
1838,1,79,2025-04-25,10,"Delivery was delayed by a few days, disappointed.",9,10,10
1839,87,172,2023-08-29,7,Would definitely recommend to other logistics companies.,6,10,6
1840,62,38,2025-01-03,7,"Engine efficiency is superb, very satisfied.",6,6,7
1841,69,155,2023-04-08,7,"Minor issues with brakes, resolved promptly.",10,6,9
1842,92,106,2023-03-01,10,The truck performs excellently in all terrains.,5,5,8
1843,100,4,2023-01-06,9,Excellent service and friendly dealer staff.,5,6,9
1844,6,28,2025-01-25,9,"Engine efficiency is superb, very satisfied.",5,6,9
1845,43,96,2023-02-16,9,Support team responded quickly and professionally.,7,5,8
1846,7,164,2025-02-13,9,"Some scratches noticed on delivery, but acceptable.",5,9,9
1847,57,35,2023-08-15,8,The truck performs excellently in all terrains.,9,7,10
1848,91,51,2024-12-19,10,"Engine efficiency is superb, very satisfied.",5,8,6
1849,28,82,2025-08-21,5,"Delivery was delayed by a few days, disappointed.",6,7,9
1850,40,79,2025-04-10,6,"Minor issues with brakes, resolved promptly.",6,5,7
1851,15,97,2025-03-24,10,"Minor issues with brakes, resolved promptly.",6,5,10
1852,89,83,2025-05-10,10,"Delivery was delayed by a few days, disappointed.",7,7,8
1853,97,24,2023-09-01,10,Would definitely recommend to other logistics companies.,5,7,9
1854,59,143,2024-08-10,6,Cabin comfort could be better for long drives.,6,5,8
1855,24,45,2025-08-23,10,"Some scratches noticed on delivery, but acceptable.",6,10,8
1856,67,66,2024-02-11,8,Support team responded quickly and professionally.,7,5,7
1857,78,169,2023-06-13,7,Fuel consumption is higher than expected.,6,7,9
1858,14,102,2024-11-27,5,"Some scratches noticed on delivery, but acceptable.",10,5,9
1859,12,105,2023-12-19,7,Fuel consumption is higher than expected.,5,6,10
1860,33,56,2023-11-08,5,"Minor issues with brakes, resolved promptly.",7,5,8
1861,56,63,2024-12-12,5,"Engine efficiency is superb, very satisfied.",5,6,6
1862,33,128,2024-11-09,7,Would definitely recommend to other logistics companies.,8,10,10
1863,4,15,2024-06-04,6,Excellent service and friendly dealer staff.,10,8,9
1864,30,80,2023-07-29,5,Excellent service and friendly dealer staff.,5,7,6
1865,17,90,2023-11-20,9,Support team responded quickly and professionally.,9,7,6
1866,92,82,2024-08-19,7,Excellent service and friendly dealer staff.,6,8,6
1867,92,158,2024-12-20,8,"Delivery was delayed by a few days, disappointed.",10,5,10
1868,72,124,2024-10-31,7,"Delivery was delayed by a few days, disappointed.",7,8,9
1869,56,15,2023-01-23,10,Support team responded quickly and professionally.,8,5,8
1870,16,133,2024-02-28,10,"Delivery was delayed by a few days, disappointed.",6,6,7
1871,30,35,2025-09-19,8,"Minor issues with brakes, resolved promptly.",7,7,8
1872,81,160,2024-02-05,10,Excellent service and friendly dealer staff.,8,9,7
1873,2,53,2023-03-03,5,Support team responded quickly and professionally.,6,7,7
1874,46,154,2023-01-01,6,"Minor issues with brakes, resolved promptly.",9,6,6
1875,76,65,2025-07-11,7,"Delivery was delayed by a few days, disappointed.",7,9,7
1876,62,167,2023-05-23,7,The truck performs excellently in all terrains.,8,7,6
1877,96,9,2024-09-20,9,"Some scratches noticed on delivery, but acceptable.",8,7,7
1878,36,2,2024-06-12,9,Fuel consumption is higher than expected.,10,10,9
1879,86,37,2024-10-05,9,"Some scratches noticed on delivery, but acceptable.",9,7,7
1880,1,36,2025-03-27,5,Support team responded quickly and professionally.,6,7,8
1881,13,153,2023-02-03,9,"Minor issues with brakes, resolved promptly.",8,6,9
1882,99,200,2022-12-07,10,Would definitely recommend to other logistics companies.,7,7,8
1883,100,74,2025-09-24,8,"Some scratches noticed on delivery, but acceptable.",7,5,9
1884,96,86,2024-04-18,7,Would definitely recommend to other logistics companies.,7,9,9
1885,53,106,2025-07-31,8,"Minor issues with brakes, resolved promptly.",6,6,8
1886,31,59,2025-07-18,9,Would definitely recommend to other logistics companies.,8,8,6
1887,65,153,2022-12-11,5,Support team responded quickly and professionally.,9,8,9
1888,84,86,2023-06-06,6,"Delivery was delayed by a few days, disappointed.",8,7,7
1889,55,111,2023-10-29,10,Fuel consumption is higher than expected.,9,7,10
1890,74,91,2022-12-01,6,Fuel consumption is higher than expected.,7,9,9
1891,21,175,2024-06-18,10,"Delivery was delayed by a few days, disappointed.",9,5,9
1892,12,38,2024-11-25,8,The truck performs excellently in all terrains.,6,10,9
1893,51,103,2025-06-01,7,"Delivery was delayed by a few days, disappointed.",5,5,8
1894,47,139,2023-01-11,6,Fuel consumption is higher than expected.,9,10,7
1895,80,140,2024-02-28,7,The truck performs excellently in all terrains.,10,8,6
1896,1,28,2023-09-26,9,Would definitely recommend to other logistics companies.,9,6,9
1897,46,159,2023-02-13,6,"Engine efficiency is superb, very satisfied.",8,9,9
1898,100,88,2022-10-29,8,Support team responded quickly and professionally.,7,8,10
1899,89,65,2025-05-13,7,"Some scratches noticed on delivery, but acceptable.",9,6,6
1900,96,136,2023-10-03,7,Support team responded quickly and professionally.,7,5,9
1901,85,67,2025-04-08,5,Would definitely recommend to other logistics companies.,10,5,10
1902,99,149,2024-03-01,6,Fuel consumption is higher than expected.,6,8,9
1903,27,22,2023-06-21,6,"Engine efficiency is superb, very satisfied.",9,5,10
1904,66,164,2023-07-12,10,The truck performs excellently in all terrains.,5,10,9
1905,68,122,2024-03-20,7,"Delivery was delayed by a few days, disappointed.",7,8,6
1906,1,195,2023-02-25,9,Excellent service and friendly dealer staff.,8,8,6
1907,77,191,2025-03-03,10,Support team responded quickly and professionally.,5,7,10
1908,50,183,2023-04-14,5,Would definitely recommend to other logistics companies.,6,7,8
1909,1,176,2025-03-18,5,"Delivery was delayed by a few days, disappointed.",6,9,7
1910,23,142,2023-06-12,9,Cabin comfort could be better for long drives.,10,7,7
1911,42,186,2025-04-01,6,Support team responded quickly and professionally.,9,6,8
1912,85,106,2025-09-03,8,Cabin comfort could be better for long drives.,8,9,8
1913,20,92,2024-12-11,5,The truck performs excellently in all terrains.,10,9,6
1914,85,91,2023-01-01,7,Support team responded quickly and professionally.,10,8,9
1915,99,5,2025-07-14,7,Cabin comfort could be better for long drives.,9,8,9
1916,16,94,2024-01-07,10,Fuel consumption is higher than expected.,5,5,8
1917,44,172,2025-09-28,9,Cabin comfort could be better for long drives.,6,8,6
1918,6,189,2023-08-11,7,The truck performs excellently in all terrains.,10,5,7
1919,87,111,2023-01-25,7,Would definitely recommend to other logistics companies.,7,9,7
1920,62,99,2022-11-27,8,Fuel consumption is higher than expected.,6,10,9
1921,53,150,2024-08-28,9,Support team responded quickly and professionally.,8,9,10
1922,52,122,2025-07-22,8,"Some scratches noticed on delivery, but acceptable.",6,7,8
1923,96,86,2023-07-03,10,Cabin comfort could be better for long drives.,10,8,10
1924,44,59,2022-10-08,9,Cabin comfort could be better for long drives.,6,5,7
1925,45,91,2022-10-20,9,Support team responded quickly and professionally.,7,10,10
1926,3,160,2025-07-17,6,"Minor issues with brakes, resolved promptly.",5,5,9
1927,35,193,2025-03-10,7,The truck performs excellently in all terrains.,5,10,6
1928,64,107,2025-07-24,6,"Some scratches noticed on delivery, but acceptable.",8,7,8
1929,79,126,2025-04-10,5,Would definitely recommend to other logistics companies.,7,8,8
1930,31,146,2025-08-29,10,"Delivery was delayed by a few days, disappointed.",10,9,6
1931,40,80,2025-05-28,9,"Minor issues with brakes, resolved promptly.",10,5,8
1932,6,95,2024-11-28,5,"Delivery was delayed by a few days, disappointed.",5,6,8
1933,29,178,2023-03-17,9,"Engine efficiency is superb, very satisfied.",5,7,6
1934,75,81,2023-05-01,10,"Some scratches noticed on delivery, but acceptable.",5,5,8
1935,95,32,2023-09-29,6,"Minor issues with brakes, resolved promptly.",7,8,8
1936,82,100,2025-10-04,9,"Engine efficiency is superb, very satisfied.",6,6,10
1937,72,135,2023-04-25,8,Excellent service and friendly dealer staff.,8,7,8
1938,63,33,2024-03-30,9,Cabin comfort could be better for long drives.,7,10,6
1939,30,167,2025-09-09,10,"Engine efficiency is superb, very satisfied.",7,6,7
1940,84,138,2024-06-08,7,"Engine efficiency is superb, very satisfied.",10,5,6
1941,82,72,2023-07-02,5,The truck performs excellently in all terrains.,5,8,7
1942,21,139,2024-02-23,9,"Delivery was delayed by a few days, disappointed.",9,5,10
1943,99,182,2025-03-22,6,Fuel consumption is higher than expected.,6,10,8
1944,98,139,2025-02-10,8,"Delivery was delayed by a few days, disappointed.",6,10,9
1945,70,108,2025-08-14,5,Fuel consumption is higher than expected.,8,9,6
1946,38,71,2024-03-31,8,"Engine efficiency is superb, very satisfied.",7,5,9
1947,36,22,2024-08-01,5,The truck performs excellently in all terrains.,5,7,10
1948,37,124,2023-10-22,9,Would definitely recommend to other logistics companies.,5,8,10
1949,92,191,2025-02-18,8,Fuel consumption is higher than expected.,5,10,8
1950,85,63,2023-08-10,7,"Engine efficiency is superb, very satisfied.",9,10,6
1951,77,183,2023-02-03,5,"Some scratches noticed on delivery, but acceptable.",8,10,6
1952,55,110,2024-05-07,10,Would definitely recommend to other logistics companies.,6,6,8
1953,68,151,2025-04-26,9,"Minor issues with brakes, resolved promptly.",6,10,9
1954,95,135,2024-05-27,9,Excellent service and friendly dealer staff.,7,8,7
1955,80,100,2023-03-23,8,Fuel consumption is higher than expected.,7,9,7
1956,98,156,2022-11-06,9,Would definitely recommend to other logistics companies.,8,9,9
1957,65,143,2025-07-06,6,"Delivery was delayed by a few days, disappointed.",10,7,7
1958,16,153,2022-10-08,5,"Engine efficiency is superb, very satisfied.",9,9,6
1959,48,2,2024-04-22,7,"Minor issues with brakes, resolved promptly.",8,6,6
1960,31,169,2025-05-02,8,"Minor issues with brakes, resolved promptly.",9,10,9
1961,96,65,2023-04-29,6,Support team responded quickly and professionally.,10,6,7
1962,74,137,2023-02-14,6,Would definitely recommend to other logistics companies.,9,5,8
1963,22,132,2023-10-05,9,"Minor issues with brakes, resolved promptly.",6,10,10
1964,32,194,2024-12-01,9,The truck performs excellently in all terrains.,6,6,8
1965,55,108,2024-06-07,6,"Engine efficiency is superb, very satisfied.",9,8,7
1966,11,153,2023-06-28,5,Cabin comfort could be better for long drives.,5,5,7
1967,19,138,2024-11-16,10,Excellent service and friendly dealer staff.,8,10,9
1968,16,59,2023-01-27,10,"Engine efficiency is superb, very satisfied.",6,8,8
1969,42,160,2024-06-11,8,Would definitely recommend to other logistics companies.,9,8,10
1970,23,115,2022-10-10,5,The truck performs excellently in all terrains.,8,5,8
1971,82,19,2023-07-01,8,Support team responded quickly and professionally.,8,9,6
1972,34,191,2024-05-22,6,Would definitely recommend to other logistics companies.,6,6,8
1973,90,17,2024-04-05,7,"Minor issues with brakes, resolved promptly.",6,7,7
1974,20,134,2023-02-06,8,The truck performs excellently in all terrains.,8,8,6
1975,67,70,2024-04-26,6,Fuel consumption is higher than expected.,6,6,6
1976,73,176,2025-09-07,8,"Engine efficiency is superb, very satisfied.",9,8,10
1977,37,95,2023-02-21,6,Support team responded quickly and professionally.,8,9,6
1978,18,182,2025-09-18,7,Cabin comfort could be better for long drives.,9,5,6
1979,1,82,2024-05-23,6,"Engine efficiency is superb, very satisfied.",7,7,8
1980,69,127,2024-11-12,5,"Some scratches noticed on delivery, but acceptable.",9,6,8
1981,20,110,2025-09-27,7,"Minor issues with brakes, resolved promptly.",5,6,8
1982,70,65,2024-03-21,10,"Some scratches noticed on delivery, but acceptable.",6,7,10
1983,100,101,2024-03-13,9,"Delivery was delayed by a few days, disappointed.",6,10,9
1984,3,140,2023-03-07,8,Cabin comfort could be better for long drives.,7,9,10
1985,59,153,2025-06-28,5,Fuel consumption is higher than expected.,6,5,10
1986,12,36,2022-10-30,7,The truck performs excellently in all terrains.,6,5,8
1987,79,7,2025-06-01,9,Cabin comfort could be better for long drives.,6,10,8
1988,71,166,2023-11-04,9,"Minor issues with brakes, resolved promptly.",7,6,7
1989,55,103,2023-06-28,8,Fuel consumption is higher than expected.,9,8,9
1990,79,5,2023-03-22,10,Cabin comfort could be better for long drives.,9,9,10
1991,45,95,2025-07-02,5,Support team responded quickly and professionally.,10,8,10
1992,87,174,2023-05-11,8,The truck performs excellently in all terrains.,8,8,7
1993,16,3,2024-06-01,6,Cabin comfort could be better for long drives.,9,7,10
1994,83,21,2023-03-19,5,Excellent service and friendly dealer staff.,5,6,10
1995,51,48,2025-03-08,5,"Delivery was delayed by a few days, disappointed.",6,10,9
1996,38,174,2023-10-27,6,"Delivery was delayed by a few days, disappointed.",6,5,10
1997,94,127,2025-05-07,8,The truck performs excellently in all terrains.,9,5,8
1998,76,195,2025-02-05,7,"Engine efficiency is superb, very satisfied.",5,6,9
1999,47,122,2024-03-13,8,Excellent service and friendly dealer staff.,9,7,8
2000,12,54,2023-10-03,9,The truck performs excellently in all terrains.,6,10,6
2001,74,158,2024-09-18,6,"Delivery was delayed by a few days, disappointed.",6,5,7
2002,48,148,2023-02-23,10,"Engine efficiency is superb, very satisfied.",9,7,7
2003,69,191,2025-09-15,5,Fuel consumption is higher than expected.,7,6,10
2004,45,143,2024-03-31,8,"Minor issues with brakes, resolved promptly.",7,9,8
2005,59,100,2025-05-24,6,The truck performs excellently in all terrains.,5,5,8
2006,13,107,2022-12-29,5,Excellent service and friendly dealer staff.,10,9,8
2007,79,37,2023-04-26,8,Fuel consumption is higher than expected.,7,6,9
2008,14,148,2023-01-30,5,"Some scratches noticed on delivery, but acceptable.",9,9,9
2009,56,54,2023-10-14,5,Support team responded quickly and professionally.,10,10,10
2010,72,167,2025-02-26,5,Fuel consumption is higher than expected.,6,9,9
2011,22,122,2025-06-19,5,"Delivery was delayed by a few days, disappointed.",9,6,10
2012,84,154,2023-12-17,7,Support team responded quickly and professionally.,8,8,8
2013,34,128,2023-06-20,9,"Minor issues with brakes, resolved promptly.",9,8,8
2014,31,194,2025-07-04,5,"Delivery was delayed by a few days, disappointed.",6,7,6
2015,14,26,2024-10-23,10,Excellent service and friendly dealer staff.,10,7,9
2016,29,60,2024-09-26,8,"Engine efficiency is superb, very satisfied.",9,10,6
2017,17,186,2024-04-01,8,"Minor issues with brakes, resolved promptly.",8,9,10
2018,52,86,2024-07-25,9,"Engine efficiency is superb, very satisfied.",5,6,7
2019,31,13,2024-02-16,8,Support team responded quickly and professionally.,7,6,7
2020,67,124,2023-06-17,9,Support team responded quickly and professionally.,5,5,7
2021,76,53,2025-04-07,8,Support team responded quickly and professionally.,9,9,10
2022,85,22,2025-01-19,9,"Some scratches noticed on delivery, but acceptable.",5,8,10
2023,72,87,2025-05-12,9,"Delivery was delayed by a few days, disappointed.",6,5,9
2024,46,114,2025-04-12,5,"Engine efficiency is superb, very satisfied.",9,6,7
2025,38,104,2023-08-24,8,Excellent service and friendly dealer staff.,10,10,6
2026,85,75,2024-03-16,5,"Some scratches noticed on delivery, but acceptable.",10,6,8
2027,6,154,2024-08-29,5,Fuel consumption is higher than expected.,8,10,9
2028,49,155,2022-11-21,10,Fuel consumption is higher than expected.,10,6,9
2029,21,126,2025-01-24,5,Fuel consumption is higher than expected.,7,6,9
2030,17,7,2024-05-05,10,Support team responded quickly and professionally.,6,9,8
2031,95,194,2025-06-23,5,"Minor issues with brakes, resolved promptly.",8,9,6
2032,28,32,2023-12-01,6,Fuel consumption is higher than expected.,8,6,6
2033,71,4,2024-06-05,8,"Some scratches noticed on delivery, but acceptable.",6,10,9
2034,34,67,2023-03-30,8,"Engine efficiency is superb, very satisfied.",9,6,6
2035,76,63,2024-08-07,5,"Delivery was delayed by a few days, disappointed.",8,5,6
2036,4,166,2023-09-22,10,Cabin comfort could be better for long drives.,9,5,10
2037,30,119,2025-08-20,5,Fuel consumption is higher than expected.,10,6,9
2038,81,42,2024-03-09,5,"Engine efficiency is superb, very satisfied.",5,7,8
2039,22,40,2024-10-28,5,"Minor issues with brakes, resolved promptly.",7,5,6
2040,92,191,2024-09-24,10,"Engine efficiency is superb, very satisfied.",5,10,6
2041,61,33,2023-07-21,9,Would definitely recommend to other logistics companies.,9,8,8
2042,44,32,2024-01-04,6,Support team responded quickly and professionally.,7,10,8
2043,5,127,2023-07-09,5,"Delivery was delayed by a few days, disappointed.",7,9,10
2044,82,191,2022-12-19,9,"Delivery was delayed by a few days, disappointed.",8,6,10
2045,10,118,2024-02-10,7,Fuel consumption is higher than expected.,8,9,10
2046,83,35,2024-09-16,6,"Delivery was delayed by a few days, disappointed.",9,7,8
2047,63,148,2024-09-13,10,Fuel consumption is higher than expected.,6,6,7
2048,70,168,2023-11-08,5,"Delivery was delayed by a few days, disappointed.",5,6,6
2049,82,84,2024-01-19,10,Would definitely recommend to other logistics companies.,6,7,7
2050,8,99,2023-06-01,8,Support team responded quickly and professionally.,5,8,9
2051,27,193,2025-01-24,8,"Delivery was delayed by a few days, disappointed.",8,8,10
2052,92,61,2023-03-10,10,Cabin comfort could be better for long drives.,5,10,6
2053,65,144,2025-09-05,9,Cabin comfort could be better for long drives.,9,6,9
2054,13,28,2023-09-13,6,"Some scratches noticed on delivery, but acceptable.",7,8,9
2055,16,83,2025-01-20,9,Cabin comfort could be better for long drives.,6,7,9
2056,58,186,2022-12-07,10,"Delivery was delayed by a few days, disappointed.",6,9,9
2057,46,174,2023-06-24,6,"Minor issues with brakes, resolved promptly.",7,5,8
2058,1,152,2023-11-06,8,Excellent service and friendly dealer staff.,9,10,8
2059,45,125,2025-05-21,6,Cabin comfort could be better for long drives.,5,5,7
2060,48,100,2024-08-25,7,Fuel consumption is higher than expected.,10,5,7
2061,30,11,2025-03-22,10,Cabin comfort could be better for long drives.,10,8,9
2062,19,157,2022-10-13,10,"Minor issues with brakes, resolved promptly.",9,7,9
2063,22,79,2024-04-08,10,Cabin comfort could be better for long drives.,10,8,10
2064,9,43,2024-01-20,5,"Delivery was delayed by a few days, disappointed.",8,9,7
2065,14,79,2024-10-11,9,"Delivery was delayed by a few days, disappointed.",10,10,7
2066,82,157,2023-09-25,9,Excellent service and friendly dealer staff.,9,8,8
2067,82,65,2025-03-16,10,The truck performs excellently in all terrains.,5,8,10
2068,61,88,2024-03-21,9,"Delivery was delayed by a few days, disappointed.",5,6,10
2069,17,128,2023-08-27,5,Excellent service and friendly dealer staff.,8,6,6
2070,78,137,2023-08-17,6,Cabin comfort could be better for long drives.,8,10,9
2071,92,76,2023-03-09,9,Fuel consumption is higher than expected.,6,6,10
2072,43,147,2025-01-06,9,"Some scratches noticed on delivery, but acceptable.",6,8,10
2073,3,179,2025-07-04,9,Would definitely recommend to other logistics companies.,7,7,10
2074,50,130,2025-09-29,5,"Minor issues with brakes, resolved promptly.",7,9,7
2075,99,156,2025-02-24,8,Cabin comfort could be better for long drives.,6,5,8
2076,33,89,2022-10-15,10,Fuel consumption is higher than expected.,5,10,10
2077,58,61,2023-07-08,9,"Engine efficiency is superb, very satisfied.",5,5,6
2078,7,105,2025-03-12,5,Would definitely recommend to other logistics companies.,7,10,9
2079,15,178,2024-11-11,7,"Minor issues with brakes, resolved promptly.",6,6,9
2080,91,86,2023-03-26,9,Would definitely recommend to other logistics companies.,5,9,9
2081,58,118,2025-09-07,6,"Minor issues with brakes, resolved promptly.",6,7,9
2082,22,71,2023-05-03,8,Cabin comfort could be better for long drives.,7,5,9
2083,12,88,2023-05-01,10,Fuel consumption is higher than expected.,9,10,8
2084,78,52,2025-05-09,8,"Some scratches noticed on delivery, but acceptable.",6,8,8
2085,73,171,2023-12-23,10,Cabin comfort could be better for long drives.,5,7,8
2086,12,172,2024-03-08,6,Cabin comfort could be better for long drives.,5,9,7
2087,62,115,2023-06-07,8,"Some scratches noticed on delivery, but acceptable.",8,9,6
2088,7,2,2025-02-08,5,Support team responded quickly and professionally.,9,8,7
2089,6,77,2023-01-26,9,Excellent service and friendly dealer staff.,6,8,8
2090,63,149,2025-03-31,10,"Delivery was delayed by a few days, disappointed.",5,9,9
2091,14,49,2022-11-24,7,Support team responded quickly and professionally.,5,7,7
2092,78,93,2024-10-14,10,"Some scratches noticed on delivery, but acceptable.",9,7,10
2093,60,186,2025-06-17,5,The truck performs excellently in all terrains.,9,5,6
2094,71,25,2022-12-01,6,"Delivery was delayed by a few days, disappointed.",9,9,7
2095,6,87,2024-10-27,8,"Some scratches noticed on delivery, but acceptable.",6,8,9
2096,57,165,2025-08-12,9,Fuel consumption is higher than expected.,10,8,7
2097,83,40,2023-07-24,6,Would definitely recommend to other logistics companies.,6,9,9
2098,96,25,2023-07-14,7,The truck performs excellently in all terrains.,6,9,7
2099,17,185,2023-11-08,8,Cabin comfort could be better for long drives.,10,8,7
2100,39,121,2025-04-23,8,Would definitely recommend to other logistics companies.,5,10,7
2101,98,8,2024-09-03,8,Fuel consumption is higher than expected.,10,10,10
2102,39,188,2022-10-14,7,The truck performs excellently in all terrains.,5,8,8
2103,74,86,2023-06-14,10,"Some scratches noticed on delivery, but acceptable.",10,6,8
2104,2,182,2024-12-17,5,Support team responded quickly and professionally.,7,6,10
2105,96,149,2024-06-18,8,The truck performs excellently in all terrains.,6,5,7
2106,94,158,2025-08-22,9,"Some scratches noticed on delivery, but acceptable.",5,9,7
2107,62,69,2022-10-28,7,"Some scratches noticed on delivery, but acceptable.",6,9,8
2108,13,102,2024-05-15,7,Cabin comfort could be better for long drives.,10,8,8
2109,22,46,2024-12-02,6,"Some scratches noticed on delivery, but acceptable.",7,8,7
2110,68,4,2025-02-16,9,"Delivery was delayed by a few days, disappointed.",9,8,8
2111,86,18,2023-02-14,9,"Some scratches noticed on delivery, but acceptable.",10,10,10
2112,62,123,2024-06-02,7,The truck performs excellently in all terrains.,9,9,7
2113,22,145,2022-12-04,6,Fuel consumption is higher than expected.,7,7,8
2114,17,181,2024-08-04,8,Excellent service and friendly dealer staff.,5,6,10
2115,18,38,2024-11-04,9,The truck performs excellently in all terrains.,7,7,10
2116,81,111,2024-07-02,5,The truck performs excellently in all terrains.,5,9,7
2117,29,164,2025-02-11,8,Excellent service and friendly dealer staff.,6,8,7
2118,82,129,2023-11-30,10,"Delivery was delayed by a few days, disappointed.",10,6,6
2119,67,10,2023-07-07,8,"Minor issues with brakes, resolved promptly.",7,7,7
2120,45,161,2024-08-14,7,Cabin comfort could be better for long drives.,7,7,7
2121,81,100,2023-07-20,10,"Engine efficiency is superb, very satisfied.",10,5,7
2122,74,200,2025-04-15,7,Would definitely recommend to other logistics companies.,5,5,6
2123,84,33,2023-09-28,6,Cabin comfort could be better for long drives.,5,5,10
2124,55,160,2023-05-25,6,Fuel consumption is higher than expected.,7,5,7
2125,93,198,2024-10-24,9,Excellent service and friendly dealer staff.,10,9,7
2126,51,127,2025-08-19,7,"Engine efficiency is superb, very satisfied.",10,7,10
2127,91,132,2023-04-25,5,Would definitely recommend to other logistics companies.,7,9,9
2128,49,195,2024-11-13,7,Would definitely recommend to other logistics companies.,5,5,6
2129,25,149,2022-12-06,5,"Engine efficiency is superb, very satisfied.",9,5,10
2130,15,82,2022-10-17,6,Cabin comfort could be better for long drives.,6,9,9
2131,1,37,2022-12-21,6,"Delivery was delayed by a few days, disappointed.",6,6,10
2132,64,13,2023-11-01,5,"Some scratches noticed on delivery, but acceptable.",7,8,6
2133,86,51,2025-01-02,7,"Engine efficiency is superb, very satisfied.",5,8,7
2134,75,60,2025-07-10,7,Excellent service and friendly dealer staff.,5,5,9
2135,35,75,2023-02-05,5,Excellent service and friendly dealer staff.,6,10,8
2136,67,38,2025-02-22,10,"Some scratches noticed on delivery, but acceptable.",6,9,9
2137,18,4,2023-06-08,7,"Engine efficiency is superb, very satisfied.",7,8,9
2138,9,136,2024-03-16,7,Fuel consumption is higher than expected.,5,6,6
2139,27,142,2023-11-05,10,Would definitely recommend to other logistics companies.,7,8,10
2140,23,150,2025-08-24,8,"Engine efficiency is superb, very satisfied.",8,8,8
2141,7,24,2023-07-07,8,Fuel consumption is higher than expected.,10,6,6
2142,3,16,2023-11-03,9,Cabin comfort could be better for long drives.,10,10,8
2143,58,29,2024-11-30,8,"Some scratches noticed on delivery, but acceptable.",8,10,10
2144,77,32,2023-08-04,10,"Some scratches noticed on delivery, but acceptable.",7,10,8
2145,33,154,2023-07-31,7,Would definitely recommend to other logistics companies.,8,7,7
2146,64,153,2023-12-10,8,"Delivery was delayed by a few days, disappointed.",7,5,6
2147,24,125,2024-07-29,8,"Delivery was delayed by a few days, disappointed.",10,8,7
2148,5,2,2025-09-23,8,"Engine efficiency is superb, very satisfied.",9,9,7
2149,47,151,2024-12-27,10,"Delivery was delayed by a few days, disappointed.",7,9,7
2150,89,148,2024-06-11,9,"Some scratches noticed on delivery, but acceptable.",10,8,8
2151,60,61,2023-08-05,6,"Engine efficiency is superb, very satisfied.",5,8,7
2152,64,108,2024-10-11,5,"Minor issues with brakes, resolved promptly.",8,5,6
2153,34,164,2024-09-01,7,"Minor issues with brakes, resolved promptly.",6,8,9
2154,64,161,2023-12-07,5,Would definitely recommend to other logistics companies.,5,9,6
2155,85,16,2024-07-03,8,Support team responded quickly and professionally.,6,9,8
2156,35,79,2024-12-04,10,"Engine efficiency is superb, very satisfied.",9,8,9
2157,6,51,2025-03-28,7,Cabin comfort could be better for long drives.,9,6,6
2158,51,189,2023-07-12,10,Fuel consumption is higher than expected.,9,7,8
2159,54,182,2023-02-26,10,Excellent service and friendly dealer staff.,6,9,9
2160,12,25,2024-08-19,8,"Delivery was delayed by a few days, disappointed.",6,5,7
2161,37,97,2025-07-07,9,Excellent service and friendly dealer staff.,8,10,7
2162,57,77,2023-08-04,8,Fuel consumption is higher than expected.,6,8,6
2163,91,65,2024-07-12,10,Cabin comfort could be better for long drives.,9,10,6
2164,83,101,2025-08-18,10,"Engine efficiency is superb, very satisfied.",7,6,10
2165,44,5,2024-12-12,6,"Minor issues with brakes, resolved promptly.",7,7,8
2166,53,47,2023-06-20,5,Support team responded quickly and professionally.,5,10,6
2167,13,125,2024-08-04,10,Support team responded quickly and professionally.,6,5,6
2168,42,72,2025-08-11,10,"Minor issues with brakes, resolved promptly.",5,10,9
2169,100,123,2024-02-21,7,Cabin comfort could be better for long drives.,10,6,9
2170,50,14,2025-03-04,9,"Delivery was delayed by a few days, disappointed.",10,7,9
2171,9,175,2022-11-01,6,Excellent service and friendly dealer staff.,7,7,6
2172,15,119,2025-08-30,8,Fuel consumption is higher than expected.,7,10,10
2173,26,178,2023-10-04,8,Would definitely recommend to other logistics companies.,10,7,8
2174,8,83,2024-06-05,9,Cabin comfort could be better for long drives.,6,7,6
2175,97,46,2024-01-27,5,"Engine efficiency is superb, very satisfied.",5,5,10
2176,75,200,2024-07-20,8,"Minor issues with brakes, resolved promptly.",6,7,6
2177,10,165,2023-05-16,6,Support team responded quickly and professionally.,10,7,6
2178,79,2,2025-10-01,10,Fuel consumption is higher than expected.,9,6,6
2179,76,87,2024-09-24,8,Support team responded quickly and professionally.,5,8,10
2180,81,71,2023-11-10,6,"Delivery was delayed by a few days, disappointed.",6,10,7
2181,63,161,2023-12-08,6,"Some scratches noticed on delivery, but acceptable.",9,5,9
2182,40,106,2022-11-14,6,Cabin comfort could be better for long drives.,10,6,7
2183,77,1,2025-04-26,7,Would definitely recommend to other logistics companies.,8,7,7
2184,86,53,2023-06-19,6,Excellent service and friendly dealer staff.,7,5,8
2185,85,109,2024-05-12,7,Excellent service and friendly dealer staff.,7,10,9
2186,31,124,2024-06-16,8,The truck performs excellently in all terrains.,8,9,6
2187,14,187,2024-08-13,7,Excellent service and friendly dealer staff.,6,6,7
2188,92,30,2024-02-27,5,Fuel consumption is higher than expected.,9,7,10
2189,12,53,2023-03-13,6,"Some scratches noticed on delivery, but acceptable.",8,9,9
2190,14,75,2023-12-14,7,Excellent service and friendly dealer staff.,9,7,9
2191,47,38,2023-09-26,7,Excellent service and friendly dealer staff.,5,7,10
2192,2,37,2024-02-05,9,"Engine efficiency is superb, very satisfied.",6,6,7
2193,12,78,2025-02-23,8,Support team responded quickly and professionally.,5,6,9
2194,26,107,2024-04-24,10,"Some scratches noticed on delivery, but acceptable.",9,5,6
2195,16,31,2023-07-04,6,Cabin comfort could be better for long drives.,9,6,9
2196,27,21,2024-01-15,8,"Some scratches noticed on delivery, but acceptable.",9,5,8
2197,9,125,2022-12-01,10,Would definitely recommend to other logistics companies.,9,8,7
2198,88,17,2022-12-01,10,"Engine efficiency is superb, very satisfied.",8,8,6
2199,44,130,2024-03-16,6,Fuel consumption is higher than expected.,8,10,8
2200,48,149,2025-08-30,9,"Engine efficiency is superb, very satisfied.",9,9,9
2201,31,171,2023-06-04,8,"Delivery was delayed by a few days, disappointed.",5,5,8
2202,46,5,2025-07-09,5,"Minor issues with brakes, resolved promptly.",9,6,9
2203,66,126,2025-03-30,8,Excellent service and friendly dealer staff.,5,5,6
2204,53,125,2023-01-28,8,"Delivery was delayed by a few days, disappointed.",9,5,7
2205,23,178,2022-10-22,7,"Delivery was delayed by a few days, disappointed.",7,10,6
2206,75,65,2023-09-03,5,Fuel consumption is higher than expected.,5,6,10
2207,97,83,2022-11-21,8,"Delivery was delayed by a few days, disappointed.",8,10,7
2208,13,3,2024-08-18,9,Excellent service and friendly dealer staff.,5,5,6
2209,22,146,2024-09-24,5,Cabin comfort could be better for long drives.,10,8,10
2210,45,176,2023-11-10,8,"Engine efficiency is superb, very satisfied.",8,10,10
2211,26,184,2024-07-06,10,"Engine efficiency is superb, very satisfied.",9,8,7
2212,18,74,2025-01-09,9,"Delivery was delayed by a few days, disappointed.",5,6,6
2213,68,20,2023-05-22,6,"Engine efficiency is superb, very satisfied.",10,7,9
2214,63,196,2024-09-21,8,Fuel consumption is higher than expected.,10,9,9
2215,75,178,2024-03-31,7,Excellent service and friendly dealer staff.,8,9,10
2216,68,96,2024-03-23,6,"Delivery was delayed by a few days, disappointed.",7,5,7
2217,55,49,2024-09-01,10,"Minor issues with brakes, resolved promptly.",7,10,10
2218,82,156,2024-08-17,9,"Minor issues with brakes, resolved promptly.",9,7,10
2219,43,166,2025-07-12,10,The truck performs excellently in all terrains.,8,8,7
2220,71,15,2022-11-12,10,The truck performs excellently in all terrains.,5,10,6
2221,91,12,2023-09-29,10,"Engine efficiency is superb, very satisfied.",8,6,10
2222,90,145,2024-03-12,5,"Delivery was delayed by a few days, disappointed.",10,8,8
2223,52,195,2024-10-24,9,Would definitely recommend to other logistics companies.,10,5,7
2224,73,143,2025-08-28,10,"Some scratches noticed on delivery, but acceptable.",10,5,10
2225,43,28,2023-08-22,5,"Some scratches noticed on delivery, but acceptable.",10,5,7
2226,94,63,2025-10-01,5,Support team responded quickly and professionally.,7,8,9
2227,61,126,2025-03-13,10,"Minor issues with brakes, resolved promptly.",6,6,9
2228,77,4,2024-12-27,8,"Delivery was delayed by a few days, disappointed.",5,8,6
2229,18,84,2022-12-05,10,Cabin comfort could be better for long drives.,9,9,6
2230,88,67,2025-01-14,6,"Minor issues with brakes, resolved promptly.",8,7,10
2231,22,20,2025-05-07,9,"Delivery was delayed by a few days, disappointed.",5,6,7
2232,96,104,2025-03-10,7,"Delivery was delayed by a few days, disappointed.",9,9,6
2233,50,187,2024-12-30,5,Support team responded quickly and professionally.,9,9,9
2234,85,120,2025-06-13,5,"Delivery was delayed by a few days, disappointed.",9,7,7
2235,63,31,2025-03-25,5,"Minor issues with brakes, resolved promptly.",10,6,8
2236,100,191,2025-01-14,9,"Engine efficiency is superb, very satisfied.",5,8,10
2237,13,194,2025-03-19,7,The truck performs excellently in all terrains.,9,7,9
2238,89,95,2023-07-12,9,"Engine efficiency is superb, very satisfied.",5,5,10
2239,46,169,2023-08-26,10,Cabin comfort could be better for long drives.,9,6,9
2240,34,195,2023-08-03,9,Support team responded quickly and professionally.,10,8,10
2241,100,70,2024-03-23,6,Excellent service and friendly dealer staff.,9,8,8
2242,55,99,2023-06-04,8,Fuel consumption is higher than expected.,8,8,9
2243,8,193,2022-12-16,5,Cabin comfort could be better for long drives.,7,5,9
2244,78,179,2024-02-04,7,"Engine efficiency is superb, very satisfied.",10,10,6
2245,66,114,2023-11-06,10,Support team responded quickly and professionally.,9,5,6
2246,90,45,2023-02-07,10,Would definitely recommend to other logistics companies.,9,8,8
2247,91,195,2025-02-04,7,"Minor issues with brakes, resolved promptly.",5,8,8
2248,95,200,2023-11-02,5,Cabin comfort could be better for long drives.,6,8,7
2249,83,170,2025-08-16,6,Cabin comfort could be better for long drives.,6,10,7
2250,31,155,2023-04-19,10,Would definitely recommend to other logistics companies.,10,5,10
2251,30,91,2024-11-12,7,"Delivery was delayed by a few days, disappointed.",6,5,6
2252,28,190,2023-11-21,9,"Some scratches noticed on delivery, but acceptable.",8,10,6
2253,49,199,2022-10-18,7,"Delivery was delayed by a few days, disappointed.",9,6,10
2254,74,38,2023-03-11,7,"Engine efficiency is superb, very satisfied.",5,8,6
2255,59,82,2023-02-25,10,Fuel consumption is higher than expected.,5,5,8
2256,47,111,2024-11-29,5,"Some scratches noticed on delivery, but acceptable.",9,7,10
2257,45,90,2025-09-12,9,The truck performs excellently in all terrains.,8,5,7
2258,66,110,2023-10-31,7,Would definitely recommend to other logistics companies.,6,7,8
2259,25,15,2023-05-04,7,Cabin comfort could be better for long drives.,6,9,8
2260,77,8,2023-11-20,5,Support team responded quickly and professionally.,8,9,7
2261,85,30,2025-08-11,5,"Some scratches noticed on delivery, but acceptable.",10,9,9
2262,85,145,2023-12-03,9,The truck performs excellently in all terrains.,9,8,9
2263,80,67,2025-01-14,10,"Some scratches noticed on delivery, but acceptable.",10,7,9
2264,80,51,2023-08-04,8,Cabin comfort could be better for long drives.,9,7,10
2265,90,140,2023-12-17,6,"Delivery was delayed by a few days, disappointed.",7,5,10
2266,70,131,2024-11-12,9,The truck performs excellently in all terrains.,6,6,8
2267,51,151,2024-06-18,8,Would definitely recommend to other logistics companies.,10,6,10
2268,88,61,2023-12-06,7,Excellent service and friendly dealer staff.,8,8,10
2269,2,6,2025-05-14,8,"Some scratches noticed on delivery, but acceptable.",7,8,8
2270,37,115,2025-07-16,7,The truck performs excellently in all terrains.,10,8,10
2271,75,136,2025-01-01,5,The truck performs excellently in all terrains.,7,7,8
2272,19,81,2023-10-15,9,"Some scratches noticed on delivery, but acceptable.",7,9,7
2273,46,6,2023-01-01,7,Excellent service and friendly dealer staff.,10,5,8
2274,9,135,2023-05-23,6,"Delivery was delayed by a few days, disappointed.",5,6,9
2275,57,68,2024-01-13,9,"Minor issues with brakes, resolved promptly.",5,6,9
2276,100,56,2025-01-28,5,"Minor issues with brakes, resolved promptly.",7,5,6
2277,53,24,2025-03-23,6,Support team responded quickly and professionally.,5,6,9
2278,6,192,2025-09-16,10,"Delivery was delayed by a few days, disappointed.",7,8,6
2279,35,140,2022-12-21,7,Fuel consumption is higher than expected.,10,10,6
2280,65,31,2023-10-05,8,"Delivery was delayed by a few days, disappointed.",9,7,8
2281,73,164,2024-02-12,7,The truck performs excellently in all terrains.,9,9,8
2282,68,150,2023-01-31,8,Fuel consumption is higher than expected.,5,10,9
2283,70,55,2025-05-07,6,Fuel consumption is higher than expected.,6,7,6
2284,54,18,2023-10-20,9,"Some scratches noticed on delivery, but acceptable.",7,8,8
2285,99,128,2025-01-28,9,"Engine efficiency is superb, very satisfied.",8,8,10
2286,94,135,2024-12-30,10,Support team responded quickly and professionally.,5,10,9
2287,28,178,2025-06-29,5,Would definitely recommend to other logistics companies.,9,6,8
2288,9,43,2023-12-29,7,Cabin comfort could be better for long drives.,7,7,10
2289,65,187,2022-12-24,8,Excellent service and friendly dealer staff.,9,10,10
2290,80,192,2025-06-04,5,"Delivery was delayed by a few days, disappointed.",8,7,7
2291,61,180,2025-01-16,7,"Minor issues with brakes, resolved promptly.",6,6,9
2292,59,64,2023-02-13,6,"Some scratches noticed on delivery, but acceptable.",10,6,10
2293,100,117,2023-09-12,5,The truck performs excellently in all terrains.,6,9,9
2294,22,48,2023-11-16,9,"Delivery was delayed by a few days, disappointed.",6,5,8
2295,1,54,2023-06-25,9,Would definitely recommend to other logistics companies.,7,10,7
2296,55,154,2023-03-22,9,Support team responded quickly and professionally.,5,10,7
2297,77,61,2023-08-24,6,The truck performs excellently in all terrains.,10,6,8
2298,65,32,2024-05-25,7,"Engine efficiency is superb, very satisfied.",9,5,9
2299,70,54,2025-02-12,5,"Some scratches noticed on delivery, but acceptable.",6,6,6
2300,86,176,2025-04-28,5,Support team responded quickly and professionally.,6,6,7
2301,4,16,2024-10-16,9,"Some scratches noticed on delivery, but acceptable.",5,7,6
2302,53,185,2023-11-13,9,"Some scratches noticed on delivery, but acceptable.",8,9,6
2303,94,136,2023-01-03,7,Cabin comfort could be better for long drives.,7,8,9
2304,70,37,2024-05-05,10,Would definitely recommend to other logistics companies.,8,10,9
2305,25,169,2023-08-01,5,"Some scratches noticed on delivery, but acceptable.",8,8,10
2306,23,47,2023-06-11,8,Would definitely recommend to other logistics companies.,10,10,10
2307,5,167,2025-09-25,8,Excellent service and friendly dealer staff.,8,6,10
2308,95,106,2025-07-09,10,"Delivery was delayed by a few days, disappointed.",5,6,7
2309,17,155,2025-03-21,5,Would definitely recommend to other logistics companies.,6,8,10
2310,36,169,2023-02-22,10,Cabin comfort could be better for long drives.,7,5,8
2311,56,198,2022-12-18,9,"Some scratches noticed on delivery, but acceptable.",10,10,6
2312,13,8,2025-06-29,8,Cabin comfort could be better for long drives.,8,10,9
2313,6,137,2023-10-08,9,Fuel consumption is higher than expected.,10,10,7
2314,41,115,2023-08-07,8,Cabin comfort could be better for long drives.,6,8,10
2315,30,9,2025-05-20,6,Would definitely recommend to other logistics companies.,10,5,10
2316,92,153,2023-09-01,5,Fuel consumption is higher than expected.,9,9,6
2317,4,120,2024-11-21,5,"Engine efficiency is superb, very satisfied.",10,9,8
2318,6,112,2023-01-26,5,Cabin comfort could be better for long drives.,9,8,10
2319,53,117,2024-06-24,7,Support team responded quickly and professionally.,9,5,10
2320,73,94,2022-11-29,5,Support team responded quickly and professionally.,6,5,8
2321,30,125,2023-12-04,10,"Delivery was delayed by a few days, disappointed.",8,7,9
2322,47,167,2024-02-23,7,"Engine efficiency is superb, very satisfied.",10,6,8
2323,60,69,2023-06-22,5,Cabin comfort could be better for long drives.,6,7,9
2324,1,95,2024-12-18,9,"Some scratches noticed on delivery, but acceptable.",6,9,9
2325,39,37,2024-10-03,9,Fuel consumption is higher than expected.,7,10,7
2326,95,26,2024-04-13,6,The truck performs excellently in all terrains.,8,9,8
2327,69,41,2024-07-04,5,"Some scratches noticed on delivery, but acceptable.",7,5,7
2328,76,118,2024-07-01,7,"Some scratches noticed on delivery, but acceptable.",8,10,10
2329,62,124,2022-12-16,5,Cabin comfort could be better for long drives.,8,7,10
2330,31,145,2023-07-16,9,The truck performs excellently in all terrains.,9,7,8
2331,100,115,2024-09-16,5,"Minor issues with brakes, resolved promptly.",6,9,9
2332,19,149,2022-11-04,6,Would definitely recommend to other logistics companies.,9,7,7
2333,79,99,2023-10-04,6,Support team responded quickly and professionally.,6,10,10
2334,2,185,2024-12-01,6,The truck performs excellently in all terrains.,7,5,7
2335,93,53,2023-11-20,10,Would definitely recommend to other logistics companies.,5,7,7
2336,94,18,2023-10-05,8,Cabin comfort could be better for long drives.,7,7,6
2337,47,101,2023-10-18,7,Excellent service and friendly dealer staff.,5,5,8
2338,8,78,2024-05-31,6,"Engine efficiency is superb, very satisfied.",5,7,9
2339,45,196,2024-02-19,7,"Minor issues with brakes, resolved promptly.",8,8,7
2340,14,127,2024-11-12,9,The truck performs excellently in all terrains.,7,10,8
2341,21,195,2023-03-26,6,Would definitely recommend to other logistics companies.,5,8,6
2342,27,184,2025-07-12,8,"Minor issues with brakes, resolved promptly.",9,6,10
2343,17,199,2025-01-15,9,Fuel consumption is higher than expected.,9,6,6
2344,59,49,2024-05-11,8,"Engine efficiency is superb, very satisfied.",8,10,6
2345,70,76,2024-12-12,6,Fuel consumption is higher than expected.,9,10,7
2346,33,28,2024-04-22,5,The truck performs excellently in all terrains.,10,6,9
2347,94,73,2023-02-12,5,"Delivery was delayed by a few days, disappointed.",8,5,6
2348,40,121,2025-05-06,6,"Delivery was delayed by a few days, disappointed.",9,6,7
2349,23,44,2023-11-03,5,"Delivery was delayed by a few days, disappointed.",7,5,9
2350,39,89,2023-02-28,8,Support team responded quickly and professionally.,6,7,6
2351,99,192,2023-10-21,9,Excellent service and friendly dealer staff.,8,10,8
2352,56,22,2022-12-10,6,Excellent service and friendly dealer staff.,8,8,7
2353,39,83,2024-11-08,7,"Minor issues with brakes, resolved promptly.",7,5,10
2354,20,123,2024-02-03,9,The truck performs excellently in all terrains.,7,10,8
2355,43,27,2025-10-01,10,"Engine efficiency is superb, very satisfied.",8,5,6
2356,62,11,2023-02-21,8,"Minor issues with brakes, resolved promptly.",8,7,10
2357,66,197,2024-01-22,6,"Minor issues with brakes, resolved promptly.",6,7,6
2358,85,113,2023-12-15,7,"Minor issues with brakes, resolved promptly.",7,10,6
2359,12,109,2023-11-14,9,The truck performs excellently in all terrains.,7,5,9
2360,21,66,2022-11-13,5,Would definitely recommend to other logistics companies.,5,10,6
2361,97,11,2023-09-18,5,"Delivery was delayed by a few days, disappointed.",6,6,8
2362,57,161,2023-11-23,8,"Minor issues with brakes, resolved promptly.",6,6,9
2363,65,30,2025-01-05,6,"Delivery was delayed by a few days, disappointed.",9,5,9
2364,90,132,2023-05-27,10,The truck performs excellently in all terrains.,9,8,8
2365,60,94,2024-02-17,6,"Delivery was delayed by a few days, disappointed.",6,8,10
2366,55,92,2024-08-14,6,"Minor issues with brakes, resolved promptly.",10,6,9
2367,26,193,2024-01-03,5,"Minor issues with brakes, resolved promptly.",8,10,10
2368,37,22,2025-08-19,6,"Engine efficiency is superb, very satisfied.",7,7,10
2369,32,22,2024-01-05,5,Excellent service and friendly dealer staff.,7,8,7
2370,5,158,2024-07-06,9,"Engine efficiency is superb, very satisfied.",8,9,6
2371,21,136,2023-07-25,9,"Delivery was delayed by a few days, disappointed.",7,7,9
2372,75,169,2023-09-05,8,Would definitely recommend to other logistics companies.,8,7,10
2373,18,180,2024-02-27,8,"Minor issues with brakes, resolved promptly.",7,10,7
2374,18,77,2025-07-22,8,"Engine efficiency is superb, very satisfied.",10,8,10
2375,89,186,2023-08-26,6,Cabin comfort could be better for long drives.,7,7,7
2376,24,27,2023-07-26,10,Cabin comfort could be better for long drives.,10,5,10
2377,66,14,2023-08-22,9,Cabin comfort could be better for long drives.,9,6,9
2378,24,51,2025-01-20,10,Cabin comfort could be better for long drives.,9,8,10
2379,33,132,2024-07-06,7,"Engine efficiency is superb, very satisfied.",6,5,10
2380,33,3,2025-08-21,9,Would definitely recommend to other logistics companies.,9,5,9
2381,36,173,2022-10-23,5,Would definitely recommend to other logistics companies.,9,6,10
2382,23,16,2025-08-14,8,"Delivery was delayed by a few days, disappointed.",10,8,7
2383,56,168,2025-02-25,9,"Minor issues with brakes, resolved promptly.",9,9,8
2384,7,143,2024-06-14,7,"Minor issues with brakes, resolved promptly.",9,9,8
2385,60,129,2025-03-10,7,"Engine efficiency is superb, very satisfied.",5,7,6
2386,62,158,2023-08-29,8,Fuel consumption is higher than expected.,10,8,7
2387,87,14,2023-10-09,9,Fuel consumption is higher than expected.,9,6,8
2388,13,101,2025-08-13,5,The truck performs excellently in all terrains.,10,5,8
2389,55,36,2024-08-04,6,"Minor issues with brakes, resolved promptly.",8,10,6
2390,14,167,2024-04-02,9,Would definitely recommend to other logistics companies.,8,8,10
2391,68,36,2024-04-14,7,Support team responded quickly and professionally.,9,7,8
2392,44,150,2023-12-18,8,"Engine efficiency is superb, very satisfied.",7,10,6
2393,29,4,2024-11-26,8,"Engine efficiency is superb, very satisfied.",7,9,8
2394,9,34,2024-08-04,7,Cabin comfort could be better for long drives.,8,5,10
2395,100,170,2022-10-19,6,Support team responded quickly and professionally.,6,9,10
2396,68,77,2024-02-09,7,Fuel consumption is higher than expected.,8,10,6
2397,86,78,2024-09-13,7,Excellent service and friendly dealer staff.,5,8,6
2398,28,92,2023-04-21,5,"Minor issues with brakes, resolved promptly.",9,8,8
2399,37,42,2023-09-24,8,Would definitely recommend to other logistics companies.,5,7,8
2400,24,94,2023-06-01,7,Excellent service and friendly dealer staff.,8,7,6
2401,80,124,2023-04-08,7,Would definitely recommend to other logistics companies.,7,7,8
2402,1,192,2024-03-03,5,Support team responded quickly and professionally.,7,8,9
2403,7,31,2024-02-15,10,"Engine efficiency is superb, very satisfied.",9,9,9
2404,95,119,2025-06-06,9,Excellent service and friendly dealer staff.,9,5,7
2405,1,189,2023-01-27,9,Would definitely recommend to other logistics companies.,5,5,6
2406,57,164,2023-07-02,9,"Engine efficiency is superb, very satisfied.",5,7,6
2407,70,184,2023-11-03,8,Support team responded quickly and professionally.,8,8,7
2408,2,66,2024-05-06,8,Would definitely recommend to other logistics companies.,9,10,8
2409,84,58,2023-03-18,6,"Delivery was delayed by a few days, disappointed.",10,5,6
2410,93,83,2025-01-07,7,Fuel consumption is higher than expected.,8,5,7
2411,11,60,2024-04-14,5,Would definitely recommend to other logistics companies.,5,6,9
2412,72,126,2025-04-08,6,Support team responded quickly and professionally.,8,6,6
2413,15,137,2025-03-11,6,Fuel consumption is higher than expected.,8,7,7
2414,71,107,2023-02-06,5,Support team responded quickly and professionally.,7,9,7
2415,22,168,2023-11-08,6,"Minor issues with brakes, resolved promptly.",9,9,7
2416,6,193,2024-05-06,5,Would definitely recommend to other logistics companies.,9,10,8
2417,25,13,2024-09-28,5,Would definitely recommend to other logistics companies.,6,9,6
2418,1,56,2024-01-10,8,Cabin comfort could be better for long drives.,9,6,10
2419,51,65,2024-11-03,5,"Some scratches noticed on delivery, but acceptable.",5,7,7
2420,9,122,2024-03-05,7,Fuel consumption is higher than expected.,10,9,9
2421,32,101,2025-07-30,7,Support team responded quickly and professionally.,6,7,10
2422,14,66,2025-04-25,10,"Delivery was delayed by a few days, disappointed.",9,6,10
2423,95,95,2022-12-28,5,The truck performs excellently in all terrains.,9,6,9
2424,60,180,2025-01-06,10,Support team responded quickly and professionally.,8,8,7
2425,37,48,2024-04-15,9,Cabin comfort could be better for long drives.,8,10,10
2426,96,75,2025-08-23,7,"Engine efficiency is superb, very satisfied.",6,6,9
2427,75,156,2023-08-03,9,"Minor issues with brakes, resolved promptly.",7,5,7
2428,89,190,2023-12-24,5,"Some scratches noticed on delivery, but acceptable.",5,7,8
2429,89,154,2025-05-18,5,Excellent service and friendly dealer staff.,9,9,6
2430,9,43,2023-08-18,10,"Delivery was delayed by a few days, disappointed.",6,9,7
2431,9,23,2023-02-16,10,The truck performs excellently in all terrains.,5,9,8
2432,86,119,2022-12-30,9,Fuel consumption is higher than expected.,5,8,10
2433,46,55,2024-08-17,5,"Minor issues with brakes, resolved promptly.",9,5,10
2434,80,49,2025-01-28,7,Cabin comfort could be better for long drives.,6,10,6
2435,74,137,2023-02-20,8,"Delivery was delayed by a few days, disappointed.",5,6,6
2436,88,79,2024-10-14,9,Would definitely recommend to other logistics companies.,5,8,10
2437,99,153,2023-04-02,10,The truck performs excellently in all terrains.,8,5,10
2438,1,122,2025-07-30,8,"Engine efficiency is superb, very satisfied.",6,6,7
2439,53,105,2025-02-08,8,"Minor issues with brakes, resolved promptly.",9,5,6
2440,92,127,2025-07-02,6,"Some scratches noticed on delivery, but acceptable.",10,7,7
2441,6,114,2025-07-08,6,"Engine efficiency is superb, very satisfied.",6,9,6
2442,73,114,2024-01-07,10,"Some scratches noticed on delivery, but acceptable.",8,7,7
2443,84,48,2025-08-19,9,Cabin comfort could be better for long drives.,9,8,8
2444,20,67,2024-12-26,6,Would definitely recommend to other logistics companies.,7,5,10
2445,59,126,2025-09-24,10,The truck performs excellently in all terrains.,9,5,8
2446,29,170,2025-04-01,8,Fuel consumption is higher than expected.,5,7,10
2447,78,34,2022-11-19,8,Cabin comfort could be better for long drives.,6,10,10
2448,59,70,2024-09-16,5,"Engine efficiency is superb, very satisfied.",6,6,6
2449,49,167,2023-05-11,6,Support team responded quickly and professionally.,7,5,8
2450,78,9,2023-09-03,9,"Engine efficiency is superb, very satisfied.",5,10,9
2451,28,121,2023-05-04,10,"Some scratches noticed on delivery, but acceptable.",5,9,9
2452,48,75,2025-06-19,6,Support team responded quickly and professionally.,6,5,8
2453,49,90,2024-09-18,10,"Engine efficiency is superb, very satisfied.",9,10,9
2454,4,168,2025-06-12,9,"Some scratches noticed on delivery, but acceptable.",5,9,7
2455,11,38,2024-09-06,10,Fuel consumption is higher than expected.,9,9,7
2456,90,117,2025-06-06,6,Would definitely recommend to other logistics companies.,9,5,10
2457,36,75,2024-03-31,5,The truck performs excellently in all terrains.,10,10,8
2458,73,150,2023-03-04,10,Cabin comfort could be better for long drives.,5,7,7
2459,48,181,2022-10-16,6,Support team responded quickly and professionally.,5,9,9
2460,95,105,2025-07-02,6,The truck performs excellently in all terrains.,10,8,7
2461,81,18,2024-08-21,8,Would definitely recommend to other logistics companies.,10,6,7
2462,11,100,2025-08-07,10,Support team responded quickly and professionally.,7,8,6
2463,61,170,2023-12-22,8,Support team responded quickly and professionally.,6,7,9
2464,48,7,2023-08-06,7,"Minor issues with brakes, resolved promptly.",8,5,8
2465,31,53,2025-03-30,7,Would definitely recommend to other logistics companies.,10,8,10
2466,86,13,2022-12-18,7,"Engine efficiency is superb, very satisfied.",6,7,8
2467,67,117,2024-01-13,8,The truck performs excellently in all terrains.,10,8,10
2468,65,66,2023-07-05,10,Would definitely recommend to other logistics companies.,10,10,9
2469,42,7,2024-04-19,8,Excellent service and friendly dealer staff.,7,8,7
2470,75,147,2023-07-04,5,"Some scratches noticed on delivery, but acceptable.",6,10,7
2471,98,169,2024-08-16,10,"Engine efficiency is superb, very satisfied.",10,7,8
2472,6,144,2023-07-09,8,"Minor issues with brakes, resolved promptly.",7,8,10
2473,92,129,2023-04-22,6,"Some scratches noticed on delivery, but acceptable.",10,8,9
2474,80,44,2025-03-24,5,Fuel consumption is higher than expected.,7,9,10
2475,57,124,2022-11-05,6,Support team responded quickly and professionally.,6,9,7
2476,33,99,2023-03-16,10,Cabin comfort could be better for long drives.,6,5,7
2477,26,44,2025-09-11,5,"Some scratches noticed on delivery, but acceptable.",10,6,7
2478,22,179,2022-11-21,8,Cabin comfort could be better for long drives.,7,5,8
2479,46,187,2024-08-15,10,Fuel consumption is higher than expected.,9,5,9
2480,20,79,2023-10-12,6,The truck performs excellently in all terrains.,7,7,9
2481,10,19,2023-10-27,6,Excellent service and friendly dealer staff.,10,9,6
2482,57,59,2025-02-21,10,Would definitely recommend to other logistics companies.,10,9,7
2483,59,17,2024-10-09,6,Fuel consumption is higher than expected.,6,6,10
2484,18,40,2023-03-06,10,Would definitely recommend to other logistics companies.,5,10,8
2485,86,126,2023-03-12,10,Cabin comfort could be better for long drives.,8,9,9
2486,40,52,2023-09-10,6,"Delivery was delayed by a few days, disappointed.",10,8,7
2487,29,185,2023-10-22,6,Excellent service and friendly dealer staff.,10,6,8
2488,98,113,2025-02-03,7,"Minor issues with brakes, resolved promptly.",7,7,7
2489,60,137,2022-11-04,10,The truck performs excellently in all terrains.,10,8,10
2490,44,24,2023-07-06,8,Cabin comfort could be better for long drives.,6,6,6
2491,14,30,2023-06-24,7,Cabin comfort could be better for long drives.,9,8,9
2492,35,75,2023-02-09,6,"Some scratches noticed on delivery, but acceptable.",6,10,7
2493,84,2,2023-10-01,6,"Minor issues with brakes, resolved promptly.",8,7,7
2494,12,22,2025-06-08,7,"Engine efficiency is superb, very satisfied.",9,7,7
2495,7,23,2025-08-28,8,"Minor issues with brakes, resolved promptly.",5,8,8
2496,30,70,2023-06-25,7,"Delivery was delayed by a few days, disappointed.",6,9,8
2497,84,71,2025-05-07,8,Support team responded quickly and professionally.,5,9,7
2498,90,134,2025-08-02,8,"Engine efficiency is superb, very satisfied.",9,7,10
2499,89,187,2024-02-14,10,Support team responded quickly and professionally.,10,6,8
2500,73,173,2025-03-12,7,"Minor issues with brakes, resolved promptly.",10,9,7
2501,83,83,2025-05-15,8,"Some scratches noticed on delivery, but acceptable.",5,9,10
2502,15,149,2025-07-14,5,Would definitely recommend to other logistics companies.,6,6,7
2503,69,183,2023-08-06,10,"Some scratches noticed on delivery, but acceptable.",7,6,6
2504,54,39,2025-07-14,7,"Engine efficiency is superb, very satisfied.",7,8,7
2505,38,133,2024-07-23,5,Cabin comfort could be better for long drives.,6,8,6
2506,80,151,2024-12-20,10,Fuel consumption is higher than expected.,9,10,10
2507,64,82,2022-10-22,8,Fuel consumption is higher than expected.,8,8,7
2508,99,164,2024-04-10,7,"Delivery was delayed by a few days, disappointed.",9,5,10
2509,44,107,2024-03-16,7,Support team responded quickly and professionally.,8,8,6
2510,65,181,2023-03-01,10,Cabin comfort could be better for long drives.,6,9,6
2511,3,118,2024-04-17,5,The truck performs excellently in all terrains.,5,7,9
2512,11,196,2023-12-31,5,"Some scratches noticed on delivery, but acceptable.",7,5,10
2513,97,92,2024-08-23,10,Would definitely recommend to other logistics companies.,6,8,8
2514,82,115,2023-08-25,7,"Engine efficiency is superb, very satisfied.",7,6,7
2515,55,117,2024-10-17,6,"Engine efficiency is superb, very satisfied.",8,5,6
2516,28,9,2024-05-08,7,Would definitely recommend to other logistics companies.,10,6,10
2517,81,71,2024-12-20,5,Fuel consumption is higher than expected.,8,10,6
2518,76,182,2024-06-12,9,"Delivery was delayed by a few days, disappointed.",10,7,6
2519,86,151,2023-11-30,6,"Engine efficiency is superb, very satisfied.",10,9,6
2520,5,113,2024-03-02,6,Fuel consumption is higher than expected.,5,10,10
2521,69,96,2023-07-22,8,"Minor issues with brakes, resolved promptly.",8,9,7
2522,21,197,2023-12-06,6,Cabin comfort could be better for long drives.,5,10,7
2523,3,85,2024-02-16,5,Excellent service and friendly dealer staff.,9,8,7
2524,42,56,2023-04-08,7,"Some scratches noticed on delivery, but acceptable.",6,7,6
2525,58,176,2025-07-19,8,"Engine efficiency is superb, very satisfied.",9,9,9
2526,26,195,2024-04-02,6,Fuel consumption is higher than expected.,6,8,9
2527,42,85,2025-04-16,10,Excellent service and friendly dealer staff.,7,9,10
2528,64,195,2025-08-12,5,Support team responded quickly and professionally.,10,10,9
2529,58,193,2023-07-05,7,Fuel consumption is higher than expected.,5,6,10
2530,56,113,2022-12-30,5,The truck performs excellently in all terrains.,9,5,8
2531,67,75,2022-10-10,10,Fuel consumption is higher than expected.,7,10,9
2532,82,145,2023-11-20,6,"Minor issues with brakes, resolved promptly.",10,5,10
2533,92,137,2023-09-19,6,"Some scratches noticed on delivery, but acceptable.",6,10,8
2534,41,156,2023-02-12,5,Would definitely recommend to other logistics companies.,7,5,7
2535,21,145,2025-03-10,6,The truck performs excellently in all terrains.,6,8,7
2536,12,178,2025-01-07,7,Would definitely recommend to other logistics companies.,5,9,9
2537,58,105,2023-03-18,6,Excellent service and friendly dealer staff.,10,6,10
2538,5,88,2023-05-16,5,The truck performs excellently in all terrains.,8,6,9
2539,60,43,2022-12-22,5,"Delivery was delayed by a few days, disappointed.",6,10,8
2540,47,199,2023-08-04,9,Cabin comfort could be better for long drives.,8,10,7
2541,42,91,2023-06-08,10,"Minor issues with brakes, resolved promptly.",8,9,10
2542,69,63,2023-11-26,10,Support team responded quickly and professionally.,5,6,10
2543,13,181,2023-12-02,10,Fuel consumption is higher than expected.,7,6,8
2544,94,82,2023-04-06,6,The truck performs excellently in all terrains.,6,10,10
2545,33,2,2024-08-10,9,Excellent service and friendly dealer staff.,6,10,8
2546,33,200,2022-11-15,8,Excellent service and friendly dealer staff.,8,8,6
2547,90,184,2023-01-18,7,Would definitely recommend to other logistics companies.,9,8,10
2548,82,157,2023-12-15,9,The truck performs excellently in all terrains.,9,7,9
2549,89,60,2024-09-15,8,Fuel consumption is higher than expected.,5,10,7
2550,64,117,2025-07-22,5,Cabin comfort could be better for long drives.,6,10,10
2551,63,195,2023-12-06,6,Fuel consumption is higher than expected.,6,6,10
2552,5,68,2023-09-14,6,Fuel consumption is higher than expected.,9,10,7
2553,84,134,2025-03-30,8,"Minor issues with brakes, resolved promptly.",6,6,6
2554,46,27,2025-10-04,9,"Engine efficiency is superb, very satisfied.",9,6,8
2555,14,42,2023-11-28,8,Cabin comfort could be better for long drives.,9,7,6
2556,20,13,2023-07-23,5,Excellent service and friendly dealer staff.,5,10,7
2557,53,48,2025-05-23,8,"Engine efficiency is superb, very satisfied.",8,7,8
2558,67,186,2025-01-29,8,Would definitely recommend to other logistics companies.,10,9,10
2559,97,68,2022-10-25,9,"Some scratches noticed on delivery, but acceptable.",10,8,9
2560,96,127,2023-01-08,10,Would definitely recommend to other logistics companies.,9,9,10
2561,34,157,2024-06-12,9,Excellent service and friendly dealer staff.,9,5,6
2562,100,117,2023-01-18,7,"Minor issues with brakes, resolved promptly.",6,5,6
2563,78,128,2024-10-11,7,Excellent service and friendly dealer staff.,6,5,6
2564,26,103,2025-03-27,5,"Delivery was delayed by a few days, disappointed.",8,6,7
2565,19,73,2023-01-15,5,The truck performs excellently in all terrains.,7,10,7
2566,29,173,2023-04-07,10,Cabin comfort could be better for long drives.,8,7,9
2567,94,13,2024-01-09,8,"Delivery was delayed by a few days, disappointed.",6,10,8
2568,55,74,2023-09-10,6,"Delivery was delayed by a few days, disappointed.",6,10,7
2569,15,171,2023-06-18,8,Would definitely recommend to other logistics companies.,9,10,10
2570,56,51,2025-03-21,6,Excellent service and friendly dealer staff.,6,7,7
2571,99,23,2023-03-14,7,"Engine efficiency is superb, very satisfied.",9,5,8
2572,82,13,2024-08-15,7,Cabin comfort could be better for long drives.,7,7,10
2573,35,67,2024-11-26,8,Fuel consumption is higher than expected.,6,7,6
2574,48,147,2025-05-27,6,Excellent service and friendly dealer staff.,7,7,6
2575,26,10,2024-06-03,9,"Some scratches noticed on delivery, but acceptable.",5,6,8
2576,33,117,2023-09-07,8,Cabin comfort could be better for long drives.,9,6,6
2577,19,118,2024-03-13,9,Support team responded quickly and professionally.,9,9,9
2578,79,85,2024-05-19,7,"Some scratches noticed on delivery, but acceptable.",9,7,8
2579,9,200,2023-03-11,6,"Engine efficiency is superb, very satisfied.",9,9,8
2580,53,62,2023-06-18,9,Support team responded quickly and professionally.,8,5,8
2581,31,136,2024-06-10,10,Fuel consumption is higher than expected.,6,7,9
2582,5,191,2023-10-01,8,Support team responded quickly and professionally.,9,8,9
2583,3,110,2024-09-26,7,"Delivery was delayed by a few days, disappointed.",10,7,7
2584,43,120,2024-08-24,6,Support team responded quickly and professionally.,8,8,6
2585,90,30,2025-05-10,6,Would definitely recommend to other logistics companies.,6,9,8
2586,64,146,2025-03-01,9,Excellent service and friendly dealer staff.,9,8,8
2587,53,74,2024-04-12,10,"Delivery was delayed by a few days, disappointed.",6,8,10
2588,92,157,2023-04-08,10,"Delivery was delayed by a few days, disappointed.",7,7,10
2589,67,164,2025-02-08,6,"Engine efficiency is superb, very satisfied.",5,7,6
2590,5,146,2025-07-10,6,Fuel consumption is higher than expected.,9,10,7
2591,46,9,2024-01-19,9,Would definitely recommend to other logistics companies.,9,10,6
2592,26,172,2024-07-28,10,Fuel consumption is higher than expected.,10,5,7
2593,70,129,2025-04-28,5,Fuel consumption is higher than expected.,5,8,9
2594,74,113,2025-09-12,7,Support team responded quickly and professionally.,6,5,6
2595,38,197,2023-11-14,7,Excellent service and friendly dealer staff.,7,5,8
2596,22,80,2024-11-11,5,Support team responded quickly and professionally.,7,8,6
2597,63,181,2023-11-28,10,"Minor issues with brakes, resolved promptly.",8,5,7
2598,32,7,2023-11-25,8,Cabin comfort could be better for long drives.,6,7,7
2599,14,156,2022-12-13,7,The truck performs excellently in all terrains.,7,10,8
2600,96,56,2025-05-16,8,Excellent service and friendly dealer staff.,7,9,6
2601,77,111,2025-04-01,7,Excellent service and friendly dealer staff.,6,7,10
2602,75,196,2022-11-28,6,The truck performs excellently in all terrains.,10,9,10
2603,6,192,2024-12-17,9,"Minor issues with brakes, resolved promptly.",7,5,10
2604,28,176,2025-05-19,7,"Delivery was delayed by a few days, disappointed.",5,7,10
2605,95,38,2023-06-25,9,Fuel consumption is higher than expected.,6,10,9
2606,80,142,2025-10-03,5,"Delivery was delayed by a few days, disappointed.",5,9,6
2607,42,139,2022-11-21,8,Excellent service and friendly dealer staff.,8,7,6
2608,40,181,2024-05-07,10,The truck performs excellently in all terrains.,8,6,7
2609,47,48,2023-08-05,10,Fuel consumption is higher than expected.,8,9,10
2610,49,154,2025-04-25,5,"Some scratches noticed on delivery, but acceptable.",7,10,6
2611,48,159,2023-11-15,6,Cabin comfort could be better for long drives.,9,9,6
2612,97,184,2023-10-21,10,"Delivery was delayed by a few days, disappointed.",10,6,9
2613,17,182,2022-10-11,7,Excellent service and friendly dealer staff.,8,8,10
2614,78,81,2023-04-05,9,Excellent service and friendly dealer staff.,8,6,10
2615,36,159,2023-05-22,7,"Delivery was delayed by a few days, disappointed.",6,6,8
2616,7,148,2025-07-24,10,Fuel consumption is higher than expected.,8,10,10
2617,62,162,2022-10-18,7,Fuel consumption is higher than expected.,6,9,10
2618,29,36,2024-02-26,9,Support team responded quickly and professionally.,5,7,9
2619,50,72,2024-07-07,9,"Minor issues with brakes, resolved promptly.",10,10,7
2620,61,148,2025-03-06,8,The truck performs excellently in all terrains.,5,8,8
2621,46,10,2024-01-24,8,"Some scratches noticed on delivery, but acceptable.",10,6,10
2622,30,25,2023-07-01,5,Would definitely recommend to other logistics companies.,6,5,6
2623,11,150,2024-07-30,6,Support team responded quickly and professionally.,9,10,9
2624,64,32,2025-01-05,6,Fuel consumption is higher than expected.,6,5,9
2625,39,85,2023-07-01,5,Would definitely recommend to other logistics companies.,9,10,9
2626,99,46,2023-03-03,6,"Delivery was delayed by a few days, disappointed.",9,6,7
2627,63,91,2023-07-07,10,"Delivery was delayed by a few days, disappointed.",7,5,6
2628,79,110,2024-09-23,8,"Minor issues with brakes, resolved promptly.",6,6,8
2629,79,148,2023-11-03,9,Would definitely recommend to other logistics companies.,6,6,8
2630,55,33,2024-06-18,8,Fuel consumption is higher than expected.,8,6,8
2631,4,99,2024-11-23,7,"Engine efficiency is superb, very satisfied.",8,8,10
2632,75,107,2023-10-18,8,"Engine efficiency is superb, very satisfied.",8,5,8
2633,72,81,2023-02-26,8,Cabin comfort could be better for long drives.,5,9,8
2634,57,60,2023-10-06,10,"Minor issues with brakes, resolved promptly.",9,5,10
2635,46,23,2022-11-06,10,Excellent service and friendly dealer staff.,10,9,6
2636,88,63,2023-09-17,10,Would definitely recommend to other logistics companies.,5,7,10
2637,21,129,2023-02-18,10,Excellent service and friendly dealer staff.,5,5,8
2638,11,56,2023-01-21,7,"Delivery was delayed by a few days, disappointed.",6,5,6
2639,36,26,2024-01-24,5,Cabin comfort could be better for long drives.,8,10,8
2640,50,113,2023-01-15,6,Would definitely recommend to other logistics companies.,6,7,6
2641,43,145,2023-11-11,10,Cabin comfort could be better for long drives.,5,9,6
2642,28,10,2025-08-04,10,Excellent service and friendly dealer staff.,6,5,7
2643,30,41,2024-12-16,5,"Some scratches noticed on delivery, but acceptable.",9,10,10
2644,29,36,2024-05-14,8,"Some scratches noticed on delivery, but acceptable.",5,8,7
2645,94,152,2025-02-18,9,Fuel consumption is higher than expected.,10,6,8
2646,26,145,2024-10-30,6,"Engine efficiency is superb, very satisfied.",10,9,6
2647,74,22,2024-09-07,9,"Some scratches noticed on delivery, but acceptable.",8,5,7
2648,52,82,2025-09-21,10,"Minor issues with brakes, resolved promptly.",5,9,10
2649,8,185,2023-04-24,9,The truck performs excellently in all terrains.,6,5,8
2650,84,188,2025-09-25,9,Support team responded quickly and professionally.,8,8,10
2651,47,122,2024-12-26,8,"Engine efficiency is superb, very satisfied.",9,8,7
2652,64,185,2025-08-11,9,"Delivery was delayed by a few days, disappointed.",7,9,8
2653,81,179,2023-05-20,9,"Minor issues with brakes, resolved promptly.",10,10,7
2654,93,56,2023-03-19,8,"Delivery was delayed by a few days, disappointed.",9,6,8
2655,48,126,2025-07-18,5,"Delivery was delayed by a few days, disappointed.",7,10,6
2656,20,172,2024-02-20,5,Cabin comfort could be better for long drives.,5,5,9
2657,44,124,2025-07-27,8,Excellent service and friendly dealer staff.,7,8,6
2658,76,29,2023-02-17,9,"Delivery was delayed by a few days, disappointed.",9,6,7
2659,49,100,2023-10-23,7,Excellent service and friendly dealer staff.,6,10,10
2660,9,195,2023-09-01,6,Excellent service and friendly dealer staff.,8,10,8
2661,93,67,2024-02-21,9,"Delivery was delayed by a few days, disappointed.",5,7,10
2662,67,117,2024-01-06,6,Support team responded quickly and professionally.,9,6,7
2663,97,63,2023-05-30,8,Excellent service and friendly dealer staff.,5,6,8
2664,10,80,2025-01-18,9,"Minor issues with brakes, resolved promptly.",9,8,6
2665,12,141,2024-11-20,5,"Minor issues with brakes, resolved promptly.",7,9,9
2666,75,143,2025-05-03,5,Support team responded quickly and professionally.,9,10,6
2667,63,32,2024-05-27,8,Would definitely recommend to other logistics companies.,9,6,6
2668,80,120,2025-04-02,5,Support team responded quickly and professionally.,8,5,8
2669,13,21,2023-10-17,6,"Delivery was delayed by a few days, disappointed.",10,10,6
2670,11,173,2025-05-23,9,Would definitely recommend to other logistics companies.,9,5,9
2671,30,28,2023-11-16,6,Would definitely recommend to other logistics companies.,5,8,8
2672,8,121,2023-02-13,7,Would definitely recommend to other logistics companies.,5,7,8
2673,99,156,2025-07-01,10,"Minor issues with brakes, resolved promptly.",9,8,9
2674,12,137,2024-08-17,10,Would definitely recommend to other logistics companies.,8,6,9
2675,84,111,2023-05-15,8,"Minor issues with brakes, resolved promptly.",5,8,7
2676,3,121,2024-05-09,5,"Minor issues with brakes, resolved promptly.",5,9,9
2677,68,184,2024-09-15,5,Excellent service and friendly dealer staff.,8,5,7
2678,44,135,2024-01-22,9,"Delivery was delayed by a few days, disappointed.",5,9,8
2679,66,170,2023-02-22,7,Fuel consumption is higher than expected.,9,7,10
2680,77,120,2023-05-27,9,"Minor issues with brakes, resolved promptly.",5,10,6
2681,24,75,2023-04-20,6,Fuel consumption is higher than expected.,6,6,6
2682,13,113,2023-01-08,7,Fuel consumption is higher than expected.,5,9,6
2683,31,21,2025-06-25,7,Fuel consumption is higher than expected.,7,10,8
2684,55,66,2023-01-25,6,Would definitely recommend to other logistics companies.,9,8,6
2685,89,79,2024-12-29,7,Support team responded quickly and professionally.,9,10,6
2686,39,130,2022-10-13,9,Would definitely recommend to other logistics companies.,5,5,6
2687,25,134,2023-11-13,5,"Some scratches noticed on delivery, but acceptable.",7,10,7
2688,14,158,2024-01-18,7,"Some scratches noticed on delivery, but acceptable.",7,10,9
2689,2,53,2022-11-29,5,"Engine efficiency is superb, very satisfied.",10,9,7
2690,64,96,2022-10-24,8,"Delivery was delayed by a few days, disappointed.",5,8,6
2691,65,103,2023-02-19,5,"Minor issues with brakes, resolved promptly.",8,10,8
2692,19,200,2023-12-02,10,"Some scratches noticed on delivery, but acceptable.",7,9,9
2693,72,164,2024-11-19,7,"Some scratches noticed on delivery, but acceptable.",6,8,10
2694,76,134,2023-02-04,6,Support team responded quickly and professionally.,7,6,6
2695,79,121,2023-07-05,7,Would definitely recommend to other logistics companies.,8,9,7
2696,97,162,2023-02-15,8,Excellent service and friendly dealer staff.,5,8,9
2697,70,92,2022-11-23,10,"Delivery was delayed by a few days, disappointed.",5,6,7
2698,28,155,2023-05-22,6,Support team responded quickly and professionally.,7,5,6
2699,87,158,2025-02-06,5,Excellent service and friendly dealer staff.,8,10,6
2700,42,86,2023-02-16,8,"Delivery was delayed by a few days, disappointed.",6,10,10
2701,17,188,2022-11-28,6,Support team responded quickly and professionally.,5,6,9
2702,52,64,2025-01-14,8,"Delivery was delayed by a few days, disappointed.",8,9,8
2703,27,190,2024-02-17,7,Would definitely recommend to other logistics companies.,6,5,8
2704,1,98,2023-02-09,6,"Engine efficiency is superb, very satisfied.",8,8,10
2705,37,121,2023-08-29,9,Would definitely recommend to other logistics companies.,8,9,7
2706,25,179,2024-01-02,6,"Engine efficiency is superb, very satisfied.",6,8,8
2707,40,153,2025-06-01,5,Support team responded quickly and professionally.,9,8,9
2708,37,181,2023-02-25,8,Excellent service and friendly dealer staff.,5,9,10
2709,69,88,2023-08-05,6,Would definitely recommend to other logistics companies.,9,10,7
2710,76,128,2024-01-08,8,Support team responded quickly and professionally.,8,7,8
2711,99,90,2024-09-11,7,Fuel consumption is higher than expected.,5,7,8
2712,60,80,2023-04-30,6,"Minor issues with brakes, resolved promptly.",6,5,8
2713,56,184,2023-02-08,8,Would definitely recommend to other logistics companies.,7,10,8
2714,83,184,2023-05-08,6,"Some scratches noticed on delivery, but acceptable.",5,5,6
2715,94,21,2025-05-23,7,"Minor issues with brakes, resolved promptly.",6,6,7
2716,96,130,2022-10-15,6,The truck performs excellently in all terrains.,7,6,9
2717,37,41,2023-01-26,8,"Minor issues with brakes, resolved promptly.",9,9,9
2718,59,77,2025-01-17,6,"Delivery was delayed by a few days, disappointed.",6,8,7
2719,61,74,2024-09-23,8,Support team responded quickly and professionally.,8,9,6
2720,96,101,2023-10-04,8,Would definitely recommend to other logistics companies.,10,9,8
2721,18,79,2025-05-04,6,"Delivery was delayed by a few days, disappointed.",5,6,7
2722,38,188,2023-09-22,5,Would definitely recommend to other logistics companies.,10,7,7
2723,16,192,2022-12-28,7,The truck performs excellently in all terrains.,7,10,6
2724,1,130,2024-12-05,8,"Minor issues with brakes, resolved promptly.",8,6,6
2725,16,145,2025-03-23,8,Fuel consumption is higher than expected.,8,5,7
2726,58,129,2024-04-17,8,Fuel consumption is higher than expected.,9,9,7
2727,11,26,2023-10-20,9,The truck performs excellently in all terrains.,5,8,9
2728,6,113,2023-04-07,7,"Some scratches noticed on delivery, but acceptable.",9,7,9
2729,83,69,2025-02-16,9,"Engine efficiency is superb, very satisfied.",10,5,10
2730,39,161,2024-11-01,6,"Some scratches noticed on delivery, but acceptable.",9,10,10
2731,26,54,2023-10-31,5,Cabin comfort could be better for long drives.,9,8,8
2732,25,109,2023-04-23,9,"Some scratches noticed on delivery, but acceptable.",8,8,6
2733,54,180,2025-04-05,5,"Some scratches noticed on delivery, but acceptable.",8,7,8
2734,70,8,2025-05-28,6,Would definitely recommend to other logistics companies.,9,9,6
2735,62,83,2025-08-12,6,Cabin comfort could be better for long drives.,6,6,6
2736,74,87,2024-06-22,8,Would definitely recommend to other logistics companies.,8,7,7
2737,50,74,2023-09-12,7,Cabin comfort could be better for long drives.,9,10,6
2738,61,95,2023-03-30,5,Cabin comfort could be better for long drives.,9,10,6
2739,52,36,2025-05-31,6,Fuel consumption is higher than expected.,7,9,8
2740,99,187,2023-12-20,9,"Minor issues with brakes, resolved promptly.",9,8,9
2741,28,146,2023-07-31,5,Excellent service and friendly dealer staff.,5,10,10
2742,98,132,2023-01-24,9,"Minor issues with brakes, resolved promptly.",7,10,8
2743,19,52,2024-07-20,6,"Minor issues with brakes, resolved promptly.",9,8,7
2744,42,59,2023-06-25,5,"Minor issues with brakes, resolved promptly.",8,8,8
2745,8,177,2023-06-26,10,"Minor issues with brakes, resolved promptly.",9,9,10
2746,80,98,2025-09-20,9,The truck performs excellently in all terrains.,6,9,8
2747,24,188,2023-08-11,8,Excellent service and friendly dealer staff.,5,10,9
2748,82,10,2024-03-14,9,"Delivery was delayed by a few days, disappointed.",10,10,10
2749,82,85,2025-01-18,10,Excellent service and friendly dealer staff.,8,5,8
2750,95,18,2023-01-18,10,"Delivery was delayed by a few days, disappointed.",5,6,8
2751,95,72,2025-03-21,5,"Some scratches noticed on delivery, but acceptable.",10,6,9
2752,39,117,2025-03-17,6,"Some scratches noticed on delivery, but acceptable.",8,9,9
2753,15,88,2023-02-16,9,"Engine efficiency is superb, very satisfied.",9,5,10
2754,30,131,2023-11-22,10,Cabin comfort could be better for long drives.,5,10,9
2755,40,125,2023-12-16,7,Cabin comfort could be better for long drives.,9,5,10
2756,46,62,2023-10-13,10,Would definitely recommend to other logistics companies.,9,7,7
2757,100,92,2024-07-07,5,The truck performs excellently in all terrains.,7,7,9
2758,32,196,2024-11-01,7,Fuel consumption is higher than expected.,5,9,7
2759,62,32,2024-12-08,10,Excellent service and friendly dealer staff.,7,10,6
2760,35,96,2025-07-31,8,"Some scratches noticed on delivery, but acceptable.",8,9,6
2761,84,182,2025-06-07,5,"Engine efficiency is superb, very satisfied.",5,6,7
2762,54,113,2023-04-23,10,"Engine efficiency is superb, very satisfied.",6,5,7
2763,51,87,2024-10-05,8,"Engine efficiency is superb, very satisfied.",9,8,8
2764,3,29,2025-06-01,6,"Engine efficiency is superb, very satisfied.",10,7,6
2765,29,77,2025-07-31,7,"Engine efficiency is superb, very satisfied.",6,10,6
2766,96,98,2023-03-16,10,Cabin comfort could be better for long drives.,10,10,8
2767,78,43,2024-06-15,8,"Engine efficiency is superb, very satisfied.",7,7,7
2768,84,52,2023-01-26,6,"Engine efficiency is superb, very satisfied.",10,7,9
2769,83,114,2022-12-02,10,Fuel consumption is higher than expected.,10,7,8
2770,96,61,2024-09-18,7,Support team responded quickly and professionally.,8,7,9
2771,45,12,2025-01-09,6,The truck performs excellently in all terrains.,7,7,7
2772,92,57,2025-03-21,8,Fuel consumption is higher than expected.,5,9,9
2773,41,85,2024-12-13,7,The truck performs excellently in all terrains.,9,6,9
2774,69,118,2023-07-11,7,Excellent service and friendly dealer staff.,6,7,6
2775,86,47,2023-12-02,9,Would definitely recommend to other logistics companies.,5,7,8
2776,67,87,2023-05-28,10,Excellent service and friendly dealer staff.,6,10,9
2777,70,24,2023-12-17,8,Support team responded quickly and professionally.,5,7,6
2778,56,122,2024-10-28,9,"Minor issues with brakes, resolved promptly.",8,6,7
2779,88,40,2024-10-21,5,The truck performs excellently in all terrains.,6,7,7
2780,6,147,2024-03-04,10,Excellent service and friendly dealer staff.,5,8,7
2781,90,101,2024-01-18,7,Fuel consumption is higher than expected.,10,9,7
2782,37,126,2025-07-10,5,Fuel consumption is higher than expected.,5,10,6
2783,59,17,2023-04-01,7,"Engine efficiency is superb, very satisfied.",5,6,7
2784,4,181,2025-02-14,6,The truck performs excellently in all terrains.,8,5,9
2785,13,3,2025-05-19,8,Support team responded quickly and professionally.,7,7,8
2786,20,99,2025-09-30,10,Excellent service and friendly dealer staff.,9,7,10
2787,88,108,2022-12-15,9,Excellent service and friendly dealer staff.,8,6,10
2788,64,75,2023-03-27,10,Excellent service and friendly dealer staff.,9,9,6
2789,70,23,2024-08-07,7,"Delivery was delayed by a few days, disappointed.",6,5,9
2790,42,115,2025-09-22,6,"Engine efficiency is superb, very satisfied.",9,9,6
2791,66,91,2023-12-16,6,Fuel consumption is higher than expected.,9,8,7
2792,38,57,2023-10-17,8,Cabin comfort could be better for long drives.,5,5,8
2793,27,7,2022-12-30,5,Support team responded quickly and professionally.,6,8,9
2794,15,66,2024-09-02,8,Cabin comfort could be better for long drives.,5,7,8
2795,29,159,2023-02-11,6,"Minor issues with brakes, resolved promptly.",10,10,7
2796,1,69,2024-03-26,8,"Delivery was delayed by a few days, disappointed.",5,6,8
2797,56,135,2024-06-26,10,Cabin comfort could be better for long drives.,6,8,9
2798,10,73,2024-12-13,8,Fuel consumption is higher than expected.,7,9,6
2799,90,185,2025-03-02,10,"Delivery was delayed by a few days, disappointed.",8,5,6
2800,32,56,2024-08-26,7,Fuel consumption is higher than expected.,9,7,9
2801,33,145,2024-08-12,7,Would definitely recommend to other logistics companies.,9,5,9
2802,59,26,2023-03-27,8,"Engine efficiency is superb, very satisfied.",10,6,9
2803,71,74,2025-04-25,10,"Some scratches noticed on delivery, but acceptable.",6,6,6
2804,88,73,2024-08-08,6,Cabin comfort could be better for long drives.,5,7,6
2805,62,69,2025-07-07,5,"Some scratches noticed on delivery, but acceptable.",7,9,10
2806,4,133,2023-05-01,5,Support team responded quickly and professionally.,9,9,6
2807,85,172,2023-07-31,8,"Engine efficiency is superb, very satisfied.",7,5,6
2808,46,3,2023-08-07,8,Cabin comfort could be better for long drives.,9,8,10
2809,62,39,2024-05-12,6,"Minor issues with brakes, resolved promptly.",8,6,6
2810,88,71,2024-05-06,6,"Minor issues with brakes, resolved promptly.",7,9,10
2811,2,53,2023-06-07,5,Would definitely recommend to other logistics companies.,10,6,9
2812,58,98,2025-09-14,9,"Delivery was delayed by a few days, disappointed.",7,8,8
2813,93,105,2023-04-26,6,Support team responded quickly and professionally.,10,10,9
2814,79,92,2025-07-12,5,Support team responded quickly and professionally.,7,7,7
2815,24,56,2024-01-02,6,"Delivery was delayed by a few days, disappointed.",7,7,8
2816,72,173,2023-03-07,7,"Minor issues with brakes, resolved promptly.",9,10,7
2817,100,98,2022-11-12,10,"Some scratches noticed on delivery, but acceptable.",9,7,6
2818,67,80,2025-08-04,8,"Some scratches noticed on delivery, but acceptable.",5,6,9
2819,88,98,2023-10-08,6,Cabin comfort could be better for long drives.,10,6,9
2820,12,21,2023-05-04,5,Fuel consumption is higher than expected.,10,9,8
2821,74,23,2023-04-29,9,"Some scratches noticed on delivery, but acceptable.",7,10,7
2822,34,178,2024-04-20,5,Excellent service and friendly dealer staff.,9,5,10
2823,2,166,2024-09-27,7,"Delivery was delayed by a few days, disappointed.",5,10,7
2824,67,1,2023-07-26,6,Would definitely recommend to other logistics companies.,10,7,6
2825,22,36,2024-05-15,9,Cabin comfort could be better for long drives.,6,10,8
2826,50,109,2023-02-26,8,"Some scratches noticed on delivery, but acceptable.",6,5,7
2827,50,26,2022-11-25,7,"Minor issues with brakes, resolved promptly.",10,9,10
2828,97,6,2023-08-08,9,"Engine efficiency is superb, very satisfied.",9,7,10
2829,62,123,2023-07-08,6,Cabin comfort could be better for long drives.,7,5,7
2830,55,176,2023-01-30,5,"Minor issues with brakes, resolved promptly.",10,7,8
2831,1,133,2024-12-13,10,"Minor issues with brakes, resolved promptly.",8,7,6
2832,76,118,2024-01-15,10,"Delivery was delayed by a few days, disappointed.",7,7,6
2833,65,8,2025-05-27,6,Would definitely recommend to other logistics companies.,6,5,8
2834,87,79,2024-01-20,10,Cabin comfort could be better for long drives.,8,8,9
2835,68,199,2022-12-12,7,Fuel consumption is higher than expected.,8,7,7
2836,42,12,2022-11-29,7,The truck performs excellently in all terrains.,9,9,10
2837,23,40,2024-12-18,5,"Delivery was delayed by a few days, disappointed.",9,8,6
2838,54,137,2024-03-26,9,Excellent service and friendly dealer staff.,6,5,8
2839,87,77,2024-08-16,9,Cabin comfort could be better for long drives.,10,9,7
2840,19,190,2024-10-20,9,"Minor issues with brakes, resolved promptly.",5,9,10
2841,82,151,2023-03-20,6,Would definitely recommend to other logistics companies.,7,10,6
2842,11,148,2023-01-23,10,"Delivery was delayed by a few days, disappointed.",8,8,8
2843,86,35,2024-02-18,7,Cabin comfort could be better for long drives.,5,10,9
2844,98,166,2023-08-18,10,The truck performs excellently in all terrains.,9,8,10
2845,31,50,2023-01-05,5,"Delivery was delayed by a few days, disappointed.",8,10,7
2846,91,197,2023-07-05,5,Support team responded quickly and professionally.,7,10,7
2847,75,194,2024-06-05,6,The truck performs excellently in all terrains.,8,6,8
2848,44,170,2025-06-13,6,Cabin comfort could be better for long drives.,6,8,9
2849,38,37,2025-01-13,10,"Some scratches noticed on delivery, but acceptable.",5,7,6
2850,45,63,2025-09-08,10,Would definitely recommend to other logistics companies.,7,8,6
2851,50,90,2023-11-01,6,Cabin comfort could be better for long drives.,10,10,7
2852,55,9,2022-11-01,10,The truck performs excellently in all terrains.,10,5,8
2853,96,20,2025-03-10,5,Fuel consumption is higher than expected.,8,7,10
2854,1,86,2024-06-02,10,"Some scratches noticed on delivery, but acceptable.",7,9,6
2855,17,12,2025-02-17,5,Excellent service and friendly dealer staff.,10,8,8
2856,69,21,2022-11-17,5,Fuel consumption is higher than expected.,7,9,8
2857,47,156,2024-01-31,7,The truck performs excellently in all terrains.,6,10,10
2858,93,30,2024-12-17,7,Excellent service and friendly dealer staff.,7,6,8
2859,95,117,2024-05-30,10,The truck performs excellently in all terrains.,10,6,6
2860,35,84,2025-07-18,9,Excellent service and friendly dealer staff.,10,7,10
2861,38,84,2024-04-15,8,Fuel consumption is higher than expected.,8,8,8
2862,4,135,2023-07-06,7,"Engine efficiency is superb, very satisfied.",9,9,6
2863,43,131,2025-04-12,7,Excellent service and friendly dealer staff.,7,6,10
2864,19,139,2024-06-17,10,Excellent service and friendly dealer staff.,10,10,7
2865,34,77,2024-08-03,6,"Minor issues with brakes, resolved promptly.",10,6,6
2866,95,58,2023-01-02,9,"Some scratches noticed on delivery, but acceptable.",8,5,10
2867,66,143,2024-10-01,8,Would definitely recommend to other logistics companies.,10,9,10
2868,62,7,2024-07-03,7,"Delivery was delayed by a few days, disappointed.",8,8,8
2869,20,46,2023-10-20,8,Fuel consumption is higher than expected.,6,8,9
2870,73,91,2024-06-05,8,"Minor issues with brakes, resolved promptly.",6,7,10
2871,31,156,2023-08-06,6,Cabin comfort could be better for long drives.,7,5,7
2872,66,9,2025-07-03,7,"Minor issues with brakes, resolved promptly.",10,8,8
2873,62,108,2024-10-05,10,Cabin comfort could be better for long drives.,5,6,10
2874,30,92,2023-03-23,10,"Minor issues with brakes, resolved promptly.",6,9,9
2875,36,14,2024-10-06,9,The truck performs excellently in all terrains.,5,8,10
2876,64,25,2023-02-21,8,Excellent service and friendly dealer staff.,6,10,8
2877,25,197,2024-07-06,7,Support team responded quickly and professionally.,9,5,10
2878,11,142,2025-06-02,10,"Minor issues with brakes, resolved promptly.",7,9,6
2879,91,123,2023-11-29,9,Fuel consumption is higher than expected.,9,5,6
2880,91,197,2024-05-19,8,"Engine efficiency is superb, very satisfied.",7,9,7
2881,40,84,2025-07-10,9,"Engine efficiency is superb, very satisfied.",8,7,8
2882,55,146,2025-01-02,8,Fuel consumption is higher than expected.,8,7,7
2883,48,166,2025-08-12,7,"Minor issues with brakes, resolved promptly.",9,5,9
2884,45,27,2024-08-26,7,"Some scratches noticed on delivery, but acceptable.",7,9,7
2885,20,113,2023-11-04,5,"Some scratches noticed on delivery, but acceptable.",5,10,6
2886,12,181,2025-01-14,8,Cabin comfort could be better for long drives.,10,8,6
2887,78,153,2023-01-02,6,Cabin comfort could be better for long drives.,6,10,8
2888,10,2,2022-10-13,10,The truck performs excellently in all terrains.,9,5,8
2889,91,18,2022-10-19,7,The truck performs excellently in all terrains.,8,6,9
2890,4,44,2024-04-26,5,Excellent service and friendly dealer staff.,10,7,8
2891,90,7,2024-12-27,10,Fuel consumption is higher than expected.,7,7,8
2892,45,37,2025-03-02,9,"Minor issues with brakes, resolved promptly.",8,10,8
2893,87,80,2024-02-18,9,"Some scratches noticed on delivery, but acceptable.",10,10,9
2894,26,97,2025-01-10,9,"Minor issues with brakes, resolved promptly.",7,8,10
2895,9,187,2023-11-09,7,The truck performs excellently in all terrains.,10,5,7
2896,99,126,2025-08-16,5,Support team responded quickly and professionally.,10,10,7
2897,18,134,2023-02-10,8,Excellent service and friendly dealer staff.,8,6,9
2898,3,5,2023-05-15,6,Support team responded quickly and professionally.,10,9,6
2899,7,73,2024-05-05,6,Support team responded quickly and professionally.,6,7,6
2900,96,151,2024-04-24,10,Cabin comfort could be better for long drives.,9,10,9
2901,36,107,2023-11-24,6,Support team responded quickly and professionally.,8,7,8
2902,72,55,2024-01-13,9,Fuel consumption is higher than expected.,5,6,7
2903,44,156,2025-03-14,5,Excellent service and friendly dealer staff.,9,10,7
2904,68,104,2023-01-06,8,Excellent service and friendly dealer staff.,6,5,9
2905,47,39,2025-01-19,9,Excellent service and friendly dealer staff.,8,10,7
2906,7,165,2024-10-23,9,Excellent service and friendly dealer staff.,7,6,9
2907,25,194,2025-05-05,7,The truck performs excellently in all terrains.,5,6,8
2908,47,35,2023-01-18,5,Would definitely recommend to other logistics companies.,9,5,10
2909,60,120,2025-08-22,7,"Delivery was delayed by a few days, disappointed.",6,6,6
2910,5,1,2024-12-05,6,"Engine efficiency is superb, very satisfied.",9,6,8
2911,16,8,2023-02-05,8,"Some scratches noticed on delivery, but acceptable.",7,7,7
2912,45,138,2024-09-12,6,Cabin comfort could be better for long drives.,6,9,7
2913,52,182,2024-03-21,9,Support team responded quickly and professionally.,10,9,8
2914,1,42,2023-12-21,8,Cabin comfort could be better for long drives.,10,5,7
2915,83,17,2023-06-05,7,The truck performs excellently in all terrains.,5,5,10
2916,93,190,2024-06-03,10,Excellent service and friendly dealer staff.,6,5,9
2917,96,91,2023-08-03,10,"Delivery was delayed by a few days, disappointed.",5,6,7
2918,64,173,2025-04-22,8,"Delivery was delayed by a few days, disappointed.",9,5,10
2919,11,150,2022-11-22,10,Excellent service and friendly dealer staff.,8,7,10
2920,72,110,2024-10-13,10,Fuel consumption is higher than expected.,9,6,7
2921,88,54,2022-12-14,9,"Delivery was delayed by a few days, disappointed.",6,6,6
2922,15,14,2024-10-27,9,"Some scratches noticed on delivery, but acceptable.",7,7,7
2923,60,122,2024-12-05,10,Would definitely recommend to other logistics companies.,8,9,9
2924,53,21,2022-12-21,10,"Minor issues with brakes, resolved promptly.",6,5,10
2925,50,20,2024-09-07,9,"Some scratches noticed on delivery, but acceptable.",6,6,8
2926,5,5,2023-05-14,6,Fuel consumption is higher than expected.,9,5,6
2927,31,105,2023-07-18,10,"Minor issues with brakes, resolved promptly.",7,10,6
2928,10,13,2023-10-22,6,"Delivery was delayed by a few days, disappointed.",5,6,8
2929,70,119,2025-06-28,8,"Some scratches noticed on delivery, but acceptable.",8,6,8
2930,24,3,2023-09-21,10,Fuel consumption is higher than expected.,5,6,10
2931,75,162,2024-07-31,10,"Engine efficiency is superb, very satisfied.",10,7,10
2932,50,35,2024-06-18,5,The truck performs excellently in all terrains.,5,6,10
2933,41,30,2022-11-23,7,"Some scratches noticed on delivery, but acceptable.",5,6,8
2934,58,1,2023-03-08,8,Support team responded quickly and professionally.,7,5,10
2935,21,134,2023-09-03,7,Would definitely recommend to other logistics companies.,5,5,10
2936,53,21,2024-03-11,9,Would definitely recommend to other logistics companies.,5,10,7
2937,89,184,2024-06-19,5,Excellent service and friendly dealer staff.,6,5,7
2938,58,124,2025-05-21,5,Fuel consumption is higher than expected.,5,8,10
2939,78,115,2022-12-07,5,Fuel consumption is higher than expected.,9,8,8
2940,38,119,2022-11-21,6,Would definitely recommend to other logistics companies.,7,9,7
2941,48,138,2023-03-02,7,"Delivery was delayed by a few days, disappointed.",8,9,7
2942,57,144,2023-10-03,5,The truck performs excellently in all terrains.,9,5,9
2943,28,191,2022-12-16,7,Excellent service and friendly dealer staff.,9,8,7
2944,42,9,2024-10-17,8,"Some scratches noticed on delivery, but acceptable.",7,8,6
2945,70,121,2023-10-31,7,"Delivery was delayed by a few days, disappointed.",10,7,9
2946,50,53,2023-11-04,6,Support team responded quickly and professionally.,9,6,8
2947,86,69,2023-08-12,6,"Minor issues with brakes, resolved promptly.",9,7,8
2948,23,18,2023-12-27,9,"Minor issues with brakes, resolved promptly.",8,8,10
2949,63,133,2023-02-14,5,Support team responded quickly and professionally.,7,9,8
2950,63,52,2025-02-03,5,"Engine efficiency is superb, very satisfied.",8,5,8
2951,40,43,2025-06-19,10,Excellent service and friendly dealer staff.,9,6,9
2952,82,134,2022-12-13,10,The truck performs excellently in all terrains.,5,5,10
2953,72,144,2024-06-13,5,The truck performs excellently in all terrains.,8,8,8
2954,16,199,2023-11-22,9,Excellent service and friendly dealer staff.,8,7,8
2955,45,105,2023-11-29,9,"Engine efficiency is superb, very satisfied.",5,8,6
2956,27,12,2022-12-29,6,Cabin comfort could be better for long drives.,6,5,7
2957,2,144,2025-09-06,10,Would definitely recommend to other logistics companies.,5,6,7
2958,78,158,2025-01-30,10,The truck performs excellently in all terrains.,6,9,8
2959,26,54,2024-10-09,7,"Some scratches noticed on delivery, but acceptable.",5,8,10
2960,96,86,2024-04-01,5,"Delivery was delayed by a few days, disappointed.",9,7,8
2961,16,83,2024-05-14,6,"Minor issues with brakes, resolved promptly.",7,8,10
2962,61,171,2023-05-15,6,Excellent service and friendly dealer staff.,9,10,10
2963,29,65,2023-05-15,7,Fuel consumption is higher than expected.,8,6,7
2964,7,127,2023-01-24,5,"Some scratches noticed on delivery, but acceptable.",6,10,10
2965,72,178,2025-01-16,8,"Engine efficiency is superb, very satisfied.",9,8,9
2966,35,42,2024-07-03,7,Would definitely recommend to other logistics companies.,7,6,9
2967,2,156,2023-01-16,9,Fuel consumption is higher than expected.,5,5,8
2968,32,13,2023-02-13,10,"Engine efficiency is superb, very satisfied.",9,6,8
2969,29,193,2025-07-30,5,"Some scratches noticed on delivery, but acceptable.",8,5,6
2970,95,45,2025-06-11,5,The truck performs excellently in all terrains.,7,9,10
2971,2,107,2024-11-04,9,"Delivery was delayed by a few days, disappointed.",6,6,8
2972,70,125,2023-04-28,8,"Some scratches noticed on delivery, but acceptable.",5,9,6
2973,64,38,2024-04-20,7,"Delivery was delayed by a few days, disappointed.",6,7,9
2974,56,128,2024-12-11,6,Would definitely recommend to other logistics companies.,9,5,9
2975,32,194,2023-05-30,7,Fuel consumption is higher than expected.,9,10,8
2976,46,6,2024-03-22,8,Fuel consumption is higher than expected.,6,5,7
2977,46,59,2024-01-19,6,"Minor issues with brakes, resolved promptly.",9,6,7
2978,7,33,2024-09-24,5,Cabin comfort could be better for long drives.,9,8,9
2979,76,97,2024-12-04,10,Support team responded quickly and professionally.,9,10,6
2980,71,86,2023-04-20,7,"Minor issues with brakes, resolved promptly.",7,7,9
2981,13,160,2023-12-27,6,The truck performs excellently in all terrains.,8,7,7
2982,51,8,2024-10-20,10,"Minor issues with brakes, resolved promptly.",10,6,6
2983,43,14,2024-04-26,9,Would definitely recommend to other logistics companies.,5,8,8
2984,72,97,2023-12-15,10,Would definitely recommend to other logistics companies.,10,10,8
2985,12,102,2023-01-10,7,The truck performs excellently in all terrains.,6,9,10
2986,99,168,2022-12-12,10,"Delivery was delayed by a few days, disappointed.",6,9,9
2987,62,12,2025-09-07,10,Excellent service and friendly dealer staff.,7,9,7
2988,69,127,2025-03-09,5,Excellent service and friendly dealer staff.,6,5,9
2989,60,161,2023-11-03,6,Fuel consumption is higher than expected.,5,8,10
2990,82,30,2023-08-03,10,Fuel consumption is higher than expected.,9,7,6
2991,42,58,2024-01-13,6,Support team responded quickly and professionally.,8,8,7
2992,63,149,2024-09-24,5,"Engine efficiency is superb, very satisfied.",5,10,8
2993,36,168,2025-06-19,6,"Delivery was delayed by a few days, disappointed.",10,6,6
2994,31,165,2025-04-30,9,Support team responded quickly and professionally.,9,9,8
2995,13,4,2024-10-06,6,"Delivery was delayed by a few days, disappointed.",8,9,6
2996,32,63,2024-02-22,10,"Delivery was delayed by a few days, disappointed.",9,7,7
2997,74,53,2023-04-21,5,Cabin comfort could be better for long drives.,9,8,10
2998,3,192,2024-10-26,5,"Some scratches noticed on delivery, but acceptable.",7,7,9
2999,90,106,2022-10-17,7,Support team responded quickly and professionally.,7,10,8
3000,37,68,2023-12-17,8,Support team responded quickly and professionally.,10,8,7
3001,17,71,2024-09-17,10,Support team responded quickly and professionally.,7,5,7
3002,76,125,2025-03-06,6,Excellent service and friendly dealer staff.,7,10,7
3003,19,67,2023-03-03,7,Cabin comfort could be better for long drives.,5,6,10
3004,19,58,2023-04-15,9,The truck performs excellently in all terrains.,9,8,9
3005,51,40,2023-01-20,7,Support team responded quickly and professionally.,7,10,7
3006,21,192,2024-07-03,10,"Engine efficiency is superb, very satisfied.",9,7,10
3007,22,129,2024-06-24,5,The truck performs excellently in all terrains.,8,5,9
3008,20,125,2025-07-02,6,"Engine efficiency is superb, very satisfied.",6,5,10
3009,68,126,2024-02-08,9,Fuel consumption is higher than expected.,6,8,10
3010,10,164,2023-06-29,9,"Minor issues with brakes, resolved promptly.",6,6,6
3011,80,101,2024-07-21,5,"Delivery was delayed by a few days, disappointed.",6,10,10
3012,10,62,2023-04-02,5,Excellent service and friendly dealer staff.,10,7,8
3013,18,78,2023-01-20,9,Cabin comfort could be better for long drives.,7,7,9
3014,23,161,2024-11-16,10,"Engine efficiency is superb, very satisfied.",9,10,10
3015,20,193,2022-10-26,5,"Minor issues with brakes, resolved promptly.",7,5,7
3016,2,14,2023-07-27,8,Would definitely recommend to other logistics companies.,7,6,10
3017,53,130,2023-11-24,5,"Minor issues with brakes, resolved promptly.",5,7,7
3018,85,108,2023-05-06,10,"Minor issues with brakes, resolved promptly.",10,7,7
3019,6,97,2023-05-03,7,"Delivery was delayed by a few days, disappointed.",5,10,8
3020,45,78,2025-06-03,10,The truck performs excellently in all terrains.,9,7,7
3021,38,125,2023-10-13,9,The truck performs excellently in all terrains.,9,7,8
3022,94,11,2023-08-04,6,Cabin comfort could be better for long drives.,9,6,8
3023,8,111,2025-07-07,8,"Delivery was delayed by a few days, disappointed.",7,10,9
3024,62,103,2024-05-18,5,Support team responded quickly and professionally.,5,8,8
3025,43,33,2024-10-25,10,The truck performs excellently in all terrains.,7,9,6
3026,27,198,2024-03-12,6,Would definitely recommend to other logistics companies.,7,8,7
3027,28,93,2023-11-14,10,The truck performs excellently in all terrains.,7,5,8
3028,73,109,2024-07-18,8,"Minor issues with brakes, resolved promptly.",6,7,6
3029,81,70,2024-08-28,5,"Delivery was delayed by a few days, disappointed.",8,7,6
3030,21,50,2023-08-24,10,Cabin comfort could be better for long drives.,7,7,6
3031,93,140,2023-02-02,5,Excellent service and friendly dealer staff.,6,10,6
3032,9,128,2025-08-18,7,"Minor issues with brakes, resolved promptly.",10,6,6
3033,76,162,2025-08-27,5,"Minor issues with brakes, resolved promptly.",8,5,6
3034,45,129,2024-10-31,7,"Some scratches noticed on delivery, but acceptable.",8,6,10
3035,1,134,2023-10-14,8,Excellent service and friendly dealer staff.,7,7,6
3036,61,135,2023-07-17,5,The truck performs excellently in all terrains.,5,10,10
3037,95,13,2025-07-26,8,Cabin comfort could be better for long drives.,6,8,9
3038,66,17,2022-11-23,9,The truck performs excellently in all terrains.,5,8,9
3039,85,127,2023-03-15,5,Cabin comfort could be better for long drives.,7,8,6
3040,10,69,2025-03-08,10,Fuel consumption is higher than expected.,7,7,9
3041,21,65,2022-10-29,7,Excellent service and friendly dealer staff.,5,8,7
3042,49,172,2025-09-25,5,"Engine efficiency is superb, very satisfied.",7,9,10
3043,35,107,2025-05-14,7,Fuel consumption is higher than expected.,5,6,10
3044,64,5,2024-08-25,10,Fuel consumption is higher than expected.,10,7,7
3045,97,49,2025-04-13,5,Excellent service and friendly dealer staff.,5,6,10
3046,45,23,2023-03-05,8,Excellent service and friendly dealer staff.,6,6,8
3047,49,167,2023-02-18,5,Would definitely recommend to other logistics companies.,6,7,6
3048,79,35,2025-02-01,10,Excellent service and friendly dealer staff.,5,10,9
3049,19,127,2024-10-19,10,"Delivery was delayed by a few days, disappointed.",8,5,9
3050,87,100,2024-02-26,6,Excellent service and friendly dealer staff.,6,5,9
3051,52,101,2023-09-07,10,Fuel consumption is higher than expected.,7,7,7
3052,65,14,2023-02-16,9,"Engine efficiency is superb, very satisfied.",6,6,7
3053,14,98,2023-12-21,8,"Minor issues with brakes, resolved promptly.",7,9,6
3054,75,89,2023-08-28,9,Support team responded quickly and professionally.,8,7,7
3055,86,8,2025-07-15,7,"Engine efficiency is superb, very satisfied.",8,6,7
3056,11,40,2024-06-13,9,Would definitely recommend to other logistics companies.,5,6,8
3057,36,7,2022-12-11,7,Would definitely recommend to other logistics companies.,5,7,9
3058,36,83,2024-05-20,5,"Minor issues with brakes, resolved promptly.",5,8,8
3059,21,11,2023-11-07,10,Fuel consumption is higher than expected.,6,8,8
3060,51,99,2024-05-22,5,"Engine efficiency is superb, very satisfied.",5,8,8
3061,39,7,2024-09-22,9,"Some scratches noticed on delivery, but acceptable.",5,5,8
3062,9,54,2025-02-25,5,Cabin comfort could be better for long drives.,6,8,10
3063,59,171,2024-12-04,10,The truck performs excellently in all terrains.,8,9,6
3064,90,161,2023-08-15,7,"Delivery was delayed by a few days, disappointed.",9,5,6
3065,24,196,2025-03-29,5,Would definitely recommend to other logistics companies.,10,5,10
3066,17,18,2023-03-04,7,"Engine efficiency is superb, very satisfied.",7,8,10
3067,72,76,2025-09-29,7,"Some scratches noticed on delivery, but acceptable.",5,8,6
3068,49,52,2024-01-21,9,"Delivery was delayed by a few days, disappointed.",7,6,10
3069,67,109,2024-07-16,8,Support team responded quickly and professionally.,9,8,7
3070,13,19,2025-09-25,7,Fuel consumption is higher than expected.,8,6,10
3071,58,82,2024-10-15,8,"Some scratches noticed on delivery, but acceptable.",5,6,7
3072,13,64,2025-05-20,6,Cabin comfort could be better for long drives.,9,10,7
3073,42,86,2022-11-30,8,"Some scratches noticed on delivery, but acceptable.",9,10,8
3074,39,61,2023-03-26,9,"Delivery was delayed by a few days, disappointed.",10,7,6
3075,18,113,2025-04-21,6,The truck performs excellently in all terrains.,6,7,9
3076,36,72,2025-06-14,6,"Minor issues with brakes, resolved promptly.",10,9,9
3077,65,56,2023-12-01,8,"Engine efficiency is superb, very satisfied.",5,7,6
3078,2,181,2023-05-29,5,"Minor issues with brakes, resolved promptly.",10,9,7
3079,7,88,2024-01-05,5,"Some scratches noticed on delivery, but acceptable.",9,9,7
3080,63,90,2024-06-25,9,Cabin comfort could be better for long drives.,5,8,7
3081,44,29,2023-08-16,6,Fuel consumption is higher than expected.,5,6,6
3082,59,129,2023-11-08,6,"Engine efficiency is superb, very satisfied.",8,6,7
3083,43,197,2022-11-15,5,"Some scratches noticed on delivery, but acceptable.",5,7,9
3084,51,158,2023-07-22,7,Cabin comfort could be better for long drives.,7,5,10
3085,36,29,2023-11-27,8,Fuel consumption is higher than expected.,10,6,7
3086,14,33,2023-09-09,8,The truck performs excellently in all terrains.,5,6,6
3087,88,152,2025-02-20,6,Excellent service and friendly dealer staff.,9,10,6
3088,48,174,2023-01-02,5,"Some scratches noticed on delivery, but acceptable.",9,7,10
3089,32,156,2024-12-31,8,Fuel consumption is higher than expected.,7,8,9
3090,85,32,2023-05-28,5,Excellent service and friendly dealer staff.,5,5,7
3091,84,160,2024-01-30,6,"Minor issues with brakes, resolved promptly.",7,5,9
3092,96,78,2025-06-13,8,Would definitely recommend to other logistics companies.,6,10,10
3093,72,183,2025-08-07,9,"Delivery was delayed by a few days, disappointed.",9,8,9
3094,4,126,2023-03-12,5,The truck performs excellently in all terrains.,10,8,7
3095,19,113,2025-05-07,8,Fuel consumption is higher than expected.,7,6,8
3096,87,130,2023-12-18,9,"Engine efficiency is superb, very satisfied.",8,6,7
3097,90,56,2024-11-28,5,"Minor issues with brakes, resolved promptly.",7,7,7
3098,69,44,2025-05-05,8,The truck performs excellently in all terrains.,6,9,8
3099,58,154,2024-08-26,10,"Minor issues with brakes, resolved promptly.",10,9,9
3100,24,170,2024-07-09,7,Support team responded quickly and professionally.,9,7,8
3101,4,8,2024-04-11,8,"Some scratches noticed on delivery, but acceptable.",8,8,6
3102,37,135,2023-01-25,9,Fuel consumption is higher than expected.,6,10,8
3103,27,149,2024-03-30,9,Would definitely recommend to other logistics companies.,7,9,8
3104,98,41,2023-06-18,7,Excellent service and friendly dealer staff.,9,6,10
3105,89,23,2022-10-26,10,"Some scratches noticed on delivery, but acceptable.",9,5,7
3106,98,157,2022-11-02,6,Excellent service and friendly dealer staff.,10,10,10
3107,79,30,2025-05-18,10,Excellent service and friendly dealer staff.,5,10,9
3108,49,72,2023-04-15,6,Support team responded quickly and professionally.,7,8,10
3109,83,124,2023-06-18,10,Would definitely recommend to other logistics companies.,8,10,7
3110,65,18,2023-10-04,8,Fuel consumption is higher than expected.,9,10,7
3111,11,92,2024-08-31,5,Would definitely recommend to other logistics companies.,9,10,6
3112,50,115,2024-11-24,6,The truck performs excellently in all terrains.,7,9,8
3113,34,79,2023-06-19,5,Fuel consumption is higher than expected.,9,10,8
3114,55,81,2025-05-27,7,Excellent service and friendly dealer staff.,10,6,6
3115,88,88,2023-08-29,10,Excellent service and friendly dealer staff.,9,7,9
3116,19,80,2025-04-09,8,Cabin comfort could be better for long drives.,7,5,9
3117,61,40,2025-04-26,6,Fuel consumption is higher than expected.,7,7,8
3118,35,134,2024-03-22,6,Excellent service and friendly dealer staff.,8,9,10
3119,7,179,2023-07-21,6,Excellent service and friendly dealer staff.,6,7,7
3120,64,73,2022-10-18,9,Excellent service and friendly dealer staff.,5,7,8
3121,90,151,2023-10-12,6,Fuel consumption is higher than expected.,7,5,9
3122,38,124,2025-06-05,7,"Delivery was delayed by a few days, disappointed.",9,8,9
3123,38,122,2023-01-29,5,Excellent service and friendly dealer staff.,8,5,7
3124,20,138,2023-01-15,9,Fuel consumption is higher than expected.,9,9,10
3125,48,136,2024-08-28,6,Would definitely recommend to other logistics companies.,10,5,6
3126,64,65,2024-04-03,7,Fuel consumption is higher than expected.,9,7,10
3127,72,117,2025-05-11,10,Support team responded quickly and professionally.,10,9,7
3128,87,134,2023-11-02,5,Would definitely recommend to other logistics companies.,10,9,7
3129,24,69,2024-10-30,9,The truck performs excellently in all terrains.,5,6,7
3130,47,86,2023-01-28,10,Fuel consumption is higher than expected.,6,6,7
3131,85,65,2024-07-04,5,"Engine efficiency is superb, very satisfied.",7,10,6
3132,91,100,2025-04-12,6,Support team responded quickly and professionally.,7,8,7
3133,35,2,2025-09-02,9,Would definitely recommend to other logistics companies.,5,10,7
3134,8,69,2023-10-25,8,Support team responded quickly and professionally.,7,7,7
3135,72,138,2024-08-20,9,"Minor issues with brakes, resolved promptly.",8,8,9
3136,4,89,2025-01-08,7,The truck performs excellently in all terrains.,9,9,7
3137,84,123,2022-12-31,9,"Minor issues with brakes, resolved promptly.",7,6,6
3138,60,132,2024-06-09,6,Support team responded quickly and professionally.,10,8,7
3139,99,83,2025-03-17,10,"Engine efficiency is superb, very satisfied.",9,6,6
3140,34,51,2023-12-22,6,Would definitely recommend to other logistics companies.,9,9,6
3141,71,60,2023-04-15,8,"Minor issues with brakes, resolved promptly.",5,9,9
3142,70,25,2023-12-26,6,Cabin comfort could be better for long drives.,9,7,10
3143,78,69,2022-12-13,6,Would definitely recommend to other logistics companies.,10,5,6
3144,47,174,2025-01-12,10,Support team responded quickly and professionally.,8,8,10
3145,5,185,2024-03-18,6,The truck performs excellently in all terrains.,9,7,6
3146,72,21,2023-09-26,8,"Minor issues with brakes, resolved promptly.",10,7,9
3147,6,190,2025-07-20,8,Fuel consumption is higher than expected.,9,9,10
3148,77,153,2024-11-26,5,Fuel consumption is higher than expected.,5,9,8
3149,73,112,2023-12-31,8,"Minor issues with brakes, resolved promptly.",10,7,10
3150,75,43,2024-05-27,5,Fuel consumption is higher than expected.,10,10,7
3151,12,134,2023-05-05,10,"Delivery was delayed by a few days, disappointed.",5,8,10
3152,37,54,2023-10-14,7,Excellent service and friendly dealer staff.,7,8,7
3153,86,178,2024-12-04,5,"Delivery was delayed by a few days, disappointed.",6,5,8
3154,42,138,2023-03-07,7,Fuel consumption is higher than expected.,10,7,7
3155,11,25,2024-01-16,5,"Minor issues with brakes, resolved promptly.",7,9,7
3156,47,53,2023-02-19,5,"Minor issues with brakes, resolved promptly.",7,10,7
3157,88,135,2022-11-28,8,"Engine efficiency is superb, very satisfied.",10,9,8
3158,54,122,2023-12-19,7,Would definitely recommend to other logistics companies.,6,6,10
3159,38,172,2024-11-03,8,Would definitely recommend to other logistics companies.,9,6,8
3160,1,24,2024-10-25,10,"Some scratches noticed on delivery, but acceptable.",7,6,6
3161,2,186,2024-10-17,9,Would definitely recommend to other logistics companies.,10,6,7
3162,44,146,2025-03-05,6,Would definitely recommend to other logistics companies.,8,10,10
3163,79,43,2025-01-25,5,"Engine efficiency is superb, very satisfied.",8,10,10
3164,88,196,2025-04-27,5,Would definitely recommend to other logistics companies.,9,10,9
3165,78,190,2025-05-30,7,Would definitely recommend to other logistics companies.,10,6,9
3166,67,171,2025-03-27,10,Fuel consumption is higher than expected.,8,7,7
3167,64,91,2025-04-23,8,"Delivery was delayed by a few days, disappointed.",8,7,8
3168,39,2,2024-03-21,7,"Delivery was delayed by a few days, disappointed.",9,9,8
3169,26,19,2023-03-11,10,"Some scratches noticed on delivery, but acceptable.",6,8,9
3170,82,90,2023-03-10,7,Support team responded quickly and professionally.,7,6,10
3171,25,1,2025-08-12,9,"Delivery was delayed by a few days, disappointed.",9,9,10
3172,95,170,2022-12-05,10,Cabin comfort could be better for long drives.,9,6,10
3173,60,123,2024-04-04,5,"Delivery was delayed by a few days, disappointed.",5,9,8
3174,9,92,2024-11-26,10,The truck performs excellently in all terrains.,5,7,8
3175,30,57,2025-07-25,7,"Some scratches noticed on delivery, but acceptable.",9,5,10
3176,35,157,2023-05-29,6,Fuel consumption is higher than expected.,5,5,8
3177,34,48,2025-09-13,6,"Minor issues with brakes, resolved promptly.",6,7,7
3178,29,32,2023-12-07,9,"Delivery was delayed by a few days, disappointed.",6,7,10
3179,71,30,2023-07-19,7,The truck performs excellently in all terrains.,5,6,10
3180,68,4,2025-07-19,8,Fuel consumption is higher than expected.,10,5,6
3181,62,105,2025-05-09,8,Fuel consumption is higher than expected.,8,7,10
3182,82,170,2023-03-11,10,Would definitely recommend to other logistics companies.,5,6,9
3183,23,103,2022-10-25,10,"Delivery was delayed by a few days, disappointed.",7,7,10
3184,14,189,2023-05-26,7,Would definitely recommend to other logistics companies.,7,6,7
3185,72,84,2025-08-09,7,"Engine efficiency is superb, very satisfied.",6,6,10
3186,78,191,2024-02-23,6,"Delivery was delayed by a few days, disappointed.",9,5,9
3187,40,95,2025-06-25,10,Fuel consumption is higher than expected.,5,10,7
3188,32,152,2025-06-23,5,"Minor issues with brakes, resolved promptly.",7,10,7
3189,34,193,2024-03-31,9,Cabin comfort could be better for long drives.,8,8,8
3190,42,15,2023-03-20,9,Cabin comfort could be better for long drives.,6,10,6
3191,47,54,2025-08-23,5,Support team responded quickly and professionally.,7,8,7
3192,3,171,2023-07-31,9,"Engine efficiency is superb, very satisfied.",9,6,6
3193,99,119,2023-01-02,5,"Engine efficiency is superb, very satisfied.",8,5,6
3194,84,161,2023-07-19,6,"Engine efficiency is superb, very satisfied.",6,6,7
3195,87,156,2025-09-29,5,Support team responded quickly and professionally.,8,6,10
3196,13,134,2024-01-23,6,The truck performs excellently in all terrains.,8,6,7
3197,85,17,2024-06-03,7,"Minor issues with brakes, resolved promptly.",10,8,9
3198,36,15,2023-01-27,8,Fuel consumption is higher than expected.,10,7,7
3199,44,55,2023-05-10,9,Support team responded quickly and professionally.,6,9,8
3200,80,135,2023-05-07,6,The truck performs excellently in all terrains.,6,5,9
3201,61,97,2023-04-28,7,Would definitely recommend to other logistics companies.,8,9,8
3202,88,94,2023-09-16,6,"Some scratches noticed on delivery, but acceptable.",7,9,9
3203,24,101,2023-08-06,10,Would definitely recommend to other logistics companies.,8,5,6
3204,28,23,2024-04-25,8,Cabin comfort could be better for long drives.,7,9,7
3205,15,1,2024-07-20,8,"Engine efficiency is superb, very satisfied.",10,10,10
3206,71,59,2024-05-10,8,Support team responded quickly and professionally.,5,9,7
3207,94,35,2024-11-04,10,Cabin comfort could be better for long drives.,7,8,9
3208,19,83,2024-01-11,6,"Minor issues with brakes, resolved promptly.",8,8,8
3209,32,153,2023-02-19,9,Would definitely recommend to other logistics companies.,10,8,8
3210,77,91,2024-08-30,9,"Delivery was delayed by a few days, disappointed.",7,6,7
3211,70,22,2024-12-01,5,"Some scratches noticed on delivery, but acceptable.",10,10,10
3212,56,14,2023-12-24,6,The truck performs excellently in all terrains.,8,7,10
3213,40,57,2025-08-22,5,"Some scratches noticed on delivery, but acceptable.",5,10,6
3214,38,161,2022-11-06,10,The truck performs excellently in all terrains.,8,7,9
3215,96,52,2024-12-17,10,Would definitely recommend to other logistics companies.,7,8,8
3216,66,102,2025-10-02,6,"Some scratches noticed on delivery, but acceptable.",9,7,8
3217,60,154,2023-12-04,6,"Some scratches noticed on delivery, but acceptable.",7,5,8
3218,1,159,2025-03-31,5,Cabin comfort could be better for long drives.,8,6,8
3219,12,112,2024-12-28,9,Fuel consumption is higher than expected.,10,7,7
3220,32,98,2024-08-31,6,The truck performs excellently in all terrains.,9,10,6
3221,4,30,2025-07-31,6,Excellent service and friendly dealer staff.,9,10,9
3222,46,163,2023-09-20,8,Would definitely recommend to other logistics companies.,9,8,7
3223,3,67,2023-01-29,9,Fuel consumption is higher than expected.,5,10,10
3224,83,11,2022-10-14,9,Cabin comfort could be better for long drives.,10,8,6
3225,35,51,2025-04-29,6,Excellent service and friendly dealer staff.,10,8,9
3226,52,62,2024-03-13,9,"Delivery was delayed by a few days, disappointed.",8,8,6
3227,73,117,2023-12-27,7,"Engine efficiency is superb, very satisfied.",10,5,9
3228,44,30,2023-02-25,5,"Minor issues with brakes, resolved promptly.",5,7,7
3229,28,4,2023-04-06,9,Would definitely recommend to other logistics companies.,8,8,8
3230,72,58,2023-10-05,7,Would definitely recommend to other logistics companies.,10,6,9
3231,53,52,2022-11-07,8,Fuel consumption is higher than expected.,6,5,10
3232,23,128,2024-06-12,8,"Some scratches noticed on delivery, but acceptable.",7,7,6
3233,23,31,2025-08-28,7,"Minor issues with brakes, resolved promptly.",9,6,8
3234,91,144,2024-11-07,9,Fuel consumption is higher than expected.,5,10,9
3235,26,14,2023-12-16,7,Excellent service and friendly dealer staff.,8,10,8
3236,1,114,2024-07-31,6,The truck performs excellently in all terrains.,10,8,10
3237,41,106,2025-05-21,7,Cabin comfort could be better for long drives.,5,5,7
3238,95,160,2023-01-07,8,Fuel consumption is higher than expected.,7,5,6
3239,65,1,2024-06-10,7,Fuel consumption is higher than expected.,9,8,6
3240,7,134,2022-11-07,8,Fuel consumption is higher than expected.,5,6,10
3241,57,122,2023-12-20,7,Cabin comfort could be better for long drives.,5,7,9
3242,65,137,2024-05-20,9,Fuel consumption is higher than expected.,10,9,9
3243,62,111,2024-06-07,10,"Engine efficiency is superb, very satisfied.",8,7,10
3244,25,190,2023-04-23,7,"Some scratches noticed on delivery, but acceptable.",8,8,10
3245,65,80,2025-02-24,10,"Delivery was delayed by a few days, disappointed.",5,5,10
3246,3,18,2024-05-25,6,Cabin comfort could be better for long drives.,8,9,6
3247,64,192,2024-04-25,8,"Engine efficiency is superb, very satisfied.",6,9,7
3248,10,56,2024-09-09,8,Support team responded quickly and professionally.,5,10,8
3249,2,70,2025-03-04,6,"Engine efficiency is superb, very satisfied.",9,6,9
3250,49,78,2022-10-15,9,Support team responded quickly and professionally.,6,10,10
3251,13,63,2022-11-04,9,"Some scratches noticed on delivery, but acceptable.",6,7,6
3252,35,169,2024-04-21,8,"Engine efficiency is superb, very satisfied.",9,6,9
3253,61,136,2025-08-23,7,"Minor issues with brakes, resolved promptly.",10,5,10
3254,72,81,2023-10-24,10,Would definitely recommend to other logistics companies.,8,8,6
3255,57,174,2024-09-25,9,Support team responded quickly and professionally.,6,6,8
3256,61,62,2025-06-16,8,The truck performs excellently in all terrains.,9,5,9
3257,58,34,2024-08-08,7,"Engine efficiency is superb, very satisfied.",5,10,7
3258,71,166,2024-10-19,9,"Engine efficiency is superb, very satisfied.",7,5,8
3259,26,55,2025-05-28,6,Support team responded quickly and professionally.,8,5,6
3260,91,163,2023-01-28,10,Excellent service and friendly dealer staff.,8,9,9
3261,54,199,2023-11-18,8,Fuel consumption is higher than expected.,10,8,10
3262,78,86,2024-07-24,8,Cabin comfort could be better for long drives.,10,5,7
3263,33,87,2024-04-30,9,"Delivery was delayed by a few days, disappointed.",7,8,9
3264,28,42,2025-07-11,8,The truck performs excellently in all terrains.,9,9,8
3265,55,3,2023-07-12,6,Cabin comfort could be better for long drives.,5,5,7
3266,28,160,2024-01-28,7,"Delivery was delayed by a few days, disappointed.",10,8,6
3267,22,69,2025-01-13,8,"Engine efficiency is superb, very satisfied.",7,6,6
3268,21,123,2025-06-05,10,"Engine efficiency is superb, very satisfied.",8,7,7
3269,40,118,2023-01-13,6,"Minor issues with brakes, resolved promptly.",8,10,8
3270,53,127,2025-03-28,8,"Some scratches noticed on delivery, but acceptable.",6,7,9
3271,74,21,2023-05-27,7,"Engine efficiency is superb, very satisfied.",5,7,7
3272,42,77,2023-12-01,10,Cabin comfort could be better for long drives.,5,9,10
3273,84,52,2024-04-05,5,Support team responded quickly and professionally.,8,10,8
3274,80,22,2023-06-24,6,"Some scratches noticed on delivery, but acceptable.",10,7,8
3275,93,133,2024-08-01,10,"Minor issues with brakes, resolved promptly.",6,7,7
3276,71,187,2024-07-25,5,"Some scratches noticed on delivery, but acceptable.",7,7,8
3277,60,140,2024-11-13,5,"Engine efficiency is superb, very satisfied.",7,5,8
3278,87,97,2023-02-25,9,"Engine efficiency is superb, very satisfied.",6,10,6
3279,92,173,2024-06-20,9,Excellent service and friendly dealer staff.,8,10,7
3280,46,87,2025-08-28,5,"Minor issues with brakes, resolved promptly.",10,6,10
3281,16,72,2022-12-16,7,Excellent service and friendly dealer staff.,8,7,9
3282,82,188,2024-07-04,6,"Engine efficiency is superb, very satisfied.",6,10,7
3283,67,128,2023-02-15,5,The truck performs excellently in all terrains.,8,10,8
3284,6,65,2023-12-04,5,"Some scratches noticed on delivery, but acceptable.",8,6,10
3285,57,48,2025-01-16,6,Excellent service and friendly dealer staff.,10,10,6
3286,21,179,2023-12-29,9,"Minor issues with brakes, resolved promptly.",6,9,10
3287,80,4,2024-04-04,5,Would definitely recommend to other logistics companies.,6,10,10
3288,40,77,2024-09-23,5,"Delivery was delayed by a few days, disappointed.",9,5,8
3289,99,198,2023-12-24,6,Cabin comfort could be better for long drives.,8,5,7
3290,40,192,2022-12-27,5,"Some scratches noticed on delivery, but acceptable.",6,8,6
3291,45,81,2024-05-15,8,"Minor issues with brakes, resolved promptly.",9,6,10
3292,71,64,2024-11-25,5,Cabin comfort could be better for long drives.,6,7,8
3293,45,50,2024-03-22,6,Excellent service and friendly dealer staff.,5,6,6
3294,91,187,2025-02-15,10,"Delivery was delayed by a few days, disappointed.",6,7,10
3295,67,177,2024-09-27,5,"Engine efficiency is superb, very satisfied.",9,6,6
3296,64,191,2024-01-30,9,Cabin comfort could be better for long drives.,6,9,6
3297,55,93,2022-12-20,7,Cabin comfort could be better for long drives.,10,5,8
3298,49,12,2022-10-21,7,Cabin comfort could be better for long drives.,5,9,6
3299,89,191,2024-10-15,6,"Engine efficiency is superb, very satisfied.",8,6,6
3300,14,62,2023-09-30,8,Cabin comfort could be better for long drives.,10,5,10
3301,76,76,2025-07-23,6,"Engine efficiency is superb, very satisfied.",8,7,10
3302,85,192,2023-01-29,10,Support team responded quickly and professionally.,5,6,9
3303,72,19,2025-04-04,7,"Minor issues with brakes, resolved promptly.",9,8,10
3304,96,110,2024-09-29,7,Cabin comfort could be better for long drives.,7,5,8
3305,64,101,2022-12-14,9,"Minor issues with brakes, resolved promptly.",7,9,6
3306,51,62,2022-10-26,6,Cabin comfort could be better for long drives.,8,8,7
3307,63,54,2025-09-24,7,Support team responded quickly and professionally.,10,5,10
3308,16,52,2024-08-27,9,Support team responded quickly and professionally.,8,6,10
3309,65,32,2025-05-22,6,"Engine efficiency is superb, very satisfied.",10,7,9
3310,40,113,2022-12-12,10,"Delivery was delayed by a few days, disappointed.",8,5,7
3311,78,192,2025-02-12,5,"Delivery was delayed by a few days, disappointed.",8,10,8
3312,2,53,2023-09-27,9,"Engine efficiency is superb, very satisfied.",9,7,6
3313,81,51,2023-05-15,10,The truck performs excellently in all terrains.,7,6,9
3314,67,7,2023-07-23,5,The truck performs excellently in all terrains.,10,8,6
3315,56,27,2022-11-16,6,"Minor issues with brakes, resolved promptly.",8,6,10
3316,48,16,2023-08-21,6,"Delivery was delayed by a few days, disappointed.",7,7,6
3317,20,134,2024-03-04,6,Cabin comfort could be better for long drives.,6,9,9
3318,40,199,2023-05-31,6,Cabin comfort could be better for long drives.,7,6,9
3319,41,50,2023-12-10,7,Fuel consumption is higher than expected.,8,8,8
3320,29,126,2022-10-14,5,Would definitely recommend to other logistics companies.,6,8,7
3321,52,7,2024-07-31,8,Support team responded quickly and professionally.,7,5,9
3322,53,43,2022-11-01,7,"Delivery was delayed by a few days, disappointed.",9,9,8
3323,51,174,2024-05-12,6,Cabin comfort could be better for long drives.,10,10,9
3324,14,113,2022-11-05,6,Cabin comfort could be better for long drives.,10,5,8
3325,42,151,2022-12-21,10,The truck performs excellently in all terrains.,9,8,9
3326,11,121,2025-01-20,10,"Engine efficiency is superb, very satisfied.",6,6,8
3327,25,84,2024-01-20,7,"Minor issues with brakes, resolved promptly.",6,5,9
3328,87,191,2022-12-23,5,Would definitely recommend to other logistics companies.,7,6,8
3329,100,124,2024-02-23,6,"Minor issues with brakes, resolved promptly.",8,10,7
3330,72,19,2023-03-22,7,"Delivery was delayed by a few days, disappointed.",9,5,8
3331,68,77,2023-01-14,8,"Delivery was delayed by a few days, disappointed.",6,6,8
3332,61,5,2025-02-09,7,Excellent service and friendly dealer staff.,6,10,6
3333,5,53,2023-08-11,5,Cabin comfort could be better for long drives.,5,10,6
3334,77,50,2025-02-23,8,"Engine efficiency is superb, very satisfied.",7,5,10
3335,22,1,2023-09-28,7,Cabin comfort could be better for long drives.,9,6,9
3336,80,70,2024-10-26,10,The truck performs excellently in all terrains.,6,10,9
3337,59,14,2024-06-27,9,Cabin comfort could be better for long drives.,6,6,6
3338,92,13,2024-12-22,6,"Engine efficiency is superb, very satisfied.",10,10,8
3339,71,43,2025-03-30,7,Cabin comfort could be better for long drives.,10,5,10
3340,47,6,2025-07-06,6,The truck performs excellently in all terrains.,9,8,10
3341,89,98,2023-04-17,8,The truck performs excellently in all terrains.,7,10,9
3342,53,192,2025-09-27,9,Would definitely recommend to other logistics companies.,6,8,9
3343,75,38,2022-11-20,8,"Minor issues with brakes, resolved promptly.",9,9,7
3344,56,31,2024-05-18,9,"Minor issues with brakes, resolved promptly.",8,5,10
3345,6,143,2023-09-29,9,"Some scratches noticed on delivery, but acceptable.",5,7,9
3346,62,52,2024-05-28,9,Would definitely recommend to other logistics companies.,9,10,8
3347,30,181,2023-03-09,10,Would definitely recommend to other logistics companies.,6,10,7
3348,81,151,2025-06-01,7,Fuel consumption is higher than expected.,7,9,8
3349,5,179,2024-03-15,7,Support team responded quickly and professionally.,5,10,8
3350,53,11,2022-12-18,10,"Engine efficiency is superb, very satisfied.",8,8,6
3351,16,125,2023-11-26,10,Support team responded quickly and professionally.,10,8,10
3352,87,185,2023-03-23,10,"Delivery was delayed by a few days, disappointed.",6,8,6
3353,99,59,2024-12-19,8,The truck performs excellently in all terrains.,7,7,8
3354,27,107,2023-01-16,7,Fuel consumption is higher than expected.,8,6,7
3355,70,172,2023-11-10,7,Fuel consumption is higher than expected.,5,8,8
3356,93,49,2024-11-13,8,Would definitely recommend to other logistics companies.,6,10,7
3357,74,27,2024-01-20,5,"Engine efficiency is superb, very satisfied.",5,5,10
3358,93,8,2023-05-31,6,The truck performs excellently in all terrains.,7,9,6
3359,83,173,2024-10-25,10,"Minor issues with brakes, resolved promptly.",7,10,9
3360,45,76,2025-01-09,8,"Delivery was delayed by a few days, disappointed.",7,8,9
3361,93,10,2024-10-03,10,Excellent service and friendly dealer staff.,10,7,8
3362,1,175,2025-06-12,8,"Some scratches noticed on delivery, but acceptable.",8,6,7
3363,60,143,2025-02-18,5,"Delivery was delayed by a few days, disappointed.",5,7,8
3364,85,82,2023-09-30,6,Excellent service and friendly dealer staff.,10,5,10
3365,57,61,2024-07-14,8,"Some scratches noticed on delivery, but acceptable.",10,10,10
3366,74,161,2025-08-06,6,Fuel consumption is higher than expected.,6,10,7
3367,47,53,2024-02-11,10,"Minor issues with brakes, resolved promptly.",9,8,6
3368,4,107,2025-05-19,5,Support team responded quickly and professionally.,5,7,8
3369,51,42,2025-02-25,8,"Some scratches noticed on delivery, but acceptable.",5,9,7
3370,27,71,2022-11-16,8,Would definitely recommend to other logistics companies.,9,8,10
3371,16,16,2024-11-20,5,"Some scratches noticed on delivery, but acceptable.",6,7,8
3372,22,120,2024-02-09,8,Excellent service and friendly dealer staff.,8,7,7
3373,97,111,2024-11-20,9,Would definitely recommend to other logistics companies.,7,10,8
3374,62,118,2025-09-09,10,Would definitely recommend to other logistics companies.,9,7,10
3375,55,9,2025-06-25,5,Fuel consumption is higher than expected.,10,7,7
3376,35,196,2024-02-04,8,Support team responded quickly and professionally.,10,7,10
3377,11,125,2025-02-25,5,Fuel consumption is higher than expected.,10,9,10
3378,91,99,2023-03-04,7,Would definitely recommend to other logistics companies.,8,9,8
3379,23,42,2023-06-09,8,The truck performs excellently in all terrains.,10,5,8
3380,49,124,2024-11-21,8,Cabin comfort could be better for long drives.,8,8,6
3381,85,6,2024-09-15,9,"Engine efficiency is superb, very satisfied.",6,7,7
3382,36,90,2024-10-22,8,"Engine efficiency is superb, very satisfied.",5,7,10
3383,28,14,2023-07-13,5,Fuel consumption is higher than expected.,10,10,9
3384,68,63,2023-06-19,7,Excellent service and friendly dealer staff.,5,5,6
3385,40,69,2024-11-11,6,"Delivery was delayed by a few days, disappointed.",5,5,7
3386,69,66,2022-11-18,5,Cabin comfort could be better for long drives.,8,5,6
3387,100,134,2024-03-25,7,"Minor issues with brakes, resolved promptly.",6,8,9
3388,49,135,2023-04-06,7,Fuel consumption is higher than expected.,7,6,10
3389,69,156,2025-07-29,5,Support team responded quickly and professionally.,6,9,7
3390,5,173,2023-10-27,6,Fuel consumption is higher than expected.,7,7,7
3391,70,5,2025-09-19,5,"Minor issues with brakes, resolved promptly.",8,8,7
3392,18,164,2025-09-25,9,The truck performs excellently in all terrains.,10,7,9
3393,37,23,2025-07-24,7,Excellent service and friendly dealer staff.,7,7,6
3394,69,136,2024-06-23,9,Excellent service and friendly dealer staff.,6,5,8
3395,38,123,2024-01-04,8,Fuel consumption is higher than expected.,10,6,10
3396,99,173,2023-02-01,5,Support team responded quickly and professionally.,10,6,9
3397,16,137,2025-06-20,9,"Engine efficiency is superb, very satisfied.",5,5,6
3398,80,107,2023-03-14,5,"Delivery was delayed by a few days, disappointed.",8,5,8
3399,38,95,2024-09-16,7,Excellent service and friendly dealer staff.,7,8,6
3400,5,11,2025-03-09,6,"Some scratches noticed on delivery, but acceptable.",5,6,9
3401,38,173,2025-01-09,8,Excellent service and friendly dealer staff.,5,9,9
3402,12,71,2025-07-24,6,"Engine efficiency is superb, very satisfied.",5,9,9
3403,19,87,2024-08-31,7,"Engine efficiency is superb, very satisfied.",10,8,8
3404,55,174,2025-08-28,5,The truck performs excellently in all terrains.,5,10,10
3405,34,68,2025-03-24,5,Would definitely recommend to other logistics companies.,5,10,8
3406,15,67,2024-03-02,5,"Delivery was delayed by a few days, disappointed.",8,9,10
3407,97,58,2024-03-03,5,Cabin comfort could be better for long drives.,9,7,10
3408,65,83,2024-02-19,9,Would definitely recommend to other logistics companies.,7,5,8
3409,86,23,2024-01-07,7,Would definitely recommend to other logistics companies.,7,8,7
3410,32,140,2024-02-08,9,Would definitely recommend to other logistics companies.,5,7,7
3411,24,115,2025-09-03,8,"Engine efficiency is superb, very satisfied.",5,7,6
3412,83,85,2024-06-19,6,"Minor issues with brakes, resolved promptly.",7,6,9
3413,28,70,2024-05-16,9,Would definitely recommend to other logistics companies.,7,6,10
3414,94,31,2024-01-27,10,"Delivery was delayed by a few days, disappointed.",10,7,8
3415,28,77,2023-03-05,5,"Some scratches noticed on delivery, but acceptable.",5,8,6
3416,80,36,2023-10-16,9,"Some scratches noticed on delivery, but acceptable.",9,7,9
3417,73,90,2024-11-28,8,Cabin comfort could be better for long drives.,9,5,9
3418,1,91,2022-11-27,10,"Delivery was delayed by a few days, disappointed.",7,7,6
3419,89,30,2023-09-30,9,Fuel consumption is higher than expected.,6,6,7
3420,55,27,2025-02-08,9,Excellent service and friendly dealer staff.,9,7,10
3421,84,61,2023-06-02,8,Excellent service and friendly dealer staff.,10,8,10
3422,13,110,2025-02-24,6,"Delivery was delayed by a few days, disappointed.",6,7,6
3423,66,185,2025-03-03,8,"Minor issues with brakes, resolved promptly.",6,9,7
3424,72,4,2024-05-04,10,Cabin comfort could be better for long drives.,6,10,9
3425,35,198,2023-12-16,10,"Engine efficiency is superb, very satisfied.",10,7,9
3426,4,39,2022-12-17,5,Excellent service and friendly dealer staff.,9,8,7
3427,33,77,2025-05-18,5,"Minor issues with brakes, resolved promptly.",8,8,9
3428,42,187,2023-09-15,10,"Minor issues with brakes, resolved promptly.",7,10,7
3429,73,23,2024-04-06,8,"Some scratches noticed on delivery, but acceptable.",8,6,10
3430,65,152,2024-04-07,5,"Some scratches noticed on delivery, but acceptable.",6,9,9
3431,30,75,2025-01-23,5,The truck performs excellently in all terrains.,8,6,7
3432,78,185,2023-01-15,10,"Engine efficiency is superb, very satisfied.",7,6,8
3433,11,144,2024-04-27,6,Fuel consumption is higher than expected.,8,7,7
3434,24,24,2024-11-08,10,"Minor issues with brakes, resolved promptly.",5,5,6
3435,2,5,2024-03-23,6,The truck performs excellently in all terrains.,6,8,8
3436,89,61,2025-03-07,10,The truck performs excellently in all terrains.,8,9,10
3437,61,8,2024-12-26,6,"Delivery was delayed by a few days, disappointed.",8,5,6
3438,61,34,2023-10-05,5,"Engine efficiency is superb, very satisfied.",10,8,10
3439,91,63,2023-08-14,7,"Engine efficiency is superb, very satisfied.",8,10,6
3440,17,197,2024-05-14,9,The truck performs excellently in all terrains.,5,9,7
3441,57,2,2024-07-05,8,Would definitely recommend to other logistics companies.,6,7,7
3442,100,183,2025-01-19,7,Fuel consumption is higher than expected.,7,5,10
3443,4,32,2022-11-25,6,Fuel consumption is higher than expected.,9,9,6
3444,65,143,2024-10-31,6,Cabin comfort could be better for long drives.,9,7,6
3445,15,97,2025-01-06,9,"Engine efficiency is superb, very satisfied.",6,6,6
3446,34,15,2025-08-16,5,The truck performs excellently in all terrains.,10,6,7
3447,1,45,2024-03-26,8,Support team responded quickly and professionally.,6,10,9
3448,36,34,2024-01-14,5,"Some scratches noticed on delivery, but acceptable.",8,9,10
3449,85,162,2024-01-20,5,Excellent service and friendly dealer staff.,8,8,8
3450,44,114,2022-11-21,10,"Minor issues with brakes, resolved promptly.",6,9,7
3451,75,177,2023-03-15,10,"Some scratches noticed on delivery, but acceptable.",6,6,6
3452,1,197,2023-02-04,6,Support team responded quickly and professionally.,7,10,7
3453,70,88,2023-07-11,10,"Engine efficiency is superb, very satisfied.",9,10,7
3454,99,120,2025-07-14,10,"Some scratches noticed on delivery, but acceptable.",10,7,9
3455,74,74,2024-10-02,9,"Delivery was delayed by a few days, disappointed.",5,9,9
3456,95,26,2025-02-06,10,"Some scratches noticed on delivery, but acceptable.",10,7,9
3457,15,173,2025-04-10,5,Would definitely recommend to other logistics companies.,9,7,6
3458,30,38,2023-01-08,7,Support team responded quickly and professionally.,10,6,8
3459,36,86,2024-05-11,9,"Engine efficiency is superb, very satisfied.",10,6,8
3460,38,31,2023-01-12,6,Support team responded quickly and professionally.,9,8,8
3461,94,120,2025-08-29,10,"Minor issues with brakes, resolved promptly.",7,6,9
3462,93,27,2024-04-02,7,Excellent service and friendly dealer staff.,7,8,10
3463,17,45,2025-03-10,6,Would definitely recommend to other logistics companies.,8,9,6
3464,11,84,2024-09-04,8,"Delivery was delayed by a few days, disappointed.",9,7,10
3465,67,64,2023-10-26,8,Cabin comfort could be better for long drives.,10,5,10
3466,86,159,2024-04-22,9,"Delivery was delayed by a few days, disappointed.",8,10,7
3467,91,20,2025-05-08,10,"Some scratches noticed on delivery, but acceptable.",10,5,8
3468,46,145,2023-09-20,8,"Minor issues with brakes, resolved promptly.",8,5,10
3469,57,88,2025-04-24,6,"Minor issues with brakes, resolved promptly.",7,10,6
3470,3,79,2023-05-27,5,The truck performs excellently in all terrains.,9,8,6
3471,2,140,2024-04-20,5,Support team responded quickly and professionally.,7,9,6
3472,51,156,2025-09-13,8,"Some scratches noticed on delivery, but acceptable.",7,10,8
3473,74,164,2024-01-23,8,"Some scratches noticed on delivery, but acceptable.",10,10,10
3474,58,164,2023-04-21,9,Would definitely recommend to other logistics companies.,10,7,10
3475,93,18,2025-09-04,7,The truck performs excellently in all terrains.,7,10,8
3476,73,137,2024-12-16,6,"Delivery was delayed by a few days, disappointed.",8,10,7
3477,74,107,2025-03-16,6,Cabin comfort could be better for long drives.,6,5,6
3478,77,18,2024-04-05,7,Cabin comfort could be better for long drives.,6,5,8
3479,9,105,2025-06-26,8,"Minor issues with brakes, resolved promptly.",7,9,10
3480,99,78,2023-08-16,6,"Minor issues with brakes, resolved promptly.",6,10,9
3481,74,102,2024-02-06,7,"Some scratches noticed on delivery, but acceptable.",5,8,6
3482,93,159,2025-04-26,10,Cabin comfort could be better for long drives.,9,5,10
3483,31,180,2024-05-27,9,"Engine efficiency is superb, very satisfied.",6,8,10
3484,14,152,2023-04-05,5,"Delivery was delayed by a few days, disappointed.",10,10,10
3485,93,186,2024-10-27,8,Would definitely recommend to other logistics companies.,8,7,7
3486,38,16,2024-07-14,6,The truck performs excellently in all terrains.,6,9,7
3487,83,135,2023-07-09,10,Cabin comfort could be better for long drives.,8,6,6
3488,57,81,2024-11-03,8,Would definitely recommend to other logistics companies.,6,10,10
3489,81,88,2025-07-28,6,"Delivery was delayed by a few days, disappointed.",6,5,9
3490,26,2,2023-09-16,7,Cabin comfort could be better for long drives.,10,8,10
3491,8,38,2022-12-22,5,Excellent service and friendly dealer staff.,10,7,6
3492,90,92,2024-12-01,7,Would definitely recommend to other logistics companies.,7,6,6
3493,40,107,2022-11-05,7,Would definitely recommend to other logistics companies.,10,7,8
3494,62,3,2024-12-16,9,Excellent service and friendly dealer staff.,6,10,6
3495,27,152,2024-01-29,6,Fuel consumption is higher than expected.,7,7,6
3496,70,167,2025-05-01,6,"Some scratches noticed on delivery, but acceptable.",9,10,8
3497,68,190,2024-05-17,5,Excellent service and friendly dealer staff.,5,9,7
3498,63,97,2023-02-15,5,Excellent service and friendly dealer staff.,5,10,9
3499,85,26,2024-05-14,9,"Some scratches noticed on delivery, but acceptable.",10,8,7
3500,93,68,2025-04-22,6,Fuel consumption is higher than expected.,5,8,6
3501,42,90,2023-03-14,8,Support team responded quickly and professionally.,9,10,6
3502,57,28,2023-09-06,9,Support team responded quickly and professionally.,7,9,6
3503,67,119,2023-08-19,9,Excellent service and friendly dealer staff.,9,10,7
3504,6,139,2024-10-15,10,"Some scratches noticed on delivery, but acceptable.",6,7,9
3505,96,75,2024-01-12,5,"Engine efficiency is superb, very satisfied.",10,5,10
3506,15,84,2024-05-25,6,Support team responded quickly and professionally.,5,8,9
3507,26,116,2024-12-29,7,Support team responded quickly and professionally.,5,8,10
3508,36,81,2024-05-04,9,"Delivery was delayed by a few days, disappointed.",6,6,9
3509,90,50,2022-10-17,9,Would definitely recommend to other logistics companies.,7,5,10
3510,86,16,2025-09-07,10,Fuel consumption is higher than expected.,6,9,10
3511,89,100,2023-03-04,9,Cabin comfort could be better for long drives.,6,9,7
3512,62,1,2025-09-22,10,"Some scratches noticed on delivery, but acceptable.",5,7,10
3513,65,36,2023-12-23,10,"Some scratches noticed on delivery, but acceptable.",10,9,10
3514,38,12,2025-10-06,5,"Delivery was delayed by a few days, disappointed.",6,6,9
3515,42,44,2025-01-22,6,Cabin comfort could be better for long drives.,5,5,6
3516,33,121,2025-05-10,9,"Some scratches noticed on delivery, but acceptable.",5,6,8
3517,3,160,2022-12-03,10,"Engine efficiency is superb, very satisfied.",6,10,6
3518,61,198,2023-10-17,8,The truck performs excellently in all terrains.,7,6,6
3519,66,43,2025-07-16,8,"Some scratches noticed on delivery, but acceptable.",8,6,8
3520,42,134,2023-08-09,7,"Minor issues with brakes, resolved promptly.",6,9,8
3521,45,45,2023-09-12,5,Support team responded quickly and professionally.,6,8,9
3522,24,71,2024-01-02,7,Would definitely recommend to other logistics companies.,10,9,8
3523,25,183,2025-02-17,10,"Minor issues with brakes, resolved promptly.",5,6,8
3524,10,168,2022-12-29,9,"Some scratches noticed on delivery, but acceptable.",5,10,10
3525,57,24,2023-11-26,5,"Some scratches noticed on delivery, but acceptable.",9,7,7
3526,68,176,2025-05-25,6,"Engine efficiency is superb, very satisfied.",8,10,8
3527,56,42,2023-12-30,7,Excellent service and friendly dealer staff.,5,9,6
3528,64,118,2023-09-30,10,Excellent service and friendly dealer staff.,9,5,9
3529,80,122,2024-10-23,8,Cabin comfort could be better for long drives.,6,5,6
3530,14,5,2024-11-30,6,Fuel consumption is higher than expected.,5,6,7
3531,10,64,2022-12-02,5,"Some scratches noticed on delivery, but acceptable.",6,7,6
3532,94,192,2024-07-13,6,Would definitely recommend to other logistics companies.,5,8,7
3533,6,132,2023-06-13,8,Fuel consumption is higher than expected.,5,5,6
3534,17,49,2023-03-18,5,"Delivery was delayed by a few days, disappointed.",8,6,8
3535,75,98,2023-10-22,5,"Minor issues with brakes, resolved promptly.",7,7,6
3536,44,139,2022-10-30,10,Support team responded quickly and professionally.,8,6,6
3537,58,175,2023-06-18,7,"Delivery was delayed by a few days, disappointed.",8,5,9
3538,51,178,2023-05-02,8,Would definitely recommend to other logistics companies.,7,9,9
3539,50,147,2025-03-11,5,"Minor issues with brakes, resolved promptly.",6,9,7
3540,86,40,2022-12-18,6,"Engine efficiency is superb, very satisfied.",10,8,7
3541,60,19,2025-01-09,10,Would definitely recommend to other logistics companies.,8,10,9
3542,89,75,2025-04-22,6,Excellent service and friendly dealer staff.,8,8,6
3543,31,12,2025-09-20,7,Fuel consumption is higher than expected.,10,6,8
3544,55,105,2024-06-13,5,"Engine efficiency is superb, very satisfied.",7,9,6
3545,87,51,2023-04-19,8,Would definitely recommend to other logistics companies.,8,7,7
3546,78,62,2023-04-16,10,"Delivery was delayed by a few days, disappointed.",8,10,6
3547,72,55,2025-05-22,8,"Delivery was delayed by a few days, disappointed.",8,10,9
3548,11,136,2023-06-16,8,Fuel consumption is higher than expected.,10,8,8
3549,60,189,2025-07-13,5,Cabin comfort could be better for long drives.,8,5,8
3550,77,153,2024-09-23,6,"Delivery was delayed by a few days, disappointed.",6,10,10
3551,42,193,2024-02-16,9,"Delivery was delayed by a few days, disappointed.",6,9,7
3552,77,182,2025-01-17,6,"Engine efficiency is superb, very satisfied.",5,5,6
3553,95,150,2025-04-15,6,Fuel consumption is higher than expected.,7,7,9
3554,6,156,2024-07-01,6,Excellent service and friendly dealer staff.,10,8,9
3555,19,131,2024-07-06,6,"Minor issues with brakes, resolved promptly.",8,8,7
3556,33,4,2023-11-14,5,Support team responded quickly and professionally.,6,6,8
3557,1,118,2024-10-15,9,Support team responded quickly and professionally.,6,6,7
3558,31,101,2023-02-24,7,Excellent service and friendly dealer staff.,7,9,10
3559,94,114,2025-03-31,8,Cabin comfort could be better for long drives.,9,6,10
3560,47,131,2023-04-01,9,Fuel consumption is higher than expected.,6,5,8
3561,23,97,2025-05-19,6,Excellent service and friendly dealer staff.,8,8,10
3562,12,73,2023-12-07,6,Support team responded quickly and professionally.,8,5,7
3563,47,91,2023-07-26,6,Fuel consumption is higher than expected.,10,8,6
3564,96,31,2023-04-12,10,The truck performs excellently in all terrains.,10,10,10
3565,42,90,2023-05-11,10,"Engine efficiency is superb, very satisfied.",5,8,7
3566,5,116,2025-09-23,6,Support team responded quickly and professionally.,7,9,9
3567,98,169,2024-04-29,10,Fuel consumption is higher than expected.,8,10,6
3568,100,112,2023-04-28,7,Fuel consumption is higher than expected.,6,5,7
3569,42,95,2024-06-08,5,The truck performs excellently in all terrains.,6,10,9
3570,99,135,2023-04-15,9,Would definitely recommend to other logistics companies.,5,8,7
3571,16,15,2022-10-16,6,Would definitely recommend to other logistics companies.,6,10,8
3572,5,53,2025-05-10,7,Excellent service and friendly dealer staff.,6,8,6
3573,78,13,2024-06-02,5,"Delivery was delayed by a few days, disappointed.",9,5,6
3574,9,49,2024-07-12,10,"Some scratches noticed on delivery, but acceptable.",8,9,8
3575,73,75,2024-07-10,7,Fuel consumption is higher than expected.,5,7,6
3576,68,54,2024-05-07,9,Cabin comfort could be better for long drives.,10,5,8
3577,4,30,2023-07-25,7,Would definitely recommend to other logistics companies.,5,6,8
3578,29,99,2025-01-01,9,Cabin comfort could be better for long drives.,6,7,10
3579,38,123,2025-02-01,10,"Some scratches noticed on delivery, but acceptable.",10,7,10
3580,35,46,2023-07-30,6,Fuel consumption is higher than expected.,7,6,6
3581,72,2,2023-08-09,6,"Engine efficiency is superb, very satisfied.",8,5,9
3582,41,109,2023-02-24,7,Support team responded quickly and professionally.,8,10,8
3583,31,28,2025-09-23,10,Fuel consumption is higher than expected.,7,5,7
3584,16,120,2023-05-25,9,Cabin comfort could be better for long drives.,6,10,10
3585,39,154,2025-05-26,6,Support team responded quickly and professionally.,5,7,10
3586,95,6,2025-10-04,7,Excellent service and friendly dealer staff.,5,8,6
3587,66,94,2025-04-17,8,"Engine efficiency is superb, very satisfied.",7,9,9
3588,37,91,2024-05-17,5,"Engine efficiency is superb, very satisfied.",10,6,6
3589,48,142,2024-03-28,5,Excellent service and friendly dealer staff.,5,9,9
3590,18,145,2022-12-20,9,The truck performs excellently in all terrains.,9,10,6
3591,69,120,2025-01-03,9,Would definitely recommend to other logistics companies.,9,9,6
3592,21,71,2023-02-02,10,Support team responded quickly and professionally.,10,8,6
3593,38,107,2025-08-07,5,Excellent service and friendly dealer staff.,7,5,9
3594,2,3,2023-02-28,7,"Delivery was delayed by a few days, disappointed.",8,10,10
3595,86,42,2025-06-04,9,Fuel consumption is higher than expected.,8,8,10
3596,20,112,2025-04-18,6,"Delivery was delayed by a few days, disappointed.",9,9,8
3597,41,112,2022-11-30,6,The truck performs excellently in all terrains.,10,7,9
3598,56,141,2023-09-21,7,"Delivery was delayed by a few days, disappointed.",9,8,6
3599,91,17,2022-10-14,5,"Some scratches noticed on delivery, but acceptable.",10,10,7
3600,83,71,2023-11-08,10,"Delivery was delayed by a few days, disappointed.",9,6,9
3601,22,99,2022-10-16,5,Fuel consumption is higher than expected.,8,8,8
3602,75,83,2025-01-12,5,"Delivery was delayed by a few days, disappointed.",5,9,9
3603,27,29,2023-05-05,6,"Engine efficiency is superb, very satisfied.",10,5,8
3604,29,175,2024-10-17,10,The truck performs excellently in all terrains.,8,9,9
3605,78,117,2023-05-22,7,"Minor issues with brakes, resolved promptly.",9,5,6
3606,35,34,2023-09-21,6,Would definitely recommend to other logistics companies.,5,6,6
3607,86,108,2023-09-27,7,Fuel consumption is higher than expected.,6,9,9
3608,78,156,2023-03-21,7,Support team responded quickly and professionally.,7,8,8
3609,23,168,2024-05-06,10,Would definitely recommend to other logistics companies.,9,8,6
3610,44,3,2022-11-26,7,"Delivery was delayed by a few days, disappointed.",8,8,10
3611,37,1,2023-12-27,6,The truck performs excellently in all terrains.,6,6,8
3612,18,177,2025-06-19,6,Cabin comfort could be better for long drives.,9,6,10
3613,18,2,2025-09-12,7,The truck performs excellently in all terrains.,9,9,10
3614,87,28,2025-07-09,7,Support team responded quickly and professionally.,6,9,7
3615,76,170,2024-05-15,5,Would definitely recommend to other logistics companies.,5,6,7
3616,85,199,2023-08-13,6,"Some scratches noticed on delivery, but acceptable.",5,8,8
3617,49,81,2025-03-17,6,Cabin comfort could be better for long drives.,5,9,10
3618,45,41,2025-05-26,6,Would definitely recommend to other logistics companies.,6,6,8
3619,14,33,2025-02-17,5,"Delivery was delayed by a few days, disappointed.",5,8,6
3620,50,95,2024-03-24,6,Fuel consumption is higher than expected.,6,6,7
3621,88,183,2023-07-22,6,Would definitely recommend to other logistics companies.,10,9,7
3622,28,163,2025-05-07,9,Fuel consumption is higher than expected.,10,9,7
3623,74,19,2023-01-24,5,Cabin comfort could be better for long drives.,9,9,9
3624,37,43,2023-05-16,8,Support team responded quickly and professionally.,7,6,8
3625,51,3,2023-06-11,8,"Some scratches noticed on delivery, but acceptable.",6,7,10
3626,61,65,2023-11-29,5,"Some scratches noticed on delivery, but acceptable.",6,6,9
3627,49,48,2023-07-30,6,"Delivery was delayed by a few days, disappointed.",7,5,8
3628,76,79,2024-08-18,6,"Some scratches noticed on delivery, but acceptable.",9,8,8
3629,58,158,2025-07-12,7,"Minor issues with brakes, resolved promptly.",8,9,7
3630,24,122,2025-06-27,5,"Delivery was delayed by a few days, disappointed.",6,7,8
3631,13,34,2024-08-03,8,Would definitely recommend to other logistics companies.,10,6,8
3632,68,71,2025-06-02,10,"Some scratches noticed on delivery, but acceptable.",5,9,7
3633,12,158,2023-05-15,8,Excellent service and friendly dealer staff.,7,7,8
3634,100,94,2023-12-02,8,Would definitely recommend to other logistics companies.,7,7,10
3635,2,73,2023-02-05,5,Fuel consumption is higher than expected.,8,6,7
3636,97,59,2025-08-05,9,Support team responded quickly and professionally.,6,9,6
3637,53,24,2025-02-25,6,Excellent service and friendly dealer staff.,9,7,10
3638,34,40,2024-03-31,5,"Some scratches noticed on delivery, but acceptable.",9,8,8
3639,32,116,2024-03-10,9,"Some scratches noticed on delivery, but acceptable.",7,5,7
3640,13,25,2023-12-26,7,Fuel consumption is higher than expected.,8,6,8
3641,48,68,2024-01-20,7,The truck performs excellently in all terrains.,9,7,10
3642,47,80,2025-03-16,6,Support team responded quickly and professionally.,9,9,10
3643,8,91,2023-10-31,8,Cabin comfort could be better for long drives.,10,6,6
3644,26,47,2024-12-09,10,"Minor issues with brakes, resolved promptly.",6,9,7
3645,5,100,2024-03-23,7,Cabin comfort could be better for long drives.,5,5,9
3646,69,22,2024-04-18,7,Would definitely recommend to other logistics companies.,6,5,10
3647,52,8,2024-04-20,6,"Delivery was delayed by a few days, disappointed.",10,5,9
3648,80,173,2024-06-08,8,"Minor issues with brakes, resolved promptly.",6,5,10
3649,5,41,2025-08-28,7,"Delivery was delayed by a few days, disappointed.",7,10,10
3650,13,51,2024-08-16,9,"Some scratches noticed on delivery, but acceptable.",10,8,6
3651,42,178,2023-04-08,7,Support team responded quickly and professionally.,5,8,6
3652,56,107,2023-09-22,10,Excellent service and friendly dealer staff.,9,9,6
3653,22,126,2025-05-24,9,Support team responded quickly and professionally.,6,6,7
3654,59,197,2023-07-17,9,Would definitely recommend to other logistics companies.,7,9,6
3655,14,28,2023-09-17,6,"Minor issues with brakes, resolved promptly.",9,8,6
3656,43,93,2023-07-06,8,"Engine efficiency is superb, very satisfied.",9,10,6
3657,41,21,2023-11-30,10,"Delivery was delayed by a few days, disappointed.",10,8,9
3658,29,126,2022-12-19,10,"Delivery was delayed by a few days, disappointed.",8,9,7
3659,13,31,2024-02-02,9,"Minor issues with brakes, resolved promptly.",10,5,10
3660,66,43,2025-03-10,5,"Some scratches noticed on delivery, but acceptable.",6,9,10
3661,50,162,2022-10-31,5,The truck performs excellently in all terrains.,7,7,10
3662,60,181,2025-02-28,10,Support team responded quickly and professionally.,5,5,6
3663,24,125,2023-09-10,7,Excellent service and friendly dealer staff.,5,8,7
3664,7,28,2023-12-24,7,Cabin comfort could be better for long drives.,6,8,7
3665,83,156,2024-10-01,7,Support team responded quickly and professionally.,7,8,10
3666,51,124,2023-03-09,7,"Minor issues with brakes, resolved promptly.",7,10,7
3667,64,6,2025-09-16,5,Excellent service and friendly dealer staff.,7,7,10
3668,25,147,2023-07-17,6,Cabin comfort could be better for long drives.,5,8,6
3669,34,110,2024-07-12,6,Fuel consumption is higher than expected.,8,5,7
3670,38,12,2022-12-15,5,"Minor issues with brakes, resolved promptly.",9,10,8
3671,89,2,2023-06-16,10,The truck performs excellently in all terrains.,10,9,7
3672,64,24,2023-05-30,8,"Some scratches noticed on delivery, but acceptable.",7,8,9
3673,58,156,2022-10-28,6,Excellent service and friendly dealer staff.,7,10,8
3674,81,9,2022-12-28,6,Would definitely recommend to other logistics companies.,6,7,7
3675,30,164,2023-06-18,8,"Some scratches noticed on delivery, but acceptable.",10,9,9
3676,66,85,2023-05-02,5,Cabin comfort could be better for long drives.,7,7,10
3677,5,166,2024-10-15,6,Fuel consumption is higher than expected.,7,10,7
3678,38,168,2024-01-23,9,Support team responded quickly and professionally.,7,6,6
3679,86,13,2022-12-02,7,"Delivery was delayed by a few days, disappointed.",9,10,6
3680,85,101,2023-04-20,9,Support team responded quickly and professionally.,10,8,8
3681,80,70,2024-10-10,8,"Some scratches noticed on delivery, but acceptable.",8,9,6
3682,21,43,2023-11-26,9,Would definitely recommend to other logistics companies.,6,5,10
3683,46,74,2023-01-31,10,Would definitely recommend to other logistics companies.,6,5,10
3684,49,73,2023-01-12,6,"Engine efficiency is superb, very satisfied.",5,10,6
3685,46,103,2022-10-10,5,"Minor issues with brakes, resolved promptly.",7,9,9
3686,72,24,2022-12-15,8,Would definitely recommend to other logistics companies.,10,7,6
3687,98,10,2023-07-15,10,Fuel consumption is higher than expected.,8,7,9
3688,15,45,2023-12-08,5,"Some scratches noticed on delivery, but acceptable.",5,6,9
3689,82,120,2023-03-26,7,Cabin comfort could be better for long drives.,9,8,10
3690,46,17,2023-08-25,7,Excellent service and friendly dealer staff.,9,7,9
3691,71,117,2025-08-22,6,"Delivery was delayed by a few days, disappointed.",10,5,9
3692,100,4,2024-12-12,7,"Delivery was delayed by a few days, disappointed.",9,8,8
3693,23,81,2023-12-15,8,Would definitely recommend to other logistics companies.,6,7,10
3694,5,178,2022-11-07,9,Would definitely recommend to other logistics companies.,8,8,10
3695,7,9,2022-11-30,7,Excellent service and friendly dealer staff.,9,9,7
3696,13,12,2023-06-14,7,"Minor issues with brakes, resolved promptly.",6,7,9
3697,40,154,2022-11-22,8,"Engine efficiency is superb, very satisfied.",5,9,6
3698,72,174,2025-07-22,6,Cabin comfort could be better for long drives.,5,8,8
3699,49,130,2023-11-23,7,Fuel consumption is higher than expected.,6,8,9
3700,28,56,2025-08-29,7,"Some scratches noticed on delivery, but acceptable.",7,6,8
3701,27,58,2025-04-17,6,Fuel consumption is higher than expected.,5,10,9
3702,2,121,2023-12-26,6,"Delivery was delayed by a few days, disappointed.",10,5,7
3703,16,14,2024-09-25,10,The truck performs excellently in all terrains.,7,5,7
3704,20,2,2022-11-21,5,Excellent service and friendly dealer staff.,6,6,8
3705,13,87,2022-12-01,7,Would definitely recommend to other logistics companies.,6,6,10
3706,56,62,2024-07-23,8,"Minor issues with brakes, resolved promptly.",10,9,9
3707,12,144,2025-03-14,5,"Delivery was delayed by a few days, disappointed.",5,8,10
3708,6,111,2023-02-05,7,The truck performs excellently in all terrains.,8,5,7
3709,48,44,2025-09-23,7,"Some scratches noticed on delivery, but acceptable.",7,7,8
3710,76,31,2023-05-04,8,Support team responded quickly and professionally.,7,9,8
3711,7,156,2022-12-31,6,"Some scratches noticed on delivery, but acceptable.",7,6,8
3712,61,60,2024-01-20,9,Cabin comfort could be better for long drives.,7,10,10
3713,64,28,2024-10-26,6,Would definitely recommend to other logistics companies.,8,7,6
3714,61,180,2023-02-01,5,Fuel consumption is higher than expected.,9,10,9
3715,6,96,2022-12-27,10,The truck performs excellently in all terrains.,5,5,9
3716,62,31,2023-05-18,7,"Minor issues with brakes, resolved promptly.",9,9,9
3717,26,145,2022-12-21,9,The truck performs excellently in all terrains.,8,7,8
3718,46,162,2025-05-03,6,Fuel consumption is higher than expected.,5,8,10
3719,37,47,2023-12-08,5,"Delivery was delayed by a few days, disappointed.",5,9,10
3720,70,181,2024-05-04,9,"Some scratches noticed on delivery, but acceptable.",7,6,10
3721,43,175,2024-05-29,8,The truck performs excellently in all terrains.,5,8,7
3722,73,22,2023-03-23,10,Support team responded quickly and professionally.,9,6,8
3723,100,4,2025-01-27,8,Support team responded quickly and professionally.,5,6,7
3724,5,27,2023-02-03,7,Support team responded quickly and professionally.,5,8,7
3725,3,69,2025-05-06,7,Would definitely recommend to other logistics companies.,6,8,7
3726,82,5,2024-03-29,8,"Minor issues with brakes, resolved promptly.",8,8,8
3727,40,99,2024-02-03,5,Fuel consumption is higher than expected.,10,8,7
3728,67,49,2024-03-19,9,"Some scratches noticed on delivery, but acceptable.",7,6,9
3729,28,165,2023-09-13,9,Fuel consumption is higher than expected.,6,7,8
3730,29,152,2025-08-05,9,Cabin comfort could be better for long drives.,8,8,10
3731,93,67,2025-05-27,8,"Engine efficiency is superb, very satisfied.",7,7,8
3732,32,35,2024-02-08,9,Cabin comfort could be better for long drives.,8,9,6
3733,49,137,2023-05-06,9,"Engine efficiency is superb, very satisfied.",8,6,10
3734,5,37,2024-11-15,8,"Delivery was delayed by a few days, disappointed.",10,10,9
3735,92,41,2023-04-03,5,Excellent service and friendly dealer staff.,6,5,7
3736,61,90,2025-07-30,10,The truck performs excellently in all terrains.,7,10,9
3737,33,59,2024-02-10,7,"Delivery was delayed by a few days, disappointed.",6,10,7
3738,37,121,2024-04-30,5,"Engine efficiency is superb, very satisfied.",5,8,8
3739,50,81,2025-06-12,7,"Minor issues with brakes, resolved promptly.",10,9,7
3740,94,70,2024-04-26,7,"Delivery was delayed by a few days, disappointed.",8,6,6
3741,90,91,2023-03-26,8,"Delivery was delayed by a few days, disappointed.",5,6,7
3742,97,61,2023-06-18,10,Cabin comfort could be better for long drives.,6,5,7
3743,94,48,2023-10-18,5,"Minor issues with brakes, resolved promptly.",9,10,9
3744,81,6,2023-09-12,7,Support team responded quickly and professionally.,7,9,7
3745,34,42,2023-04-14,7,"Minor issues with brakes, resolved promptly.",8,10,9
3746,11,159,2024-03-03,8,"Minor issues with brakes, resolved promptly.",9,7,6
3747,63,43,2024-03-25,7,"Engine efficiency is superb, very satisfied.",6,9,7
3748,36,58,2023-02-21,9,"Some scratches noticed on delivery, but acceptable.",9,10,9
3749,63,27,2024-07-21,9,"Minor issues with brakes, resolved promptly.",9,10,7
3750,90,167,2025-02-09,10,Support team responded quickly and professionally.,8,9,8
3751,47,196,2023-03-10,10,Excellent service and friendly dealer staff.,6,9,10
3752,62,119,2024-11-03,5,The truck performs excellently in all terrains.,7,7,6
3753,34,2,2024-02-15,7,Fuel consumption is higher than expected.,10,10,10
3754,87,36,2025-04-22,9,"Delivery was delayed by a few days, disappointed.",8,8,10
3755,35,139,2023-08-20,8,"Engine efficiency is superb, very satisfied.",8,8,8
3756,84,170,2024-12-29,6,Support team responded quickly and professionally.,7,10,8
3757,26,31,2024-04-09,10,"Delivery was delayed by a few days, disappointed.",6,6,7
3758,50,43,2024-03-16,5,"Minor issues with brakes, resolved promptly.",6,10,7
3759,96,79,2023-07-03,9,Would definitely recommend to other logistics companies.,7,9,7
3760,50,163,2024-09-16,6,"Engine efficiency is superb, very satisfied.",7,9,9
3761,7,170,2024-01-09,9,Excellent service and friendly dealer staff.,5,10,9
3762,72,148,2024-03-16,6,Cabin comfort could be better for long drives.,5,8,7
3763,57,51,2025-03-26,8,"Delivery was delayed by a few days, disappointed.",6,9,9
3764,49,76,2023-12-08,10,Cabin comfort could be better for long drives.,10,9,8
3765,47,77,2025-03-21,8,"Some scratches noticed on delivery, but acceptable.",5,8,8
3766,4,47,2023-12-13,8,"Minor issues with brakes, resolved promptly.",7,6,7
3767,82,148,2025-04-10,8,"Delivery was delayed by a few days, disappointed.",6,7,8
3768,30,47,2024-06-08,9,Excellent service and friendly dealer staff.,9,9,9
3769,72,57,2023-09-09,7,Excellent service and friendly dealer staff.,9,9,8
3770,65,100,2023-03-23,7,Would definitely recommend to other logistics companies.,5,9,8
3771,41,8,2023-12-15,8,"Engine efficiency is superb, very satisfied.",10,9,7
3772,59,146,2023-10-08,8,"Delivery was delayed by a few days, disappointed.",6,10,6
3773,3,123,2024-10-02,8,Cabin comfort could be better for long drives.,7,9,7
3774,94,84,2022-10-26,6,Fuel consumption is higher than expected.,8,5,8
3775,98,153,2025-08-26,7,"Engine efficiency is superb, very satisfied.",9,9,6
3776,50,75,2023-08-29,5,Fuel consumption is higher than expected.,7,5,9
3777,62,44,2025-01-07,6,The truck performs excellently in all terrains.,10,6,6
3778,61,170,2024-02-05,9,"Engine efficiency is superb, very satisfied.",5,9,8
3779,85,61,2023-04-29,10,The truck performs excellently in all terrains.,6,9,10
3780,16,122,2023-12-24,8,Would definitely recommend to other logistics companies.,9,6,6
3781,21,72,2024-11-28,5,Would definitely recommend to other logistics companies.,9,6,7
3782,62,160,2025-07-12,10,Would definitely recommend to other logistics companies.,10,7,8
3783,44,85,2023-06-22,10,"Some scratches noticed on delivery, but acceptable.",8,5,6
3784,36,170,2023-11-27,9,"Delivery was delayed by a few days, disappointed.",8,7,6
3785,95,89,2025-09-20,8,"Minor issues with brakes, resolved promptly.",8,5,9
3786,50,195,2023-08-26,6,Support team responded quickly and professionally.,10,7,6
3787,49,101,2025-08-01,8,Fuel consumption is higher than expected.,9,10,7
3788,65,196,2023-11-04,10,The truck performs excellently in all terrains.,6,9,9
3789,86,179,2025-03-25,9,Cabin comfort could be better for long drives.,6,6,9
3790,71,184,2023-03-11,10,Cabin comfort could be better for long drives.,6,9,7
3791,15,138,2025-05-07,8,Cabin comfort could be better for long drives.,6,6,6
3792,22,33,2025-03-20,6,The truck performs excellently in all terrains.,9,8,8
3793,37,6,2025-06-16,8,Support team responded quickly and professionally.,9,7,6
3794,16,14,2024-10-29,6,"Delivery was delayed by a few days, disappointed.",7,6,7
3795,2,43,2025-04-28,6,"Minor issues with brakes, resolved promptly.",5,10,9
3796,26,25,2023-06-14,9,Cabin comfort could be better for long drives.,9,10,10
3797,21,186,2024-09-20,7,Excellent service and friendly dealer staff.,5,6,10
3798,72,155,2025-03-26,8,"Engine efficiency is superb, very satisfied.",5,7,6
3799,10,88,2022-12-18,10,Would definitely recommend to other logistics companies.,9,7,9
3800,58,133,2024-08-07,8,"Minor issues with brakes, resolved promptly.",6,7,10
3801,80,86,2023-02-03,5,Would definitely recommend to other logistics companies.,9,8,10
3802,30,153,2023-08-06,6,"Engine efficiency is superb, very satisfied.",8,9,6
3803,52,84,2025-05-15,8,"Some scratches noticed on delivery, but acceptable.",7,10,10
3804,25,162,2022-12-08,10,Excellent service and friendly dealer staff.,6,5,10
3805,46,34,2024-08-20,9,"Delivery was delayed by a few days, disappointed.",10,7,9
3806,89,62,2025-05-02,10,Cabin comfort could be better for long drives.,9,6,6
3807,66,71,2024-08-08,7,The truck performs excellently in all terrains.,5,8,8
3808,4,116,2025-07-17,10,Cabin comfort could be better for long drives.,6,5,9
3809,54,50,2025-05-05,10,Support team responded quickly and professionally.,5,9,10
3810,2,32,2024-03-11,6,"Engine efficiency is superb, very satisfied.",8,7,9
3811,66,135,2025-08-13,8,The truck performs excellently in all terrains.,6,7,6
3812,52,101,2024-01-27,9,"Some scratches noticed on delivery, but acceptable.",5,10,8
3813,59,45,2023-09-08,8,Support team responded quickly and professionally.,9,5,8
3814,1,41,2022-10-22,9,"Minor issues with brakes, resolved promptly.",9,10,10
3815,22,94,2023-11-25,6,"Engine efficiency is superb, very satisfied.",9,9,9
3816,34,149,2025-06-20,9,The truck performs excellently in all terrains.,8,8,10
3817,69,39,2023-04-16,9,Would definitely recommend to other logistics companies.,7,7,7
3818,43,7,2023-07-14,7,Cabin comfort could be better for long drives.,6,7,6
3819,59,99,2025-02-08,7,"Minor issues with brakes, resolved promptly.",8,9,10
3820,54,166,2025-07-02,9,Support team responded quickly and professionally.,6,5,10
3821,4,168,2023-05-02,5,"Minor issues with brakes, resolved promptly.",6,5,9
3822,8,25,2024-03-09,6,Fuel consumption is higher than expected.,8,5,10
3823,37,100,2023-09-21,7,The truck performs excellently in all terrains.,5,8,7
3824,78,144,2023-04-11,10,"Minor issues with brakes, resolved promptly.",6,6,8
3825,38,75,2023-12-22,6,Support team responded quickly and professionally.,7,5,6
3826,50,143,2023-08-13,7,"Engine efficiency is superb, very satisfied.",7,9,7
3827,97,140,2024-09-15,6,"Engine efficiency is superb, very satisfied.",8,10,6
3828,1,39,2024-02-23,8,"Minor issues with brakes, resolved promptly.",6,7,9
3829,53,92,2023-10-07,8,"Engine efficiency is superb, very satisfied.",9,10,7
3830,71,114,2023-07-04,6,"Delivery was delayed by a few days, disappointed.",6,10,7
3831,27,12,2024-05-05,9,Fuel consumption is higher than expected.,7,9,6
3832,35,190,2023-10-07,8,Cabin comfort could be better for long drives.,5,9,7
3833,75,174,2024-12-14,7,Support team responded quickly and professionally.,5,5,7
3834,40,40,2024-05-06,10,"Minor issues with brakes, resolved promptly.",8,9,10
3835,31,14,2024-06-12,7,Fuel consumption is higher than expected.,10,5,10
3836,68,164,2023-02-19,7,"Minor issues with brakes, resolved promptly.",9,7,6
3837,71,190,2023-12-19,5,Support team responded quickly and professionally.,9,10,9
3838,17,61,2024-04-11,5,"Minor issues with brakes, resolved promptly.",5,7,9
3839,47,56,2025-02-24,10,Fuel consumption is higher than expected.,6,5,10
3840,61,62,2023-02-10,9,"Minor issues with brakes, resolved promptly.",8,5,10
3841,92,7,2025-06-20,10,The truck performs excellently in all terrains.,7,6,10
3842,22,100,2025-06-29,10,Support team responded quickly and professionally.,5,5,9
3843,48,177,2024-01-06,9,"Delivery was delayed by a few days, disappointed.",9,8,7
3844,41,198,2024-01-14,9,Fuel consumption is higher than expected.,10,5,9
3845,68,38,2025-03-01,6,Support team responded quickly and professionally.,8,9,6
3846,93,195,2024-10-11,9,Fuel consumption is higher than expected.,8,9,8
3847,15,43,2024-05-24,10,"Some scratches noticed on delivery, but acceptable.",5,10,6
3848,35,198,2023-06-26,9,Excellent service and friendly dealer staff.,6,9,10
3849,68,181,2024-07-27,9,Would definitely recommend to other logistics companies.,6,10,9
3850,83,120,2025-04-06,6,"Some scratches noticed on delivery, but acceptable.",7,10,9
3851,33,147,2025-06-26,6,Cabin comfort could be better for long drives.,7,9,9
3852,79,51,2025-09-14,7,Fuel consumption is higher than expected.,6,10,8
3853,61,17,2023-07-10,5,Fuel consumption is higher than expected.,5,5,9
3854,19,96,2025-06-27,10,"Some scratches noticed on delivery, but acceptable.",10,7,10
3855,78,38,2023-02-20,10,"Minor issues with brakes, resolved promptly.",5,9,6
3856,48,177,2023-02-06,8,"Some scratches noticed on delivery, but acceptable.",5,7,6
3857,1,66,2024-02-25,8,"Minor issues with brakes, resolved promptly.",9,9,10
3858,81,186,2023-10-28,8,The truck performs excellently in all terrains.,9,5,6
3859,72,29,2024-04-26,7,"Delivery was delayed by a few days, disappointed.",7,9,7
3860,80,69,2023-05-03,8,Would definitely recommend to other logistics companies.,5,8,6
3861,23,146,2022-12-03,5,"Delivery was delayed by a few days, disappointed.",10,8,9
3862,30,111,2025-05-21,9,Support team responded quickly and professionally.,10,10,7
3863,90,64,2024-06-04,7,The truck performs excellently in all terrains.,8,7,6
3864,65,183,2023-08-24,8,"Minor issues with brakes, resolved promptly.",9,6,7
3865,83,73,2022-12-25,10,Would definitely recommend to other logistics companies.,6,5,6
3866,98,180,2025-08-16,8,Excellent service and friendly dealer staff.,7,8,10
3867,67,99,2024-02-02,9,The truck performs excellently in all terrains.,6,6,9
3868,95,45,2024-10-31,9,Fuel consumption is higher than expected.,5,10,8
3869,28,37,2025-08-17,10,Fuel consumption is higher than expected.,6,7,6
3870,53,44,2025-08-05,9,Excellent service and friendly dealer staff.,9,10,7
3871,51,75,2023-11-02,10,"Some scratches noticed on delivery, but acceptable.",7,5,6
3872,65,120,2025-08-30,10,"Delivery was delayed by a few days, disappointed.",10,5,6
3873,90,47,2024-04-19,8,Fuel consumption is higher than expected.,7,9,8
3874,10,133,2025-03-15,6,Would definitely recommend to other logistics companies.,10,8,9
3875,25,115,2024-06-29,9,Support team responded quickly and professionally.,7,8,6
3876,93,138,2022-12-17,5,"Minor issues with brakes, resolved promptly.",7,10,10
3877,69,99,2025-07-14,5,Would definitely recommend to other logistics companies.,9,10,6
3878,84,99,2024-10-02,7,"Delivery was delayed by a few days, disappointed.",6,9,8
3879,17,162,2022-12-27,5,"Delivery was delayed by a few days, disappointed.",5,6,8
3880,98,79,2023-01-07,7,Support team responded quickly and professionally.,10,6,6
3881,9,173,2023-10-05,5,Support team responded quickly and professionally.,7,10,8
3882,99,66,2025-05-13,6,"Some scratches noticed on delivery, but acceptable.",6,9,9
3883,77,115,2024-04-17,9,"Delivery was delayed by a few days, disappointed.",10,5,8
3884,53,145,2025-07-14,8,"Delivery was delayed by a few days, disappointed.",6,5,7
3885,18,63,2022-12-04,7,Fuel consumption is higher than expected.,6,5,10
3886,56,132,2022-12-09,9,Excellent service and friendly dealer staff.,10,5,6
3887,86,143,2025-06-28,8,Support team responded quickly and professionally.,5,7,9
3888,2,62,2023-02-05,10,Fuel consumption is higher than expected.,10,9,7
3889,22,126,2022-11-18,8,"Engine efficiency is superb, very satisfied.",6,6,8
3890,12,31,2024-06-09,6,"Engine efficiency is superb, very satisfied.",10,6,7
3891,64,126,2024-06-04,6,Support team responded quickly and professionally.,9,9,6
3892,41,82,2023-09-24,9,Excellent service and friendly dealer staff.,5,9,9
3893,40,33,2025-04-14,10,"Engine efficiency is superb, very satisfied.",6,9,9
3894,100,162,2025-04-19,10,Would definitely recommend to other logistics companies.,5,9,9
3895,44,16,2023-01-31,6,"Some scratches noticed on delivery, but acceptable.",9,5,10
3896,63,143,2025-01-04,10,The truck performs excellently in all terrains.,5,6,9
3897,79,21,2025-04-13,5,"Engine efficiency is superb, very satisfied.",7,6,6
3898,43,186,2025-07-29,10,Excellent service and friendly dealer staff.,9,7,6
3899,81,110,2023-10-13,6,The truck performs excellently in all terrains.,5,5,6
3900,20,93,2025-02-10,7,Cabin comfort could be better for long drives.,7,6,7
3901,19,93,2024-11-17,7,Excellent service and friendly dealer staff.,7,7,9
3902,36,121,2024-04-29,10,"Minor issues with brakes, resolved promptly.",5,8,7
3903,6,158,2025-07-25,9,Support team responded quickly and professionally.,7,5,6
3904,39,40,2025-08-05,8,"Delivery was delayed by a few days, disappointed.",7,6,7
3905,94,52,2025-09-23,7,Excellent service and friendly dealer staff.,8,9,10
3906,33,178,2023-06-19,9,The truck performs excellently in all terrains.,8,9,6
3907,56,196,2023-09-06,5,Would definitely recommend to other logistics companies.,6,9,9
3908,64,59,2023-01-27,6,"Minor issues with brakes, resolved promptly.",5,8,10
3909,42,65,2023-07-17,6,Support team responded quickly and professionally.,10,5,7
3910,46,119,2025-03-06,6,"Some scratches noticed on delivery, but acceptable.",5,10,9
3911,74,168,2025-06-04,6,Would definitely recommend to other logistics companies.,10,9,6
3912,15,88,2025-01-04,10,"Some scratches noticed on delivery, but acceptable.",7,8,7
3913,37,194,2023-06-04,10,Cabin comfort could be better for long drives.,7,7,9
3914,7,97,2024-01-27,7,"Delivery was delayed by a few days, disappointed.",9,7,9
3915,78,48,2022-12-15,10,"Delivery was delayed by a few days, disappointed.",7,5,10
3916,95,174,2024-01-21,8,The truck performs excellently in all terrains.,8,10,10
3917,43,106,2024-07-29,10,Support team responded quickly and professionally.,5,8,6
3918,47,117,2025-04-15,7,The truck performs excellently in all terrains.,7,10,9
3919,27,99,2024-11-27,9,Fuel consumption is higher than expected.,6,5,10
3920,23,97,2023-06-05,6,"Minor issues with brakes, resolved promptly.",7,9,9
3921,57,53,2024-07-07,10,"Some scratches noticed on delivery, but acceptable.",6,5,9
3922,50,179,2022-10-21,8,Excellent service and friendly dealer staff.,6,7,8
3923,12,182,2023-08-20,9,Support team responded quickly and professionally.,10,5,6
3924,73,185,2024-12-26,6,"Delivery was delayed by a few days, disappointed.",5,5,6
3925,36,136,2023-03-25,5,"Engine efficiency is superb, very satisfied.",5,7,6
3926,54,77,2025-02-20,8,"Delivery was delayed by a few days, disappointed.",10,10,10
3927,6,147,2023-12-29,9,"Minor issues with brakes, resolved promptly.",7,7,8
3928,12,51,2025-04-09,8,"Some scratches noticed on delivery, but acceptable.",10,9,6
3929,40,125,2025-01-22,7,Cabin comfort could be better for long drives.,6,6,8
3930,9,200,2025-05-16,10,Would definitely recommend to other logistics companies.,9,8,6
3931,58,78,2023-03-10,9,Cabin comfort could be better for long drives.,5,7,9
3932,12,57,2023-07-28,9,"Engine efficiency is superb, very satisfied.",5,7,6
3933,74,73,2024-11-04,6,"Minor issues with brakes, resolved promptly.",7,5,9
3934,3,81,2022-10-21,6,"Minor issues with brakes, resolved promptly.",9,6,10
3935,29,68,2025-01-23,9,Fuel consumption is higher than expected.,8,7,6
3936,94,44,2024-02-25,9,Fuel consumption is higher than expected.,7,7,9
3937,86,7,2024-02-09,6,Fuel consumption is higher than expected.,8,7,7
3938,59,31,2022-12-26,10,The truck performs excellently in all terrains.,10,8,7
3939,78,31,2022-11-23,9,Excellent service and friendly dealer staff.,9,9,7
3940,1,92,2025-06-09,7,Excellent service and friendly dealer staff.,5,5,9
3941,86,147,2024-07-07,6,Cabin comfort could be better for long drives.,6,6,7
3942,27,15,2024-11-18,9,"Engine efficiency is superb, very satisfied.",8,10,6
3943,93,105,2024-09-01,5,"Some scratches noticed on delivery, but acceptable.",6,6,8
3944,22,13,2023-05-09,9,Cabin comfort could be better for long drives.,5,8,8
3945,70,176,2025-06-03,8,Excellent service and friendly dealer staff.,8,10,10
3946,85,53,2025-02-11,9,Would definitely recommend to other logistics companies.,9,7,6
3947,33,131,2025-02-25,6,Cabin comfort could be better for long drives.,9,7,9
3948,37,52,2022-10-14,5,"Some scratches noticed on delivery, but acceptable.",6,9,10
3949,18,187,2023-01-10,9,The truck performs excellently in all terrains.,5,10,9
3950,6,132,2023-04-13,8,"Minor issues with brakes, resolved promptly.",6,10,9
3951,27,12,2023-09-19,7,"Engine efficiency is superb, very satisfied.",6,9,9
3952,100,91,2024-08-06,5,Cabin comfort could be better for long drives.,6,7,7
3953,18,41,2022-10-24,6,The truck performs excellently in all terrains.,6,7,6
3954,93,45,2024-01-18,7,The truck performs excellently in all terrains.,5,7,8
3955,38,31,2024-07-30,7,Fuel consumption is higher than expected.,8,6,9
3956,34,62,2023-01-28,5,"Some scratches noticed on delivery, but acceptable.",7,5,7
3957,17,40,2023-11-14,10,Cabin comfort could be better for long drives.,5,7,7
3958,86,149,2025-02-19,7,Cabin comfort could be better for long drives.,8,10,7
3959,74,5,2023-10-11,7,"Minor issues with brakes, resolved promptly.",7,5,6
3960,91,67,2023-10-22,10,"Delivery was delayed by a few days, disappointed.",5,9,9
3961,10,176,2025-03-05,9,Would definitely recommend to other logistics companies.,10,5,7
3962,49,61,2024-05-20,9,Fuel consumption is higher than expected.,8,10,8
3963,53,79,2024-06-27,5,Fuel consumption is higher than expected.,9,5,10
3964,80,130,2024-07-21,6,Fuel consumption is higher than expected.,10,7,6
3965,91,48,2023-11-30,9,Fuel consumption is higher than expected.,9,8,6
3966,26,123,2023-03-24,8,"Engine efficiency is superb, very satisfied.",10,8,8
3967,76,13,2024-09-01,5,The truck performs excellently in all terrains.,6,10,8
3968,6,62,2024-10-18,6,"Minor issues with brakes, resolved promptly.",10,9,7
3969,30,138,2023-11-30,5,The truck performs excellently in all terrains.,8,8,6
3970,47,67,2025-01-02,8,Fuel consumption is higher than expected.,6,6,6
3971,1,68,2024-12-24,8,"Minor issues with brakes, resolved promptly.",9,5,7
3972,37,153,2023-10-26,6,Support team responded quickly and professionally.,9,8,10
3973,92,94,2023-06-10,7,"Minor issues with brakes, resolved promptly.",10,6,10
3974,34,104,2024-10-22,8,Would definitely recommend to other logistics companies.,7,7,9
3975,21,37,2023-11-05,7,Excellent service and friendly dealer staff.,6,9,9
3976,54,39,2024-02-09,6,Fuel consumption is higher than expected.,8,7,9
3977,48,93,2023-04-24,10,Would definitely recommend to other logistics companies.,5,8,6
3978,53,108,2023-08-25,8,"Minor issues with brakes, resolved promptly.",10,9,9
3979,25,17,2023-11-30,6,Excellent service and friendly dealer staff.,7,10,8
3980,68,89,2024-06-20,7,Would definitely recommend to other logistics companies.,9,7,8
3981,73,76,2024-12-09,9,Excellent service and friendly dealer staff.,10,5,6
3982,51,64,2024-05-22,8,Cabin comfort could be better for long drives.,6,7,8
3983,71,28,2023-11-18,5,"Some scratches noticed on delivery, but acceptable.",5,7,8
3984,61,39,2025-05-01,9,"Minor issues with brakes, resolved promptly.",8,10,7
3985,65,4,2024-11-03,7,Fuel consumption is higher than expected.,6,8,7
3986,80,128,2025-01-24,9,Cabin comfort could be better for long drives.,5,10,7
3987,59,113,2025-01-01,5,Support team responded quickly and professionally.,5,10,7
3988,68,45,2025-02-19,6,Would definitely recommend to other logistics companies.,5,8,8
3989,7,32,2024-09-26,6,"Engine efficiency is superb, very satisfied.",5,10,8
3990,86,200,2024-03-03,5,Cabin comfort could be better for long drives.,9,7,7
3991,88,25,2023-05-28,7,Excellent service and friendly dealer staff.,5,7,8
3992,9,154,2023-02-05,7,"Delivery was delayed by a few days, disappointed.",5,7,6
3993,77,22,2023-03-10,9,The truck performs excellently in all terrains.,9,8,10
3994,53,114,2022-12-13,7,Would definitely recommend to other logistics companies.,7,7,10
3995,51,140,2023-10-15,9,"Delivery was delayed by a few days, disappointed.",6,6,9
3996,1,198,2023-03-07,9,Support team responded quickly and professionally.,5,9,10
3997,96,38,2023-06-24,10,Excellent service and friendly dealer staff.,10,10,6
3998,33,30,2025-10-04,5,"Some scratches noticed on delivery, but acceptable.",9,10,6
3999,77,138,2024-12-09,7,Cabin comfort could be better for long drives.,6,10,9
4000,23,194,2023-01-06,9,"Engine efficiency is superb, very satisfied.",6,6,9
4001,63,167,2025-01-15,6,Cabin comfort could be better for long drives.,6,10,6
4002,12,111,2024-05-04,5,The truck performs excellently in all terrains.,5,6,8
4003,12,116,2024-09-09,5,Excellent service and friendly dealer staff.,9,8,6
4004,13,30,2024-08-14,10,"Engine efficiency is superb, very satisfied.",8,8,7
4005,84,130,2025-07-30,9,"Engine efficiency is superb, very satisfied.",8,5,7
4006,60,196,2023-09-29,5,Excellent service and friendly dealer staff.,7,7,7
4007,75,93,2023-01-02,10,Cabin comfort could be better for long drives.,10,5,6
4008,52,18,2023-10-12,7,Would definitely recommend to other logistics companies.,10,9,6
4009,51,195,2024-02-21,5,"Delivery was delayed by a few days, disappointed.",6,10,8
4010,62,104,2024-07-21,5,"Minor issues with brakes, resolved promptly.",6,10,8
4011,74,185,2025-03-26,9,Excellent service and friendly dealer staff.,9,8,7
4012,1,56,2025-09-27,7,The truck performs excellently in all terrains.,10,9,10
4013,86,125,2023-02-11,6,"Engine efficiency is superb, very satisfied.",5,6,6
4014,41,88,2024-12-16,7,"Delivery was delayed by a few days, disappointed.",7,10,10
4015,89,98,2024-03-10,10,"Minor issues with brakes, resolved promptly.",7,6,10
4016,60,167,2025-07-06,8,The truck performs excellently in all terrains.,10,7,8
4017,45,101,2024-08-12,7,"Delivery was delayed by a few days, disappointed.",7,9,6
4018,25,111,2025-02-03,9,Excellent service and friendly dealer staff.,8,6,9
4019,63,141,2024-03-14,9,Cabin comfort could be better for long drives.,7,10,6
4020,90,88,2023-08-23,9,Fuel consumption is higher than expected.,9,5,6
4021,4,64,2024-11-17,8,Would definitely recommend to other logistics companies.,6,10,10
4022,66,152,2023-01-13,7,"Some scratches noticed on delivery, but acceptable.",6,10,8
4023,37,43,2024-01-18,7,Excellent service and friendly dealer staff.,10,10,8
4024,99,107,2024-03-10,6,The truck performs excellently in all terrains.,9,10,9
4025,10,115,2025-03-20,5,Support team responded quickly and professionally.,5,9,9
4026,52,180,2023-05-03,7,Would definitely recommend to other logistics companies.,6,7,8
4027,91,1,2024-06-23,8,"Delivery was delayed by a few days, disappointed.",8,7,7
4028,39,139,2025-01-08,6,"Some scratches noticed on delivery, but acceptable.",5,10,8
4029,34,72,2024-04-15,6,"Delivery was delayed by a few days, disappointed.",8,9,6
4030,21,61,2023-06-01,9,Excellent service and friendly dealer staff.,8,6,6
4031,33,176,2022-12-05,5,"Engine efficiency is superb, very satisfied.",5,6,9
4032,53,161,2024-08-01,8,Excellent service and friendly dealer staff.,7,6,8
4033,5,11,2025-10-03,7,Fuel consumption is higher than expected.,10,5,6
4034,49,159,2023-05-20,8,Fuel consumption is higher than expected.,9,9,6
4035,91,52,2025-07-27,10,"Minor issues with brakes, resolved promptly.",6,7,8
4036,58,181,2023-05-13,9,Would definitely recommend to other logistics companies.,7,7,7
4037,67,113,2022-11-14,5,"Some scratches noticed on delivery, but acceptable.",8,5,9
4038,83,188,2023-05-20,7,Fuel consumption is higher than expected.,5,8,9
4039,63,189,2025-03-04,10,"Some scratches noticed on delivery, but acceptable.",9,9,10
4040,86,132,2025-04-29,9,Would definitely recommend to other logistics companies.,6,9,6
4041,74,83,2025-01-29,10,Excellent service and friendly dealer staff.,9,10,8
4042,90,104,2024-06-07,5,"Engine efficiency is superb, very satisfied.",6,5,6
4043,49,29,2024-03-04,6,"Engine efficiency is superb, very satisfied.",5,10,9
4044,68,133,2024-02-15,5,The truck performs excellently in all terrains.,5,9,8
4045,70,128,2023-07-16,8,Would definitely recommend to other logistics companies.,8,5,7
4046,71,102,2025-03-23,6,The truck performs excellently in all terrains.,7,5,9
4047,78,125,2024-10-11,8,"Minor issues with brakes, resolved promptly.",6,7,6
4048,15,16,2024-08-09,9,"Engine efficiency is superb, very satisfied.",5,7,10
4049,29,14,2025-08-23,6,"Minor issues with brakes, resolved promptly.",7,9,8
4050,16,18,2025-03-04,8,Would definitely recommend to other logistics companies.,6,10,6
4051,75,100,2023-09-16,7,Cabin comfort could be better for long drives.,10,10,6
4052,73,196,2023-07-16,7,Cabin comfort could be better for long drives.,8,8,8
4053,63,83,2024-08-26,7,"Minor issues with brakes, resolved promptly.",10,9,10
4054,57,74,2022-12-21,5,Cabin comfort could be better for long drives.,5,8,10
4055,80,61,2024-06-24,6,Would definitely recommend to other logistics companies.,9,9,10
4056,28,101,2025-01-27,8,"Minor issues with brakes, resolved promptly.",9,10,8
4057,65,70,2024-04-05,9,Support team responded quickly and professionally.,5,6,6
4058,47,111,2025-02-08,10,Fuel consumption is higher than expected.,5,7,9
4059,88,76,2025-09-06,9,Support team responded quickly and professionally.,9,5,8
4060,10,10,2025-07-15,6,"Delivery was delayed by a few days, disappointed.",10,10,7
4061,1,189,2024-06-10,6,"Delivery was delayed by a few days, disappointed.",7,10,7
4062,91,38,2024-05-20,8,"Delivery was delayed by a few days, disappointed.",6,9,7
4063,58,114,2023-12-31,6,"Some scratches noticed on delivery, but acceptable.",8,8,9
4064,31,196,2024-06-05,7,"Engine efficiency is superb, very satisfied.",8,7,7
4065,22,174,2023-12-24,10,Would definitely recommend to other logistics companies.,9,9,10
4066,92,194,2023-04-02,6,Would definitely recommend to other logistics companies.,10,9,6
4067,66,100,2024-02-04,9,Fuel consumption is higher than expected.,9,10,10
4068,19,157,2023-03-12,5,The truck performs excellently in all terrains.,7,10,7
4069,88,144,2023-02-03,6,"Engine efficiency is superb, very satisfied.",9,10,10
4070,53,178,2024-07-28,8,"Engine efficiency is superb, very satisfied.",9,9,6
4071,34,197,2024-08-28,5,The truck performs excellently in all terrains.,8,10,6
4072,43,68,2024-01-02,10,"Some scratches noticed on delivery, but acceptable.",7,7,7
4073,65,30,2023-02-18,7,"Engine efficiency is superb, very satisfied.",9,7,8
4074,40,168,2024-07-03,9,Would definitely recommend to other logistics companies.,5,5,8
4075,68,72,2022-10-28,10,"Minor issues with brakes, resolved promptly.",5,8,9
4076,82,65,2025-03-23,5,Support team responded quickly and professionally.,7,8,6
4077,57,17,2025-01-07,9,"Some scratches noticed on delivery, but acceptable.",8,5,6
4078,83,197,2023-07-31,6,"Some scratches noticed on delivery, but acceptable.",10,10,10
4079,5,90,2024-10-15,7,Would definitely recommend to other logistics companies.,6,10,7
4080,32,52,2023-03-13,6,"Some scratches noticed on delivery, but acceptable.",10,9,10
4081,46,92,2024-04-24,6,"Minor issues with brakes, resolved promptly.",5,10,6
4082,3,194,2024-12-17,10,The truck performs excellently in all terrains.,7,7,10
4083,35,111,2024-08-16,5,Support team responded quickly and professionally.,10,9,9
4084,7,87,2023-08-28,6,Cabin comfort could be better for long drives.,9,5,9
4085,36,90,2022-12-15,7,Fuel consumption is higher than expected.,6,7,6
4086,21,177,2024-06-05,7,Support team responded quickly and professionally.,10,5,10
4087,83,40,2023-07-25,8,Cabin comfort could be better for long drives.,6,5,10
4088,2,90,2023-09-12,7,"Minor issues with brakes, resolved promptly.",6,7,7
4089,2,189,2024-10-26,8,Fuel consumption is higher than expected.,9,8,7
4090,9,26,2025-07-22,6,Would definitely recommend to other logistics companies.,7,6,10
4091,8,125,2023-12-22,9,Fuel consumption is higher than expected.,9,9,9
4092,26,48,2023-03-30,8,Support team responded quickly and professionally.,7,8,10
4093,19,191,2024-07-27,5,"Minor issues with brakes, resolved promptly.",10,5,7
4094,33,9,2023-11-13,6,Excellent service and friendly dealer staff.,7,6,6
4095,11,88,2023-04-10,10,"Minor issues with brakes, resolved promptly.",8,5,7
4096,15,187,2023-03-28,6,Excellent service and friendly dealer staff.,8,5,6
4097,77,175,2023-04-24,8,"Some scratches noticed on delivery, but acceptable.",7,8,9
4098,8,24,2023-10-09,8,The truck performs excellently in all terrains.,8,10,8
4099,36,198,2023-04-17,5,Support team responded quickly and professionally.,8,10,9
4100,10,73,2023-06-12,5,"Delivery was delayed by a few days, disappointed.",6,6,7
4101,57,135,2022-12-31,9,The truck performs excellently in all terrains.,6,7,8
4102,69,52,2022-12-23,9,Fuel consumption is higher than expected.,10,7,8
4103,96,119,2025-02-16,10,"Some scratches noticed on delivery, but acceptable.",5,5,6
4104,15,192,2024-12-14,7,Support team responded quickly and professionally.,10,7,10
4105,49,52,2023-02-08,10,Would definitely recommend to other logistics companies.,9,5,9
4106,20,194,2024-12-19,9,Excellent service and friendly dealer staff.,9,8,7
4107,50,1,2024-01-27,8,Fuel consumption is higher than expected.,8,6,6
4108,94,73,2022-12-16,7,Support team responded quickly and professionally.,5,8,6
4109,14,50,2024-09-02,7,Fuel consumption is higher than expected.,7,10,8
4110,19,149,2024-09-23,6,Fuel consumption is higher than expected.,9,7,10
4111,51,29,2025-09-14,5,"Some scratches noticed on delivery, but acceptable.",6,7,6
4112,99,181,2023-05-14,5,"Some scratches noticed on delivery, but acceptable.",5,6,7
4113,86,176,2023-10-03,9,"Some scratches noticed on delivery, but acceptable.",6,9,6
4114,13,29,2023-11-03,10,Fuel consumption is higher than expected.,6,7,10
4115,78,118,2025-03-13,7,Support team responded quickly and professionally.,7,10,7
4116,93,16,2025-06-29,7,"Engine efficiency is superb, very satisfied.",5,6,10
4117,70,15,2023-03-28,5,Cabin comfort could be better for long drives.,10,5,7
4118,97,167,2024-09-16,5,Fuel consumption is higher than expected.,6,7,7
4119,82,58,2022-12-07,7,Support team responded quickly and professionally.,8,10,6
4120,71,99,2023-02-14,8,"Delivery was delayed by a few days, disappointed.",6,5,10
4121,89,161,2022-12-31,9,Fuel consumption is higher than expected.,5,9,8
4122,18,9,2024-07-30,6,Cabin comfort could be better for long drives.,7,10,6
4123,15,168,2024-05-19,10,"Minor issues with brakes, resolved promptly.",6,10,9
4124,63,5,2025-04-26,6,"Engine efficiency is superb, very satisfied.",10,5,6
4125,45,189,2025-06-20,8,The truck performs excellently in all terrains.,8,8,7
4126,10,122,2022-10-11,8,The truck performs excellently in all terrains.,9,7,6
4127,17,146,2024-01-19,10,Support team responded quickly and professionally.,5,9,10
4128,19,195,2022-11-13,8,Would definitely recommend to other logistics companies.,6,10,8
4129,4,12,2023-01-17,8,The truck performs excellently in all terrains.,6,8,6
4130,85,64,2025-03-24,8,Would definitely recommend to other logistics companies.,8,8,6
4131,100,193,2024-04-21,5,"Some scratches noticed on delivery, but acceptable.",6,10,6
4132,89,98,2024-07-04,8,"Minor issues with brakes, resolved promptly.",8,5,8
4133,23,196,2025-04-25,6,Fuel consumption is higher than expected.,10,5,6
4134,17,157,2024-09-05,10,Excellent service and friendly dealer staff.,10,7,6
4135,86,29,2025-04-27,9,"Some scratches noticed on delivery, but acceptable.",8,10,9
4136,100,70,2023-02-10,9,"Minor issues with brakes, resolved promptly.",9,9,8
4137,33,51,2023-04-05,5,"Some scratches noticed on delivery, but acceptable.",7,5,10
4138,90,56,2025-03-27,10,"Minor issues with brakes, resolved promptly.",9,9,6
4139,89,113,2023-12-14,7,Would definitely recommend to other logistics companies.,10,10,6
4140,53,42,2023-04-27,6,"Minor issues with brakes, resolved promptly.",5,9,9
4141,22,61,2024-07-16,9,"Engine efficiency is superb, very satisfied.",6,7,6
4142,33,200,2022-10-21,9,Would definitely recommend to other logistics companies.,8,10,8
4143,37,104,2025-01-05,6,"Delivery was delayed by a few days, disappointed.",9,6,10
4144,91,65,2024-01-24,9,Excellent service and friendly dealer staff.,10,6,7
4145,32,43,2022-12-31,7,Would definitely recommend to other logistics companies.,6,8,8
4146,42,192,2025-05-07,6,"Minor issues with brakes, resolved promptly.",6,10,7
4147,53,178,2022-12-19,5,The truck performs excellently in all terrains.,6,6,7
4148,70,189,2024-05-30,6,Support team responded quickly and professionally.,6,7,7
4149,82,191,2025-01-19,7,Support team responded quickly and professionally.,7,5,10
4150,40,109,2024-10-16,8,"Minor issues with brakes, resolved promptly.",8,8,10
4151,33,21,2023-02-21,8,Would definitely recommend to other logistics companies.,7,7,7
4152,96,95,2023-08-07,8,"Delivery was delayed by a few days, disappointed.",10,8,8
4153,19,124,2023-03-20,8,The truck performs excellently in all terrains.,5,7,9
4154,90,64,2024-10-09,5,Excellent service and friendly dealer staff.,5,8,10
4155,24,12,2023-11-26,6,"Minor issues with brakes, resolved promptly.",5,9,8
4156,88,27,2023-04-07,6,The truck performs excellently in all terrains.,10,10,8
4157,57,134,2023-10-03,8,The truck performs excellently in all terrains.,6,5,10
4158,68,42,2025-07-19,6,Cabin comfort could be better for long drives.,5,9,10
4159,25,135,2025-09-07,9,"Engine efficiency is superb, very satisfied.",7,10,7
4160,39,119,2023-02-12,9,Excellent service and friendly dealer staff.,9,5,9
4161,18,150,2024-07-25,7,"Some scratches noticed on delivery, but acceptable.",6,6,7
4162,3,183,2022-11-01,9,"Delivery was delayed by a few days, disappointed.",7,6,10
4163,35,100,2022-12-15,9,The truck performs excellently in all terrains.,5,7,10
4164,2,68,2022-12-10,6,"Some scratches noticed on delivery, but acceptable.",5,6,8
4165,14,9,2023-02-07,10,"Some scratches noticed on delivery, but acceptable.",6,10,8
4166,51,156,2023-01-13,9,Cabin comfort could be better for long drives.,9,8,10
4167,57,72,2023-10-18,10,"Delivery was delayed by a few days, disappointed.",5,10,6
4168,44,38,2023-04-06,10,Would definitely recommend to other logistics companies.,7,8,10
4169,53,41,2025-03-26,7,"Minor issues with brakes, resolved promptly.",10,10,6
4170,30,5,2023-07-03,10,"Engine efficiency is superb, very satisfied.",5,10,6
4171,42,16,2024-11-29,9,Support team responded quickly and professionally.,9,7,8
4172,36,196,2023-08-13,8,"Some scratches noticed on delivery, but acceptable.",8,5,8
4173,76,53,2025-08-22,9,"Minor issues with brakes, resolved promptly.",9,5,9
4174,39,174,2025-06-21,10,Fuel consumption is higher than expected.,10,6,9
4175,64,38,2023-03-19,5,Cabin comfort could be better for long drives.,7,9,7
4176,48,125,2025-06-04,6,"Some scratches noticed on delivery, but acceptable.",6,7,9
4177,100,151,2024-03-21,5,Would definitely recommend to other logistics companies.,8,6,9
4178,31,66,2023-03-13,7,"Delivery was delayed by a few days, disappointed.",7,10,7
4179,98,132,2022-12-28,9,"Minor issues with brakes, resolved promptly.",10,10,10
4180,82,140,2024-02-05,7,"Engine efficiency is superb, very satisfied.",6,9,8
4181,87,161,2025-08-02,8,"Engine efficiency is superb, very satisfied.",10,7,10
4182,18,126,2025-04-19,8,"Some scratches noticed on delivery, but acceptable.",7,6,9
4183,14,158,2022-12-10,8,Excellent service and friendly dealer staff.,6,9,6
4184,100,165,2023-03-05,8,Fuel consumption is higher than expected.,7,5,6
4185,34,132,2023-06-25,9,Fuel consumption is higher than expected.,8,8,6
4186,35,15,2024-02-17,7,Would definitely recommend to other logistics companies.,7,6,9
4187,22,164,2022-12-22,6,"Some scratches noticed on delivery, but acceptable.",8,10,6
4188,35,127,2024-12-11,10,"Some scratches noticed on delivery, but acceptable.",5,5,9
4189,76,117,2025-07-16,9,Cabin comfort could be better for long drives.,7,7,7
4190,2,181,2024-11-16,9,Would definitely recommend to other logistics companies.,6,6,10
4191,35,7,2024-05-10,5,Excellent service and friendly dealer staff.,8,6,10
4192,42,2,2025-06-09,8,"Engine efficiency is superb, very satisfied.",5,9,7
4193,30,116,2025-10-01,9,Cabin comfort could be better for long drives.,7,7,9
4194,75,172,2023-05-12,8,"Minor issues with brakes, resolved promptly.",9,6,10
4195,96,160,2025-06-03,10,Cabin comfort could be better for long drives.,9,10,8
4196,28,133,2025-01-13,5,The truck performs excellently in all terrains.,7,5,7
4197,8,125,2025-02-19,9,Would definitely recommend to other logistics companies.,8,9,10
4198,72,25,2025-08-11,7,"Delivery was delayed by a few days, disappointed.",9,8,6
4199,31,93,2023-08-22,7,Fuel consumption is higher than expected.,8,7,7
4200,29,123,2024-04-21,8,Support team responded quickly and professionally.,9,6,7
4201,68,127,2023-07-04,5,The truck performs excellently in all terrains.,9,10,9
4202,98,122,2025-08-07,6,"Delivery was delayed by a few days, disappointed.",9,8,6
4203,42,85,2025-05-26,6,Would definitely recommend to other logistics companies.,8,5,7
4204,21,88,2025-01-30,10,Cabin comfort could be better for long drives.,7,8,6
4205,11,33,2024-02-14,9,Would definitely recommend to other logistics companies.,5,6,9
4206,83,189,2025-06-19,6,Fuel consumption is higher than expected.,10,10,6
4207,77,48,2024-02-16,5,Fuel consumption is higher than expected.,6,5,7
4208,91,132,2024-07-01,5,The truck performs excellently in all terrains.,6,7,10
4209,90,98,2024-07-22,8,"Some scratches noticed on delivery, but acceptable.",5,9,9
4210,7,52,2025-02-06,6,"Some scratches noticed on delivery, but acceptable.",6,8,9
4211,98,155,2025-07-20,10,The truck performs excellently in all terrains.,8,8,8
4212,82,141,2024-09-01,10,"Some scratches noticed on delivery, but acceptable.",10,6,7
4213,10,99,2022-11-28,10,"Minor issues with brakes, resolved promptly.",7,6,6
4214,70,198,2025-07-11,9,"Delivery was delayed by a few days, disappointed.",9,8,7
4215,51,142,2025-06-26,5,"Engine efficiency is superb, very satisfied.",6,8,7
4216,56,127,2024-08-17,7,Fuel consumption is higher than expected.,10,6,7
4217,5,61,2025-09-22,7,Would definitely recommend to other logistics companies.,7,9,6
4218,35,9,2023-02-22,7,Would definitely recommend to other logistics companies.,7,7,8
4219,95,49,2024-08-19,5,Support team responded quickly and professionally.,5,7,8
4220,73,45,2023-06-24,6,Fuel consumption is higher than expected.,9,8,10
4221,52,20,2024-02-05,8,Cabin comfort could be better for long drives.,7,9,7
4222,58,169,2022-10-21,5,Excellent service and friendly dealer staff.,9,5,7
4223,98,137,2022-12-24,10,"Engine efficiency is superb, very satisfied.",7,8,8
4224,58,81,2023-06-17,7,Support team responded quickly and professionally.,7,10,7
4225,86,179,2025-07-23,8,Cabin comfort could be better for long drives.,10,9,9
4226,26,190,2023-01-20,7,"Engine efficiency is superb, very satisfied.",7,5,10
4227,63,141,2025-05-30,7,Fuel consumption is higher than expected.,9,8,9
4228,24,163,2024-07-03,6,"Engine efficiency is superb, very satisfied.",6,10,8
4229,43,42,2024-05-17,7,Would definitely recommend to other logistics companies.,8,7,6
4230,24,134,2024-05-29,5,Would definitely recommend to other logistics companies.,9,8,7
4231,78,68,2025-03-15,10,The truck performs excellently in all terrains.,9,7,10
4232,4,97,2023-11-24,6,"Some scratches noticed on delivery, but acceptable.",5,9,9
4233,62,184,2024-03-05,7,The truck performs excellently in all terrains.,5,5,8
4234,43,127,2023-09-06,5,"Minor issues with brakes, resolved promptly.",6,6,8
4235,36,170,2023-09-09,8,Cabin comfort could be better for long drives.,7,10,10
4236,44,160,2022-10-17,6,Excellent service and friendly dealer staff.,7,8,9
4237,4,74,2025-04-24,5,"Minor issues with brakes, resolved promptly.",6,7,6
4238,23,78,2024-11-16,9,Excellent service and friendly dealer staff.,10,10,9
4239,7,193,2024-05-14,6,"Minor issues with brakes, resolved promptly.",5,5,8
4240,86,194,2024-04-08,8,"Engine efficiency is superb, very satisfied.",6,10,8
4241,70,7,2023-06-03,7,"Delivery was delayed by a few days, disappointed.",5,9,6
4242,59,74,2025-02-13,5,Cabin comfort could be better for long drives.,8,8,7
4243,65,42,2023-09-28,10,Would definitely recommend to other logistics companies.,9,10,7
4244,51,137,2024-09-01,9,"Minor issues with brakes, resolved promptly.",6,9,8
4245,82,110,2025-07-30,5,"Some scratches noticed on delivery, but acceptable.",10,10,10
4246,79,43,2022-12-23,5,Would definitely recommend to other logistics companies.,7,6,10
4247,67,79,2025-03-24,10,Fuel consumption is higher than expected.,5,9,9
4248,72,93,2025-09-08,9,Excellent service and friendly dealer staff.,6,7,6
4249,26,188,2025-06-05,5,"Some scratches noticed on delivery, but acceptable.",7,5,7
4250,98,88,2023-09-25,6,Would definitely recommend to other logistics companies.,7,5,8
4251,5,28,2024-12-29,7,Excellent service and friendly dealer staff.,9,8,6
4252,6,176,2023-08-08,10,Support team responded quickly and professionally.,7,6,10
4253,34,120,2025-04-10,5,Cabin comfort could be better for long drives.,7,7,10
4254,24,83,2025-06-04,5,Fuel consumption is higher than expected.,9,7,6
4255,21,7,2024-09-13,5,The truck performs excellently in all terrains.,9,9,7
4256,33,182,2025-01-09,9,Cabin comfort could be better for long drives.,5,8,9
4257,23,43,2022-10-07,6,Cabin comfort could be better for long drives.,9,10,9
4258,80,67,2023-03-26,6,Fuel consumption is higher than expected.,5,7,8
4259,37,28,2023-07-21,6,Support team responded quickly and professionally.,7,10,6
4260,46,54,2025-01-21,6,"Some scratches noticed on delivery, but acceptable.",7,10,10
4261,3,99,2024-04-02,7,Cabin comfort could be better for long drives.,8,9,7
4262,15,156,2023-11-24,8,"Delivery was delayed by a few days, disappointed.",5,8,10
4263,55,122,2022-10-29,9,Support team responded quickly and professionally.,8,6,10
4264,66,97,2023-05-01,10,Excellent service and friendly dealer staff.,7,5,9
4265,9,127,2025-03-19,9,"Minor issues with brakes, resolved promptly.",10,9,9
4266,47,47,2025-06-07,9,Support team responded quickly and professionally.,9,6,8
4267,87,115,2025-07-08,6,"Minor issues with brakes, resolved promptly.",10,6,6
4268,54,7,2025-03-22,9,Would definitely recommend to other logistics companies.,5,5,10
4269,30,152,2025-06-26,7,Cabin comfort could be better for long drives.,9,8,10
4270,63,189,2024-10-24,9,Fuel consumption is higher than expected.,6,6,8
4271,65,164,2025-07-29,8,Cabin comfort could be better for long drives.,8,10,6
4272,53,136,2023-08-22,10,The truck performs excellently in all terrains.,9,7,6
4273,51,54,2025-08-20,5,The truck performs excellently in all terrains.,7,5,7
4274,58,101,2024-05-09,6,"Engine efficiency is superb, very satisfied.",8,9,6
4275,4,179,2024-04-21,6,"Some scratches noticed on delivery, but acceptable.",5,8,8
4276,28,121,2024-08-19,6,Excellent service and friendly dealer staff.,5,6,8
4277,88,3,2025-03-15,7,Support team responded quickly and professionally.,9,7,9
4278,84,101,2024-05-15,7,"Some scratches noticed on delivery, but acceptable.",6,5,7
4279,53,2,2025-08-23,8,The truck performs excellently in all terrains.,8,7,6
4280,34,82,2024-06-05,8,The truck performs excellently in all terrains.,9,8,6
4281,44,145,2024-04-20,9,Support team responded quickly and professionally.,7,9,9
4282,20,85,2023-03-28,9,"Some scratches noticed on delivery, but acceptable.",8,5,6
4283,74,15,2023-12-19,9,The truck performs excellently in all terrains.,7,6,7
4284,66,46,2023-07-03,8,Fuel consumption is higher than expected.,9,6,6
4285,53,76,2025-08-02,7,Would definitely recommend to other logistics companies.,6,10,9
4286,83,93,2025-02-18,5,"Minor issues with brakes, resolved promptly.",6,6,6
4287,3,133,2024-05-31,8,"Engine efficiency is superb, very satisfied.",9,8,9
4288,67,107,2023-07-21,7,Excellent service and friendly dealer staff.,8,8,6
4289,82,14,2024-05-28,10,The truck performs excellently in all terrains.,5,6,6
4290,61,192,2024-11-22,9,"Delivery was delayed by a few days, disappointed.",6,10,8
4291,67,105,2025-01-21,7,The truck performs excellently in all terrains.,6,6,6
4292,83,181,2025-01-07,9,Support team responded quickly and professionally.,5,6,8
4293,23,151,2025-01-27,5,"Some scratches noticed on delivery, but acceptable.",10,7,7
4294,51,78,2023-09-29,7,Fuel consumption is higher than expected.,8,6,6
4295,39,25,2025-05-16,5,"Engine efficiency is superb, very satisfied.",7,5,8
4296,80,122,2024-04-25,10,"Minor issues with brakes, resolved promptly.",10,5,8
4297,39,82,2025-07-23,8,Cabin comfort could be better for long drives.,5,8,9
4298,16,184,2024-12-06,10,"Some scratches noticed on delivery, but acceptable.",9,10,6
4299,73,142,2022-12-13,7,Excellent service and friendly dealer staff.,5,8,7
4300,30,58,2023-06-14,8,Fuel consumption is higher than expected.,5,7,7
4301,71,157,2023-04-04,9,"Delivery was delayed by a few days, disappointed.",8,9,8
4302,82,115,2024-07-30,9,Cabin comfort could be better for long drives.,5,5,8
4303,95,20,2025-01-03,7,The truck performs excellently in all terrains.,6,9,9
4304,19,13,2024-11-05,10,Excellent service and friendly dealer staff.,7,7,8
4305,86,140,2025-08-04,9,Excellent service and friendly dealer staff.,6,7,9
4306,52,164,2023-06-25,9,Would definitely recommend to other logistics companies.,5,9,7
4307,24,138,2023-04-16,10,"Some scratches noticed on delivery, but acceptable.",5,7,10
4308,82,10,2023-12-05,7,Excellent service and friendly dealer staff.,6,8,8
4309,29,20,2024-02-22,9,Support team responded quickly and professionally.,5,9,10
4310,95,127,2025-02-13,8,Support team responded quickly and professionally.,8,9,10
4311,87,191,2023-10-21,8,The truck performs excellently in all terrains.,10,9,10
4312,82,137,2025-09-16,9,"Some scratches noticed on delivery, but acceptable.",9,9,10
4313,39,91,2023-03-18,8,"Minor issues with brakes, resolved promptly.",8,9,10
4314,40,59,2023-10-06,6,"Delivery was delayed by a few days, disappointed.",9,10,9
4315,91,77,2023-07-01,8,"Minor issues with brakes, resolved promptly.",8,8,10
4316,66,73,2023-11-01,7,Support team responded quickly and professionally.,10,5,6
4317,44,183,2022-10-27,10,"Some scratches noticed on delivery, but acceptable.",9,7,8
4318,56,74,2025-06-01,5,Excellent service and friendly dealer staff.,5,5,10
4319,6,92,2023-05-17,9,"Minor issues with brakes, resolved promptly.",5,7,10
4320,16,61,2025-06-30,5,The truck performs excellently in all terrains.,5,8,7
4321,77,44,2024-11-10,7,Would definitely recommend to other logistics companies.,7,9,10
4322,39,151,2024-04-17,7,Fuel consumption is higher than expected.,5,5,7
4323,32,16,2024-07-24,8,The truck performs excellently in all terrains.,8,10,7
4324,97,33,2023-08-01,8,Fuel consumption is higher than expected.,5,7,6
4325,25,125,2025-08-03,9,Support team responded quickly and professionally.,8,9,8
4326,97,68,2023-01-14,5,"Engine efficiency is superb, very satisfied.",7,10,9
4327,99,49,2022-10-29,7,"Some scratches noticed on delivery, but acceptable.",8,9,7
4328,97,37,2024-03-22,9,"Delivery was delayed by a few days, disappointed.",8,7,6
4329,56,133,2024-07-20,6,"Delivery was delayed by a few days, disappointed.",6,5,6
4330,98,128,2023-03-14,8,"Engine efficiency is superb, very satisfied.",6,10,7
4331,14,107,2023-12-04,10,"Delivery was delayed by a few days, disappointed.",9,8,8
4332,82,118,2024-06-23,8,Would definitely recommend to other logistics companies.,6,6,6
4333,66,111,2023-02-26,5,Fuel consumption is higher than expected.,7,10,9
4334,55,36,2023-04-21,10,Cabin comfort could be better for long drives.,10,7,9
4335,87,91,2024-02-04,9,"Some scratches noticed on delivery, but acceptable.",9,8,7
4336,57,158,2023-09-09,5,Support team responded quickly and professionally.,8,9,7
4337,31,199,2024-08-18,9,"Engine efficiency is superb, very satisfied.",6,6,10
4338,72,191,2023-08-14,10,"Some scratches noticed on delivery, but acceptable.",8,8,10
4339,48,15,2025-07-04,8,Fuel consumption is higher than expected.,9,6,9
4340,2,86,2024-11-29,7,"Engine efficiency is superb, very satisfied.",5,7,6
4341,33,114,2024-04-14,7,Support team responded quickly and professionally.,8,9,9
4342,92,158,2023-08-04,7,"Engine efficiency is superb, very satisfied.",8,10,9
4343,51,37,2023-05-20,7,"Delivery was delayed by a few days, disappointed.",5,9,9
4344,90,165,2025-09-25,9,"Some scratches noticed on delivery, but acceptable.",9,10,6
4345,72,64,2023-04-22,8,Cabin comfort could be better for long drives.,5,10,6
4346,84,50,2025-07-19,6,Excellent service and friendly dealer staff.,10,10,8
4347,72,146,2023-12-11,7,Excellent service and friendly dealer staff.,7,6,10
4348,25,67,2023-01-29,6,"Engine efficiency is superb, very satisfied.",7,5,9
4349,22,5,2023-10-19,7,"Delivery was delayed by a few days, disappointed.",10,10,10
4350,12,90,2025-04-01,5,Cabin comfort could be better for long drives.,9,6,9
4351,12,156,2023-12-06,10,Support team responded quickly and professionally.,6,8,10
4352,16,105,2025-06-03,10,"Some scratches noticed on delivery, but acceptable.",8,7,9
4353,73,22,2025-01-12,6,"Engine efficiency is superb, very satisfied.",9,9,7
4354,90,133,2023-08-03,7,"Some scratches noticed on delivery, but acceptable.",10,10,9
4355,47,41,2023-09-14,7,"Delivery was delayed by a few days, disappointed.",7,7,8
4356,23,106,2024-07-18,6,"Engine efficiency is superb, very satisfied.",9,7,7
4357,22,113,2022-12-19,10,"Delivery was delayed by a few days, disappointed.",8,10,9
4358,18,119,2024-12-03,10,Fuel consumption is higher than expected.,5,10,8
4359,11,130,2024-02-03,7,"Minor issues with brakes, resolved promptly.",8,5,7
4360,18,147,2024-04-24,5,The truck performs excellently in all terrains.,10,6,7
4361,34,18,2024-08-19,5,"Minor issues with brakes, resolved promptly.",9,9,7
4362,6,5,2024-06-29,6,"Minor issues with brakes, resolved promptly.",7,5,7
4363,36,48,2024-09-28,8,"Minor issues with brakes, resolved promptly.",6,5,10
4364,86,178,2023-10-23,8,"Delivery was delayed by a few days, disappointed.",10,8,9
4365,89,61,2023-03-15,6,Support team responded quickly and professionally.,7,9,7
4366,100,113,2025-09-13,7,"Engine efficiency is superb, very satisfied.",8,10,6
4367,60,88,2023-02-17,10,Excellent service and friendly dealer staff.,9,6,9
4368,30,110,2024-11-09,6,The truck performs excellently in all terrains.,5,7,8
4369,78,159,2025-01-17,8,Fuel consumption is higher than expected.,5,7,10
4370,57,29,2023-11-07,6,Support team responded quickly and professionally.,7,7,7
4371,5,41,2025-07-19,7,Would definitely recommend to other logistics companies.,7,7,9
4372,5,121,2022-12-22,10,The truck performs excellently in all terrains.,10,8,10
4373,22,97,2024-09-14,5,"Delivery was delayed by a few days, disappointed.",8,6,7
4374,13,172,2023-05-29,5,"Delivery was delayed by a few days, disappointed.",7,5,8
4375,9,185,2023-10-22,10,"Some scratches noticed on delivery, but acceptable.",8,6,7
4376,40,195,2023-11-18,6,"Some scratches noticed on delivery, but acceptable.",6,5,7
4377,43,170,2023-09-04,5,The truck performs excellently in all terrains.,5,9,10
4378,94,59,2025-02-12,10,"Delivery was delayed by a few days, disappointed.",8,5,9
4379,14,19,2024-03-16,5,Support team responded quickly and professionally.,5,9,8
4380,70,143,2024-01-14,7,Cabin comfort could be better for long drives.,8,6,9
4381,50,155,2023-02-14,7,"Delivery was delayed by a few days, disappointed.",8,6,7
4382,24,165,2023-12-12,7,The truck performs excellently in all terrains.,7,8,6
4383,34,9,2022-11-24,6,"Engine efficiency is superb, very satisfied.",5,8,8
4384,96,53,2025-08-22,7,"Engine efficiency is superb, very satisfied.",5,6,10
4385,1,121,2025-06-15,5,Support team responded quickly and professionally.,6,8,10
4386,91,135,2022-11-02,9,Would definitely recommend to other logistics companies.,6,8,10
4387,1,37,2025-02-03,6,Fuel consumption is higher than expected.,6,5,7
4388,89,40,2024-05-13,9,Fuel consumption is higher than expected.,8,5,10
4389,62,107,2023-05-27,6,Fuel consumption is higher than expected.,10,5,10
4390,2,6,2023-04-14,9,The truck performs excellently in all terrains.,8,7,7
4391,63,138,2024-01-01,7,"Some scratches noticed on delivery, but acceptable.",5,9,8
4392,99,24,2025-04-29,7,"Engine efficiency is superb, very satisfied.",10,8,10
4393,15,80,2025-02-03,8,Fuel consumption is higher than expected.,10,6,8
4394,69,200,2023-04-15,9,Excellent service and friendly dealer staff.,8,6,7
4395,64,126,2025-03-21,6,"Minor issues with brakes, resolved promptly.",7,6,9
4396,26,168,2025-06-16,5,"Some scratches noticed on delivery, but acceptable.",6,5,7
4397,32,26,2023-10-21,5,Excellent service and friendly dealer staff.,7,9,10
4398,30,91,2024-02-28,5,Fuel consumption is higher than expected.,7,6,8
4399,80,184,2023-07-11,5,Cabin comfort could be better for long drives.,8,7,7
4400,69,43,2025-05-19,7,Would definitely recommend to other logistics companies.,8,5,8
4401,14,44,2024-08-06,9,Excellent service and friendly dealer staff.,9,8,10
4402,38,73,2025-06-08,10,Fuel consumption is higher than expected.,9,8,10
4403,9,109,2023-10-19,9,Cabin comfort could be better for long drives.,8,5,7
4404,48,167,2023-04-10,8,Would definitely recommend to other logistics companies.,6,8,10
4405,90,110,2023-02-23,7,Support team responded quickly and professionally.,10,10,9
4406,100,68,2023-05-14,9,Excellent service and friendly dealer staff.,7,10,8
4407,84,151,2024-04-16,7,"Delivery was delayed by a few days, disappointed.",7,10,7
4408,40,27,2022-12-14,9,"Delivery was delayed by a few days, disappointed.",7,9,6
4409,57,71,2024-10-10,9,The truck performs excellently in all terrains.,5,8,8
4410,1,47,2023-11-27,10,Fuel consumption is higher than expected.,6,7,10
4411,65,50,2023-10-11,8,Excellent service and friendly dealer staff.,8,8,6
4412,95,151,2023-05-11,8,"Some scratches noticed on delivery, but acceptable.",8,6,10
4413,71,159,2024-07-22,8,Fuel consumption is higher than expected.,8,8,7
4414,81,89,2023-06-06,5,Cabin comfort could be better for long drives.,9,7,6
4415,73,34,2024-09-01,6,Support team responded quickly and professionally.,9,9,10
4416,31,124,2024-08-29,9,Support team responded quickly and professionally.,10,7,10
4417,53,81,2023-06-29,6,The truck performs excellently in all terrains.,9,10,9
4418,15,98,2025-05-21,10,"Minor issues with brakes, resolved promptly.",5,6,10
4419,85,72,2023-03-01,10,"Some scratches noticed on delivery, but acceptable.",8,10,8
4420,91,84,2024-12-21,9,"Delivery was delayed by a few days, disappointed.",5,7,7
4421,18,2,2023-03-07,8,"Minor issues with brakes, resolved promptly.",5,8,9
4422,64,182,2023-04-23,9,Excellent service and friendly dealer staff.,7,6,7
4423,59,168,2025-04-07,6,"Engine efficiency is superb, very satisfied.",7,10,7
4424,35,145,2023-03-15,9,Cabin comfort could be better for long drives.,5,9,8
4425,17,7,2023-06-23,6,Would definitely recommend to other logistics companies.,9,8,7
4426,19,13,2024-10-10,7,"Delivery was delayed by a few days, disappointed.",6,6,8
4427,21,172,2023-04-12,5,Would definitely recommend to other logistics companies.,9,10,7
4428,5,41,2024-05-02,6,"Delivery was delayed by a few days, disappointed.",8,6,9
4429,81,32,2023-09-20,9,"Some scratches noticed on delivery, but acceptable.",8,10,7
4430,50,160,2022-11-06,8,The truck performs excellently in all terrains.,9,10,6
4431,96,93,2023-05-31,5,"Minor issues with brakes, resolved promptly.",8,8,9
4432,96,112,2024-02-20,9,Excellent service and friendly dealer staff.,10,9,8
4433,77,107,2023-06-30,6,"Engine efficiency is superb, very satisfied.",9,5,6
4434,16,42,2022-12-20,9,The truck performs excellently in all terrains.,7,5,6
4435,86,117,2025-03-07,7,Cabin comfort could be better for long drives.,10,9,10
4436,28,23,2024-07-30,8,Fuel consumption is higher than expected.,6,8,9
4437,26,61,2022-10-28,9,Would definitely recommend to other logistics companies.,8,6,6
4438,62,85,2025-03-19,8,Support team responded quickly and professionally.,9,5,7
4439,87,190,2023-11-10,9,"Engine efficiency is superb, very satisfied.",10,7,8
4440,65,65,2024-09-26,5,Would definitely recommend to other logistics companies.,7,7,7
4441,79,192,2022-11-30,7,"Delivery was delayed by a few days, disappointed.",6,5,7
4442,73,170,2024-10-20,9,"Engine efficiency is superb, very satisfied.",10,10,8
4443,19,18,2024-07-28,6,Excellent service and friendly dealer staff.,7,8,7
4444,42,60,2024-05-08,8,The truck performs excellently in all terrains.,10,10,7
4445,17,118,2025-04-22,6,"Some scratches noticed on delivery, but acceptable.",7,10,6
4446,83,27,2025-04-09,10,"Delivery was delayed by a few days, disappointed.",6,10,10
4447,41,33,2024-10-31,6,The truck performs excellently in all terrains.,6,10,6
4448,47,59,2024-12-22,10,Cabin comfort could be better for long drives.,9,6,8
4449,81,78,2023-02-03,9,The truck performs excellently in all terrains.,7,8,10
4450,72,164,2025-04-04,5,Excellent service and friendly dealer staff.,6,7,6
4451,23,180,2024-02-08,6,"Delivery was delayed by a few days, disappointed.",9,10,8
4452,46,147,2022-12-31,9,Support team responded quickly and professionally.,7,10,9
4453,33,185,2025-09-19,6,The truck performs excellently in all terrains.,10,10,7
4454,99,168,2025-09-21,7,The truck performs excellently in all terrains.,7,8,6
4455,18,164,2023-08-17,10,Cabin comfort could be better for long drives.,9,10,9
4456,9,16,2022-10-08,10,"Delivery was delayed by a few days, disappointed.",10,8,7
4457,80,187,2024-12-25,7,Fuel consumption is higher than expected.,10,9,10
4458,17,139,2022-12-12,9,The truck performs excellently in all terrains.,6,9,9
4459,88,122,2023-06-26,8,Cabin comfort could be better for long drives.,8,10,9
4460,14,30,2023-03-29,8,"Minor issues with brakes, resolved promptly.",5,7,10
4461,83,19,2022-10-26,7,"Engine efficiency is superb, very satisfied.",6,7,6
4462,13,2,2023-05-16,6,Excellent service and friendly dealer staff.,9,5,9
4463,43,185,2025-02-05,6,"Delivery was delayed by a few days, disappointed.",7,10,10
4464,18,40,2023-04-29,10,"Some scratches noticed on delivery, but acceptable.",9,9,6
4465,12,187,2024-11-25,6,"Delivery was delayed by a few days, disappointed.",8,10,10
4466,72,113,2025-05-12,5,"Some scratches noticed on delivery, but acceptable.",5,7,7
4467,54,162,2024-09-20,5,Fuel consumption is higher than expected.,10,6,8
4468,13,11,2025-04-16,9,"Delivery was delayed by a few days, disappointed.",8,5,9
4469,25,21,2025-09-14,5,"Some scratches noticed on delivery, but acceptable.",8,10,9
4470,61,177,2023-10-20,6,Cabin comfort could be better for long drives.,7,7,8
4471,81,128,2025-02-25,8,"Engine efficiency is superb, very satisfied.",6,6,10
4472,5,153,2024-12-02,10,"Minor issues with brakes, resolved promptly.",10,9,9
4473,65,181,2023-05-24,9,Support team responded quickly and professionally.,5,6,7
4474,3,140,2025-07-18,8,Excellent service and friendly dealer staff.,5,9,7
4475,23,161,2023-08-18,8,The truck performs excellently in all terrains.,7,5,9
4476,5,61,2023-09-11,9,"Delivery was delayed by a few days, disappointed.",8,5,9
4477,97,181,2024-05-09,9,"Engine efficiency is superb, very satisfied.",6,10,6
4478,45,16,2023-05-07,8,Would definitely recommend to other logistics companies.,5,6,8
4479,66,181,2024-09-01,6,"Engine efficiency is superb, very satisfied.",10,8,10
4480,31,100,2024-11-01,9,Would definitely recommend to other logistics companies.,9,6,9
4481,99,79,2025-09-02,8,The truck performs excellently in all terrains.,8,10,9
4482,27,125,2023-05-13,6,Cabin comfort could be better for long drives.,5,5,10
4483,59,2,2025-09-03,5,Fuel consumption is higher than expected.,9,10,8
4484,37,55,2025-07-04,10,Support team responded quickly and professionally.,10,8,8
4485,20,47,2025-06-19,7,Cabin comfort could be better for long drives.,10,9,7
4486,30,112,2024-04-21,6,"Engine efficiency is superb, very satisfied.",7,9,8
4487,15,107,2025-08-14,9,"Some scratches noticed on delivery, but acceptable.",10,5,7
4488,39,154,2024-03-11,10,"Minor issues with brakes, resolved promptly.",7,6,9
4489,32,7,2023-02-09,9,"Delivery was delayed by a few days, disappointed.",8,5,9
4490,17,34,2024-09-16,9,Support team responded quickly and professionally.,6,6,8
4491,9,118,2022-11-24,8,"Minor issues with brakes, resolved promptly.",6,6,8
4492,73,193,2024-11-29,10,"Some scratches noticed on delivery, but acceptable.",8,6,6
4493,24,118,2022-10-24,8,The truck performs excellently in all terrains.,5,10,9
4494,56,102,2024-09-28,5,Excellent service and friendly dealer staff.,6,7,6
4495,21,87,2023-12-04,6,The truck performs excellently in all terrains.,10,8,9
4496,69,163,2024-03-06,9,Excellent service and friendly dealer staff.,9,8,6
4497,71,27,2024-03-09,5,"Some scratches noticed on delivery, but acceptable.",9,5,6
4498,30,132,2023-08-23,7,The truck performs excellently in all terrains.,5,10,7
4499,68,171,2024-07-21,6,"Minor issues with brakes, resolved promptly.",8,5,6
4500,1,90,2022-12-13,5,"Delivery was delayed by a few days, disappointed.",6,10,7
4501,37,198,2024-06-02,8,Cabin comfort could be better for long drives.,7,9,10
4502,70,88,2024-05-09,5,Would definitely recommend to other logistics companies.,7,8,10
4503,74,35,2022-11-22,7,"Delivery was delayed by a few days, disappointed.",8,5,9
4504,23,160,2024-07-22,10,"Delivery was delayed by a few days, disappointed.",9,6,10
4505,32,31,2023-07-20,10,"Minor issues with brakes, resolved promptly.",5,8,9
4506,47,12,2023-01-07,6,"Minor issues with brakes, resolved promptly.",5,5,9
4507,74,19,2023-07-21,6,"Delivery was delayed by a few days, disappointed.",10,9,9
4508,63,148,2024-09-20,10,Cabin comfort could be better for long drives.,6,8,7
4509,23,77,2024-08-28,7,Fuel consumption is higher than expected.,7,10,10
4510,88,68,2023-08-20,8,Cabin comfort could be better for long drives.,5,10,9
4511,24,10,2023-04-27,5,Excellent service and friendly dealer staff.,7,7,9
4512,27,194,2022-12-12,9,Support team responded quickly and professionally.,9,5,10
4513,72,53,2024-09-14,6,Excellent service and friendly dealer staff.,5,9,7
4514,55,197,2024-10-21,5,Fuel consumption is higher than expected.,6,5,7
4515,74,197,2024-08-02,9,"Delivery was delayed by a few days, disappointed.",8,8,10
4516,98,195,2025-03-18,9,Would definitely recommend to other logistics companies.,9,7,8
4517,10,40,2023-06-17,7,"Delivery was delayed by a few days, disappointed.",10,5,7
4518,10,153,2022-11-08,7,Would definitely recommend to other logistics companies.,8,10,6
4519,18,195,2025-03-16,8,"Minor issues with brakes, resolved promptly.",7,7,6
4520,90,70,2025-03-18,5,"Engine efficiency is superb, very satisfied.",9,10,10
4521,84,55,2024-06-08,10,"Delivery was delayed by a few days, disappointed.",7,9,6
4522,58,89,2024-02-06,7,Excellent service and friendly dealer staff.,5,6,8
4523,10,49,2023-06-21,7,"Engine efficiency is superb, very satisfied.",10,8,10
4524,19,149,2022-10-19,8,"Engine efficiency is superb, very satisfied.",8,10,9
4525,54,138,2022-10-17,6,The truck performs excellently in all terrains.,7,9,9
4526,2,17,2025-09-05,7,"Delivery was delayed by a few days, disappointed.",5,9,7
4527,30,50,2025-06-24,6,"Engine efficiency is superb, very satisfied.",5,9,9
4528,94,20,2025-02-02,10,Would definitely recommend to other logistics companies.,8,7,6
4529,60,125,2023-06-22,10,"Some scratches noticed on delivery, but acceptable.",8,6,7
4530,58,95,2024-05-10,7,The truck performs excellently in all terrains.,5,6,8
4531,93,127,2024-07-24,10,"Delivery was delayed by a few days, disappointed.",6,9,9
4532,61,144,2023-04-13,5,"Minor issues with brakes, resolved promptly.",7,8,8
4533,81,17,2024-06-04,8,"Minor issues with brakes, resolved promptly.",8,8,6
4534,48,48,2022-12-11,9,"Engine efficiency is superb, very satisfied.",7,10,6
4535,3,142,2023-10-04,5,"Delivery was delayed by a few days, disappointed.",6,10,9
4536,32,39,2025-05-18,8,Support team responded quickly and professionally.,6,6,7
4537,45,14,2023-12-12,10,"Delivery was delayed by a few days, disappointed.",6,10,8
4538,35,63,2025-09-29,10,"Minor issues with brakes, resolved promptly.",10,7,7
4539,69,141,2023-01-14,9,Support team responded quickly and professionally.,6,5,8
4540,72,8,2024-12-19,5,Excellent service and friendly dealer staff.,6,10,8
4541,56,58,2024-06-01,9,"Minor issues with brakes, resolved promptly.",9,6,8
4542,68,116,2024-07-24,7,"Engine efficiency is superb, very satisfied.",8,9,7
4543,26,39,2022-12-28,5,Support team responded quickly and professionally.,9,7,6
4544,75,32,2023-12-12,7,"Minor issues with brakes, resolved promptly.",10,5,10
4545,35,44,2022-12-31,8,Cabin comfort could be better for long drives.,5,10,10
4546,25,138,2024-07-31,8,Cabin comfort could be better for long drives.,10,9,10
4547,12,104,2024-10-01,6,The truck performs excellently in all terrains.,10,6,7
4548,42,47,2024-07-10,9,The truck performs excellently in all terrains.,6,6,8
4549,45,100,2025-08-12,6,"Minor issues with brakes, resolved promptly.",6,10,10
4550,82,197,2025-04-23,8,The truck performs excellently in all terrains.,5,7,6
4551,21,172,2024-02-03,8,"Delivery was delayed by a few days, disappointed.",5,7,9
4552,51,103,2025-07-03,6,"Some scratches noticed on delivery, but acceptable.",5,6,10
4553,39,174,2024-03-04,6,The truck performs excellently in all terrains.,7,7,9
4554,100,142,2025-03-30,6,Would definitely recommend to other logistics companies.,6,5,8
4555,48,77,2024-10-31,7,"Minor issues with brakes, resolved promptly.",6,10,9
4556,55,97,2025-07-13,10,Excellent service and friendly dealer staff.,8,6,10
4557,90,110,2025-05-31,10,"Some scratches noticed on delivery, but acceptable.",10,8,6
4558,90,106,2023-12-17,9,Support team responded quickly and professionally.,9,10,9
4559,39,32,2023-04-13,7,"Some scratches noticed on delivery, but acceptable.",10,5,6
4560,22,111,2023-01-24,6,"Some scratches noticed on delivery, but acceptable.",10,6,10
4561,55,105,2024-07-29,10,"Minor issues with brakes, resolved promptly.",8,10,7
4562,94,17,2023-07-06,9,"Minor issues with brakes, resolved promptly.",7,9,9
4563,39,48,2025-04-16,10,"Some scratches noticed on delivery, but acceptable.",10,8,7
4564,88,56,2025-08-11,9,"Delivery was delayed by a few days, disappointed.",6,10,6
4565,76,129,2024-03-13,5,Fuel consumption is higher than expected.,7,7,10
4566,45,94,2023-12-13,8,Cabin comfort could be better for long drives.,7,5,7
4567,14,137,2025-07-12,8,Cabin comfort could be better for long drives.,10,6,6
4568,95,10,2023-06-25,9,Would definitely recommend to other logistics companies.,6,6,8
4569,86,33,2024-01-17,8,Cabin comfort could be better for long drives.,7,9,7
4570,35,14,2023-03-22,8,"Engine efficiency is superb, very satisfied.",5,6,7
4571,60,172,2023-07-26,7,Cabin comfort could be better for long drives.,6,8,6
4572,88,127,2024-02-02,5,Support team responded quickly and professionally.,5,9,8
4573,3,86,2025-09-01,6,Fuel consumption is higher than expected.,5,5,10
4574,22,165,2025-03-10,10,"Engine efficiency is superb, very satisfied.",7,5,8
4575,30,6,2024-02-22,6,"Some scratches noticed on delivery, but acceptable.",8,5,7
4576,63,102,2025-10-05,7,Excellent service and friendly dealer staff.,9,8,9
4577,55,63,2023-12-14,7,"Minor issues with brakes, resolved promptly.",10,8,9
4578,24,21,2024-10-11,5,"Engine efficiency is superb, very satisfied.",9,9,10
4579,2,51,2025-01-19,6,Would definitely recommend to other logistics companies.,9,7,7
4580,26,151,2023-04-22,10,"Engine efficiency is superb, very satisfied.",7,10,7
4581,71,158,2024-10-30,6,Would definitely recommend to other logistics companies.,8,10,9
4582,47,167,2022-11-07,5,"Some scratches noticed on delivery, but acceptable.",6,9,9
4583,77,146,2022-10-23,9,The truck performs excellently in all terrains.,8,10,8
4584,43,77,2023-02-07,9,Cabin comfort could be better for long drives.,9,5,10
4585,55,112,2025-06-01,5,"Some scratches noticed on delivery, but acceptable.",10,10,7
4586,91,86,2024-05-04,5,Fuel consumption is higher than expected.,6,7,10
4587,63,28,2025-09-03,10,"Delivery was delayed by a few days, disappointed.",10,9,10
4588,80,171,2025-06-09,9,Excellent service and friendly dealer staff.,10,6,10
4589,57,15,2023-09-10,9,Would definitely recommend to other logistics companies.,7,6,10
4590,33,74,2024-10-17,5,The truck performs excellently in all terrains.,7,7,9
4591,1,194,2024-12-13,9,"Delivery was delayed by a few days, disappointed.",10,6,6
4592,22,155,2023-06-30,6,"Engine efficiency is superb, very satisfied.",6,10,6
4593,80,14,2024-10-13,7,Fuel consumption is higher than expected.,6,10,8
4594,70,165,2025-03-09,5,Support team responded quickly and professionally.,6,7,10
4595,78,170,2025-03-21,8,"Some scratches noticed on delivery, but acceptable.",10,9,10
4596,31,61,2022-10-26,6,Support team responded quickly and professionally.,5,10,10
4597,81,90,2022-12-03,5,Excellent service and friendly dealer staff.,5,10,10
4598,35,198,2023-04-22,8,Fuel consumption is higher than expected.,7,8,8
4599,82,143,2022-10-23,8,Support team responded quickly and professionally.,9,8,10
4600,59,141,2024-07-08,10,Would definitely recommend to other logistics companies.,9,10,7
4601,3,131,2023-12-17,8,Support team responded quickly and professionally.,6,9,10
4602,20,68,2024-08-30,7,Would definitely recommend to other logistics companies.,6,8,7
4603,71,20,2023-03-17,9,Support team responded quickly and professionally.,6,10,9
4604,55,170,2024-10-03,10,Support team responded quickly and professionally.,7,6,7
4605,4,26,2023-08-13,6,Cabin comfort could be better for long drives.,8,10,9
4606,77,24,2024-06-01,8,Fuel consumption is higher than expected.,7,9,8
4607,20,124,2025-04-08,5,The truck performs excellently in all terrains.,10,10,6
4608,22,123,2025-02-17,10,Fuel consumption is higher than expected.,6,5,10
4609,96,170,2024-05-06,10,"Some scratches noticed on delivery, but acceptable.",8,5,10
4610,7,37,2024-02-25,10,Fuel consumption is higher than expected.,9,10,8
4611,55,76,2024-09-21,5,The truck performs excellently in all terrains.,6,9,8
4612,19,94,2023-01-30,7,The truck performs excellently in all terrains.,8,7,10
4613,28,57,2023-11-18,7,Support team responded quickly and professionally.,8,8,7
4614,72,121,2024-09-15,5,"Minor issues with brakes, resolved promptly.",9,5,9
4615,19,49,2023-08-06,6,Excellent service and friendly dealer staff.,7,6,10
4616,23,136,2024-03-07,8,Would definitely recommend to other logistics companies.,6,9,7
4617,83,38,2024-09-17,10,Excellent service and friendly dealer staff.,7,9,7
4618,47,141,2023-03-18,10,Support team responded quickly and professionally.,5,6,9
4619,27,44,2023-04-27,5,The truck performs excellently in all terrains.,8,6,8
4620,39,115,2024-05-11,8,The truck performs excellently in all terrains.,5,10,7
4621,72,30,2023-11-21,9,"Some scratches noticed on delivery, but acceptable.",7,9,6
4622,85,80,2024-06-16,6,"Minor issues with brakes, resolved promptly.",10,8,6
4623,98,47,2025-01-19,6,"Minor issues with brakes, resolved promptly.",7,8,10
4624,27,170,2024-08-29,8,Support team responded quickly and professionally.,6,9,7
4625,43,136,2024-02-09,10,The truck performs excellently in all terrains.,5,6,8
4626,32,55,2024-02-29,5,"Engine efficiency is superb, very satisfied.",10,6,6
4627,13,112,2024-07-24,5,Would definitely recommend to other logistics companies.,8,8,7
4628,40,15,2024-06-01,5,Fuel consumption is higher than expected.,10,5,8
4629,3,196,2025-06-29,9,"Minor issues with brakes, resolved promptly.",6,8,10
4630,42,148,2024-08-03,8,Would definitely recommend to other logistics companies.,10,9,10
4631,41,38,2023-09-01,8,Cabin comfort could be better for long drives.,10,6,7
4632,65,50,2023-07-21,8,Cabin comfort could be better for long drives.,9,8,10
4633,32,143,2024-01-18,8,"Minor issues with brakes, resolved promptly.",6,6,7
4634,87,7,2023-06-02,8,Support team responded quickly and professionally.,10,8,7
4635,72,182,2023-02-20,6,Support team responded quickly and professionally.,9,8,8
4636,16,128,2023-06-09,9,Cabin comfort could be better for long drives.,9,10,7
4637,5,158,2023-02-20,5,Excellent service and friendly dealer staff.,8,5,9
4638,89,187,2024-03-10,8,"Engine efficiency is superb, very satisfied.",6,6,6
4639,4,10,2023-07-08,6,"Some scratches noticed on delivery, but acceptable.",9,8,9
4640,75,87,2023-11-19,7,"Delivery was delayed by a few days, disappointed.",6,6,7
4641,25,27,2024-11-10,5,"Some scratches noticed on delivery, but acceptable.",5,6,6
4642,89,182,2023-11-18,6,Excellent service and friendly dealer staff.,6,7,8
4643,36,153,2025-05-02,9,Support team responded quickly and professionally.,10,7,6
4644,16,144,2023-07-20,6,"Minor issues with brakes, resolved promptly.",7,5,6
4645,80,124,2024-03-24,8,"Some scratches noticed on delivery, but acceptable.",6,8,8
4646,63,101,2023-05-30,6,"Engine efficiency is superb, very satisfied.",10,6,6
4647,45,152,2025-04-05,5,Support team responded quickly and professionally.,9,6,10
4648,88,116,2023-10-16,7,"Engine efficiency is superb, very satisfied.",6,9,8
4649,75,15,2024-01-24,7,Would definitely recommend to other logistics companies.,5,7,10
4650,1,99,2023-04-05,5,"Engine efficiency is superb, very satisfied.",8,5,10
4651,39,37,2024-05-06,8,"Some scratches noticed on delivery, but acceptable.",10,5,6
4652,47,40,2023-04-09,8,"Some scratches noticed on delivery, but acceptable.",9,10,8
4653,25,41,2024-03-18,9,The truck performs excellently in all terrains.,9,6,8
4654,99,180,2023-09-28,7,Excellent service and friendly dealer staff.,6,8,9
4655,95,178,2024-01-30,9,Would definitely recommend to other logistics companies.,5,9,7
4656,26,114,2025-01-27,7,Support team responded quickly and professionally.,6,9,10
4657,84,81,2024-09-15,7,Fuel consumption is higher than expected.,5,7,10
4658,33,155,2025-04-14,6,"Delivery was delayed by a few days, disappointed.",7,10,6
4659,84,193,2024-01-23,6,"Engine efficiency is superb, very satisfied.",9,9,6
4660,84,158,2024-05-12,8,"Delivery was delayed by a few days, disappointed.",6,6,7
4661,96,42,2024-09-06,10,"Delivery was delayed by a few days, disappointed.",7,7,6
4662,58,167,2023-12-12,10,The truck performs excellently in all terrains.,5,7,6
4663,16,178,2023-04-08,5,"Delivery was delayed by a few days, disappointed.",10,7,7
4664,71,47,2022-10-13,8,"Delivery was delayed by a few days, disappointed.",6,10,8
4665,84,42,2023-07-29,8,Would definitely recommend to other logistics companies.,5,8,9
4666,10,165,2023-03-12,7,Would definitely recommend to other logistics companies.,10,6,9
4667,3,194,2023-04-20,8,"Minor issues with brakes, resolved promptly.",5,10,9
4668,94,174,2024-05-04,5,Would definitely recommend to other logistics companies.,7,5,9
4669,62,156,2025-04-13,9,Cabin comfort could be better for long drives.,7,8,9
4670,13,198,2023-11-08,10,"Minor issues with brakes, resolved promptly.",7,5,9
4671,28,105,2023-11-27,5,The truck performs excellently in all terrains.,7,7,10
4672,16,47,2023-04-26,7,Cabin comfort could be better for long drives.,10,8,7
4673,92,78,2025-03-04,6,Fuel consumption is higher than expected.,9,8,8
4674,91,150,2022-11-12,8,Fuel consumption is higher than expected.,7,9,6
4675,1,111,2023-04-07,6,"Delivery was delayed by a few days, disappointed.",5,7,9
4676,65,140,2024-02-14,10,"Engine efficiency is superb, very satisfied.",7,10,8
4677,81,90,2023-08-29,10,Would definitely recommend to other logistics companies.,5,9,8
4678,70,42,2025-03-27,7,"Delivery was delayed by a few days, disappointed.",8,5,10
4679,19,89,2024-04-11,8,"Engine efficiency is superb, very satisfied.",6,9,8
4680,21,70,2024-08-08,9,Excellent service and friendly dealer staff.,8,5,9
4681,41,25,2023-08-24,5,"Delivery was delayed by a few days, disappointed.",9,7,6
4682,47,186,2023-04-05,10,"Delivery was delayed by a few days, disappointed.",7,6,7
4683,3,94,2024-11-06,8,The truck performs excellently in all terrains.,9,9,9
4684,35,11,2023-01-28,8,"Engine efficiency is superb, very satisfied.",9,5,7
4685,99,148,2024-07-24,7,The truck performs excellently in all terrains.,6,7,7
4686,72,140,2024-04-15,6,"Delivery was delayed by a few days, disappointed.",8,5,9
4687,6,93,2023-10-27,7,"Delivery was delayed by a few days, disappointed.",8,6,7
4688,30,101,2023-09-23,7,Cabin comfort could be better for long drives.,5,5,8
4689,11,120,2023-03-21,7,The truck performs excellently in all terrains.,5,7,9
4690,79,77,2022-12-17,7,Cabin comfort could be better for long drives.,5,10,9
4691,28,6,2025-01-28,8,Excellent service and friendly dealer staff.,10,6,7
4692,50,134,2023-07-10,9,"Engine efficiency is superb, very satisfied.",5,9,9
4693,35,1,2025-02-23,7,"Delivery was delayed by a few days, disappointed.",9,5,10
4694,6,94,2023-11-29,7,"Some scratches noticed on delivery, but acceptable.",9,6,6
4695,63,13,2024-06-14,5,Fuel consumption is higher than expected.,6,7,10
4696,22,72,2023-11-02,7,Support team responded quickly and professionally.,5,9,10
4697,93,121,2025-04-22,6,"Engine efficiency is superb, very satisfied.",5,9,8
4698,74,183,2025-09-16,5,"Some scratches noticed on delivery, but acceptable.",10,9,8
4699,29,99,2025-03-21,8,"Minor issues with brakes, resolved promptly.",7,7,10
4700,68,119,2023-04-04,8,Support team responded quickly and professionally.,9,6,8
4701,75,22,2022-11-20,8,Fuel consumption is higher than expected.,10,6,6
4702,55,73,2025-05-03,8,Support team responded quickly and professionally.,8,10,6
4703,3,155,2024-02-16,8,Support team responded quickly and professionally.,6,5,7
4704,23,137,2022-10-11,9,Support team responded quickly and professionally.,7,7,10
4705,56,5,2023-07-03,10,The truck performs excellently in all terrains.,8,7,6
4706,48,66,2025-09-09,7,Would definitely recommend to other logistics companies.,10,7,10
4707,66,184,2023-07-09,8,"Delivery was delayed by a few days, disappointed.",5,9,8
4708,59,65,2023-11-05,5,The truck performs excellently in all terrains.,10,6,10
4709,70,189,2023-04-07,9,Would definitely recommend to other logistics companies.,8,9,10
4710,18,95,2024-01-12,6,Would definitely recommend to other logistics companies.,9,6,6
4711,22,107,2025-08-31,6,"Minor issues with brakes, resolved promptly.",8,6,8
4712,44,147,2024-12-16,8,"Some scratches noticed on delivery, but acceptable.",8,10,8
4713,54,99,2025-08-06,6,"Engine efficiency is superb, very satisfied.",6,5,8
4714,20,115,2023-03-24,6,Excellent service and friendly dealer staff.,6,6,9
4715,26,185,2024-03-31,9,Excellent service and friendly dealer staff.,8,6,9
4716,83,119,2025-03-07,10,The truck performs excellently in all terrains.,5,5,7
4717,29,19,2023-03-15,9,"Delivery was delayed by a few days, disappointed.",10,5,7
4718,100,96,2024-01-04,5,"Minor issues with brakes, resolved promptly.",5,6,7
4719,65,169,2024-05-08,7,Would definitely recommend to other logistics companies.,7,6,7
4720,55,104,2025-01-23,7,"Engine efficiency is superb, very satisfied.",6,10,9
4721,21,123,2023-01-30,7,Would definitely recommend to other logistics companies.,10,10,8
4722,97,135,2025-03-02,5,"Some scratches noticed on delivery, but acceptable.",8,10,9
4723,64,35,2022-10-07,8,Support team responded quickly and professionally.,8,5,6
4724,4,102,2024-04-25,7,Excellent service and friendly dealer staff.,10,10,7
4725,41,81,2024-03-17,7,Support team responded quickly and professionally.,9,7,9
4726,33,61,2025-06-20,7,"Delivery was delayed by a few days, disappointed.",5,6,6
4727,28,173,2024-10-29,5,"Minor issues with brakes, resolved promptly.",6,6,6
4728,30,120,2023-07-22,6,Support team responded quickly and professionally.,7,7,6
4729,89,59,2022-11-30,9,Support team responded quickly and professionally.,8,7,10
4730,56,26,2022-12-06,5,Would definitely recommend to other logistics companies.,7,9,10
4731,10,64,2022-12-02,7,"Engine efficiency is superb, very satisfied.",5,7,10
4732,17,9,2023-09-28,7,"Delivery was delayed by a few days, disappointed.",6,7,9
4733,43,87,2024-02-17,5,Support team responded quickly and professionally.,10,8,7
4734,75,19,2024-11-10,9,Would definitely recommend to other logistics companies.,6,9,7
4735,34,127,2025-08-20,10,Cabin comfort could be better for long drives.,6,7,8
4736,32,190,2025-08-23,7,Excellent service and friendly dealer staff.,5,8,9
4737,9,7,2025-03-14,9,Would definitely recommend to other logistics companies.,6,10,6
4738,35,19,2024-05-27,7,Excellent service and friendly dealer staff.,5,5,9
4739,58,76,2025-01-27,5,The truck performs excellently in all terrains.,6,10,9
4740,11,59,2024-01-05,7,Support team responded quickly and professionally.,5,6,7
4741,81,40,2023-02-15,10,"Minor issues with brakes, resolved promptly.",6,10,6
4742,26,36,2023-12-21,7,"Minor issues with brakes, resolved promptly.",5,8,10
4743,59,162,2023-01-30,6,The truck performs excellently in all terrains.,8,9,7
4744,40,107,2022-12-05,9,Support team responded quickly and professionally.,6,6,6
4745,14,94,2023-09-27,8,Fuel consumption is higher than expected.,6,8,10
4746,41,10,2024-02-11,8,Excellent service and friendly dealer staff.,7,7,9
4747,36,162,2023-04-11,9,"Engine efficiency is superb, very satisfied.",8,7,6
4748,42,164,2024-05-16,9,"Minor issues with brakes, resolved promptly.",9,5,8
4749,19,45,2025-04-21,9,The truck performs excellently in all terrains.,6,9,7
4750,47,183,2022-11-18,10,"Some scratches noticed on delivery, but acceptable.",6,10,9
4751,18,86,2024-11-04,6,Excellent service and friendly dealer staff.,8,8,10
4752,76,16,2022-11-14,9,"Some scratches noticed on delivery, but acceptable.",9,7,6
4753,24,175,2024-04-29,6,"Delivery was delayed by a few days, disappointed.",5,6,8
4754,20,158,2024-03-27,5,The truck performs excellently in all terrains.,8,7,7
4755,57,29,2024-08-26,5,Excellent service and friendly dealer staff.,9,8,9
4756,99,93,2023-06-27,5,The truck performs excellently in all terrains.,8,5,9
4757,91,130,2024-09-29,7,"Minor issues with brakes, resolved promptly.",5,9,9
4758,34,20,2023-06-14,9,Excellent service and friendly dealer staff.,8,5,8
4759,78,176,2024-12-14,7,Would definitely recommend to other logistics companies.,8,9,6
4760,16,160,2024-04-27,8,"Minor issues with brakes, resolved promptly.",7,9,9
4761,57,191,2022-12-21,9,Excellent service and friendly dealer staff.,10,5,10
4762,41,96,2024-02-21,9,"Some scratches noticed on delivery, but acceptable.",8,9,6
4763,4,118,2023-11-16,7,Fuel consumption is higher than expected.,9,8,9
4764,50,158,2022-11-24,9,"Some scratches noticed on delivery, but acceptable.",10,6,7
4765,42,121,2023-08-02,9,Support team responded quickly and professionally.,8,10,7
4766,14,171,2025-05-30,5,"Some scratches noticed on delivery, but acceptable.",5,9,6
4767,15,122,2025-07-19,8,Fuel consumption is higher than expected.,5,8,6
4768,97,90,2024-06-14,5,"Delivery was delayed by a few days, disappointed.",8,7,9
4769,95,154,2025-04-13,7,Would definitely recommend to other logistics companies.,6,7,7
4770,96,198,2024-03-02,10,Would definitely recommend to other logistics companies.,9,5,9
4771,18,104,2025-08-28,10,"Engine efficiency is superb, very satisfied.",10,8,6
4772,47,116,2024-04-26,10,Fuel consumption is higher than expected.,9,10,6
4773,18,105,2025-05-15,9,"Engine efficiency is superb, very satisfied.",8,9,7
4774,40,192,2025-06-24,10,Would definitely recommend to other logistics companies.,5,9,10
4775,41,114,2024-06-20,5,Support team responded quickly and professionally.,6,6,10
4776,87,73,2025-02-09,8,"Engine efficiency is superb, very satisfied.",7,10,10
4777,32,53,2023-05-03,7,"Some scratches noticed on delivery, but acceptable.",7,7,6
4778,10,176,2023-05-13,6,Cabin comfort could be better for long drives.,7,10,6
4779,91,90,2024-04-13,10,"Delivery was delayed by a few days, disappointed.",6,9,6
4780,90,180,2023-11-07,10,Fuel consumption is higher than expected.,10,8,6
4781,70,4,2025-07-25,7,"Delivery was delayed by a few days, disappointed.",5,5,7
4782,78,50,2024-12-07,6,Would definitely recommend to other logistics companies.,7,5,10
4783,51,196,2023-07-20,7,Excellent service and friendly dealer staff.,6,5,8
4784,20,4,2023-02-23,5,The truck performs excellently in all terrains.,9,7,7
4785,34,192,2024-10-26,5,"Minor issues with brakes, resolved promptly.",9,10,7
4786,4,165,2025-09-06,10,"Minor issues with brakes, resolved promptly.",5,8,9
4787,93,85,2024-12-18,9,The truck performs excellently in all terrains.,8,5,9
4788,7,177,2022-12-03,7,The truck performs excellently in all terrains.,5,9,10
4789,48,32,2024-01-14,10,Would definitely recommend to other logistics companies.,7,10,7
4790,45,26,2022-10-29,10,The truck performs excellently in all terrains.,10,6,8
4791,100,140,2024-01-10,8,Cabin comfort could be better for long drives.,8,7,8
4792,41,161,2025-03-31,6,"Delivery was delayed by a few days, disappointed.",6,8,10
4793,88,123,2024-01-25,10,Support team responded quickly and professionally.,8,10,8
4794,67,174,2023-12-03,5,"Engine efficiency is superb, very satisfied.",6,5,7
4795,54,151,2025-06-27,9,The truck performs excellently in all terrains.,7,9,6
4796,56,31,2023-01-04,9,The truck performs excellently in all terrains.,6,7,6
4797,5,176,2025-05-30,10,The truck performs excellently in all terrains.,9,5,6
4798,25,199,2022-12-19,9,Cabin comfort could be better for long drives.,8,7,6
4799,4,178,2023-01-22,8,Fuel consumption is higher than expected.,6,9,8
4800,23,80,2025-06-21,5,Fuel consumption is higher than expected.,5,5,9
4801,63,183,2025-01-19,8,"Engine efficiency is superb, very satisfied.",8,7,7
4802,90,151,2025-08-17,5,Support team responded quickly and professionally.,8,10,7
4803,31,113,2023-07-11,5,Fuel consumption is higher than expected.,7,8,9
4804,11,36,2025-05-05,8,The truck performs excellently in all terrains.,7,8,9
4805,46,186,2023-08-29,9,"Delivery was delayed by a few days, disappointed.",8,6,9
4806,61,49,2024-03-19,7,"Engine efficiency is superb, very satisfied.",7,7,10
4807,91,174,2023-11-19,8,"Delivery was delayed by a few days, disappointed.",6,9,6
4808,12,30,2022-11-19,8,"Some scratches noticed on delivery, but acceptable.",7,7,6
4809,58,78,2023-01-24,8,Fuel consumption is higher than expected.,5,10,8
4810,10,122,2024-01-29,10,Support team responded quickly and professionally.,9,9,6
4811,83,106,2023-09-13,8,Excellent service and friendly dealer staff.,10,6,8
4812,78,104,2025-05-02,5,Fuel consumption is higher than expected.,6,10,10
4813,61,159,2023-12-31,7,"Some scratches noticed on delivery, but acceptable.",6,8,8
4814,63,127,2024-04-11,7,Cabin comfort could be better for long drives.,5,10,8
4815,62,144,2023-07-16,5,Support team responded quickly and professionally.,10,10,7
4816,14,193,2023-09-20,9,"Some scratches noticed on delivery, but acceptable.",5,10,8
4817,38,47,2024-10-21,10,Excellent service and friendly dealer staff.,5,7,9
4818,56,33,2024-03-23,7,"Engine efficiency is superb, very satisfied.",9,6,9
4819,7,79,2023-11-19,5,Cabin comfort could be better for long drives.,8,5,6
4820,55,33,2023-06-17,8,"Minor issues with brakes, resolved promptly.",6,8,9
4821,95,37,2023-11-05,7,Support team responded quickly and professionally.,6,5,6
4822,75,62,2024-05-26,6,Excellent service and friendly dealer staff.,6,10,6
4823,21,100,2025-05-30,9,Would definitely recommend to other logistics companies.,10,9,8
4824,57,28,2025-07-16,5,Would definitely recommend to other logistics companies.,7,9,10
4825,7,33,2024-11-16,6,Would definitely recommend to other logistics companies.,5,7,6
4826,31,2,2024-01-24,5,"Some scratches noticed on delivery, but acceptable.",8,10,7
4827,64,181,2025-06-02,10,Cabin comfort could be better for long drives.,7,9,7
4828,10,72,2023-07-31,9,Fuel consumption is higher than expected.,10,5,6
4829,60,87,2023-07-22,10,Support team responded quickly and professionally.,7,9,10
4830,13,15,2025-09-20,5,"Minor issues with brakes, resolved promptly.",7,9,7
4831,28,153,2025-05-14,8,"Some scratches noticed on delivery, but acceptable.",10,9,6
4832,24,41,2023-08-20,6,"Minor issues with brakes, resolved promptly.",9,6,6
4833,52,187,2024-09-05,9,"Engine efficiency is superb, very satisfied.",7,8,8
4834,76,72,2024-02-20,10,"Delivery was delayed by a few days, disappointed.",10,8,6
4835,10,17,2023-10-07,7,"Engine efficiency is superb, very satisfied.",7,7,9
4836,48,196,2022-12-29,9,Would definitely recommend to other logistics companies.,10,8,10
4837,14,180,2025-06-22,6,"Minor issues with brakes, resolved promptly.",10,7,7
4838,26,121,2024-06-18,6,The truck performs excellently in all terrains.,5,10,10
4839,34,180,2024-06-03,7,"Minor issues with brakes, resolved promptly.",6,7,8
4840,92,67,2024-07-14,8,"Delivery was delayed by a few days, disappointed.",8,9,7
4841,38,54,2023-03-12,8,Fuel consumption is higher than expected.,8,8,6
4842,84,86,2023-01-18,9,Would definitely recommend to other logistics companies.,6,8,10
4843,39,186,2025-06-13,9,"Some scratches noticed on delivery, but acceptable.",8,9,7
4844,95,122,2024-01-10,6,"Engine efficiency is superb, very satisfied.",9,10,6
4845,28,91,2023-07-09,8,Cabin comfort could be better for long drives.,9,10,10
4846,62,191,2025-05-17,5,"Engine efficiency is superb, very satisfied.",5,9,7
4847,99,47,2023-01-02,6,Support team responded quickly and professionally.,6,10,7
4848,56,158,2023-01-07,6,Cabin comfort could be better for long drives.,6,10,8
4849,93,165,2025-06-04,6,Fuel consumption is higher than expected.,7,8,6
4850,90,65,2023-05-16,8,Cabin comfort could be better for long drives.,10,9,9
4851,25,4,2024-04-18,8,Fuel consumption is higher than expected.,8,7,6
4852,35,36,2023-04-29,5,The truck performs excellently in all terrains.,6,10,6
4853,51,178,2023-01-15,7,The truck performs excellently in all terrains.,10,5,10
4854,6,17,2022-12-14,9,Fuel consumption is higher than expected.,10,6,6
4855,75,35,2023-03-09,7,"Engine efficiency is superb, very satisfied.",9,10,6
4856,32,105,2024-08-30,8,"Engine efficiency is superb, very satisfied.",5,10,9
4857,38,106,2023-11-20,5,Fuel consumption is higher than expected.,8,8,8
4858,53,55,2024-03-30,9,"Engine efficiency is superb, very satisfied.",9,8,6
4859,9,5,2023-09-28,9,"Engine efficiency is superb, very satisfied.",7,9,10
4860,29,156,2025-05-09,8,Fuel consumption is higher than expected.,5,8,7
4861,20,188,2024-08-03,7,The truck performs excellently in all terrains.,8,9,7
4862,93,189,2023-03-15,8,"Minor issues with brakes, resolved promptly.",10,8,8
4863,68,127,2024-02-08,9,"Engine efficiency is superb, very satisfied.",10,9,9
4864,37,82,2023-09-15,10,The truck performs excellently in all terrains.,10,9,8
4865,31,13,2024-05-31,10,"Delivery was delayed by a few days, disappointed.",10,8,6
4866,95,18,2025-05-26,10,"Engine efficiency is superb, very satisfied.",5,9,9
4867,98,179,2025-07-26,5,"Some scratches noticed on delivery, but acceptable.",6,5,10
4868,8,27,2025-06-10,9,Cabin comfort could be better for long drives.,10,5,7
4869,62,151,2024-07-24,8,Fuel consumption is higher than expected.,9,8,8
4870,57,39,2024-08-24,5,Fuel consumption is higher than expected.,5,10,7
4871,9,189,2025-07-07,8,Fuel consumption is higher than expected.,7,6,6
4872,38,76,2024-11-16,5,"Engine efficiency is superb, very satisfied.",9,5,8
4873,60,146,2024-05-31,6,"Delivery was delayed by a few days, disappointed.",5,7,10
4874,83,165,2025-09-22,5,Cabin comfort could be better for long drives.,10,9,8
4875,92,103,2025-02-16,6,"Some scratches noticed on delivery, but acceptable.",7,9,8
4876,48,140,2025-08-18,5,Excellent service and friendly dealer staff.,10,5,10
4877,61,144,2024-03-21,6,"Some scratches noticed on delivery, but acceptable.",7,9,10
4878,53,156,2024-03-10,5,"Engine efficiency is superb, very satisfied.",7,9,10
4879,28,157,2023-11-22,8,Fuel consumption is higher than expected.,6,10,8
4880,81,155,2025-01-17,5,"Delivery was delayed by a few days, disappointed.",5,5,6
4881,91,142,2024-11-02,7,"Minor issues with brakes, resolved promptly.",5,7,10
4882,14,176,2024-10-27,8,Support team responded quickly and professionally.,5,9,9
4883,55,14,2023-06-29,7,"Some scratches noticed on delivery, but acceptable.",10,5,9
4884,20,81,2024-05-25,7,"Some scratches noticed on delivery, but acceptable.",9,5,6
4885,25,29,2023-01-31,7,Fuel consumption is higher than expected.,10,9,7
4886,2,78,2024-10-13,10,"Minor issues with brakes, resolved promptly.",5,7,8
4887,1,56,2022-12-28,7,Cabin comfort could be better for long drives.,7,8,8
4888,36,38,2025-06-17,6,Support team responded quickly and professionally.,9,8,8
4889,47,161,2023-04-24,10,Support team responded quickly and professionally.,5,9,7
4890,77,23,2023-08-04,6,"Engine efficiency is superb, very satisfied.",6,6,7
4891,78,99,2025-09-04,7,Support team responded quickly and professionally.,8,10,7
4892,20,66,2023-05-23,6,Cabin comfort could be better for long drives.,7,10,6
4893,46,68,2025-03-07,5,The truck performs excellently in all terrains.,9,6,9
4894,41,82,2024-08-11,8,"Engine efficiency is superb, very satisfied.",10,8,9
4895,2,65,2023-03-31,6,Fuel consumption is higher than expected.,5,9,10
4896,76,103,2025-01-22,10,Support team responded quickly and professionally.,5,6,7
4897,73,29,2025-08-22,8,Cabin comfort could be better for long drives.,7,9,8
4898,84,63,2024-09-22,8,Support team responded quickly and professionally.,6,6,7
4899,91,177,2024-01-22,8,"Engine efficiency is superb, very satisfied.",7,5,10
4900,90,4,2025-08-31,7,Fuel consumption is higher than expected.,7,6,6
4901,46,36,2025-06-06,7,Cabin comfort could be better for long drives.,10,8,6
4902,16,83,2023-07-18,6,Would definitely recommend to other logistics companies.,9,10,7
4903,63,185,2023-06-15,5,Support team responded quickly and professionally.,5,5,9
4904,32,166,2024-12-05,10,Would definitely recommend to other logistics companies.,5,8,7
4905,5,10,2024-10-15,5,The truck performs excellently in all terrains.,7,10,9
4906,89,79,2024-04-12,8,"Delivery was delayed by a few days, disappointed.",7,10,10
4907,68,147,2025-03-17,6,Excellent service and friendly dealer staff.,8,6,8
4908,58,76,2023-07-02,5,Would definitely recommend to other logistics companies.,10,9,6
4909,23,51,2022-10-30,5,"Delivery was delayed by a few days, disappointed.",9,5,8
4910,40,192,2023-05-30,5,The truck performs excellently in all terrains.,10,9,6
4911,96,77,2024-03-13,7,"Engine efficiency is superb, very satisfied.",10,8,6
4912,3,88,2024-05-16,10,Cabin comfort could be better for long drives.,6,7,10
4913,68,35,2023-11-27,9,Cabin comfort could be better for long drives.,9,7,9
4914,71,155,2024-03-02,5,Support team responded quickly and professionally.,6,9,6
4915,51,148,2023-10-23,6,"Minor issues with brakes, resolved promptly.",5,7,6
4916,28,138,2024-06-04,5,Support team responded quickly and professionally.,6,6,7
4917,38,5,2024-08-05,8,Cabin comfort could be better for long drives.,8,10,7
4918,22,189,2024-07-08,5,Excellent service and friendly dealer staff.,7,5,8
4919,24,39,2025-04-07,7,Cabin comfort could be better for long drives.,9,5,6
4920,23,125,2023-11-16,6,Support team responded quickly and professionally.,9,5,10
4921,90,168,2022-12-08,8,Support team responded quickly and professionally.,9,7,8
4922,56,136,2023-06-08,8,"Engine efficiency is superb, very satisfied.",10,6,10
4923,73,44,2025-08-08,8,Would definitely recommend to other logistics companies.,5,7,10
4924,89,140,2023-12-01,5,Support team responded quickly and professionally.,10,7,6
4925,41,24,2025-05-16,9,Support team responded quickly and professionally.,5,6,7
4926,85,12,2023-12-11,8,"Minor issues with brakes, resolved promptly.",10,9,7
4927,81,115,2025-03-25,9,"Minor issues with brakes, resolved promptly.",9,9,9
4928,80,40,2024-11-04,8,Would definitely recommend to other logistics companies.,8,10,6
4929,20,147,2023-01-03,7,"Engine efficiency is superb, very satisfied.",7,7,8
4930,95,36,2023-02-01,10,"Engine efficiency is superb, very satisfied.",9,9,8
4931,95,151,2023-07-10,9,Would definitely recommend to other logistics companies.,9,7,6
4932,58,142,2025-06-14,6,"Engine efficiency is superb, very satisfied.",8,10,8
4933,97,161,2023-11-26,5,Support team responded quickly and professionally.,5,7,9
4934,68,59,2024-09-25,7,The truck performs excellently in all terrains.,8,9,8
4935,21,41,2023-06-05,8,"Some scratches noticed on delivery, but acceptable.",7,6,9
4936,41,26,2023-11-30,7,"Engine efficiency is superb, very satisfied.",10,8,10
4937,33,199,2024-12-29,6,"Minor issues with brakes, resolved promptly.",9,10,8
4938,42,197,2024-02-23,10,Fuel consumption is higher than expected.,6,7,6
4939,78,2,2023-08-12,5,"Some scratches noticed on delivery, but acceptable.",8,5,8
4940,8,143,2022-12-21,9,"Some scratches noticed on delivery, but acceptable.",9,5,8
4941,46,139,2023-03-16,9,"Engine efficiency is superb, very satisfied.",7,5,7
4942,14,161,2024-04-27,10,Fuel consumption is higher than expected.,9,10,8
4943,18,107,2023-07-28,9,The truck performs excellently in all terrains.,6,5,10
4944,24,184,2023-01-25,10,"Some scratches noticed on delivery, but acceptable.",7,5,6
4945,95,193,2024-10-21,6,"Delivery was delayed by a few days, disappointed.",10,8,7
4946,65,113,2023-05-22,6,Excellent service and friendly dealer staff.,9,9,6
4947,42,30,2022-11-04,5,"Delivery was delayed by a few days, disappointed.",5,9,9
4948,73,106,2025-05-02,7,Would definitely recommend to other logistics companies.,8,10,9
4949,24,1,2023-10-25,6,"Some scratches noticed on delivery, but acceptable.",8,10,10
4950,30,22,2025-04-08,7,"Delivery was delayed by a few days, disappointed.",5,10,7
4951,59,64,2023-04-04,10,The truck performs excellently in all terrains.,7,5,8
4952,57,133,2024-04-08,10,Cabin comfort could be better for long drives.,6,8,10
4953,11,136,2024-03-29,8,Fuel consumption is higher than expected.,5,9,8
4954,93,189,2025-09-10,9,Support team responded quickly and professionally.,8,10,7
4955,10,120,2023-05-26,10,"Minor issues with brakes, resolved promptly.",8,9,6
4956,44,171,2024-11-26,5,Support team responded quickly and professionally.,7,8,10
4957,55,96,2025-06-05,7,"Delivery was delayed by a few days, disappointed.",10,7,6
4958,10,47,2025-02-22,9,Cabin comfort could be better for long drives.,9,10,9
4959,7,119,2025-02-15,10,Cabin comfort could be better for long drives.,9,5,7
4960,5,153,2025-09-06,9,Would definitely recommend to other logistics companies.,8,10,7
4961,2,116,2025-09-23,5,"Delivery was delayed by a few days, disappointed.",6,7,9
4962,68,50,2024-01-24,5,"Some scratches noticed on delivery, but acceptable.",6,9,10
4963,76,68,2024-05-11,9,Excellent service and friendly dealer staff.,8,7,8
4964,40,79,2023-09-27,5,The truck performs excellently in all terrains.,8,8,8
4965,91,11,2025-07-03,7,The truck performs excellently in all terrains.,6,5,10
4966,21,110,2025-06-04,9,"Delivery was delayed by a few days, disappointed.",7,9,9
4967,37,69,2024-01-21,9,Would definitely recommend to other logistics companies.,8,6,7
4968,17,112,2025-06-29,5,Excellent service and friendly dealer staff.,5,10,10
4969,36,145,2023-11-07,8,Fuel consumption is higher than expected.,6,9,8
4970,77,69,2025-03-13,7,Cabin comfort could be better for long drives.,6,7,7
4971,3,101,2024-11-03,7,"Engine efficiency is superb, very satisfied.",5,8,8
4972,54,71,2023-10-06,8,Would definitely recommend to other logistics companies.,9,8,9
4973,56,186,2022-12-11,5,Would definitely recommend to other logistics companies.,10,10,7
4974,30,169,2024-08-20,6,"Minor issues with brakes, resolved promptly.",7,7,6
4975,46,123,2022-12-22,10,The truck performs excellently in all terrains.,8,6,10
4976,60,91,2022-12-31,8,"Minor issues with brakes, resolved promptly.",6,7,8
4977,98,154,2025-07-16,10,Would definitely recommend to other logistics companies.,8,7,6
4978,72,176,2024-06-06,9,Cabin comfort could be better for long drives.,7,8,7
4979,31,167,2024-11-19,5,The truck performs excellently in all terrains.,9,9,9
4980,76,73,2025-07-23,7,"Some scratches noticed on delivery, but acceptable.",7,8,9
4981,84,9,2024-01-14,8,"Engine efficiency is superb, very satisfied.",8,10,7
4982,72,9,2023-03-12,7,Fuel consumption is higher than expected.,5,7,8
4983,34,172,2025-04-15,7,Fuel consumption is higher than expected.,5,10,10
4984,98,74,2025-07-08,9,"Some scratches noticed on delivery, but acceptable.",10,8,8
4985,66,160,2022-11-10,5,"Delivery was delayed by a few days, disappointed.",7,10,10
4986,55,27,2023-10-19,9,Excellent service and friendly dealer staff.,10,6,7
4987,14,44,2025-08-20,5,Cabin comfort could be better for long drives.,10,7,10
4988,73,169,2023-01-29,8,The truck performs excellently in all terrains.,7,10,9
4989,46,178,2024-09-10,9,Would definitely recommend to other logistics companies.,5,5,10
4990,27,200,2024-04-22,10,The truck performs excellently in all terrains.,10,7,6
4991,28,64,2025-07-15,6,"Engine efficiency is superb, very satisfied.",5,7,10
4992,32,70,2022-12-13,10,The truck performs excellently in all terrains.,9,8,7
4993,69,171,2023-01-08,9,Would definitely recommend to other logistics companies.,7,10,6
4994,94,37,2025-04-24,9,"Delivery was delayed by a few days, disappointed.",7,7,8
4995,74,176,2024-10-20,5,"Engine efficiency is superb, very satisfied.",9,5,8
4996,59,41,2024-04-16,7,"Delivery was delayed by a few days, disappointed.",8,6,9
4997,35,132,2023-04-24,10,Fuel consumption is higher than expected.,8,5,9
4998,97,51,2025-06-29,9,"Some scratches noticed on delivery, but acceptable.",10,5,7
4999,13,154,2024-01-01,5,"Some scratches noticed on delivery, but acceptable.",8,8,7
5000,50,137,2024-02-16,9,"Delivery was delayed by a few days, disappointed.",8,9,6
5001,44,131,2023-05-12,5,Cabin comfort could be better for long drives.,10,7,8
5002,43,133,2025-03-09,5,Support team responded quickly and professionally.,8,6,6
5003,70,72,2023-03-13,9,"Engine efficiency is superb, very satisfied.",8,9,6
5004,80,148,2024-02-02,6,"Delivery was delayed by a few days, disappointed.",6,9,8
5005,21,38,2023-06-17,9,"Engine efficiency is superb, very satisfied.",9,6,9
5006,2,130,2024-05-26,9,"Delivery was delayed by a few days, disappointed.",8,7,7
5007,13,116,2024-05-20,7,"Some scratches noticed on delivery, but acceptable.",5,8,6
5008,76,88,2025-07-03,7,Fuel consumption is higher than expected.,10,5,10
5009,53,151,2024-01-03,5,"Minor issues with brakes, resolved promptly.",7,8,10
5010,51,20,2024-07-29,8,Would definitely recommend to other logistics companies.,7,10,10
5011,98,40,2023-02-09,10,"Some scratches noticed on delivery, but acceptable.",8,6,7
5012,75,39,2022-10-18,10,Fuel consumption is higher than expected.,5,6,6
5013,57,196,2023-07-21,6,"Minor issues with brakes, resolved promptly.",7,7,8
5014,87,150,2024-02-02,10,Excellent service and friendly dealer staff.,5,10,8
5015,52,86,2023-05-17,10,The truck performs excellently in all terrains.,10,7,8
5016,62,167,2023-08-14,6,"Delivery was delayed by a few days, disappointed.",8,5,9
5017,5,38,2023-02-23,7,"Minor issues with brakes, resolved promptly.",7,5,8
5018,46,81,2023-10-03,5,"Some scratches noticed on delivery, but acceptable.",9,9,10
5019,67,1,2022-12-07,9,Excellent service and friendly dealer staff.,5,5,7
5020,36,134,2022-10-26,8,Excellent service and friendly dealer staff.,8,5,9
5021,88,132,2023-12-28,9,Support team responded quickly and professionally.,10,8,8
5022,99,20,2024-08-15,5,"Engine efficiency is superb, very satisfied.",7,10,6
5023,77,56,2023-04-05,5,"Some scratches noticed on delivery, but acceptable.",10,10,7
5024,6,90,2025-09-16,5,Excellent service and friendly dealer staff.,5,5,6
5025,34,15,2024-04-22,6,"Some scratches noticed on delivery, but acceptable.",5,10,7
5026,30,29,2023-04-23,5,"Engine efficiency is superb, very satisfied.",9,10,8
5027,18,48,2022-10-09,5,Cabin comfort could be better for long drives.,5,6,9
5028,50,85,2025-09-26,5,Cabin comfort could be better for long drives.,6,7,8
5029,3,78,2023-12-10,6,"Delivery was delayed by a few days, disappointed.",7,6,10
5030,17,151,2023-07-07,10,Support team responded quickly and professionally.,5,9,6
5031,31,67,2024-01-23,7,Fuel consumption is higher than expected.,6,5,7
5032,78,89,2025-08-15,9,The truck performs excellently in all terrains.,10,10,7
5033,8,11,2023-01-09,9,Would definitely recommend to other logistics companies.,8,6,9
5034,26,123,2023-03-17,6,Cabin comfort could be better for long drives.,9,7,9
5035,86,110,2025-02-06,8,Support team responded quickly and professionally.,7,6,9
5036,15,33,2023-11-18,6,The truck performs excellently in all terrains.,5,6,6
5037,56,135,2023-08-31,7,Would definitely recommend to other logistics companies.,10,6,7
5038,18,112,2025-04-13,9,Excellent service and friendly dealer staff.,6,5,10
5039,8,93,2025-08-15,7,Fuel consumption is higher than expected.,7,8,6
5040,38,68,2024-12-05,8,"Minor issues with brakes, resolved promptly.",6,8,9
5041,81,177,2024-01-18,5,Fuel consumption is higher than expected.,8,8,10
5042,23,115,2024-09-17,9,"Minor issues with brakes, resolved promptly.",9,8,7
5043,70,156,2023-11-06,9,Cabin comfort could be better for long drives.,6,6,10
5044,48,108,2024-02-19,5,Excellent service and friendly dealer staff.,7,5,8
5045,2,67,2024-03-06,8,"Some scratches noticed on delivery, but acceptable.",6,5,10
5046,14,2,2023-07-11,9,"Some scratches noticed on delivery, but acceptable.",9,8,10
5047,98,15,2024-12-25,6,"Engine efficiency is superb, very satisfied.",6,9,10
5048,38,182,2023-05-02,10,Fuel consumption is higher than expected.,5,7,7
5049,45,200,2024-12-15,6,Would definitely recommend to other logistics companies.,8,6,7
5050,4,148,2024-06-23,6,Excellent service and friendly dealer staff.,10,6,9
5051,69,130,2023-04-06,6,Fuel consumption is higher than expected.,5,5,10
5052,47,82,2025-04-20,5,Excellent service and friendly dealer staff.,5,7,9
5053,1,109,2023-09-27,6,Excellent service and friendly dealer staff.,7,5,6
5054,39,100,2025-01-19,7,"Delivery was delayed by a few days, disappointed.",5,9,9
5055,25,132,2025-01-16,5,Excellent service and friendly dealer staff.,10,5,10
5056,6,134,2024-08-13,7,"Delivery was delayed by a few days, disappointed.",10,10,7
5057,31,165,2024-07-06,6,The truck performs excellently in all terrains.,7,10,8
5058,27,75,2024-08-06,7,"Some scratches noticed on delivery, but acceptable.",6,9,8
5059,48,113,2024-01-15,6,Would definitely recommend to other logistics companies.,7,7,10
5060,73,141,2023-02-05,7,"Minor issues with brakes, resolved promptly.",5,10,9
5061,98,64,2023-08-12,7,"Minor issues with brakes, resolved promptly.",5,10,7
5062,20,136,2025-08-28,7,Fuel consumption is higher than expected.,8,6,8
5063,54,200,2022-10-17,5,Support team responded quickly and professionally.,7,5,9
5064,88,189,2025-06-29,8,Excellent service and friendly dealer staff.,8,6,7
5065,34,175,2025-04-18,7,"Some scratches noticed on delivery, but acceptable.",9,8,8
5066,75,32,2025-03-05,10,Support team responded quickly and professionally.,8,9,9
5067,21,101,2023-05-04,7,"Minor issues with brakes, resolved promptly.",5,8,7
5068,24,181,2025-06-08,7,The truck performs excellently in all terrains.,5,6,6
5069,90,123,2024-08-17,6,Fuel consumption is higher than expected.,5,9,7
5070,94,113,2023-01-16,6,"Delivery was delayed by a few days, disappointed.",7,6,8
5071,33,32,2025-04-25,7,Support team responded quickly and professionally.,8,9,7
5072,62,162,2023-12-23,9,"Delivery was delayed by a few days, disappointed.",8,10,6
5073,54,39,2023-08-10,10,Fuel consumption is higher than expected.,6,7,9
5074,85,160,2023-04-26,5,"Some scratches noticed on delivery, but acceptable.",7,8,7
5075,20,2,2025-08-04,7,"Some scratches noticed on delivery, but acceptable.",8,5,6
5076,77,36,2023-06-04,9,Would definitely recommend to other logistics companies.,7,10,7
5077,36,8,2023-04-07,7,Fuel consumption is higher than expected.,8,5,7
5078,81,97,2025-06-30,6,"Delivery was delayed by a few days, disappointed.",6,8,8
5079,10,65,2023-06-06,6,Cabin comfort could be better for long drives.,6,9,7
5080,13,185,2023-08-22,7,"Some scratches noticed on delivery, but acceptable.",9,10,9
5081,60,182,2024-07-25,7,"Minor issues with brakes, resolved promptly.",9,10,7
5082,38,168,2022-12-31,5,Support team responded quickly and professionally.,10,6,6
5083,45,163,2024-04-16,8,"Delivery was delayed by a few days, disappointed.",10,7,10
5084,97,15,2025-04-30,9,The truck performs excellently in all terrains.,10,9,9
5085,16,58,2025-02-28,9,"Minor issues with brakes, resolved promptly.",9,10,10
5086,64,103,2022-12-26,10,"Engine efficiency is superb, very satisfied.",9,8,10
5087,11,3,2025-04-04,6,Would definitely recommend to other logistics companies.,6,7,7
5088,4,159,2024-08-18,8,Support team responded quickly and professionally.,8,9,8
5089,80,138,2022-11-09,5,Cabin comfort could be better for long drives.,5,6,6
5090,1,158,2023-04-12,9,"Engine efficiency is superb, very satisfied.",9,9,10
5091,11,114,2023-03-30,6,The truck performs excellently in all terrains.,9,9,9
5092,64,193,2023-03-17,8,Would definitely recommend to other logistics companies.,9,7,9
5093,95,78,2024-07-03,10,Fuel consumption is higher than expected.,9,6,8
5094,19,160,2025-09-06,8,Excellent service and friendly dealer staff.,10,8,7
5095,58,31,2022-11-12,8,"Some scratches noticed on delivery, but acceptable.",7,10,10
5096,53,120,2025-09-26,8,Fuel consumption is higher than expected.,9,10,10
5097,42,123,2025-02-16,5,The truck performs excellently in all terrains.,8,5,7
5098,17,168,2023-08-11,9,"Minor issues with brakes, resolved promptly.",6,10,6
5099,21,158,2023-08-19,5,"Some scratches noticed on delivery, but acceptable.",10,6,9
5100,31,92,2024-06-05,8,Support team responded quickly and professionally.,5,9,10
5101,91,177,2024-09-14,9,"Some scratches noticed on delivery, but acceptable.",5,10,10
5102,35,157,2024-05-25,6,Fuel consumption is higher than expected.,9,10,6
5103,91,38,2023-08-14,9,The truck performs excellently in all terrains.,9,5,8
5104,95,10,2024-06-19,9,"Delivery was delayed by a few days, disappointed.",9,10,10
5105,54,117,2025-03-29,10,The truck performs excellently in all terrains.,9,9,9
5106,89,74,2023-05-16,6,"Some scratches noticed on delivery, but acceptable.",5,5,10
5107,91,160,2024-12-25,10,The truck performs excellently in all terrains.,5,7,8
5108,11,187,2022-12-25,8,Fuel consumption is higher than expected.,6,7,8
5109,66,91,2025-07-03,10,Cabin comfort could be better for long drives.,8,5,9
5110,16,58,2023-11-28,9,Would definitely recommend to other logistics companies.,6,7,7
5111,25,183,2024-04-09,9,Cabin comfort could be better for long drives.,5,7,7
5112,99,123,2023-05-16,6,"Minor issues with brakes, resolved promptly.",8,9,7
5113,10,140,2024-09-13,5,Support team responded quickly and professionally.,9,6,10
5114,54,14,2024-06-15,8,Would definitely recommend to other logistics companies.,7,6,10
5115,94,46,2023-12-21,9,"Minor issues with brakes, resolved promptly.",9,5,9
5116,3,198,2023-03-15,6,Cabin comfort could be better for long drives.,7,10,6
5117,88,35,2024-03-04,6,The truck performs excellently in all terrains.,7,7,7
5118,60,19,2024-11-02,8,"Engine efficiency is superb, very satisfied.",9,5,9
5119,17,27,2024-02-03,9,Cabin comfort could be better for long drives.,8,6,10
5120,66,14,2024-07-18,6,Would definitely recommend to other logistics companies.,10,8,10
5121,15,158,2025-05-29,9,"Minor issues with brakes, resolved promptly.",10,6,8
5122,49,31,2025-05-19,10,"Delivery was delayed by a few days, disappointed.",10,6,6
5123,44,88,2023-08-26,7,"Delivery was delayed by a few days, disappointed.",6,6,6
5124,65,105,2023-06-03,8,Would definitely recommend to other logistics companies.,6,8,7
5125,18,65,2024-07-19,6,Fuel consumption is higher than expected.,10,8,9
5126,81,129,2025-01-30,6,Support team responded quickly and professionally.,5,10,10
5127,29,34,2024-02-21,8,"Delivery was delayed by a few days, disappointed.",5,8,7
5128,41,151,2024-12-25,8,"Engine efficiency is superb, very satisfied.",9,6,9
5129,45,157,2025-05-05,9,"Some scratches noticed on delivery, but acceptable.",5,6,8
5130,65,76,2024-01-05,7,"Minor issues with brakes, resolved promptly.",8,7,6
5131,57,60,2025-04-17,10,"Delivery was delayed by a few days, disappointed.",6,10,10
5132,64,62,2024-02-26,6,Cabin comfort could be better for long drives.,9,7,7
5133,96,124,2023-02-06,8,"Engine efficiency is superb, very satisfied.",10,5,10
5134,8,172,2024-07-13,6,Support team responded quickly and professionally.,9,5,9
5135,92,111,2023-12-21,10,Fuel consumption is higher than expected.,7,5,6
5136,44,72,2024-03-01,9,"Engine efficiency is superb, very satisfied.",10,7,7
5137,61,14,2025-04-26,9,Fuel consumption is higher than expected.,9,5,7
5138,74,65,2024-08-08,7,"Some scratches noticed on delivery, but acceptable.",7,8,10
5139,27,106,2023-10-28,5,Cabin comfort could be better for long drives.,6,7,8
5140,58,59,2023-10-09,8,Cabin comfort could be better for long drives.,7,10,10
5141,34,95,2025-03-23,8,"Some scratches noticed on delivery, but acceptable.",8,6,7
5142,64,44,2024-01-19,7,Cabin comfort could be better for long drives.,9,10,9
5143,26,181,2024-02-01,5,"Minor issues with brakes, resolved promptly.",10,9,7
5144,33,63,2023-03-25,10,Fuel consumption is higher than expected.,7,9,6
5145,40,30,2025-04-28,5,Support team responded quickly and professionally.,9,10,9
5146,27,179,2024-04-25,7,"Minor issues with brakes, resolved promptly.",6,5,6
5147,54,12,2025-09-26,7,Fuel consumption is higher than expected.,6,5,7
5148,4,174,2025-03-06,6,Cabin comfort could be better for long drives.,5,10,10
5149,54,110,2023-07-05,10,"Delivery was delayed by a few days, disappointed.",8,8,10
5150,95,169,2025-07-28,8,The truck performs excellently in all terrains.,9,6,7
5151,76,139,2023-04-08,10,"Minor issues with brakes, resolved promptly.",8,8,10
5152,12,60,2024-05-20,6,"Delivery was delayed by a few days, disappointed.",9,8,9
5153,88,169,2022-11-22,5,"Minor issues with brakes, resolved promptly.",6,8,6
5154,92,184,2022-10-28,10,Fuel consumption is higher than expected.,10,6,10
5155,41,171,2023-01-12,6,"Engine efficiency is superb, very satisfied.",6,6,6
5156,54,135,2025-05-03,8,Fuel consumption is higher than expected.,8,9,6
5157,65,35,2023-08-22,6,"Engine efficiency is superb, very satisfied.",8,9,9
5158,10,76,2023-06-03,5,"Delivery was delayed by a few days, disappointed.",9,7,6
5159,56,97,2024-04-05,5,Fuel consumption is higher than expected.,5,7,8
5160,90,46,2023-10-23,10,Support team responded quickly and professionally.,5,6,8
5161,36,32,2023-06-05,8,Fuel consumption is higher than expected.,9,7,8
5162,23,31,2025-05-10,9,"Engine efficiency is superb, very satisfied.",10,9,7
5163,19,16,2025-07-19,6,"Delivery was delayed by a few days, disappointed.",7,9,7
5164,82,172,2025-09-07,8,"Some scratches noticed on delivery, but acceptable.",6,9,7
5165,22,142,2024-08-07,6,The truck performs excellently in all terrains.,10,8,8
5166,53,200,2024-12-17,9,Cabin comfort could be better for long drives.,7,8,9
5167,58,174,2024-09-05,7,The truck performs excellently in all terrains.,7,6,9
5168,7,42,2024-12-09,8,Fuel consumption is higher than expected.,9,5,7
5169,75,23,2024-06-13,5,"Engine efficiency is superb, very satisfied.",9,6,6
5170,83,82,2025-04-03,8,Support team responded quickly and professionally.,6,9,9
5171,12,63,2025-10-05,9,Fuel consumption is higher than expected.,6,7,9
5172,14,57,2024-09-01,10,Would definitely recommend to other logistics companies.,8,7,6
5173,29,14,2022-12-18,7,"Some scratches noticed on delivery, but acceptable.",9,7,8
5174,60,32,2023-04-07,7,"Some scratches noticed on delivery, but acceptable.",9,10,6
5175,72,45,2025-04-10,9,"Minor issues with brakes, resolved promptly.",6,10,10
5176,36,34,2022-11-16,5,Fuel consumption is higher than expected.,9,10,7
5177,1,60,2023-11-20,9,"Minor issues with brakes, resolved promptly.",6,10,9
5178,88,189,2022-10-27,5,"Some scratches noticed on delivery, but acceptable.",6,10,8
5179,49,122,2025-05-05,6,"Minor issues with brakes, resolved promptly.",9,7,6
5180,57,156,2023-03-19,10,"Some scratches noticed on delivery, but acceptable.",8,9,8
5181,33,65,2023-11-26,5,Support team responded quickly and professionally.,10,10,6
5182,91,87,2023-11-12,9,Excellent service and friendly dealer staff.,5,9,9
5183,97,140,2023-09-06,10,Cabin comfort could be better for long drives.,8,6,8
5184,44,195,2024-03-08,7,"Minor issues with brakes, resolved promptly.",8,5,6
5185,66,32,2023-10-31,6,"Engine efficiency is superb, very satisfied.",6,5,10
5186,88,167,2024-03-18,7,The truck performs excellently in all terrains.,6,5,8
5187,8,60,2023-05-18,8,Fuel consumption is higher than expected.,6,8,9
5188,34,16,2024-12-25,7,Fuel consumption is higher than expected.,9,6,8
5189,23,70,2025-07-05,9,"Engine efficiency is superb, very satisfied.",7,8,6
5190,96,178,2025-06-28,10,Fuel consumption is higher than expected.,7,9,7
5191,16,80,2023-07-14,10,Cabin comfort could be better for long drives.,10,5,6
5192,75,129,2022-11-07,8,Support team responded quickly and professionally.,6,8,9
5193,38,150,2023-04-03,5,Support team responded quickly and professionally.,8,6,10
5194,67,68,2024-11-10,8,"Delivery was delayed by a few days, disappointed.",8,5,6
5195,56,188,2025-04-28,9,Cabin comfort could be better for long drives.,5,8,8
5196,97,3,2025-06-03,9,Fuel consumption is higher than expected.,7,9,6
5197,56,183,2023-12-17,8,"Delivery was delayed by a few days, disappointed.",9,9,7
5198,28,132,2024-02-24,6,"Delivery was delayed by a few days, disappointed.",5,8,8
5199,50,53,2023-11-22,5,"Engine efficiency is superb, very satisfied.",5,7,7
5200,38,157,2024-08-31,6,The truck performs excellently in all terrains.,7,9,7
5201,53,166,2023-05-18,9,Support team responded quickly and professionally.,8,6,9
5202,3,7,2025-08-26,5,The truck performs excellently in all terrains.,8,10,8
5203,6,109,2024-01-06,9,Fuel consumption is higher than expected.,5,5,7
5204,86,176,2024-09-17,8,Cabin comfort could be better for long drives.,8,5,8
5205,3,120,2024-08-11,7,The truck performs excellently in all terrains.,5,5,9
5206,88,59,2024-09-16,6,Support team responded quickly and professionally.,6,10,6
5207,18,199,2024-02-28,10,"Delivery was delayed by a few days, disappointed.",10,9,6
5208,98,141,2025-01-21,5,Cabin comfort could be better for long drives.,6,9,6
5209,18,72,2024-03-24,5,Would definitely recommend to other logistics companies.,7,5,10
5210,86,198,2023-12-31,7,Excellent service and friendly dealer staff.,7,8,7
5211,51,38,2025-08-09,5,Fuel consumption is higher than expected.,10,8,6
5212,61,62,2024-07-11,5,"Minor issues with brakes, resolved promptly.",8,9,8
5213,9,102,2025-01-18,7,Would definitely recommend to other logistics companies.,7,6,9
5214,75,2,2024-10-18,10,"Engine efficiency is superb, very satisfied.",6,10,7
5215,48,59,2024-11-12,10,"Some scratches noticed on delivery, but acceptable.",8,7,7
5216,78,112,2025-05-05,7,Would definitely recommend to other logistics companies.,9,9,6
5217,66,2,2023-03-05,8,"Delivery was delayed by a few days, disappointed.",9,10,10
5218,96,137,2024-03-10,5,Cabin comfort could be better for long drives.,7,5,7
5219,18,167,2024-07-05,6,"Delivery was delayed by a few days, disappointed.",7,6,7
5220,68,168,2024-05-21,8,The truck performs excellently in all terrains.,5,7,6
5221,72,128,2024-01-24,5,The truck performs excellently in all terrains.,5,8,6
5222,10,103,2025-06-24,9,The truck performs excellently in all terrains.,8,5,10
5223,46,161,2024-05-06,5,The truck performs excellently in all terrains.,5,8,9
5224,46,25,2024-01-26,9,Cabin comfort could be better for long drives.,7,5,10
5225,19,40,2024-03-19,5,Excellent service and friendly dealer staff.,8,5,9
5226,61,149,2023-06-17,9,The truck performs excellently in all terrains.,5,5,6
5227,73,8,2025-06-07,9,Cabin comfort could be better for long drives.,8,10,8
5228,80,196,2022-12-12,6,"Some scratches noticed on delivery, but acceptable.",7,6,6
5229,54,8,2025-02-22,7,Fuel consumption is higher than expected.,9,5,10
5230,34,106,2025-02-13,10,The truck performs excellently in all terrains.,6,6,10
5231,73,121,2023-03-27,5,"Minor issues with brakes, resolved promptly.",6,5,8
5232,48,144,2025-06-03,10,"Engine efficiency is superb, very satisfied.",10,7,8
5233,20,77,2024-12-04,9,Excellent service and friendly dealer staff.,10,7,6
5234,69,151,2024-01-14,10,Fuel consumption is higher than expected.,9,10,7
5235,22,71,2025-03-01,7,Fuel consumption is higher than expected.,9,5,7
5236,31,83,2024-10-22,7,Would definitely recommend to other logistics companies.,6,8,10
5237,2,101,2024-12-24,6,"Some scratches noticed on delivery, but acceptable.",6,5,10
5238,98,97,2024-08-14,8,Excellent service and friendly dealer staff.,5,6,9
5239,96,27,2025-07-10,8,The truck performs excellently in all terrains.,9,9,10
5240,99,148,2025-02-07,9,"Engine efficiency is superb, very satisfied.",10,10,7
5241,65,158,2024-10-30,9,Fuel consumption is higher than expected.,10,5,7
5242,82,183,2025-06-14,6,Would definitely recommend to other logistics companies.,7,5,6
5243,24,57,2023-06-28,7,"Engine efficiency is superb, very satisfied.",5,9,8
5244,35,34,2023-04-25,5,Cabin comfort could be better for long drives.,9,9,10
5245,1,69,2025-09-09,6,Would definitely recommend to other logistics companies.,9,5,6
5246,99,75,2022-12-06,6,"Delivery was delayed by a few days, disappointed.",6,7,9
5247,24,125,2023-08-03,5,Cabin comfort could be better for long drives.,9,10,8
5248,17,123,2025-02-26,7,"Some scratches noticed on delivery, but acceptable.",10,9,7
5249,45,126,2023-01-23,9,"Engine efficiency is superb, very satisfied.",9,10,7
5250,46,74,2023-03-30,8,"Engine efficiency is superb, very satisfied.",6,5,9
5251,45,61,2024-06-21,5,Fuel consumption is higher than expected.,5,6,10
5252,48,195,2024-12-07,10,Would definitely recommend to other logistics companies.,7,8,9
5253,6,158,2025-10-02,5,Excellent service and friendly dealer staff.,9,8,9
5254,41,160,2023-05-15,8,Fuel consumption is higher than expected.,9,6,7
5255,48,165,2025-03-29,6,Excellent service and friendly dealer staff.,7,10,9
5256,75,51,2023-06-05,5,"Engine efficiency is superb, very satisfied.",5,5,7
5257,13,52,2025-08-02,7,Would definitely recommend to other logistics companies.,9,6,9
5258,65,47,2022-10-13,10,"Engine efficiency is superb, very satisfied.",9,6,9
5259,76,29,2023-07-22,5,"Some scratches noticed on delivery, but acceptable.",6,9,10
5260,98,2,2025-09-19,6,"Engine efficiency is superb, very satisfied.",7,9,9
5261,88,155,2024-12-09,10,The truck performs excellently in all terrains.,9,5,10
5262,79,64,2025-04-23,8,"Delivery was delayed by a few days, disappointed.",6,10,8
5263,22,169,2024-01-01,10,Cabin comfort could be better for long drives.,7,6,6
5264,56,164,2024-07-14,5,Support team responded quickly and professionally.,5,8,8
5265,66,103,2023-09-24,10,The truck performs excellently in all terrains.,7,6,7
5266,29,197,2025-09-14,7,Fuel consumption is higher than expected.,9,5,8
5267,7,185,2024-07-28,9,"Delivery was delayed by a few days, disappointed.",6,8,8
5268,78,70,2025-02-01,10,The truck performs excellently in all terrains.,8,7,8
5269,39,9,2024-02-06,9,"Minor issues with brakes, resolved promptly.",6,7,7
5270,19,102,2024-07-28,10,Excellent service and friendly dealer staff.,8,5,6
5271,48,6,2023-02-18,6,Excellent service and friendly dealer staff.,6,8,9
5272,90,84,2023-11-22,9,Excellent service and friendly dealer staff.,5,10,10
5273,26,51,2023-03-13,5,"Some scratches noticed on delivery, but acceptable.",6,10,6
5274,4,23,2023-09-03,8,Would definitely recommend to other logistics companies.,10,6,10
5275,72,61,2024-03-14,5,"Minor issues with brakes, resolved promptly.",5,6,9
5276,2,159,2025-08-29,7,Cabin comfort could be better for long drives.,7,7,8
5277,33,79,2024-04-29,6,"Some scratches noticed on delivery, but acceptable.",6,9,10
5278,8,71,2024-06-05,9,"Engine efficiency is superb, very satisfied.",7,5,9
5279,33,16,2025-02-28,5,"Delivery was delayed by a few days, disappointed.",9,6,8
5280,71,147,2024-03-21,8,"Some scratches noticed on delivery, but acceptable.",6,5,6
5281,77,101,2025-07-23,9,Cabin comfort could be better for long drives.,6,8,10
5282,61,128,2024-10-08,5,Support team responded quickly and professionally.,9,8,10
5283,20,25,2025-08-17,9,"Some scratches noticed on delivery, but acceptable.",8,10,7
5284,33,33,2022-10-31,10,"Delivery was delayed by a few days, disappointed.",8,6,9
5285,40,134,2022-10-14,5,"Engine efficiency is superb, very satisfied.",6,10,8
5286,13,46,2023-11-29,7,"Minor issues with brakes, resolved promptly.",6,10,9
5287,77,91,2023-03-21,6,"Engine efficiency is superb, very satisfied.",7,10,10
5288,92,175,2024-05-03,8,Would definitely recommend to other logistics companies.,7,6,10
5289,66,54,2024-11-01,6,Excellent service and friendly dealer staff.,7,8,8
5290,55,161,2023-04-25,7,Support team responded quickly and professionally.,8,9,6
5291,40,67,2024-01-26,10,Fuel consumption is higher than expected.,9,10,7
5292,19,111,2025-04-15,5,Support team responded quickly and professionally.,7,7,10
5293,7,105,2024-12-25,7,Support team responded quickly and professionally.,7,6,8
5294,51,83,2024-10-09,6,Cabin comfort could be better for long drives.,9,9,8
5295,76,103,2023-12-31,5,"Delivery was delayed by a few days, disappointed.",7,8,7
5296,73,11,2023-06-05,6,"Engine efficiency is superb, very satisfied.",7,8,8
5297,36,161,2024-10-05,5,"Engine efficiency is superb, very satisfied.",7,6,9
5298,37,138,2024-10-07,7,Support team responded quickly and professionally.,9,9,10
5299,23,157,2023-12-18,7,Support team responded quickly and professionally.,6,9,8
5300,74,85,2023-10-02,10,Excellent service and friendly dealer staff.,8,6,6
5301,39,107,2024-07-04,5,Support team responded quickly and professionally.,10,7,8
5302,8,188,2025-07-22,7,Support team responded quickly and professionally.,10,10,9
5303,48,187,2023-02-21,6,Excellent service and friendly dealer staff.,5,6,10
5304,83,163,2023-12-04,8,"Minor issues with brakes, resolved promptly.",8,7,7
5305,72,153,2025-03-03,6,"Some scratches noticed on delivery, but acceptable.",5,10,9
5306,31,165,2024-07-13,10,Support team responded quickly and professionally.,6,6,8
5307,81,28,2022-11-04,8,Would definitely recommend to other logistics companies.,10,6,6
5308,40,124,2023-07-03,7,Excellent service and friendly dealer staff.,5,7,7
5309,4,29,2025-01-19,7,"Some scratches noticed on delivery, but acceptable.",9,9,9
5310,40,82,2024-08-01,5,Fuel consumption is higher than expected.,6,6,7
5311,80,180,2023-11-11,9,Would definitely recommend to other logistics companies.,9,9,9
5312,47,52,2022-11-24,9,Support team responded quickly and professionally.,8,6,9
5313,66,40,2025-09-06,9,Fuel consumption is higher than expected.,7,7,10
5314,100,27,2023-04-01,9,Fuel consumption is higher than expected.,8,6,8
5315,98,94,2024-03-25,5,Fuel consumption is higher than expected.,8,7,7
5316,23,70,2025-08-29,10,"Some scratches noticed on delivery, but acceptable.",10,5,10
5317,65,102,2025-10-06,6,Would definitely recommend to other logistics companies.,10,7,8
5318,92,51,2024-09-08,5,Support team responded quickly and professionally.,5,7,10
5319,49,102,2023-07-07,6,"Minor issues with brakes, resolved promptly.",10,6,10
5320,55,19,2023-05-15,10,Cabin comfort could be better for long drives.,5,9,9
5321,76,41,2023-12-03,9,"Engine efficiency is superb, very satisfied.",5,9,6
5322,52,172,2025-04-22,10,"Engine efficiency is superb, very satisfied.",5,10,6
5323,98,102,2025-07-15,9,Cabin comfort could be better for long drives.,7,9,6
5324,18,10,2025-06-18,10,"Engine efficiency is superb, very satisfied.",8,10,8
5325,20,36,2023-05-24,6,Cabin comfort could be better for long drives.,6,7,10
5326,84,51,2022-11-01,6,"Engine efficiency is superb, very satisfied.",10,5,8
5327,78,115,2024-08-07,7,"Delivery was delayed by a few days, disappointed.",9,8,6
5328,4,43,2024-03-01,8,Fuel consumption is higher than expected.,9,6,7
5329,55,177,2022-10-31,6,"Engine efficiency is superb, very satisfied.",9,9,6
5330,65,148,2025-04-27,5,Cabin comfort could be better for long drives.,10,7,7
5331,36,170,2023-10-02,9,"Some scratches noticed on delivery, but acceptable.",9,9,7
5332,79,12,2023-01-16,5,The truck performs excellently in all terrains.,7,8,10
5333,36,178,2023-10-04,6,The truck performs excellently in all terrains.,9,9,10
5334,61,84,2023-09-14,8,Cabin comfort could be better for long drives.,10,9,10
5335,64,8,2023-09-27,8,"Minor issues with brakes, resolved promptly.",5,10,9
5336,60,4,2025-04-14,9,"Engine efficiency is superb, very satisfied.",9,8,10
5337,51,185,2025-03-11,7,Cabin comfort could be better for long drives.,9,7,8
5338,5,1,2025-10-03,9,"Delivery was delayed by a few days, disappointed.",7,9,9
5339,10,35,2025-01-26,7,Support team responded quickly and professionally.,5,5,10
5340,7,184,2022-11-28,9,Support team responded quickly and professionally.,7,10,9
5341,98,16,2024-06-14,5,Would definitely recommend to other logistics companies.,6,7,8
5342,54,36,2025-08-16,8,The truck performs excellently in all terrains.,10,9,8
5343,80,160,2024-12-01,5,"Minor issues with brakes, resolved promptly.",6,8,6
5344,99,13,2025-05-01,8,Fuel consumption is higher than expected.,7,8,6
5345,47,167,2024-10-15,9,Excellent service and friendly dealer staff.,8,6,10
5346,33,161,2022-11-23,5,Cabin comfort could be better for long drives.,7,5,10
5347,82,180,2023-05-20,8,Fuel consumption is higher than expected.,9,7,9
5348,57,148,2024-04-15,5,"Engine efficiency is superb, very satisfied.",5,5,10
5349,21,43,2025-01-28,9,"Minor issues with brakes, resolved promptly.",5,7,7
5350,89,165,2025-05-09,7,Excellent service and friendly dealer staff.,6,9,6
5351,66,98,2024-02-04,7,"Minor issues with brakes, resolved promptly.",7,9,7
5352,6,85,2024-02-05,5,The truck performs excellently in all terrains.,5,6,8
5353,21,77,2022-10-14,7,"Some scratches noticed on delivery, but acceptable.",10,9,10
5354,9,44,2023-01-27,8,"Some scratches noticed on delivery, but acceptable.",6,5,7
5355,19,96,2023-02-23,6,"Engine efficiency is superb, very satisfied.",8,10,10
5356,80,81,2024-08-27,5,"Some scratches noticed on delivery, but acceptable.",6,5,6
5357,69,162,2024-02-20,6,Excellent service and friendly dealer staff.,5,6,9
5358,54,66,2023-04-16,8,"Engine efficiency is superb, very satisfied.",5,7,8
5359,51,135,2025-09-14,8,Would definitely recommend to other logistics companies.,7,7,6
5360,62,57,2025-08-08,9,Excellent service and friendly dealer staff.,8,10,10
5361,82,194,2023-06-29,10,"Engine efficiency is superb, very satisfied.",7,10,7
5362,1,168,2023-03-05,5,"Minor issues with brakes, resolved promptly.",5,6,9
5363,97,69,2023-05-17,6,The truck performs excellently in all terrains.,10,6,7
5364,44,22,2024-01-12,5,The truck performs excellently in all terrains.,8,10,9
5365,85,41,2025-03-24,5,"Delivery was delayed by a few days, disappointed.",8,6,7
5366,65,177,2024-03-28,10,"Some scratches noticed on delivery, but acceptable.",6,9,7
5367,45,127,2024-09-03,6,Fuel consumption is higher than expected.,5,6,10
5368,57,131,2025-01-01,9,Excellent service and friendly dealer staff.,8,9,6
5369,17,146,2025-01-23,7,Excellent service and friendly dealer staff.,10,9,6
5370,67,172,2025-08-12,8,Excellent service and friendly dealer staff.,10,10,6
5371,7,43,2025-02-22,9,"Delivery was delayed by a few days, disappointed.",8,8,7
5372,35,5,2025-06-05,5,Would definitely recommend to other logistics companies.,8,5,8
5373,71,158,2023-10-12,6,"Minor issues with brakes, resolved promptly.",5,5,7
5374,76,125,2025-10-05,7,Cabin comfort could be better for long drives.,6,10,7
5375,85,174,2025-02-19,8,Support team responded quickly and professionally.,9,6,9
5376,64,43,2023-12-20,10,Support team responded quickly and professionally.,6,6,9
5377,39,112,2025-02-11,8,"Engine efficiency is superb, very satisfied.",8,6,7
5378,14,181,2025-05-24,5,Fuel consumption is higher than expected.,9,10,6
5379,69,157,2024-01-19,9,The truck performs excellently in all terrains.,10,10,10
5380,63,157,2022-10-10,8,"Engine efficiency is superb, very satisfied.",8,9,8
5381,27,25,2024-01-03,10,Cabin comfort could be better for long drives.,10,8,10
5382,14,129,2024-01-29,6,Support team responded quickly and professionally.,5,7,7
5383,25,25,2025-05-22,10,The truck performs excellently in all terrains.,10,6,8
5384,2,116,2023-09-08,5,Fuel consumption is higher than expected.,6,6,6
5385,38,194,2025-09-09,9,"Delivery was delayed by a few days, disappointed.",10,5,8
5386,36,34,2024-09-10,7,Support team responded quickly and professionally.,6,10,6
5387,84,182,2025-07-03,9,Fuel consumption is higher than expected.,7,8,10
5388,40,94,2023-05-05,8,The truck performs excellently in all terrains.,10,9,7
5389,75,145,2023-04-20,8,"Minor issues with brakes, resolved promptly.",6,7,6
5390,15,125,2023-08-08,6,"Minor issues with brakes, resolved promptly.",7,8,7
5391,28,46,2023-06-18,5,Support team responded quickly and professionally.,8,8,10
5392,38,130,2022-11-03,8,Fuel consumption is higher than expected.,7,8,10
5393,66,109,2024-10-16,10,"Engine efficiency is superb, very satisfied.",5,8,9
5394,98,178,2023-04-03,7,"Minor issues with brakes, resolved promptly.",8,7,9
5395,83,80,2023-01-29,8,Cabin comfort could be better for long drives.,10,7,7
5396,42,143,2023-06-05,10,Would definitely recommend to other logistics companies.,10,9,8
5397,65,189,2023-09-21,6,Fuel consumption is higher than expected.,9,9,10
5398,34,185,2022-10-14,10,Excellent service and friendly dealer staff.,6,8,9
5399,49,109,2024-11-19,5,"Delivery was delayed by a few days, disappointed.",9,8,6
5400,38,56,2023-01-21,9,Fuel consumption is higher than expected.,6,10,9
5401,32,114,2025-02-12,5,"Minor issues with brakes, resolved promptly.",7,10,6
5402,58,186,2023-04-07,9,"Engine efficiency is superb, very satisfied.",9,7,7
5403,61,178,2024-11-29,5,"Some scratches noticed on delivery, but acceptable.",9,8,8
5404,89,21,2024-10-01,6,Would definitely recommend to other logistics companies.,10,6,8
5405,90,173,2025-03-25,10,Cabin comfort could be better for long drives.,9,6,8
5406,1,26,2024-07-24,7,Excellent service and friendly dealer staff.,6,9,9
5407,91,158,2023-02-10,10,Cabin comfort could be better for long drives.,6,8,10
5408,10,91,2025-03-21,8,"Some scratches noticed on delivery, but acceptable.",5,6,6
5409,87,120,2023-10-29,8,Support team responded quickly and professionally.,10,10,8
5410,13,132,2025-04-30,9,"Engine efficiency is superb, very satisfied.",6,8,6
5411,12,164,2023-09-19,9,"Minor issues with brakes, resolved promptly.",7,6,7
5412,88,187,2024-08-23,5,Would definitely recommend to other logistics companies.,9,8,7
5413,79,72,2022-11-13,8,"Engine efficiency is superb, very satisfied.",7,9,7
5414,43,103,2022-10-28,5,Excellent service and friendly dealer staff.,9,8,7
5415,83,105,2023-11-25,8,"Minor issues with brakes, resolved promptly.",9,7,6
5416,76,17,2023-02-10,6,"Minor issues with brakes, resolved promptly.",9,7,8
5417,63,119,2025-08-16,6,Cabin comfort could be better for long drives.,10,9,10
5418,58,49,2023-11-12,10,"Some scratches noticed on delivery, but acceptable.",6,6,9
5419,54,189,2023-07-24,5,Would definitely recommend to other logistics companies.,7,10,9
5420,27,126,2024-08-30,7,Support team responded quickly and professionally.,6,9,8
5421,45,9,2023-11-21,9,Cabin comfort could be better for long drives.,10,6,7
5422,90,150,2025-03-13,6,Support team responded quickly and professionally.,7,6,6
5423,41,69,2025-01-07,6,Fuel consumption is higher than expected.,7,10,9
5424,6,174,2023-08-03,10,The truck performs excellently in all terrains.,5,8,10
5425,24,49,2023-08-18,8,"Delivery was delayed by a few days, disappointed.",6,7,9
5426,20,125,2023-08-01,7,Fuel consumption is higher than expected.,9,5,10
5427,26,84,2025-05-23,5,"Delivery was delayed by a few days, disappointed.",9,6,7
5428,95,126,2023-08-30,7,Cabin comfort could be better for long drives.,7,6,10
5429,56,18,2024-10-26,7,"Delivery was delayed by a few days, disappointed.",6,5,6
5430,91,161,2024-04-01,8,"Minor issues with brakes, resolved promptly.",7,9,9
5431,15,165,2025-07-27,5,Excellent service and friendly dealer staff.,7,9,6
5432,72,31,2024-10-07,7,Cabin comfort could be better for long drives.,5,10,7
5433,71,137,2024-09-21,5,Fuel consumption is higher than expected.,10,5,7
5434,46,58,2023-02-24,9,Would definitely recommend to other logistics companies.,6,9,6
5435,79,195,2022-11-02,7,"Some scratches noticed on delivery, but acceptable.",8,6,6
5436,15,38,2024-01-09,10,"Some scratches noticed on delivery, but acceptable.",7,9,6
5437,13,151,2025-08-10,6,The truck performs excellently in all terrains.,6,5,7
5438,79,152,2024-04-13,10,Support team responded quickly and professionally.,6,10,8
5439,69,124,2024-09-07,7,Would definitely recommend to other logistics companies.,7,7,9
5440,57,164,2025-09-16,9,The truck performs excellently in all terrains.,8,6,9
5441,61,88,2024-09-09,10,Cabin comfort could be better for long drives.,9,6,9
5442,21,185,2024-01-12,8,Cabin comfort could be better for long drives.,5,6,7
5443,63,189,2024-12-05,6,"Engine efficiency is superb, very satisfied.",7,10,10
5444,1,155,2024-01-20,7,"Minor issues with brakes, resolved promptly.",10,9,8
5445,55,140,2025-06-13,6,The truck performs excellently in all terrains.,10,10,7
5446,6,123,2023-08-04,9,Fuel consumption is higher than expected.,7,8,7
5447,85,170,2025-04-05,9,Cabin comfort could be better for long drives.,8,8,9
5448,80,62,2025-09-02,5,Excellent service and friendly dealer staff.,9,9,9
5449,43,164,2024-04-25,10,"Some scratches noticed on delivery, but acceptable.",7,8,10
5450,15,17,2025-01-24,9,Excellent service and friendly dealer staff.,10,7,6
5451,96,100,2023-08-29,8,Would definitely recommend to other logistics companies.,10,10,7
5452,39,155,2025-08-27,7,Excellent service and friendly dealer staff.,5,8,9
5453,59,95,2024-11-13,9,"Minor issues with brakes, resolved promptly.",9,7,8
5454,12,158,2023-12-03,5,Cabin comfort could be better for long drives.,7,6,10
5455,60,149,2023-07-30,9,Would definitely recommend to other logistics companies.,5,5,10
5456,17,11,2024-07-18,10,The truck performs excellently in all terrains.,6,6,10
5457,94,120,2025-06-09,10,The truck performs excellently in all terrains.,8,10,10
5458,11,70,2024-10-01,8,Cabin comfort could be better for long drives.,9,8,10
5459,96,124,2024-04-20,10,"Engine efficiency is superb, very satisfied.",6,6,8
5460,82,21,2025-10-02,9,"Engine efficiency is superb, very satisfied.",9,7,10
5461,18,78,2025-05-07,6,"Delivery was delayed by a few days, disappointed.",7,6,10
5462,46,1,2023-12-26,8,"Minor issues with brakes, resolved promptly.",9,5,10
5463,9,52,2023-01-17,5,Cabin comfort could be better for long drives.,10,9,7
5464,30,119,2022-12-17,5,"Delivery was delayed by a few days, disappointed.",8,8,10
5465,45,30,2024-04-30,9,Cabin comfort could be better for long drives.,5,6,7
5466,99,9,2025-02-01,8,Excellent service and friendly dealer staff.,10,6,9
5467,71,175,2022-10-09,10,Would definitely recommend to other logistics companies.,5,9,8
5468,62,78,2025-03-28,7,"Engine efficiency is superb, very satisfied.",10,9,10
5469,42,13,2023-05-08,6,"Some scratches noticed on delivery, but acceptable.",7,8,9
5470,46,98,2023-10-11,7,Support team responded quickly and professionally.,7,5,6
5471,77,177,2024-09-16,6,Fuel consumption is higher than expected.,10,9,10
5472,53,197,2024-03-18,9,"Engine efficiency is superb, very satisfied.",10,5,8
5473,59,109,2025-03-14,10,Fuel consumption is higher than expected.,6,5,9
5474,10,192,2024-01-18,5,Support team responded quickly and professionally.,7,10,9
5475,97,107,2024-02-22,8,Fuel consumption is higher than expected.,10,6,10
5476,38,88,2025-06-13,9,"Minor issues with brakes, resolved promptly.",10,10,9
5477,32,77,2023-07-06,5,Fuel consumption is higher than expected.,10,6,10
5478,35,76,2024-07-27,10,Excellent service and friendly dealer staff.,9,6,9
5479,42,41,2023-06-09,5,Excellent service and friendly dealer staff.,8,8,10
5480,60,100,2023-02-20,7,"Delivery was delayed by a few days, disappointed.",9,9,7
5481,49,57,2025-01-08,6,Would definitely recommend to other logistics companies.,9,6,7
5482,94,152,2024-11-03,5,The truck performs excellently in all terrains.,8,6,6
5483,26,178,2025-07-19,6,Excellent service and friendly dealer staff.,10,8,10
5484,33,87,2025-02-12,5,Would definitely recommend to other logistics companies.,6,10,8
5485,38,106,2025-08-05,7,Cabin comfort could be better for long drives.,5,7,9
5486,81,113,2024-01-20,9,Cabin comfort could be better for long drives.,8,7,6
5487,71,80,2023-02-11,8,The truck performs excellently in all terrains.,10,9,6
5488,98,189,2024-12-11,8,"Minor issues with brakes, resolved promptly.",5,10,6
5489,28,155,2023-04-19,5,Support team responded quickly and professionally.,5,7,6
5490,80,92,2025-04-18,10,Fuel consumption is higher than expected.,7,9,7
5491,30,94,2024-03-21,10,The truck performs excellently in all terrains.,5,5,10
5492,2,161,2025-06-17,10,Fuel consumption is higher than expected.,7,7,7
5493,8,51,2023-05-23,5,"Delivery was delayed by a few days, disappointed.",10,7,9
5494,97,34,2023-10-20,7,The truck performs excellently in all terrains.,9,10,8
5495,100,43,2025-05-06,6,"Minor issues with brakes, resolved promptly.",8,10,6
5496,96,164,2025-06-14,9,Cabin comfort could be better for long drives.,8,7,6
5497,97,126,2024-06-04,7,"Engine efficiency is superb, very satisfied.",6,10,7
5498,95,168,2025-08-26,7,"Delivery was delayed by a few days, disappointed.",5,9,8
5499,49,1,2024-07-14,5,The truck performs excellently in all terrains.,9,6,9
5500,75,62,2023-10-21,6,The truck performs excellently in all terrains.,10,8,6
5501,74,170,2022-10-30,10,Excellent service and friendly dealer staff.,7,10,9
5502,87,135,2023-08-04,10,Excellent service and friendly dealer staff.,8,7,9
5503,13,48,2023-02-21,7,"Minor issues with brakes, resolved promptly.",6,7,7
5504,40,104,2025-06-27,10,"Minor issues with brakes, resolved promptly.",7,10,8
5505,89,167,2024-10-20,5,Would definitely recommend to other logistics companies.,6,10,10
5506,44,150,2023-03-01,10,"Minor issues with brakes, resolved promptly.",10,5,8
5507,62,162,2024-07-02,8,"Some scratches noticed on delivery, but acceptable.",6,5,8
5508,72,40,2023-10-17,10,Fuel consumption is higher than expected.,5,7,8
5509,82,83,2022-10-18,7,"Delivery was delayed by a few days, disappointed.",8,5,7
5510,6,29,2025-08-28,8,Support team responded quickly and professionally.,9,5,6
5511,70,142,2024-02-10,7,Cabin comfort could be better for long drives.,6,9,7
5512,75,38,2023-01-27,9,Would definitely recommend to other logistics companies.,9,6,8
5513,21,191,2023-04-01,10,"Delivery was delayed by a few days, disappointed.",7,7,7
5514,34,162,2025-03-29,6,Would definitely recommend to other logistics companies.,5,5,6
5515,38,38,2025-05-14,8,"Delivery was delayed by a few days, disappointed.",9,9,8
5516,99,103,2024-01-14,9,"Some scratches noticed on delivery, but acceptable.",10,5,8
5517,23,69,2023-01-03,6,Cabin comfort could be better for long drives.,5,7,7
5518,71,135,2025-04-04,8,The truck performs excellently in all terrains.,7,8,7
5519,49,65,2023-07-21,7,"Minor issues with brakes, resolved promptly.",8,7,10
5520,18,35,2025-01-22,9,"Delivery was delayed by a few days, disappointed.",6,7,6
5521,17,36,2023-07-13,6,The truck performs excellently in all terrains.,5,6,6
5522,18,162,2025-08-31,10,Excellent service and friendly dealer staff.,5,8,9
5523,32,89,2023-09-19,6,Would definitely recommend to other logistics companies.,5,6,7
5524,39,35,2025-09-24,10,"Delivery was delayed by a few days, disappointed.",6,10,9
5525,7,18,2023-07-04,6,"Delivery was delayed by a few days, disappointed.",7,8,6
5526,22,57,2023-12-10,9,"Some scratches noticed on delivery, but acceptable.",5,7,7
5527,11,162,2024-05-22,10,"Delivery was delayed by a few days, disappointed.",8,6,10
5528,69,165,2025-01-19,9,Excellent service and friendly dealer staff.,6,10,7
5529,60,29,2023-09-11,7,"Some scratches noticed on delivery, but acceptable.",8,5,7
5530,15,200,2025-03-02,7,"Delivery was delayed by a few days, disappointed.",8,10,6
5531,20,76,2024-01-24,5,The truck performs excellently in all terrains.,7,6,6
5532,99,189,2024-09-24,5,Would definitely recommend to other logistics companies.,6,5,6
5533,99,128,2024-01-29,7,"Some scratches noticed on delivery, but acceptable.",9,8,6
5534,34,171,2023-06-16,8,Excellent service and friendly dealer staff.,9,7,9
5535,1,1,2024-10-09,7,"Engine efficiency is superb, very satisfied.",5,9,9
5536,51,141,2025-04-29,5,The truck performs excellently in all terrains.,6,5,9
5537,89,6,2025-06-06,7,Cabin comfort could be better for long drives.,10,9,9
5538,39,197,2023-10-19,9,Would definitely recommend to other logistics companies.,10,10,6
5539,75,130,2024-09-03,6,The truck performs excellently in all terrains.,8,5,8
5540,12,197,2025-06-29,5,"Some scratches noticed on delivery, but acceptable.",10,10,8
5541,5,41,2024-10-23,8,"Minor issues with brakes, resolved promptly.",7,7,10
5542,1,126,2023-07-09,10,The truck performs excellently in all terrains.,8,10,7
5543,50,172,2023-02-22,10,Would definitely recommend to other logistics companies.,5,10,8
5544,17,162,2023-01-20,10,The truck performs excellently in all terrains.,5,9,6
5545,10,57,2023-03-09,6,Excellent service and friendly dealer staff.,9,10,10
5546,33,38,2024-11-09,5,Support team responded quickly and professionally.,8,8,9
5547,23,21,2025-01-26,9,Support team responded quickly and professionally.,6,10,6
5548,23,132,2023-07-10,10,"Some scratches noticed on delivery, but acceptable.",9,8,9
5549,9,73,2025-09-23,9,The truck performs excellently in all terrains.,9,5,9
5550,19,152,2024-06-22,5,Excellent service and friendly dealer staff.,8,6,9
5551,14,135,2022-12-23,7,The truck performs excellently in all terrains.,6,7,10
5552,96,106,2023-02-05,10,Would definitely recommend to other logistics companies.,10,6,8
5553,40,168,2023-12-08,9,Fuel consumption is higher than expected.,10,9,9
5554,92,92,2023-09-21,10,"Some scratches noticed on delivery, but acceptable.",7,6,6
5555,47,165,2025-08-17,8,Support team responded quickly and professionally.,10,8,10
5556,86,132,2024-11-23,6,Excellent service and friendly dealer staff.,6,7,7
5557,23,119,2024-06-24,8,"Minor issues with brakes, resolved promptly.",8,9,7
5558,37,12,2022-11-10,9,The truck performs excellently in all terrains.,5,5,8
5559,25,198,2024-10-25,10,Fuel consumption is higher than expected.,5,7,7
5560,42,50,2023-01-30,10,"Delivery was delayed by a few days, disappointed.",10,7,9
5561,61,129,2023-03-22,6,"Engine efficiency is superb, very satisfied.",5,7,10
5562,84,124,2024-08-10,8,"Minor issues with brakes, resolved promptly.",6,9,9
5563,70,84,2023-08-27,10,"Delivery was delayed by a few days, disappointed.",6,9,10
5564,72,49,2023-10-30,5,"Minor issues with brakes, resolved promptly.",8,9,10
5565,55,56,2023-04-29,10,"Minor issues with brakes, resolved promptly.",10,5,8
5566,90,129,2024-02-05,8,"Delivery was delayed by a few days, disappointed.",9,5,9
5567,87,46,2025-06-18,10,Fuel consumption is higher than expected.,6,8,6
5568,90,64,2024-08-15,6,Excellent service and friendly dealer staff.,5,5,10
5569,24,145,2023-12-12,7,Cabin comfort could be better for long drives.,8,9,10
5570,100,187,2024-11-15,6,Cabin comfort could be better for long drives.,10,10,10
5571,45,181,2023-02-25,6,Excellent service and friendly dealer staff.,10,5,10
5572,19,51,2024-08-15,8,"Some scratches noticed on delivery, but acceptable.",7,8,8
5573,71,62,2023-11-28,5,"Delivery was delayed by a few days, disappointed.",10,6,9
5574,20,97,2025-03-24,9,"Some scratches noticed on delivery, but acceptable.",9,7,8
5575,89,140,2023-08-07,10,"Some scratches noticed on delivery, but acceptable.",8,6,6
5576,80,35,2023-11-10,6,Would definitely recommend to other logistics companies.,8,7,9
5577,15,74,2024-02-25,9,Excellent service and friendly dealer staff.,7,10,10
5578,44,72,2025-06-16,9,Cabin comfort could be better for long drives.,7,10,8
5579,76,136,2023-08-28,7,Fuel consumption is higher than expected.,9,8,10
5580,48,80,2025-01-12,7,"Engine efficiency is superb, very satisfied.",9,5,6
5581,76,50,2023-11-09,6,The truck performs excellently in all terrains.,8,8,7
5582,100,14,2023-06-24,6,Would definitely recommend to other logistics companies.,7,6,9
5583,69,17,2024-11-14,9,Fuel consumption is higher than expected.,7,10,6
5584,81,166,2024-12-24,8,"Minor issues with brakes, resolved promptly.",8,7,7
5585,69,47,2024-08-06,7,"Some scratches noticed on delivery, but acceptable.",8,8,8
5586,13,109,2023-10-11,8,"Minor issues with brakes, resolved promptly.",7,6,10
5587,28,103,2024-04-04,6,"Engine efficiency is superb, very satisfied.",8,5,8
5588,32,19,2022-12-24,10,"Some scratches noticed on delivery, but acceptable.",7,6,9
5589,37,177,2025-04-12,10,Cabin comfort could be better for long drives.,6,7,8
5590,82,162,2025-03-12,10,The truck performs excellently in all terrains.,6,8,8
5591,45,56,2023-02-24,8,Cabin comfort could be better for long drives.,7,8,8
5592,36,166,2025-03-29,6,"Engine efficiency is superb, very satisfied.",7,7,7
5593,83,53,2023-09-01,7,"Minor issues with brakes, resolved promptly.",9,6,8
5594,9,163,2025-01-24,9,Fuel consumption is higher than expected.,6,10,8
5595,74,66,2023-03-17,7,Cabin comfort could be better for long drives.,10,5,10
5596,92,50,2023-07-08,8,"Minor issues with brakes, resolved promptly.",10,7,6
5597,56,42,2023-02-19,6,"Minor issues with brakes, resolved promptly.",7,8,6
5598,72,49,2023-09-19,8,Fuel consumption is higher than expected.,10,9,9
5599,80,73,2025-02-24,7,Excellent service and friendly dealer staff.,9,7,10
5600,72,12,2023-05-13,10,"Some scratches noticed on delivery, but acceptable.",6,6,9
5601,100,179,2023-05-06,6,Would definitely recommend to other logistics companies.,8,7,6
5602,34,180,2025-03-11,5,The truck performs excellently in all terrains.,10,5,9
5603,50,100,2023-04-03,6,Excellent service and friendly dealer staff.,8,9,6
5604,15,27,2023-12-06,7,"Some scratches noticed on delivery, but acceptable.",8,8,6
5605,21,50,2023-09-11,9,"Minor issues with brakes, resolved promptly.",10,10,7
5606,93,148,2024-11-29,7,Excellent service and friendly dealer staff.,10,7,9
5607,95,96,2025-06-11,9,The truck performs excellently in all terrains.,10,9,10
5608,15,144,2023-05-04,7,Support team responded quickly and professionally.,10,10,10
5609,64,151,2024-07-24,7,Cabin comfort could be better for long drives.,9,5,9
5610,26,87,2024-09-04,8,Cabin comfort could be better for long drives.,10,8,10
5611,52,66,2023-08-01,5,Support team responded quickly and professionally.,8,6,8
5612,22,68,2023-03-11,10,Cabin comfort could be better for long drives.,6,5,9
5613,34,72,2023-10-29,9,"Engine efficiency is superb, very satisfied.",5,5,9
5614,24,71,2024-01-04,8,Cabin comfort could be better for long drives.,10,5,8
5615,50,76,2025-01-23,10,Would definitely recommend to other logistics companies.,7,9,6
5616,2,134,2023-01-03,7,Cabin comfort could be better for long drives.,5,5,10
5617,37,63,2024-10-05,5,Cabin comfort could be better for long drives.,10,5,9
5618,11,38,2023-09-18,9,The truck performs excellently in all terrains.,10,9,10
5619,84,16,2025-02-07,7,Support team responded quickly and professionally.,9,9,7
5620,68,94,2025-01-29,8,Would definitely recommend to other logistics companies.,7,7,8
5621,65,37,2025-04-21,9,Excellent service and friendly dealer staff.,6,5,7
5622,97,100,2023-12-29,7,"Minor issues with brakes, resolved promptly.",8,6,7
5623,83,45,2024-07-07,10,Would definitely recommend to other logistics companies.,6,5,7
5624,2,5,2025-04-09,9,The truck performs excellently in all terrains.,8,9,9
5625,19,57,2024-11-30,9,"Some scratches noticed on delivery, but acceptable.",7,10,9
5626,56,58,2025-03-26,7,Fuel consumption is higher than expected.,10,8,9
5627,28,108,2023-11-27,5,Support team responded quickly and professionally.,7,5,8
5628,32,124,2025-02-14,9,The truck performs excellently in all terrains.,10,5,10
5629,13,171,2023-02-07,10,"Minor issues with brakes, resolved promptly.",7,8,7
5630,52,103,2023-11-11,8,"Delivery was delayed by a few days, disappointed.",5,5,6
5631,36,39,2025-09-05,8,Excellent service and friendly dealer staff.,9,5,9
5632,27,26,2022-12-15,6,Would definitely recommend to other logistics companies.,5,6,9
5633,28,176,2025-08-07,7,Fuel consumption is higher than expected.,5,8,9
5634,83,169,2025-01-06,7,The truck performs excellently in all terrains.,10,8,6
5635,6,101,2024-07-04,6,Support team responded quickly and professionally.,10,9,9
5636,2,110,2022-12-28,5,Cabin comfort could be better for long drives.,5,7,7
5637,90,198,2024-05-12,7,Support team responded quickly and professionally.,6,6,10
5638,92,152,2023-10-01,6,Cabin comfort could be better for long drives.,6,7,6
5639,9,146,2024-04-21,7,The truck performs excellently in all terrains.,9,10,9
5640,33,71,2025-06-29,6,Would definitely recommend to other logistics companies.,7,7,8
5641,77,175,2023-03-10,7,"Engine efficiency is superb, very satisfied.",6,10,7
5642,84,189,2024-01-01,7,Cabin comfort could be better for long drives.,8,9,8
5643,57,13,2023-03-27,5,"Minor issues with brakes, resolved promptly.",10,9,6
5644,4,42,2023-09-18,9,Excellent service and friendly dealer staff.,10,9,9
5645,69,75,2023-02-23,10,"Minor issues with brakes, resolved promptly.",10,8,6
5646,11,88,2025-02-14,6,Support team responded quickly and professionally.,8,6,6
5647,68,135,2023-06-03,5,The truck performs excellently in all terrains.,6,9,10
5648,4,144,2024-01-09,5,Cabin comfort could be better for long drives.,10,9,6
5649,5,197,2024-07-25,7,Excellent service and friendly dealer staff.,10,6,9
5650,37,93,2024-05-12,8,Fuel consumption is higher than expected.,9,7,9
5651,78,61,2024-08-08,8,"Minor issues with brakes, resolved promptly.",7,5,10
5652,85,10,2025-06-12,9,"Delivery was delayed by a few days, disappointed.",8,8,10
5653,72,98,2024-11-21,8,Excellent service and friendly dealer staff.,5,6,9
5654,13,21,2025-03-30,10,"Delivery was delayed by a few days, disappointed.",6,7,9
5655,70,98,2025-05-28,9,Fuel consumption is higher than expected.,10,9,9
5656,48,98,2024-06-01,8,Cabin comfort could be better for long drives.,8,6,9
5657,74,147,2023-05-09,10,Excellent service and friendly dealer staff.,8,5,6
5658,38,38,2023-04-26,9,"Delivery was delayed by a few days, disappointed.",8,6,9
5659,66,140,2023-02-18,5,"Minor issues with brakes, resolved promptly.",5,5,7
5660,72,69,2025-06-13,6,Support team responded quickly and professionally.,5,10,10
5661,22,118,2024-12-09,5,"Some scratches noticed on delivery, but acceptable.",8,8,6
5662,33,79,2023-04-20,9,"Delivery was delayed by a few days, disappointed.",6,6,8
5663,85,34,2022-12-11,6,Excellent service and friendly dealer staff.,6,7,9
5664,92,56,2023-10-01,7,"Some scratches noticed on delivery, but acceptable.",10,10,9
5665,93,37,2025-01-31,5,"Minor issues with brakes, resolved promptly.",10,10,6
5666,62,187,2023-05-06,6,"Engine efficiency is superb, very satisfied.",10,7,6
5667,61,190,2023-05-07,8,Cabin comfort could be better for long drives.,8,8,10
5668,2,107,2024-08-30,9,The truck performs excellently in all terrains.,5,5,8
5669,64,28,2025-02-28,8,"Engine efficiency is superb, very satisfied.",8,6,9
5670,47,171,2024-01-19,5,Support team responded quickly and professionally.,7,5,6
5671,5,98,2024-10-22,8,Fuel consumption is higher than expected.,8,9,10
5672,5,11,2024-06-27,8,"Engine efficiency is superb, very satisfied.",7,5,7
5673,22,26,2022-12-19,10,Would definitely recommend to other logistics companies.,5,8,6
5674,53,182,2025-03-03,6,Support team responded quickly and professionally.,8,9,7
5675,83,174,2022-10-28,5,"Delivery was delayed by a few days, disappointed.",10,10,9
5676,46,12,2025-08-26,9,The truck performs excellently in all terrains.,7,5,7
5677,8,47,2025-08-22,7,Fuel consumption is higher than expected.,10,9,7
5678,10,174,2023-02-18,7,"Delivery was delayed by a few days, disappointed.",5,8,9
5679,67,192,2023-09-29,7,"Engine efficiency is superb, very satisfied.",7,7,8
5680,23,194,2025-04-23,7,Would definitely recommend to other logistics companies.,7,7,9
5681,46,49,2022-11-01,9,Would definitely recommend to other logistics companies.,7,6,7
5682,41,102,2023-06-08,9,"Delivery was delayed by a few days, disappointed.",6,9,10
5683,48,109,2022-10-09,6,Support team responded quickly and professionally.,7,9,7
5684,74,100,2025-02-22,5,"Minor issues with brakes, resolved promptly.",8,8,9
5685,21,180,2022-10-11,9,"Minor issues with brakes, resolved promptly.",5,5,10
5686,68,166,2024-10-21,6,"Engine efficiency is superb, very satisfied.",5,5,7
5687,51,19,2024-11-04,5,"Minor issues with brakes, resolved promptly.",9,10,7
5688,13,115,2023-06-06,7,"Engine efficiency is superb, very satisfied.",7,7,6
5689,66,11,2024-09-03,7,Cabin comfort could be better for long drives.,7,10,9
5690,51,62,2024-03-03,5,"Minor issues with brakes, resolved promptly.",10,6,8
5691,72,116,2024-04-02,5,"Minor issues with brakes, resolved promptly.",9,8,9
5692,5,54,2023-07-27,7,"Minor issues with brakes, resolved promptly.",6,7,6
5693,37,78,2024-12-20,9,Excellent service and friendly dealer staff.,9,7,9
5694,90,156,2024-10-01,7,"Engine efficiency is superb, very satisfied.",9,8,8
5695,17,126,2024-12-11,7,Support team responded quickly and professionally.,10,8,8
5696,1,62,2023-02-17,8,"Some scratches noticed on delivery, but acceptable.",7,5,8
5697,5,1,2024-10-23,5,"Minor issues with brakes, resolved promptly.",10,10,7
5698,74,185,2025-09-22,8,"Minor issues with brakes, resolved promptly.",8,7,10
5699,84,157,2024-05-01,8,"Delivery was delayed by a few days, disappointed.",5,5,8
5700,22,27,2023-12-24,5,"Minor issues with brakes, resolved promptly.",8,10,6
5701,22,143,2024-06-17,5,Cabin comfort could be better for long drives.,10,8,7
5702,39,198,2024-11-15,8,"Delivery was delayed by a few days, disappointed.",9,8,7
5703,28,11,2024-08-31,7,"Minor issues with brakes, resolved promptly.",10,8,7
5704,40,69,2023-12-08,8,"Some scratches noticed on delivery, but acceptable.",8,9,9
5705,64,5,2025-09-21,6,The truck performs excellently in all terrains.,9,9,9
5706,93,160,2023-09-13,7,"Engine efficiency is superb, very satisfied.",5,8,8
5707,65,133,2022-12-15,5,Excellent service and friendly dealer staff.,10,9,6
5708,63,76,2024-09-11,6,Fuel consumption is higher than expected.,6,10,9
5709,57,122,2024-10-17,7,"Delivery was delayed by a few days, disappointed.",7,5,7
5710,95,8,2025-08-01,9,The truck performs excellently in all terrains.,7,7,8
5711,20,7,2023-04-04,9,The truck performs excellently in all terrains.,8,5,8
5712,59,25,2025-01-27,7,The truck performs excellently in all terrains.,5,7,6
5713,31,69,2023-07-31,8,The truck performs excellently in all terrains.,7,5,7
5714,8,99,2023-06-10,5,Support team responded quickly and professionally.,6,7,8
5715,25,122,2025-09-29,6,Would definitely recommend to other logistics companies.,7,10,9
5716,60,104,2024-09-24,5,"Some scratches noticed on delivery, but acceptable.",9,6,8
5717,37,163,2025-04-30,7,"Delivery was delayed by a few days, disappointed.",8,6,6
5718,15,73,2025-04-20,9,"Delivery was delayed by a few days, disappointed.",9,8,9
5719,76,88,2025-04-20,8,Would definitely recommend to other logistics companies.,9,5,8
5720,95,116,2023-07-17,7,Excellent service and friendly dealer staff.,6,8,7
5721,92,125,2024-03-22,8,Fuel consumption is higher than expected.,6,9,8
5722,23,28,2024-08-08,9,"Minor issues with brakes, resolved promptly.",6,5,10
5723,94,178,2024-09-08,10,"Engine efficiency is superb, very satisfied.",7,5,9
5724,27,156,2024-07-06,6,"Minor issues with brakes, resolved promptly.",10,5,10
5725,11,91,2025-04-04,9,Excellent service and friendly dealer staff.,7,8,6
5726,10,29,2025-04-07,5,Would definitely recommend to other logistics companies.,7,8,8
5727,7,186,2024-04-26,9,Cabin comfort could be better for long drives.,10,7,6
5728,47,193,2023-08-29,9,"Delivery was delayed by a few days, disappointed.",7,9,9
5729,5,144,2025-07-18,5,"Minor issues with brakes, resolved promptly.",9,5,7
5730,75,6,2024-07-07,10,Excellent service and friendly dealer staff.,7,9,7
5731,44,84,2024-01-11,9,"Delivery was delayed by a few days, disappointed.",8,6,8
5732,53,9,2025-08-30,8,Excellent service and friendly dealer staff.,7,5,9
5733,99,8,2022-12-12,5,"Delivery was delayed by a few days, disappointed.",9,9,10
5734,83,168,2025-08-15,6,Fuel consumption is higher than expected.,6,5,10
5735,68,100,2024-09-12,10,Would definitely recommend to other logistics companies.,10,10,7
5736,34,50,2023-10-17,5,"Engine efficiency is superb, very satisfied.",8,8,7
5737,75,198,2023-10-08,9,Would definitely recommend to other logistics companies.,10,8,6
5738,46,11,2024-07-06,7,"Some scratches noticed on delivery, but acceptable.",6,9,6
5739,4,38,2025-02-06,9,"Minor issues with brakes, resolved promptly.",5,10,7
5740,15,119,2023-08-14,6,Fuel consumption is higher than expected.,6,10,8
5741,44,157,2022-11-22,5,Fuel consumption is higher than expected.,9,9,10
5742,7,172,2023-10-21,9,Support team responded quickly and professionally.,8,6,6
5743,35,59,2023-01-10,9,Support team responded quickly and professionally.,5,8,6
5744,3,157,2025-02-08,5,"Engine efficiency is superb, very satisfied.",9,9,8
5745,59,137,2025-01-15,10,Support team responded quickly and professionally.,6,9,6
5746,89,76,2025-09-18,8,"Minor issues with brakes, resolved promptly.",6,5,6
5747,81,122,2024-02-01,6,Support team responded quickly and professionally.,5,7,7
5748,30,119,2023-03-15,10,Cabin comfort could be better for long drives.,6,5,8
5749,77,46,2024-05-01,10,"Minor issues with brakes, resolved promptly.",10,8,6
5750,75,104,2025-05-18,8,"Delivery was delayed by a few days, disappointed.",7,7,9
5751,19,29,2025-07-06,7,"Delivery was delayed by a few days, disappointed.",5,10,7
5752,62,72,2023-06-13,6,"Some scratches noticed on delivery, but acceptable.",5,10,10
5753,77,151,2025-02-11,5,Support team responded quickly and professionally.,5,8,7
5754,95,121,2024-08-08,5,Support team responded quickly and professionally.,9,7,10
5755,59,63,2024-07-15,5,Excellent service and friendly dealer staff.,8,6,10
5756,97,49,2024-01-05,6,"Engine efficiency is superb, very satisfied.",8,10,10
5757,75,62,2023-09-09,10,"Minor issues with brakes, resolved promptly.",6,9,6
5758,4,135,2024-01-02,8,The truck performs excellently in all terrains.,7,7,10
5759,84,173,2022-12-17,9,Support team responded quickly and professionally.,7,10,10
5760,94,92,2024-10-10,8,"Minor issues with brakes, resolved promptly.",5,7,7
5761,33,65,2023-10-21,10,Would definitely recommend to other logistics companies.,9,9,10
5762,5,71,2023-05-26,5,Excellent service and friendly dealer staff.,10,10,8
5763,53,5,2025-07-10,10,"Engine efficiency is superb, very satisfied.",6,9,9
5764,13,120,2022-11-07,5,"Delivery was delayed by a few days, disappointed.",5,7,6
5765,20,64,2025-01-07,5,Cabin comfort could be better for long drives.,8,6,8
5766,73,56,2024-04-21,6,Excellent service and friendly dealer staff.,9,7,6
5767,3,126,2024-09-26,8,Fuel consumption is higher than expected.,9,8,10
5768,11,93,2024-11-27,7,The truck performs excellently in all terrains.,8,9,8
5769,53,147,2025-06-19,5,The truck performs excellently in all terrains.,7,7,7
5770,16,73,2023-03-14,5,Fuel consumption is higher than expected.,7,7,8
5771,50,57,2023-11-15,8,Excellent service and friendly dealer staff.,8,8,6
5772,49,1,2025-02-16,5,Excellent service and friendly dealer staff.,5,9,7
5773,93,199,2023-10-14,9,"Engine efficiency is superb, very satisfied.",9,10,10
5774,47,65,2023-07-28,5,Cabin comfort could be better for long drives.,5,10,7
5775,44,177,2023-03-05,5,"Some scratches noticed on delivery, but acceptable.",9,9,9
5776,24,36,2025-08-08,8,"Some scratches noticed on delivery, but acceptable.",9,7,9
5777,56,65,2024-07-31,8,"Minor issues with brakes, resolved promptly.",6,10,8
5778,96,190,2025-05-29,7,"Some scratches noticed on delivery, but acceptable.",5,6,10
5779,86,11,2023-08-08,7,"Delivery was delayed by a few days, disappointed.",8,10,7
5780,97,87,2025-06-19,7,Excellent service and friendly dealer staff.,7,7,8
5781,86,173,2023-09-02,6,Would definitely recommend to other logistics companies.,6,10,9
5782,7,175,2023-01-30,6,Excellent service and friendly dealer staff.,5,8,9
5783,34,134,2022-11-12,6,"Minor issues with brakes, resolved promptly.",9,8,8
5784,28,14,2025-05-19,7,Excellent service and friendly dealer staff.,8,7,6
5785,45,164,2025-02-11,5,Fuel consumption is higher than expected.,10,10,6
5786,32,111,2024-08-21,9,The truck performs excellently in all terrains.,9,6,10
5787,8,89,2024-05-02,6,Would definitely recommend to other logistics companies.,7,9,7
5788,4,199,2025-04-12,10,Would definitely recommend to other logistics companies.,9,8,10
5789,57,191,2025-05-26,7,"Engine efficiency is superb, very satisfied.",8,10,6
5790,64,167,2024-10-24,5,"Delivery was delayed by a few days, disappointed.",8,7,9
5791,16,92,2025-06-02,7,"Delivery was delayed by a few days, disappointed.",10,6,8
5792,45,76,2024-01-22,8,"Some scratches noticed on delivery, but acceptable.",5,9,7
5793,94,138,2024-05-03,5,"Minor issues with brakes, resolved promptly.",8,10,7
5794,5,72,2025-02-07,5,"Engine efficiency is superb, very satisfied.",7,6,10
5795,24,61,2025-05-12,5,The truck performs excellently in all terrains.,5,9,6
5796,97,74,2023-08-22,7,Support team responded quickly and professionally.,8,6,9
5797,19,41,2024-06-07,9,Cabin comfort could be better for long drives.,6,7,10
5798,34,33,2024-03-13,9,The truck performs excellently in all terrains.,9,9,10
5799,62,65,2025-08-26,10,"Some scratches noticed on delivery, but acceptable.",10,8,7
5800,98,147,2024-07-10,9,"Delivery was delayed by a few days, disappointed.",7,9,8
5801,32,90,2025-06-05,9,Cabin comfort could be better for long drives.,6,6,8
5802,3,117,2024-05-07,10,"Minor issues with brakes, resolved promptly.",9,5,10
5803,5,183,2023-05-27,7,"Delivery was delayed by a few days, disappointed.",8,8,10
5804,66,78,2023-10-27,8,Excellent service and friendly dealer staff.,9,9,10
5805,27,150,2025-04-25,9,Would definitely recommend to other logistics companies.,7,7,10
5806,37,131,2022-11-10,10,"Delivery was delayed by a few days, disappointed.",7,7,8
5807,37,46,2025-04-15,5,Excellent service and friendly dealer staff.,9,7,7
5808,54,20,2022-12-11,8,"Delivery was delayed by a few days, disappointed.",9,8,10
5809,92,18,2024-04-12,10,Cabin comfort could be better for long drives.,6,10,6
5810,34,7,2024-01-09,8,Support team responded quickly and professionally.,6,10,10
5811,38,43,2023-01-30,10,"Some scratches noticed on delivery, but acceptable.",5,9,10
5812,2,145,2023-01-01,10,Would definitely recommend to other logistics companies.,5,8,7
5813,71,176,2024-06-18,6,"Delivery was delayed by a few days, disappointed.",5,5,7
5814,70,128,2022-11-03,7,Excellent service and friendly dealer staff.,6,8,9
5815,13,113,2024-06-14,8,"Minor issues with brakes, resolved promptly.",5,7,9
5816,46,20,2023-12-24,8,Would definitely recommend to other logistics companies.,10,8,9
5817,82,158,2024-01-18,9,Cabin comfort could be better for long drives.,8,9,9
5818,8,40,2023-10-04,10,Excellent service and friendly dealer staff.,5,5,8
5819,72,55,2024-01-17,5,"Some scratches noticed on delivery, but acceptable.",7,7,10
5820,13,175,2022-10-21,10,Cabin comfort could be better for long drives.,8,6,10
5821,78,46,2023-07-04,8,Cabin comfort could be better for long drives.,6,5,6
5822,48,105,2023-10-04,8,"Delivery was delayed by a few days, disappointed.",5,8,10
5823,28,141,2023-11-02,6,Support team responded quickly and professionally.,10,5,9
5824,42,81,2024-07-06,10,"Some scratches noticed on delivery, but acceptable.",8,7,10
5825,57,77,2023-11-21,6,"Some scratches noticed on delivery, but acceptable.",8,5,10
5826,17,131,2025-06-07,8,"Delivery was delayed by a few days, disappointed.",9,6,8
5827,15,122,2025-06-10,5,Cabin comfort could be better for long drives.,9,7,10
5828,10,11,2024-12-29,10,"Delivery was delayed by a few days, disappointed.",9,5,9
5829,82,27,2024-01-31,9,The truck performs excellently in all terrains.,7,5,8
5830,57,60,2025-08-07,6,"Engine efficiency is superb, very satisfied.",5,8,7
5831,84,153,2024-10-18,8,Fuel consumption is higher than expected.,5,5,10
5832,12,123,2025-05-08,8,Would definitely recommend to other logistics companies.,9,9,6
5833,57,173,2023-04-22,9,Support team responded quickly and professionally.,10,5,7
5834,14,113,2023-06-09,7,"Minor issues with brakes, resolved promptly.",10,7,9
5835,6,83,2025-04-10,8,"Engine efficiency is superb, very satisfied.",5,10,10
5836,94,150,2022-11-26,6,Fuel consumption is higher than expected.,7,5,8
5837,3,32,2023-12-01,7,"Delivery was delayed by a few days, disappointed.",9,10,6
5838,94,128,2025-03-21,7,Excellent service and friendly dealer staff.,5,5,6
5839,86,125,2025-07-14,10,"Delivery was delayed by a few days, disappointed.",8,7,7
5840,80,176,2025-08-22,6,Cabin comfort could be better for long drives.,8,8,9
5841,89,192,2024-05-21,9,"Minor issues with brakes, resolved promptly.",7,8,6
5842,35,136,2022-11-03,10,The truck performs excellently in all terrains.,9,8,6
5843,12,134,2024-08-14,5,Would definitely recommend to other logistics companies.,6,5,10
5844,52,13,2023-10-02,9,"Some scratches noticed on delivery, but acceptable.",9,9,10
5845,98,144,2025-06-23,6,"Some scratches noticed on delivery, but acceptable.",10,7,9
5846,43,15,2024-12-23,9,"Minor issues with brakes, resolved promptly.",5,7,10
5847,25,21,2025-08-27,5,Cabin comfort could be better for long drives.,5,9,9
5848,96,198,2025-03-29,9,Excellent service and friendly dealer staff.,9,9,9
5849,5,132,2022-11-08,8,Fuel consumption is higher than expected.,7,6,9
5850,13,195,2024-05-08,10,Cabin comfort could be better for long drives.,6,10,6
5851,94,8,2023-12-10,10,Cabin comfort could be better for long drives.,7,9,7
5852,42,69,2023-10-30,9,Support team responded quickly and professionally.,6,7,10
5853,62,116,2023-01-24,6,Would definitely recommend to other logistics companies.,8,8,8
5854,18,183,2024-02-18,9,"Minor issues with brakes, resolved promptly.",10,10,7
5855,58,128,2025-02-28,5,"Delivery was delayed by a few days, disappointed.",8,7,10
5856,60,41,2024-07-07,6,The truck performs excellently in all terrains.,9,7,9
5857,46,76,2024-08-28,7,Support team responded quickly and professionally.,9,6,9
5858,93,191,2023-01-27,5,"Engine efficiency is superb, very satisfied.",10,10,6
5859,30,132,2024-01-24,9,"Engine efficiency is superb, very satisfied.",10,10,10
5860,72,187,2023-12-12,9,Excellent service and friendly dealer staff.,6,6,7
5861,50,70,2024-09-05,6,The truck performs excellently in all terrains.,7,6,10
5862,40,84,2022-10-26,8,Excellent service and friendly dealer staff.,5,9,6
5863,99,187,2024-07-30,6,"Delivery was delayed by a few days, disappointed.",8,6,7
5864,19,140,2023-04-04,5,"Delivery was delayed by a few days, disappointed.",8,8,9
5865,95,87,2023-08-15,8,Cabin comfort could be better for long drives.,7,5,9
5866,77,36,2024-09-02,6,Excellent service and friendly dealer staff.,5,10,10
5867,50,172,2024-05-09,5,Would definitely recommend to other logistics companies.,10,5,8
5868,62,118,2024-06-08,6,Cabin comfort could be better for long drives.,6,5,8
5869,56,172,2025-07-26,5,Cabin comfort could be better for long drives.,9,9,9
5870,62,124,2025-02-14,10,Cabin comfort could be better for long drives.,6,6,10
5871,76,167,2025-04-12,9,Support team responded quickly and professionally.,10,9,8
5872,100,129,2025-01-23,6,The truck performs excellently in all terrains.,6,9,10
5873,87,102,2023-04-29,8,"Minor issues with brakes, resolved promptly.",6,10,9
5874,2,109,2023-06-17,8,Support team responded quickly and professionally.,9,5,7
5875,42,175,2025-03-06,6,Cabin comfort could be better for long drives.,5,9,6
5876,19,109,2025-04-10,7,"Some scratches noticed on delivery, but acceptable.",7,9,10
5877,40,16,2024-07-15,10,Excellent service and friendly dealer staff.,6,5,6
5878,97,6,2024-04-27,8,Support team responded quickly and professionally.,5,9,10
5879,85,106,2023-05-04,5,"Delivery was delayed by a few days, disappointed.",8,5,6
5880,98,63,2022-11-01,7,Cabin comfort could be better for long drives.,8,5,9
5881,71,34,2024-06-27,9,"Minor issues with brakes, resolved promptly.",8,10,9
5882,38,103,2024-08-20,7,Support team responded quickly and professionally.,7,8,7
5883,25,91,2025-08-13,9,The truck performs excellently in all terrains.,5,5,10
5884,46,198,2025-03-09,7,Would definitely recommend to other logistics companies.,9,10,10
5885,69,170,2022-11-01,5,The truck performs excellently in all terrains.,5,7,10
5886,51,145,2023-02-16,8,Support team responded quickly and professionally.,6,7,7
5887,66,26,2022-10-18,8,"Delivery was delayed by a few days, disappointed.",10,9,9
5888,98,11,2024-09-18,5,"Minor issues with brakes, resolved promptly.",6,9,6
5889,86,71,2024-12-18,10,Excellent service and friendly dealer staff.,7,9,7
5890,76,69,2024-06-24,6,"Engine efficiency is superb, very satisfied.",6,5,6
5891,91,74,2024-01-11,5,Excellent service and friendly dealer staff.,7,8,8
5892,62,151,2023-12-01,5,Cabin comfort could be better for long drives.,6,7,9
5893,89,44,2022-11-02,8,Support team responded quickly and professionally.,9,8,6
5894,52,133,2023-11-19,10,"Engine efficiency is superb, very satisfied.",6,6,10
5895,13,184,2023-01-25,9,The truck performs excellently in all terrains.,7,6,7
5896,41,44,2024-01-12,5,"Delivery was delayed by a few days, disappointed.",10,7,10
5897,85,163,2023-01-22,5,Fuel consumption is higher than expected.,8,7,6
5898,58,163,2023-09-21,7,Cabin comfort could be better for long drives.,9,7,7
5899,39,52,2022-11-10,5,Excellent service and friendly dealer staff.,8,9,6
5900,33,200,2025-07-14,7,The truck performs excellently in all terrains.,5,8,10
5901,36,148,2025-08-18,9,Would definitely recommend to other logistics companies.,7,8,9
5902,34,36,2025-07-13,8,The truck performs excellently in all terrains.,7,5,10
5903,23,28,2023-05-27,5,Fuel consumption is higher than expected.,7,8,8
5904,36,42,2023-04-24,10,"Some scratches noticed on delivery, but acceptable.",8,5,8
5905,7,185,2023-08-10,9,"Delivery was delayed by a few days, disappointed.",8,9,7
5906,20,68,2023-05-10,5,Fuel consumption is higher than expected.,5,6,7
5907,99,185,2023-08-13,8,Excellent service and friendly dealer staff.,6,6,10
5908,61,183,2023-06-12,10,The truck performs excellently in all terrains.,8,7,10
5909,9,179,2024-02-16,7,"Delivery was delayed by a few days, disappointed.",6,9,9
5910,96,57,2025-02-13,7,"Engine efficiency is superb, very satisfied.",10,9,7
5911,35,170,2023-05-23,10,Support team responded quickly and professionally.,7,6,8
5912,27,156,2022-10-09,10,Would definitely recommend to other logistics companies.,8,10,9
5913,68,94,2024-03-14,9,"Some scratches noticed on delivery, but acceptable.",5,9,7
5914,24,159,2023-02-13,7,The truck performs excellently in all terrains.,8,5,10
5915,75,178,2023-06-25,9,Fuel consumption is higher than expected.,5,6,6
5916,71,86,2024-02-15,5,"Delivery was delayed by a few days, disappointed.",6,6,9
5917,64,59,2025-09-06,5,Excellent service and friendly dealer staff.,6,6,8
5918,53,28,2025-06-13,6,"Some scratches noticed on delivery, but acceptable.",9,7,9
5919,14,68,2025-04-12,6,Excellent service and friendly dealer staff.,8,6,8
5920,4,138,2024-09-12,7,"Some scratches noticed on delivery, but acceptable.",7,7,7
5921,26,136,2022-10-17,5,"Minor issues with brakes, resolved promptly.",5,7,9
5922,80,45,2023-02-01,7,"Delivery was delayed by a few days, disappointed.",5,6,8
5923,66,18,2023-01-26,10,Cabin comfort could be better for long drives.,7,7,8
5924,3,160,2022-10-27,7,Support team responded quickly and professionally.,9,5,7
5925,23,125,2022-11-22,9,"Minor issues with brakes, resolved promptly.",8,10,10
5926,16,19,2024-05-25,10,Fuel consumption is higher than expected.,7,6,8
5927,98,80,2025-09-06,10,"Some scratches noticed on delivery, but acceptable.",5,5,10
5928,20,146,2024-09-05,9,"Some scratches noticed on delivery, but acceptable.",6,9,7
5929,14,33,2025-07-08,6,"Some scratches noticed on delivery, but acceptable.",6,8,7
5930,28,35,2025-01-01,8,Cabin comfort could be better for long drives.,7,7,8
5931,3,168,2024-09-19,7,The truck performs excellently in all terrains.,9,6,9
5932,65,10,2025-01-19,7,Excellent service and friendly dealer staff.,10,7,8
5933,71,10,2022-12-13,10,Support team responded quickly and professionally.,5,10,7
5934,43,181,2023-08-02,5,"Engine efficiency is superb, very satisfied.",7,5,7
5935,52,5,2023-08-20,8,Excellent service and friendly dealer staff.,8,6,6
5936,100,2,2024-08-16,9,"Engine efficiency is superb, very satisfied.",8,9,9
5937,34,135,2024-10-01,5,Would definitely recommend to other logistics companies.,9,6,9
5938,86,9,2025-09-19,10,"Minor issues with brakes, resolved promptly.",10,6,10
5939,92,188,2025-01-18,6,The truck performs excellently in all terrains.,7,6,8
5940,15,183,2023-10-01,7,Fuel consumption is higher than expected.,6,7,8
5941,9,5,2022-11-29,5,"Some scratches noticed on delivery, but acceptable.",7,10,7
5942,13,2,2025-04-12,7,Support team responded quickly and professionally.,10,10,10
5943,78,78,2024-02-15,9,"Some scratches noticed on delivery, but acceptable.",9,8,10
5944,72,137,2023-03-12,8,The truck performs excellently in all terrains.,5,8,9
5945,36,124,2025-03-11,9,"Engine efficiency is superb, very satisfied.",7,8,10
5946,58,45,2023-12-13,9,Support team responded quickly and professionally.,6,5,9
5947,77,95,2025-08-26,5,Excellent service and friendly dealer staff.,6,8,9
5948,41,90,2023-07-28,8,"Delivery was delayed by a few days, disappointed.",8,5,6
5949,24,5,2025-05-10,9,"Delivery was delayed by a few days, disappointed.",8,8,6
5950,61,122,2025-04-20,7,"Minor issues with brakes, resolved promptly.",9,10,9
5951,86,85,2023-09-29,5,Excellent service and friendly dealer staff.,6,7,7
5952,71,24,2024-05-12,5,Support team responded quickly and professionally.,10,5,10
5953,12,185,2024-12-18,9,"Minor issues with brakes, resolved promptly.",8,8,10
5954,5,69,2024-04-14,6,The truck performs excellently in all terrains.,8,6,8
5955,100,51,2023-06-25,10,Would definitely recommend to other logistics companies.,9,9,8
5956,58,125,2025-01-23,10,Fuel consumption is higher than expected.,7,6,10
5957,17,125,2025-03-24,8,"Delivery was delayed by a few days, disappointed.",6,7,10
5958,53,142,2023-12-19,8,"Engine efficiency is superb, very satisfied.",5,8,8
5959,34,157,2023-12-04,5,The truck performs excellently in all terrains.,5,10,6
5960,82,131,2024-03-13,6,Cabin comfort could be better for long drives.,7,7,7
5961,60,60,2023-06-17,7,The truck performs excellently in all terrains.,6,10,7
5962,30,139,2024-05-01,6,"Engine efficiency is superb, very satisfied.",6,8,10
5963,58,2,2022-12-09,9,"Engine efficiency is superb, very satisfied.",7,5,7
5964,1,13,2024-05-18,10,The truck performs excellently in all terrains.,10,10,10
5965,58,162,2023-02-05,7,Cabin comfort could be better for long drives.,8,6,8
5966,59,53,2024-06-26,7,Fuel consumption is higher than expected.,9,5,10
5967,26,132,2025-03-05,10,"Minor issues with brakes, resolved promptly.",8,6,6
5968,75,6,2025-03-07,6,"Delivery was delayed by a few days, disappointed.",8,8,8
5969,11,170,2022-11-22,8,The truck performs excellently in all terrains.,8,9,8
5970,84,63,2023-10-09,9,The truck performs excellently in all terrains.,6,6,7
5971,32,190,2024-04-17,5,Fuel consumption is higher than expected.,5,6,6
5972,29,172,2023-12-23,9,Would definitely recommend to other logistics companies.,9,9,6
5973,27,53,2025-06-07,7,"Minor issues with brakes, resolved promptly.",9,7,10
5974,74,125,2024-10-31,10,Fuel consumption is higher than expected.,5,5,10
5975,4,124,2025-07-17,5,"Delivery was delayed by a few days, disappointed.",6,5,10
5976,49,21,2022-10-30,6,"Minor issues with brakes, resolved promptly.",10,5,7
5977,95,162,2024-11-21,6,Excellent service and friendly dealer staff.,8,9,9
5978,100,66,2024-09-25,8,"Minor issues with brakes, resolved promptly.",8,9,9
5979,43,43,2023-09-26,7,Support team responded quickly and professionally.,10,6,6
5980,28,22,2023-08-20,10,"Minor issues with brakes, resolved promptly.",5,9,7
5981,33,75,2023-03-28,8,Excellent service and friendly dealer staff.,6,8,10
5982,31,194,2022-10-13,10,Cabin comfort could be better for long drives.,5,5,9
5983,74,4,2024-06-16,9,"Minor issues with brakes, resolved promptly.",7,9,10
5984,1,50,2024-12-13,5,Would definitely recommend to other logistics companies.,10,7,9
5985,28,86,2025-07-07,6,Fuel consumption is higher than expected.,8,5,9
5986,49,47,2024-04-16,7,Would definitely recommend to other logistics companies.,10,6,9
5987,61,136,2025-03-08,10,"Engine efficiency is superb, very satisfied.",5,5,8
5988,79,90,2025-09-17,7,"Minor issues with brakes, resolved promptly.",10,5,10
5989,65,142,2023-09-04,5,Support team responded quickly and professionally.,5,7,8
5990,5,40,2023-02-17,8,"Delivery was delayed by a few days, disappointed.",7,10,10
5991,84,192,2024-09-19,8,"Some scratches noticed on delivery, but acceptable.",5,7,8
5992,79,61,2023-11-08,7,"Some scratches noticed on delivery, but acceptable.",10,9,9
5993,23,56,2022-12-09,9,Fuel consumption is higher than expected.,6,10,9
5994,98,150,2025-02-04,10,"Some scratches noticed on delivery, but acceptable.",5,8,7
5995,13,65,2025-08-11,10,Would definitely recommend to other logistics companies.,7,8,10
5996,93,200,2024-03-23,7,Support team responded quickly and professionally.,7,8,8
5997,92,156,2023-02-22,10,Excellent service and friendly dealer staff.,10,7,10
5998,94,150,2025-09-28,5,"Engine efficiency is superb, very satisfied.",6,7,8
5999,71,134,2024-03-30,10,Cabin comfort could be better for long drives.,9,10,6
6000,72,92,2025-07-26,5,"Delivery was delayed by a few days, disappointed.",5,8,7
6001,15,198,2023-02-05,9,Excellent service and friendly dealer staff.,9,9,10
6002,57,27,2022-12-26,10,Cabin comfort could be better for long drives.,5,6,10
6003,43,174,2023-12-11,8,Support team responded quickly and professionally.,10,8,10
6004,36,185,2023-07-05,9,Excellent service and friendly dealer staff.,8,9,6
6005,52,26,2024-05-24,9,"Delivery was delayed by a few days, disappointed.",9,9,7
6006,67,181,2023-12-17,5,Would definitely recommend to other logistics companies.,8,9,8
6007,97,44,2024-08-26,7,"Minor issues with brakes, resolved promptly.",6,5,8
6008,24,90,2025-07-30,5,Support team responded quickly and professionally.,8,8,6
6009,71,114,2023-04-16,8,Cabin comfort could be better for long drives.,6,9,7
6010,19,157,2025-01-18,6,Support team responded quickly and professionally.,10,9,7
6011,9,152,2023-09-18,6,Cabin comfort could be better for long drives.,5,10,7
6012,37,7,2023-01-14,9,"Delivery was delayed by a few days, disappointed.",9,10,8
6013,37,83,2023-02-01,7,"Some scratches noticed on delivery, but acceptable.",7,6,7
6014,92,92,2025-01-21,6,"Some scratches noticed on delivery, but acceptable.",5,10,6
6015,98,161,2023-07-10,5,"Some scratches noticed on delivery, but acceptable.",8,7,10
6016,63,155,2024-02-23,7,Support team responded quickly and professionally.,9,6,7
6017,75,148,2023-08-06,6,"Engine efficiency is superb, very satisfied.",10,9,7
6018,50,58,2023-04-12,5,"Engine efficiency is superb, very satisfied.",6,7,10
6019,52,57,2025-05-02,6,Support team responded quickly and professionally.,8,8,6
6020,29,64,2025-08-07,5,"Some scratches noticed on delivery, but acceptable.",8,9,6
6021,9,152,2024-06-01,8,"Minor issues with brakes, resolved promptly.",10,10,10
6022,57,134,2023-12-27,7,"Engine efficiency is superb, very satisfied.",8,9,10
6023,48,126,2023-06-26,7,Cabin comfort could be better for long drives.,7,8,6
6024,28,74,2023-10-21,7,"Delivery was delayed by a few days, disappointed.",9,8,6
6025,24,174,2024-09-21,9,The truck performs excellently in all terrains.,7,5,9
6026,33,125,2023-05-01,10,Cabin comfort could be better for long drives.,8,5,9
6027,66,34,2025-05-08,5,"Delivery was delayed by a few days, disappointed.",5,10,7
6028,88,46,2024-06-30,9,Cabin comfort could be better for long drives.,9,7,8
6029,75,197,2025-07-04,5,Fuel consumption is higher than expected.,7,5,10
6030,38,1,2025-09-25,7,Excellent service and friendly dealer staff.,9,8,10
6031,99,41,2022-11-22,5,"Some scratches noticed on delivery, but acceptable.",6,6,7
6032,60,67,2024-01-13,5,The truck performs excellently in all terrains.,5,8,8
6033,20,70,2025-02-21,7,Would definitely recommend to other logistics companies.,6,7,8
6034,66,77,2025-01-05,6,"Engine efficiency is superb, very satisfied.",5,7,9
6035,40,189,2024-03-02,10,Excellent service and friendly dealer staff.,6,6,6
6036,9,185,2023-02-01,7,Fuel consumption is higher than expected.,8,7,6
6037,46,170,2023-02-10,8,"Delivery was delayed by a few days, disappointed.",10,10,7
6038,11,84,2023-04-15,5,Would definitely recommend to other logistics companies.,10,8,6
6039,86,134,2023-12-05,9,Excellent service and friendly dealer staff.,5,10,6
6040,9,67,2022-11-30,6,Would definitely recommend to other logistics companies.,9,10,6
6041,100,107,2024-09-17,6,Fuel consumption is higher than expected.,8,5,10
6042,3,91,2024-03-17,8,"Some scratches noticed on delivery, but acceptable.",9,6,8
6043,84,97,2024-05-01,9,Cabin comfort could be better for long drives.,10,7,9
6044,81,43,2025-06-26,9,Support team responded quickly and professionally.,7,8,10
6045,95,31,2023-09-21,5,"Delivery was delayed by a few days, disappointed.",10,7,8
6046,56,173,2023-11-11,10,"Engine efficiency is superb, very satisfied.",6,10,6
6047,82,145,2023-04-24,9,Excellent service and friendly dealer staff.,5,8,7
6048,42,98,2024-07-14,10,Fuel consumption is higher than expected.,9,9,8
6049,70,130,2023-11-16,10,Fuel consumption is higher than expected.,6,8,6
6050,64,47,2025-03-20,10,The truck performs excellently in all terrains.,9,5,10
6051,28,101,2025-05-09,6,Support team responded quickly and professionally.,8,8,6
6052,8,131,2024-02-06,7,"Delivery was delayed by a few days, disappointed.",9,6,8
6053,52,109,2023-12-05,5,Fuel consumption is higher than expected.,6,8,10
6054,39,11,2023-07-13,9,Fuel consumption is higher than expected.,5,10,8
6055,97,41,2025-06-30,5,The truck performs excellently in all terrains.,7,5,10
6056,10,74,2023-11-29,7,Would definitely recommend to other logistics companies.,6,9,6
6057,64,145,2024-02-11,6,The truck performs excellently in all terrains.,7,7,6
6058,60,130,2024-09-01,6,Excellent service and friendly dealer staff.,8,6,6
6059,77,93,2024-06-22,8,The truck performs excellently in all terrains.,9,7,10
6060,21,43,2022-10-07,6,"Minor issues with brakes, resolved promptly.",5,5,8
6061,33,108,2024-06-14,5,Support team responded quickly and professionally.,7,9,7
6062,3,128,2023-10-17,8,"Some scratches noticed on delivery, but acceptable.",10,9,10
6063,24,125,2025-04-28,5,"Engine efficiency is superb, very satisfied.",7,7,6
6064,56,66,2023-08-29,9,The truck performs excellently in all terrains.,8,10,8
6065,22,7,2024-10-01,7,Would definitely recommend to other logistics companies.,6,5,7
6066,84,157,2025-01-14,7,"Delivery was delayed by a few days, disappointed.",6,7,8
6067,80,58,2023-08-26,5,"Minor issues with brakes, resolved promptly.",6,5,9
6068,82,196,2022-10-28,9,"Delivery was delayed by a few days, disappointed.",9,10,6
6069,53,182,2023-12-20,9,Support team responded quickly and professionally.,5,7,10
6070,8,155,2024-03-30,10,"Some scratches noticed on delivery, but acceptable.",9,10,9
6071,56,160,2023-05-14,9,"Some scratches noticed on delivery, but acceptable.",6,7,7
6072,52,155,2023-05-13,5,Cabin comfort could be better for long drives.,10,9,6
6073,77,49,2024-02-19,8,"Engine efficiency is superb, very satisfied.",6,7,7
6074,7,122,2025-02-28,7,Support team responded quickly and professionally.,9,7,8
6075,70,64,2024-02-11,7,Support team responded quickly and professionally.,6,10,6
6076,91,117,2024-08-19,7,"Some scratches noticed on delivery, but acceptable.",6,10,10
6077,34,45,2023-02-27,5,"Delivery was delayed by a few days, disappointed.",9,8,6
6078,46,106,2024-12-04,6,Cabin comfort could be better for long drives.,5,6,7
6079,10,147,2025-06-18,8,"Minor issues with brakes, resolved promptly.",7,7,7
6080,11,197,2023-05-04,9,Support team responded quickly and professionally.,7,7,8
6081,15,164,2022-11-20,5,"Minor issues with brakes, resolved promptly.",6,10,7
6082,60,77,2025-08-24,5,"Minor issues with brakes, resolved promptly.",9,7,6
6083,43,60,2025-07-20,6,"Some scratches noticed on delivery, but acceptable.",6,5,10
6084,21,164,2025-04-03,6,"Some scratches noticed on delivery, but acceptable.",7,8,10
6085,46,120,2023-05-30,10,Excellent service and friendly dealer staff.,8,8,8
6086,93,151,2023-03-29,7,Would definitely recommend to other logistics companies.,9,10,7
6087,87,52,2023-09-15,10,The truck performs excellently in all terrains.,8,9,8
6088,38,130,2024-02-15,7,Cabin comfort could be better for long drives.,8,9,8
6089,61,171,2023-10-12,6,The truck performs excellently in all terrains.,5,8,7
6090,97,178,2025-06-17,6,"Engine efficiency is superb, very satisfied.",8,7,10
6091,28,4,2025-05-25,10,Fuel consumption is higher than expected.,7,10,6
6092,55,91,2023-05-23,10,"Delivery was delayed by a few days, disappointed.",7,9,9
6093,30,25,2025-01-09,9,"Minor issues with brakes, resolved promptly.",6,10,7
6094,72,127,2023-08-13,7,Would definitely recommend to other logistics companies.,9,10,9
6095,97,11,2025-05-07,10,"Engine efficiency is superb, very satisfied.",9,10,9
6096,4,93,2024-10-08,9,"Some scratches noticed on delivery, but acceptable.",6,8,7
6097,31,161,2024-10-27,6,Would definitely recommend to other logistics companies.,8,10,7
6098,17,87,2023-07-07,9,Cabin comfort could be better for long drives.,9,9,8
6099,28,27,2025-06-21,5,Excellent service and friendly dealer staff.,8,9,8
6100,59,62,2025-07-09,5,"Delivery was delayed by a few days, disappointed.",6,7,10
6101,94,65,2024-07-04,10,Would definitely recommend to other logistics companies.,6,6,8
6102,10,186,2024-04-26,9,"Minor issues with brakes, resolved promptly.",6,6,9
6103,43,129,2024-03-04,5,The truck performs excellently in all terrains.,8,7,8
6104,66,124,2025-03-02,10,Support team responded quickly and professionally.,9,9,8
6105,100,67,2022-12-25,8,Cabin comfort could be better for long drives.,10,7,10
6106,32,44,2023-06-17,8,Would definitely recommend to other logistics companies.,6,9,6
6107,38,134,2025-01-04,9,The truck performs excellently in all terrains.,5,6,7
6108,47,148,2024-02-13,10,Cabin comfort could be better for long drives.,8,9,10
6109,99,78,2023-07-09,6,Support team responded quickly and professionally.,10,10,10
6110,87,172,2024-12-23,9,Cabin comfort could be better for long drives.,9,9,7
6111,65,127,2022-12-30,7,Excellent service and friendly dealer staff.,6,9,10
6112,48,129,2023-03-02,6,Excellent service and friendly dealer staff.,7,5,10
6113,62,85,2023-12-24,8,"Minor issues with brakes, resolved promptly.",7,6,9
6114,23,76,2023-09-11,10,"Some scratches noticed on delivery, but acceptable.",10,5,9
6115,95,9,2024-07-17,5,Support team responded quickly and professionally.,9,6,8
6116,87,124,2025-03-11,9,Fuel consumption is higher than expected.,6,8,7
6117,67,32,2022-12-29,5,Fuel consumption is higher than expected.,8,9,10
6118,43,144,2025-01-09,9,The truck performs excellently in all terrains.,7,5,7
6119,28,19,2023-10-26,6,"Some scratches noticed on delivery, but acceptable.",6,6,7
6120,1,7,2024-10-24,5,Excellent service and friendly dealer staff.,10,8,7
6121,68,195,2025-04-08,6,Cabin comfort could be better for long drives.,7,7,10
6122,44,112,2023-05-20,9,"Minor issues with brakes, resolved promptly.",7,9,9
6123,62,196,2025-07-14,7,Would definitely recommend to other logistics companies.,10,8,6
6124,96,20,2023-07-08,7,The truck performs excellently in all terrains.,6,7,9
6125,58,28,2025-04-26,6,Cabin comfort could be better for long drives.,8,7,9
6126,26,197,2025-06-19,8,"Engine efficiency is superb, very satisfied.",10,7,8
6127,31,158,2024-05-13,8,The truck performs excellently in all terrains.,7,7,6
6128,84,78,2024-01-11,8,"Some scratches noticed on delivery, but acceptable.",5,5,7
6129,92,53,2025-03-31,9,The truck performs excellently in all terrains.,6,6,10
6130,25,189,2024-08-19,7,The truck performs excellently in all terrains.,10,9,10
6131,43,89,2023-01-22,9,Cabin comfort could be better for long drives.,10,7,10
6132,37,191,2023-10-30,9,The truck performs excellently in all terrains.,8,10,6
6133,40,74,2023-04-07,6,"Delivery was delayed by a few days, disappointed.",7,10,10
6134,31,26,2022-11-04,7,Fuel consumption is higher than expected.,8,8,6
6135,88,61,2023-08-08,7,Fuel consumption is higher than expected.,8,7,9
6136,48,61,2024-06-29,5,The truck performs excellently in all terrains.,7,5,9
6137,18,25,2025-05-02,5,"Delivery was delayed by a few days, disappointed.",7,5,6
6138,89,99,2024-10-06,6,Fuel consumption is higher than expected.,7,6,6
6139,19,149,2023-03-23,9,Cabin comfort could be better for long drives.,7,9,7
6140,1,73,2025-10-03,7,"Delivery was delayed by a few days, disappointed.",6,9,8
6141,33,41,2022-12-30,10,Cabin comfort could be better for long drives.,9,6,7
6142,70,146,2024-09-18,7,"Engine efficiency is superb, very satisfied.",7,6,10
6143,19,130,2024-09-04,10,Cabin comfort could be better for long drives.,7,10,9
6144,14,55,2023-11-29,5,The truck performs excellently in all terrains.,6,5,8
6145,58,172,2023-10-04,5,Excellent service and friendly dealer staff.,8,8,8
6146,45,140,2025-07-15,8,"Some scratches noticed on delivery, but acceptable.",7,9,10
6147,68,99,2023-10-11,10,The truck performs excellently in all terrains.,6,9,8
6148,21,97,2025-01-20,6,"Some scratches noticed on delivery, but acceptable.",9,7,6
6149,18,88,2025-03-04,5,Fuel consumption is higher than expected.,8,9,7
6150,63,161,2023-06-21,8,"Delivery was delayed by a few days, disappointed.",6,9,6
6151,18,175,2022-10-21,10,"Minor issues with brakes, resolved promptly.",5,7,10
6152,93,146,2025-06-06,5,"Delivery was delayed by a few days, disappointed.",9,5,6
6153,61,81,2024-10-15,5,"Engine efficiency is superb, very satisfied.",8,5,8
6154,11,48,2025-07-02,7,Fuel consumption is higher than expected.,9,7,8
6155,41,24,2023-08-11,6,Would definitely recommend to other logistics companies.,9,8,10
6156,38,120,2023-09-07,9,Excellent service and friendly dealer staff.,10,6,8
6157,73,82,2023-12-22,10,Fuel consumption is higher than expected.,6,9,6
6158,57,159,2023-05-04,9,Excellent service and friendly dealer staff.,8,8,9
6159,52,47,2022-10-17,10,Fuel consumption is higher than expected.,10,8,9
6160,91,31,2025-05-10,7,Cabin comfort could be better for long drives.,10,6,6
6161,59,101,2023-09-02,6,"Engine efficiency is superb, very satisfied.",5,9,9
6162,2,29,2024-11-14,5,Support team responded quickly and professionally.,5,9,8
6163,87,191,2023-07-10,5,"Minor issues with brakes, resolved promptly.",9,10,9
6164,71,136,2023-03-14,7,"Some scratches noticed on delivery, but acceptable.",8,8,8
6165,30,165,2024-04-07,9,The truck performs excellently in all terrains.,7,8,9
6166,44,93,2024-01-26,5,Support team responded quickly and professionally.,5,6,7
6167,86,181,2023-10-07,5,Fuel consumption is higher than expected.,9,10,7
6168,95,20,2024-09-22,8,"Engine efficiency is superb, very satisfied.",6,8,6
6169,8,89,2024-07-18,6,The truck performs excellently in all terrains.,8,5,10
6170,60,158,2024-11-10,8,Support team responded quickly and professionally.,6,5,8
6171,37,161,2025-08-01,6,Cabin comfort could be better for long drives.,5,7,6
6172,37,59,2025-05-28,6,"Engine efficiency is superb, very satisfied.",5,10,8
6173,42,156,2024-08-21,6,"Minor issues with brakes, resolved promptly.",7,7,8
6174,2,132,2022-10-21,7,"Some scratches noticed on delivery, but acceptable.",10,5,8
6175,32,176,2023-09-16,7,Would definitely recommend to other logistics companies.,5,5,10
6176,16,196,2022-12-13,8,The truck performs excellently in all terrains.,10,6,6
6177,8,85,2024-09-08,8,Cabin comfort could be better for long drives.,5,8,6
6178,72,10,2022-10-11,8,"Engine efficiency is superb, very satisfied.",9,10,6
6179,8,38,2023-06-01,7,Support team responded quickly and professionally.,9,5,10
6180,36,80,2025-04-04,9,"Minor issues with brakes, resolved promptly.",8,9,9
6181,91,86,2023-03-25,10,Support team responded quickly and professionally.,7,7,8
6182,2,13,2023-03-21,6,"Engine efficiency is superb, very satisfied.",9,10,6
6183,51,50,2023-08-27,6,"Some scratches noticed on delivery, but acceptable.",7,5,8
6184,4,160,2023-04-09,8,Excellent service and friendly dealer staff.,8,10,8
6185,2,175,2025-01-12,6,Fuel consumption is higher than expected.,6,8,9
6186,87,185,2023-07-30,5,Cabin comfort could be better for long drives.,8,9,7
6187,100,99,2025-07-04,9,Excellent service and friendly dealer staff.,7,8,9
6188,98,115,2024-06-26,8,Support team responded quickly and professionally.,8,9,6
6189,91,34,2024-01-04,8,Would definitely recommend to other logistics companies.,8,8,7
6190,58,97,2024-11-05,6,Support team responded quickly and professionally.,8,9,7
6191,96,77,2023-06-13,8,Cabin comfort could be better for long drives.,9,6,7
6192,25,15,2022-11-12,6,"Engine efficiency is superb, very satisfied.",7,7,6
6193,95,51,2022-12-01,9,Cabin comfort could be better for long drives.,10,7,8
6194,56,89,2024-05-17,8,Support team responded quickly and professionally.,8,6,6
6195,13,79,2024-03-25,10,"Some scratches noticed on delivery, but acceptable.",8,8,7
6196,27,135,2024-06-18,9,"Delivery was delayed by a few days, disappointed.",8,8,6
6197,68,82,2022-12-11,10,Cabin comfort could be better for long drives.,9,7,9
6198,43,143,2025-09-15,8,"Engine efficiency is superb, very satisfied.",8,7,9
6199,88,31,2023-06-09,8,"Some scratches noticed on delivery, but acceptable.",6,7,6
6200,22,173,2023-08-01,6,Fuel consumption is higher than expected.,5,10,8
6201,33,10,2024-08-10,5,"Some scratches noticed on delivery, but acceptable.",7,8,6
6202,34,146,2024-10-07,9,Cabin comfort could be better for long drives.,6,6,8
6203,14,109,2024-11-04,5,"Minor issues with brakes, resolved promptly.",7,6,7
6204,98,41,2023-04-20,7,"Delivery was delayed by a few days, disappointed.",10,10,9
6205,17,149,2023-01-07,9,"Some scratches noticed on delivery, but acceptable.",7,6,10
6206,97,116,2025-05-28,5,Cabin comfort could be better for long drives.,9,7,9
6207,78,119,2025-03-24,9,Would definitely recommend to other logistics companies.,10,6,10
6208,41,105,2024-08-27,5,Would definitely recommend to other logistics companies.,10,5,10
6209,20,190,2024-11-07,9,"Engine efficiency is superb, very satisfied.",10,5,9
6210,88,53,2023-06-16,8,"Delivery was delayed by a few days, disappointed.",9,7,9
6211,63,7,2024-11-15,6,Support team responded quickly and professionally.,10,7,7
6212,1,173,2023-05-27,8,Cabin comfort could be better for long drives.,5,10,8
6213,39,138,2024-05-24,9,Cabin comfort could be better for long drives.,8,10,6
6214,46,188,2025-07-03,10,"Engine efficiency is superb, very satisfied.",6,5,7
6215,33,189,2022-12-02,10,"Engine efficiency is superb, very satisfied.",7,8,10
6216,2,185,2023-08-16,10,The truck performs excellently in all terrains.,9,5,8
6217,9,169,2023-08-03,10,Cabin comfort could be better for long drives.,10,7,7
6218,47,79,2024-09-24,7,Would definitely recommend to other logistics companies.,9,5,7
6219,65,161,2023-10-10,5,Would definitely recommend to other logistics companies.,8,8,7
6220,81,143,2023-06-14,6,Cabin comfort could be better for long drives.,9,8,9
6221,6,131,2024-03-06,5,"Engine efficiency is superb, very satisfied.",9,7,7
6222,6,35,2024-01-10,9,"Some scratches noticed on delivery, but acceptable.",9,5,10
6223,92,91,2025-06-21,10,Excellent service and friendly dealer staff.,9,9,10
6224,26,1,2023-07-03,8,The truck performs excellently in all terrains.,8,5,10
6225,40,111,2024-09-20,7,Cabin comfort could be better for long drives.,10,9,10
6226,78,172,2024-07-15,9,Fuel consumption is higher than expected.,6,9,7
6227,98,142,2024-03-12,6,Excellent service and friendly dealer staff.,10,6,10
6228,89,119,2025-03-16,9,Fuel consumption is higher than expected.,8,8,7
6229,13,114,2024-11-02,6,Would definitely recommend to other logistics companies.,5,7,10
6230,48,52,2023-05-13,10,Fuel consumption is higher than expected.,9,6,10
6231,97,76,2023-08-29,5,Would definitely recommend to other logistics companies.,10,7,7
6232,64,163,2024-06-30,7,Cabin comfort could be better for long drives.,7,8,7
6233,94,132,2023-12-19,7,"Delivery was delayed by a few days, disappointed.",7,6,6
6234,94,132,2024-03-31,10,"Engine efficiency is superb, very satisfied.",10,10,9
6235,96,165,2025-04-29,7,Would definitely recommend to other logistics companies.,9,9,7
6236,37,116,2023-04-10,8,"Minor issues with brakes, resolved promptly.",8,7,8
6237,27,92,2023-01-05,5,The truck performs excellently in all terrains.,9,6,8
6238,73,48,2025-03-19,8,"Delivery was delayed by a few days, disappointed.",9,6,8
6239,46,155,2024-04-08,8,"Some scratches noticed on delivery, but acceptable.",7,7,7
6240,94,28,2025-09-27,10,"Engine efficiency is superb, very satisfied.",9,9,10
6241,5,56,2023-07-16,8,Cabin comfort could be better for long drives.,9,9,9
6242,12,139,2023-03-13,10,"Delivery was delayed by a few days, disappointed.",7,5,10
6243,52,16,2025-06-05,10,The truck performs excellently in all terrains.,8,7,7
6244,44,110,2024-09-20,5,Cabin comfort could be better for long drives.,7,5,6
6245,17,191,2024-05-17,10,"Minor issues with brakes, resolved promptly.",7,7,10
6246,63,166,2025-01-25,9,"Some scratches noticed on delivery, but acceptable.",6,7,9
6247,26,132,2024-01-30,7,Fuel consumption is higher than expected.,9,6,8
6248,45,193,2024-12-31,5,Fuel consumption is higher than expected.,7,9,6
6249,53,198,2023-12-31,8,Excellent service and friendly dealer staff.,8,6,9
6250,89,7,2023-06-21,8,"Minor issues with brakes, resolved promptly.",7,10,10
6251,56,82,2023-06-12,6,Fuel consumption is higher than expected.,6,7,6
6252,6,109,2023-01-18,10,Would definitely recommend to other logistics companies.,5,10,6
6253,63,165,2024-05-14,8,Excellent service and friendly dealer staff.,6,8,9
6254,33,78,2025-04-03,8,"Engine efficiency is superb, very satisfied.",9,7,7
6255,17,100,2023-06-27,8,Excellent service and friendly dealer staff.,8,9,9
6256,42,149,2023-07-14,7,"Engine efficiency is superb, very satisfied.",9,7,6
6257,77,101,2023-06-11,7,Fuel consumption is higher than expected.,5,10,6
6258,74,77,2025-04-24,9,Excellent service and friendly dealer staff.,7,10,8
6259,61,142,2024-07-25,6,"Minor issues with brakes, resolved promptly.",5,10,9
6260,96,44,2025-04-22,5,Cabin comfort could be better for long drives.,6,7,6
6261,28,68,2023-11-20,7,"Some scratches noticed on delivery, but acceptable.",6,8,6
6262,100,122,2025-03-18,10,"Minor issues with brakes, resolved promptly.",8,9,7
6263,39,59,2024-12-17,8,The truck performs excellently in all terrains.,8,7,7
6264,4,142,2025-05-09,9,"Minor issues with brakes, resolved promptly.",8,10,8
6265,57,87,2024-06-19,7,"Engine efficiency is superb, very satisfied.",9,5,9
6266,35,142,2024-03-02,6,"Delivery was delayed by a few days, disappointed.",10,9,9
6267,82,109,2025-06-30,6,"Engine efficiency is superb, very satisfied.",7,8,8
6268,51,75,2023-12-21,9,"Delivery was delayed by a few days, disappointed.",6,9,10
6269,40,174,2025-06-22,7,Fuel consumption is higher than expected.,8,6,8
6270,32,94,2023-12-18,7,The truck performs excellently in all terrains.,7,10,9
6271,30,97,2025-05-27,5,"Minor issues with brakes, resolved promptly.",8,6,9
6272,2,146,2024-05-21,7,Fuel consumption is higher than expected.,10,10,10
6273,99,130,2024-12-27,5,"Minor issues with brakes, resolved promptly.",7,7,6
6274,66,109,2024-01-05,5,Support team responded quickly and professionally.,7,5,6
6275,99,179,2024-01-03,9,Excellent service and friendly dealer staff.,10,10,10
6276,17,5,2023-09-14,7,Cabin comfort could be better for long drives.,10,9,10
6277,21,65,2024-03-30,6,Cabin comfort could be better for long drives.,8,9,6
6278,68,96,2024-07-23,10,Cabin comfort could be better for long drives.,7,5,7
6279,25,80,2025-05-26,10,"Engine efficiency is superb, very satisfied.",9,6,6
6280,91,59,2024-09-14,7,"Some scratches noticed on delivery, but acceptable.",5,9,10
6281,83,138,2024-07-29,8,Excellent service and friendly dealer staff.,9,10,8
6282,16,173,2023-02-07,7,Would definitely recommend to other logistics companies.,10,7,8
6283,75,64,2024-01-24,7,Support team responded quickly and professionally.,7,7,6
6284,45,120,2024-09-03,7,Support team responded quickly and professionally.,8,6,7
6285,33,106,2024-01-21,7,"Delivery was delayed by a few days, disappointed.",9,8,9
6286,40,104,2023-05-10,9,Would definitely recommend to other logistics companies.,5,7,9
6287,5,198,2025-09-30,9,"Some scratches noticed on delivery, but acceptable.",5,10,9
6288,52,68,2025-09-26,10,"Delivery was delayed by a few days, disappointed.",6,9,9
6289,79,141,2023-03-23,6,"Some scratches noticed on delivery, but acceptable.",6,6,8
6290,78,84,2024-03-19,9,Fuel consumption is higher than expected.,10,9,9
6291,67,67,2023-12-22,7,The truck performs excellently in all terrains.,5,10,10
6292,80,72,2025-05-11,5,Fuel consumption is higher than expected.,5,5,6
6293,2,194,2023-04-22,9,Excellent service and friendly dealer staff.,8,9,9
6294,32,94,2025-06-16,10,Support team responded quickly and professionally.,7,9,9
6295,2,90,2023-06-03,6,Would definitely recommend to other logistics companies.,9,10,7
6296,37,33,2022-12-04,9,"Engine efficiency is superb, very satisfied.",6,8,9
6297,16,55,2022-11-06,7,Excellent service and friendly dealer staff.,6,9,7
6298,92,160,2024-04-18,7,"Delivery was delayed by a few days, disappointed.",6,9,6
6299,42,40,2024-02-06,7,"Minor issues with brakes, resolved promptly.",6,7,7
6300,78,166,2024-06-24,5,"Some scratches noticed on delivery, but acceptable.",10,5,6
6301,16,158,2024-09-10,9,Cabin comfort could be better for long drives.,6,10,10
6302,34,166,2023-04-23,7,The truck performs excellently in all terrains.,6,10,7
6303,33,120,2025-03-04,7,"Engine efficiency is superb, very satisfied.",10,10,7
6304,68,141,2024-02-12,6,"Engine efficiency is superb, very satisfied.",9,9,7
6305,92,70,2023-10-09,6,Would definitely recommend to other logistics companies.,9,9,9
6306,9,190,2022-12-24,9,Fuel consumption is higher than expected.,5,5,9
6307,5,4,2024-10-31,9,The truck performs excellently in all terrains.,9,8,6
6308,7,175,2023-05-24,7,"Minor issues with brakes, resolved promptly.",10,7,9
6309,19,119,2023-12-13,10,Fuel consumption is higher than expected.,8,10,9
6310,81,176,2024-12-03,9,"Engine efficiency is superb, very satisfied.",8,9,8
6311,86,5,2025-02-21,10,Cabin comfort could be better for long drives.,6,5,8
6312,37,40,2025-06-25,7,Support team responded quickly and professionally.,9,10,6
6313,10,119,2022-12-15,7,Excellent service and friendly dealer staff.,10,10,10
6314,39,11,2024-06-28,8,Would definitely recommend to other logistics companies.,7,5,9
6315,23,104,2024-06-28,10,"Delivery was delayed by a few days, disappointed.",9,5,10
6316,47,179,2022-10-31,9,Fuel consumption is higher than expected.,7,8,7
6317,45,60,2023-07-23,5,The truck performs excellently in all terrains.,8,9,8
6318,77,117,2023-05-25,9,"Delivery was delayed by a few days, disappointed.",8,7,6
6319,33,199,2023-08-12,7,"Delivery was delayed by a few days, disappointed.",6,9,8
6320,31,33,2023-11-27,6,"Delivery was delayed by a few days, disappointed.",8,9,10
6321,88,144,2022-12-17,5,The truck performs excellently in all terrains.,6,10,6
6322,83,34,2025-04-07,7,Cabin comfort could be better for long drives.,7,10,7
6323,88,118,2023-04-22,5,Would definitely recommend to other logistics companies.,7,6,6
6324,67,99,2023-09-10,9,Excellent service and friendly dealer staff.,6,5,10
6325,29,10,2025-04-10,7,"Engine efficiency is superb, very satisfied.",8,9,10
6326,83,26,2023-12-18,9,Would definitely recommend to other logistics companies.,9,9,9
6327,17,114,2024-02-12,6,Cabin comfort could be better for long drives.,7,5,7
6328,41,153,2024-03-22,5,The truck performs excellently in all terrains.,8,8,9
6329,54,116,2024-01-26,9,Support team responded quickly and professionally.,9,5,7
6330,91,82,2025-09-30,10,Would definitely recommend to other logistics companies.,10,6,7
6331,43,128,2023-04-26,7,"Delivery was delayed by a few days, disappointed.",5,9,6
6332,12,66,2023-11-18,6,"Minor issues with brakes, resolved promptly.",10,6,7
6333,64,143,2023-05-21,5,"Minor issues with brakes, resolved promptly.",6,8,7
6334,22,40,2025-08-01,9,"Delivery was delayed by a few days, disappointed.",6,8,7
6335,25,31,2024-03-22,9,"Some scratches noticed on delivery, but acceptable.",10,10,10
6336,18,91,2024-02-08,5,The truck performs excellently in all terrains.,5,7,10
6337,5,150,2024-06-28,5,Fuel consumption is higher than expected.,8,10,10
6338,95,166,2024-06-16,10,"Minor issues with brakes, resolved promptly.",8,9,9
6339,81,174,2025-05-02,10,Support team responded quickly and professionally.,7,6,6
6340,3,50,2024-01-01,10,The truck performs excellently in all terrains.,8,7,10
6341,22,142,2024-09-02,7,"Some scratches noticed on delivery, but acceptable.",5,5,10
6342,79,138,2023-02-13,10,"Some scratches noticed on delivery, but acceptable.",6,9,8
6343,65,174,2025-08-07,10,The truck performs excellently in all terrains.,5,7,7
6344,45,183,2024-06-19,6,"Some scratches noticed on delivery, but acceptable.",10,6,7
6345,34,191,2023-03-04,10,"Some scratches noticed on delivery, but acceptable.",6,7,7
6346,54,113,2022-11-29,6,"Minor issues with brakes, resolved promptly.",8,6,7
6347,54,10,2023-06-15,10,Fuel consumption is higher than expected.,10,9,8
6348,59,135,2023-03-16,9,"Minor issues with brakes, resolved promptly.",7,9,10
6349,12,184,2024-07-27,8,"Delivery was delayed by a few days, disappointed.",9,7,10
6350,7,135,2024-06-30,5,Support team responded quickly and professionally.,8,9,7
6351,79,175,2025-04-28,6,Fuel consumption is higher than expected.,6,8,6
6352,64,152,2025-01-12,5,Excellent service and friendly dealer staff.,8,8,8
6353,12,181,2024-09-25,7,"Delivery was delayed by a few days, disappointed.",8,7,7
6354,64,148,2024-04-25,10,Cabin comfort could be better for long drives.,6,7,10
6355,32,145,2023-01-22,10,Cabin comfort could be better for long drives.,8,6,8
6356,100,75,2022-11-22,8,"Delivery was delayed by a few days, disappointed.",5,9,6
6357,37,115,2022-10-09,10,Cabin comfort could be better for long drives.,5,9,7
6358,60,143,2022-12-18,10,Cabin comfort could be better for long drives.,8,6,7
6359,18,64,2023-07-15,5,"Some scratches noticed on delivery, but acceptable.",9,7,8
6360,23,48,2025-07-10,6,"Engine efficiency is superb, very satisfied.",7,7,8
6361,70,167,2023-03-07,6,Support team responded quickly and professionally.,7,6,10
6362,9,15,2025-05-04,7,"Minor issues with brakes, resolved promptly.",5,9,9
6363,97,12,2024-08-05,9,"Delivery was delayed by a few days, disappointed.",10,6,9
6364,4,46,2023-07-19,7,Cabin comfort could be better for long drives.,6,8,8
6365,78,42,2025-06-07,9,Fuel consumption is higher than expected.,9,7,8
6366,87,12,2024-05-18,9,"Minor issues with brakes, resolved promptly.",8,5,10
6367,74,14,2025-08-01,6,The truck performs excellently in all terrains.,10,5,10
6368,64,100,2023-08-06,9,Fuel consumption is higher than expected.,5,9,9
6369,23,86,2023-01-03,7,"Minor issues with brakes, resolved promptly.",5,8,7
6370,48,42,2023-04-21,10,Cabin comfort could be better for long drives.,7,6,6
6371,6,106,2025-04-09,10,"Some scratches noticed on delivery, but acceptable.",8,10,7
6372,57,145,2022-12-27,6,"Delivery was delayed by a few days, disappointed.",10,5,8
6373,74,71,2023-06-19,8,Excellent service and friendly dealer staff.,10,5,8
6374,1,82,2024-05-25,8,"Minor issues with brakes, resolved promptly.",5,9,7
6375,94,163,2023-07-17,5,"Engine efficiency is superb, very satisfied.",5,8,9
6376,5,185,2022-12-26,8,Excellent service and friendly dealer staff.,10,9,7
6377,93,46,2024-01-11,9,"Engine efficiency is superb, very satisfied.",8,5,10
6378,47,86,2024-10-05,9,"Engine efficiency is superb, very satisfied.",5,8,10
6379,85,1,2022-10-31,9,"Minor issues with brakes, resolved promptly.",5,7,8
6380,3,153,2024-10-15,6,Cabin comfort could be better for long drives.,7,5,8
6381,10,15,2022-11-28,7,Fuel consumption is higher than expected.,8,5,7
6382,56,145,2023-08-07,7,"Some scratches noticed on delivery, but acceptable.",9,6,7
6383,14,87,2023-10-07,8,Would definitely recommend to other logistics companies.,9,8,6
6384,46,182,2022-10-26,7,"Engine efficiency is superb, very satisfied.",6,5,9
6385,40,67,2025-05-08,8,"Delivery was delayed by a few days, disappointed.",6,6,8
6386,82,123,2024-11-07,9,Would definitely recommend to other logistics companies.,7,8,7
6387,93,48,2024-03-28,8,Fuel consumption is higher than expected.,10,5,9
6388,87,13,2023-11-26,7,Would definitely recommend to other logistics companies.,8,9,10
6389,39,128,2023-09-15,8,"Delivery was delayed by a few days, disappointed.",6,5,6
6390,87,119,2025-03-20,10,The truck performs excellently in all terrains.,9,6,6
6391,18,69,2024-08-22,7,"Engine efficiency is superb, very satisfied.",7,5,6
6392,2,193,2024-09-16,6,Would definitely recommend to other logistics companies.,10,8,10
6393,28,72,2023-01-06,7,"Delivery was delayed by a few days, disappointed.",10,9,7
6394,98,9,2025-02-07,7,Fuel consumption is higher than expected.,8,6,8
6395,31,91,2025-08-16,8,Fuel consumption is higher than expected.,6,7,10
6396,17,161,2023-11-18,7,Cabin comfort could be better for long drives.,8,9,6
6397,94,153,2024-04-09,8,Fuel consumption is higher than expected.,8,6,10
6398,40,157,2024-12-20,9,Cabin comfort could be better for long drives.,9,8,9
6399,87,20,2025-06-08,6,"Engine efficiency is superb, very satisfied.",9,10,7
6400,36,176,2023-06-28,7,"Some scratches noticed on delivery, but acceptable.",10,8,8
6401,92,96,2025-06-28,7,"Some scratches noticed on delivery, but acceptable.",7,8,8
6402,11,165,2023-02-05,5,"Minor issues with brakes, resolved promptly.",10,10,8
6403,40,105,2025-05-01,8,Fuel consumption is higher than expected.,6,9,6
6404,83,74,2023-04-20,8,"Some scratches noticed on delivery, but acceptable.",8,9,10
6405,99,14,2023-01-19,9,"Some scratches noticed on delivery, but acceptable.",10,6,9
6406,57,157,2023-08-14,8,"Delivery was delayed by a few days, disappointed.",9,5,6
6407,78,78,2025-02-10,10,Fuel consumption is higher than expected.,5,9,6
6408,92,24,2024-07-26,7,Would definitely recommend to other logistics companies.,5,7,10
6409,80,193,2023-07-05,7,Excellent service and friendly dealer staff.,8,7,8
6410,52,17,2025-09-04,9,"Engine efficiency is superb, very satisfied.",10,7,6
6411,83,113,2025-06-11,6,"Engine efficiency is superb, very satisfied.",5,5,9
6412,86,2,2023-10-12,6,The truck performs excellently in all terrains.,10,6,8
6413,2,68,2025-01-01,5,Fuel consumption is higher than expected.,9,6,7
6414,4,56,2024-09-08,6,"Delivery was delayed by a few days, disappointed.",7,8,7
6415,92,98,2024-12-02,5,"Some scratches noticed on delivery, but acceptable.",6,7,7
6416,27,8,2025-09-20,10,"Some scratches noticed on delivery, but acceptable.",8,8,10
6417,100,84,2025-03-05,8,Would definitely recommend to other logistics companies.,8,6,9
6418,3,169,2023-03-13,9,The truck performs excellently in all terrains.,7,6,8
6419,95,140,2023-01-30,6,Would definitely recommend to other logistics companies.,5,6,6
6420,64,86,2025-09-17,9,The truck performs excellently in all terrains.,5,10,8
6421,16,123,2025-05-27,6,Support team responded quickly and professionally.,10,8,7
6422,82,117,2024-10-27,6,The truck performs excellently in all terrains.,5,5,10
6423,97,71,2025-08-25,6,"Minor issues with brakes, resolved promptly.",9,9,10
6424,15,87,2025-05-12,7,The truck performs excellently in all terrains.,9,6,10
6425,71,140,2023-01-31,9,Support team responded quickly and professionally.,6,5,10
6426,36,5,2023-08-13,8,Support team responded quickly and professionally.,8,8,9
6427,94,102,2024-12-11,6,"Engine efficiency is superb, very satisfied.",5,10,6
6428,51,200,2024-11-29,9,The truck performs excellently in all terrains.,6,5,9
6429,45,102,2024-05-26,8,Support team responded quickly and professionally.,9,8,6
6430,36,43,2024-12-08,9,Would definitely recommend to other logistics companies.,9,7,7
6431,56,1,2025-06-06,10,Excellent service and friendly dealer staff.,7,5,10
6432,67,117,2024-05-21,6,"Delivery was delayed by a few days, disappointed.",6,7,9
6433,27,90,2025-07-09,7,Excellent service and friendly dealer staff.,5,10,6
6434,32,76,2022-12-24,10,Would definitely recommend to other logistics companies.,9,9,6
6435,100,19,2025-01-28,9,"Some scratches noticed on delivery, but acceptable.",10,8,9
6436,94,81,2025-02-06,7,Support team responded quickly and professionally.,10,5,7
6437,83,193,2024-07-17,5,Cabin comfort could be better for long drives.,8,6,7
6438,80,145,2025-05-25,7,"Engine efficiency is superb, very satisfied.",10,5,7
6439,95,108,2025-09-04,6,Cabin comfort could be better for long drives.,9,9,6
6440,36,177,2025-07-24,10,"Delivery was delayed by a few days, disappointed.",7,5,9
6441,77,96,2025-08-26,6,Cabin comfort could be better for long drives.,5,7,6
6442,80,164,2025-02-15,7,The truck performs excellently in all terrains.,7,9,6
6443,99,44,2025-05-31,9,The truck performs excellently in all terrains.,5,8,6
6444,79,70,2025-06-14,7,Would definitely recommend to other logistics companies.,6,9,7
6445,57,144,2024-11-10,5,Fuel consumption is higher than expected.,8,9,10
6446,97,112,2024-11-24,6,"Some scratches noticed on delivery, but acceptable.",8,5,8
6447,15,85,2024-03-22,10,The truck performs excellently in all terrains.,8,5,6
6448,60,19,2025-08-13,5,Cabin comfort could be better for long drives.,6,8,9
6449,71,130,2024-11-23,9,Support team responded quickly and professionally.,8,8,10
6450,90,9,2023-09-06,10,"Some scratches noticed on delivery, but acceptable.",5,8,7
6451,76,183,2024-07-17,5,Excellent service and friendly dealer staff.,10,5,6
6452,6,7,2023-03-25,10,Cabin comfort could be better for long drives.,10,8,10
6453,4,45,2024-03-12,6,Would definitely recommend to other logistics companies.,10,6,8
6454,72,198,2023-05-28,5,Cabin comfort could be better for long drives.,7,7,9
6455,21,133,2025-09-12,9,Support team responded quickly and professionally.,6,5,9
6456,94,55,2023-09-10,5,"Delivery was delayed by a few days, disappointed.",6,7,6
6457,33,38,2023-04-15,10,The truck performs excellently in all terrains.,6,10,8
6458,58,47,2023-11-23,7,"Some scratches noticed on delivery, but acceptable.",5,7,10
6459,20,133,2024-06-23,10,"Minor issues with brakes, resolved promptly.",6,10,6
6460,10,160,2025-04-13,9,Would definitely recommend to other logistics companies.,10,9,6
6461,1,78,2023-06-05,5,"Delivery was delayed by a few days, disappointed.",9,8,8
6462,21,107,2024-10-02,9,"Engine efficiency is superb, very satisfied.",9,9,7
6463,31,171,2025-05-22,9,Excellent service and friendly dealer staff.,5,10,7
6464,69,161,2024-07-31,5,Would definitely recommend to other logistics companies.,6,10,10
6465,24,150,2024-07-14,6,Cabin comfort could be better for long drives.,8,9,7
6466,93,54,2025-04-17,6,"Delivery was delayed by a few days, disappointed.",10,8,8
6467,87,109,2023-09-30,5,The truck performs excellently in all terrains.,8,5,8
6468,50,104,2024-03-07,6,"Delivery was delayed by a few days, disappointed.",5,5,10
6469,62,136,2023-12-16,8,"Engine efficiency is superb, very satisfied.",7,8,10
6470,92,152,2025-02-25,8,Cabin comfort could be better for long drives.,7,7,9
6471,90,158,2025-05-20,9,Cabin comfort could be better for long drives.,6,7,9
6472,3,128,2025-06-27,7,"Some scratches noticed on delivery, but acceptable.",10,9,6
6473,47,114,2023-05-03,10,Support team responded quickly and professionally.,5,8,6
6474,56,127,2023-02-17,5,"Some scratches noticed on delivery, but acceptable.",7,5,8
6475,27,172,2025-04-21,9,Excellent service and friendly dealer staff.,9,5,6
6476,37,102,2024-09-20,6,"Some scratches noticed on delivery, but acceptable.",7,7,10
6477,6,171,2023-08-24,7,Would definitely recommend to other logistics companies.,6,7,6
6478,32,190,2023-11-03,8,Would definitely recommend to other logistics companies.,9,9,10
6479,86,121,2022-11-23,10,Cabin comfort could be better for long drives.,9,6,8
6480,58,184,2023-07-11,10,Support team responded quickly and professionally.,6,9,7
6481,14,20,2024-09-15,6,The truck performs excellently in all terrains.,10,8,8
6482,91,81,2024-09-05,9,The truck performs excellently in all terrains.,6,8,6
6483,95,13,2025-02-16,7,The truck performs excellently in all terrains.,6,8,7
6484,26,119,2024-01-11,9,Excellent service and friendly dealer staff.,7,7,8
6485,47,156,2024-09-15,9,Cabin comfort could be better for long drives.,9,8,6
6486,24,184,2022-10-12,10,Would definitely recommend to other logistics companies.,5,6,6
6487,64,140,2025-03-22,7,"Engine efficiency is superb, very satisfied.",10,7,6
6488,21,52,2024-04-08,8,"Delivery was delayed by a few days, disappointed.",6,9,8
6489,90,82,2025-01-11,7,"Some scratches noticed on delivery, but acceptable.",6,5,8
6490,39,15,2024-02-14,5,Excellent service and friendly dealer staff.,8,9,8
6491,83,20,2023-12-11,9,Fuel consumption is higher than expected.,8,10,6
6492,43,45,2023-05-11,8,Excellent service and friendly dealer staff.,7,5,6
6493,98,17,2025-08-01,5,"Minor issues with brakes, resolved promptly.",8,6,9
6494,73,64,2023-06-13,8,Fuel consumption is higher than expected.,8,8,8
6495,19,159,2022-11-13,5,Cabin comfort could be better for long drives.,5,6,7
6496,36,14,2025-07-24,8,"Engine efficiency is superb, very satisfied.",9,6,10
6497,72,23,2024-03-15,6,Fuel consumption is higher than expected.,10,6,7
6498,40,129,2024-09-15,7,Excellent service and friendly dealer staff.,10,9,8
6499,94,141,2025-02-24,10,"Engine efficiency is superb, very satisfied.",8,9,10
6500,31,151,2023-06-13,9,"Delivery was delayed by a few days, disappointed.",8,5,6
6501,37,154,2024-06-02,9,The truck performs excellently in all terrains.,6,10,7
6502,48,135,2024-07-30,10,"Engine efficiency is superb, very satisfied.",8,6,10
6503,84,155,2022-11-25,8,"Delivery was delayed by a few days, disappointed.",8,8,8
6504,58,178,2024-08-29,10,Excellent service and friendly dealer staff.,9,7,9
6505,41,13,2024-04-01,10,"Delivery was delayed by a few days, disappointed.",8,8,10
6506,49,32,2023-07-22,10,"Delivery was delayed by a few days, disappointed.",5,10,8
6507,2,101,2022-10-27,10,Fuel consumption is higher than expected.,10,10,8
6508,97,41,2024-07-28,5,"Delivery was delayed by a few days, disappointed.",8,6,8
6509,9,72,2025-03-31,10,"Delivery was delayed by a few days, disappointed.",5,9,8
6510,66,41,2022-12-02,10,Excellent service and friendly dealer staff.,9,6,10
6511,32,83,2025-02-04,8,"Some scratches noticed on delivery, but acceptable.",7,6,9
6512,13,64,2023-06-27,5,The truck performs excellently in all terrains.,5,7,8
6513,84,116,2023-11-21,5,"Delivery was delayed by a few days, disappointed.",10,10,6
6514,19,122,2023-04-20,6,"Delivery was delayed by a few days, disappointed.",9,8,8
6515,29,58,2024-06-21,10,Cabin comfort could be better for long drives.,7,6,10
6516,100,68,2024-01-27,8,Support team responded quickly and professionally.,8,6,10
6517,92,2,2024-07-04,8,Cabin comfort could be better for long drives.,10,10,6
6518,80,167,2024-05-26,7,"Delivery was delayed by a few days, disappointed.",6,6,9
6519,6,124,2023-07-25,8,The truck performs excellently in all terrains.,10,10,8
6520,43,183,2024-10-23,5,Excellent service and friendly dealer staff.,10,10,9
6521,61,196,2024-09-09,6,Fuel consumption is higher than expected.,6,9,9
6522,100,52,2025-01-30,5,Would definitely recommend to other logistics companies.,10,10,9
6523,10,103,2025-06-11,9,"Minor issues with brakes, resolved promptly.",8,9,8
6524,89,22,2023-04-08,7,Fuel consumption is higher than expected.,9,9,8
6525,58,130,2023-11-05,6,Support team responded quickly and professionally.,10,10,9
6526,76,37,2022-12-15,5,"Delivery was delayed by a few days, disappointed.",9,9,7
6527,42,172,2024-11-27,5,"Delivery was delayed by a few days, disappointed.",8,9,10
6528,8,36,2023-10-08,8,"Delivery was delayed by a few days, disappointed.",8,7,9
6529,47,84,2025-08-13,5,Cabin comfort could be better for long drives.,5,5,10
6530,38,19,2024-08-13,8,Cabin comfort could be better for long drives.,5,5,7
6531,91,109,2023-09-27,6,"Engine efficiency is superb, very satisfied.",9,6,8
6532,55,127,2023-10-18,8,"Minor issues with brakes, resolved promptly.",9,5,9
6533,21,106,2023-03-17,10,"Minor issues with brakes, resolved promptly.",7,9,8
6534,27,76,2025-09-04,9,Cabin comfort could be better for long drives.,5,9,9
6535,44,187,2024-04-20,7,The truck performs excellently in all terrains.,9,7,6
6536,70,195,2025-10-03,5,Cabin comfort could be better for long drives.,5,9,7
6537,81,198,2025-09-16,8,Cabin comfort could be better for long drives.,9,5,10
6538,31,81,2025-09-16,7,Excellent service and friendly dealer staff.,5,7,8
6539,19,11,2023-08-14,9,"Delivery was delayed by a few days, disappointed.",7,7,10
6540,82,158,2024-11-30,8,The truck performs excellently in all terrains.,10,7,7
6541,29,56,2025-04-12,8,Support team responded quickly and professionally.,5,6,10
6542,71,122,2024-05-18,9,"Engine efficiency is superb, very satisfied.",6,5,10
6543,65,11,2024-06-07,10,"Some scratches noticed on delivery, but acceptable.",6,6,10
6544,62,155,2023-09-15,10,Cabin comfort could be better for long drives.,5,10,7
6545,92,148,2024-03-26,9,Would definitely recommend to other logistics companies.,6,8,9
6546,17,95,2025-03-23,5,"Minor issues with brakes, resolved promptly.",9,9,7
6547,23,68,2024-09-28,10,"Engine efficiency is superb, very satisfied.",6,9,6
6548,92,162,2023-04-11,5,Cabin comfort could be better for long drives.,10,9,7
6549,54,11,2024-05-30,5,"Delivery was delayed by a few days, disappointed.",5,5,8
6550,29,76,2024-04-04,9,Excellent service and friendly dealer staff.,7,6,10
6551,19,82,2023-12-02,8,"Minor issues with brakes, resolved promptly.",9,9,8
6552,20,19,2024-10-06,7,Excellent service and friendly dealer staff.,6,10,6
6553,78,22,2023-01-08,5,"Minor issues with brakes, resolved promptly.",7,5,8
6554,36,45,2025-04-27,6,Fuel consumption is higher than expected.,6,5,9
6555,92,189,2024-06-22,8,"Some scratches noticed on delivery, but acceptable.",9,7,8
6556,92,11,2024-03-31,9,"Minor issues with brakes, resolved promptly.",5,9,7
6557,39,55,2025-01-29,9,"Delivery was delayed by a few days, disappointed.",7,6,9
6558,83,58,2024-12-20,7,"Some scratches noticed on delivery, but acceptable.",7,9,9
6559,68,191,2023-09-25,10,"Minor issues with brakes, resolved promptly.",8,6,8
6560,58,82,2023-07-11,7,"Some scratches noticed on delivery, but acceptable.",7,5,9
6561,27,4,2025-02-11,6,Cabin comfort could be better for long drives.,9,8,9
6562,31,11,2023-01-26,7,Cabin comfort could be better for long drives.,9,9,9
6563,49,139,2025-03-09,8,"Delivery was delayed by a few days, disappointed.",7,8,8
6564,83,35,2023-11-27,5,Excellent service and friendly dealer staff.,9,6,7
6565,86,182,2023-03-10,5,Excellent service and friendly dealer staff.,6,5,9
6566,82,30,2025-02-26,7,Support team responded quickly and professionally.,9,5,7
6567,97,136,2024-08-24,9,"Delivery was delayed by a few days, disappointed.",5,8,9
6568,60,42,2024-12-19,6,"Some scratches noticed on delivery, but acceptable.",8,8,7
6569,78,54,2024-05-14,10,"Minor issues with brakes, resolved promptly.",6,9,10
6570,25,122,2023-04-01,9,"Engine efficiency is superb, very satisfied.",8,10,7
6571,38,6,2024-05-13,9,"Minor issues with brakes, resolved promptly.",8,8,7
6572,43,61,2025-01-21,8,"Some scratches noticed on delivery, but acceptable.",6,5,6
6573,49,127,2024-02-24,7,"Engine efficiency is superb, very satisfied.",9,7,6
6574,58,145,2025-08-14,5,Would definitely recommend to other logistics companies.,6,8,9
6575,36,23,2025-01-05,5,"Engine efficiency is superb, very satisfied.",9,8,10
6576,68,2,2023-11-04,8,"Engine efficiency is superb, very satisfied.",5,7,10
6577,97,69,2025-07-15,6,"Minor issues with brakes, resolved promptly.",9,5,9
6578,20,78,2023-07-02,8,Cabin comfort could be better for long drives.,9,6,10
6579,24,47,2024-01-25,10,"Some scratches noticed on delivery, but acceptable.",9,5,7
6580,49,142,2023-08-31,9,The truck performs excellently in all terrains.,9,8,6
6581,61,1,2022-11-07,9,"Minor issues with brakes, resolved promptly.",10,6,9
6582,19,57,2022-11-22,5,"Minor issues with brakes, resolved promptly.",9,10,10
6583,2,76,2024-10-29,6,"Delivery was delayed by a few days, disappointed.",8,7,9
6584,47,53,2025-05-28,6,Fuel consumption is higher than expected.,8,5,10
6585,24,50,2023-01-25,10,"Minor issues with brakes, resolved promptly.",8,8,7
6586,71,137,2025-05-07,7,Excellent service and friendly dealer staff.,10,9,8
6587,87,4,2022-12-26,6,Support team responded quickly and professionally.,6,8,10
6588,21,110,2025-02-10,8,"Minor issues with brakes, resolved promptly.",9,6,8
6589,72,49,2025-06-06,10,Would definitely recommend to other logistics companies.,8,8,8
6590,76,173,2023-09-27,9,Excellent service and friendly dealer staff.,10,8,7
6591,67,109,2022-11-20,8,"Delivery was delayed by a few days, disappointed.",7,9,10
6592,89,124,2023-07-13,6,Fuel consumption is higher than expected.,8,6,10
6593,85,146,2023-10-15,9,Would definitely recommend to other logistics companies.,8,10,10
6594,16,53,2023-03-18,9,"Engine efficiency is superb, very satisfied.",10,10,10
6595,57,197,2023-02-26,10,Would definitely recommend to other logistics companies.,6,8,7
6596,61,182,2023-05-27,7,The truck performs excellently in all terrains.,9,5,6
6597,97,145,2024-10-17,6,Would definitely recommend to other logistics companies.,5,7,6
6598,42,108,2023-04-08,7,Fuel consumption is higher than expected.,6,5,7
6599,61,95,2023-01-14,9,"Minor issues with brakes, resolved promptly.",7,10,7
6600,94,133,2023-12-29,9,Excellent service and friendly dealer staff.,6,6,10
6601,17,63,2023-05-24,6,"Minor issues with brakes, resolved promptly.",6,6,6
6602,66,107,2023-06-19,9,"Delivery was delayed by a few days, disappointed.",9,5,8
6603,57,43,2023-11-26,8,Excellent service and friendly dealer staff.,10,6,6
6604,7,129,2022-10-16,5,Cabin comfort could be better for long drives.,9,6,10
6605,25,78,2025-06-19,9,Support team responded quickly and professionally.,5,5,10
6606,95,63,2024-09-23,10,"Some scratches noticed on delivery, but acceptable.",5,10,10
6607,64,182,2023-06-15,8,The truck performs excellently in all terrains.,10,8,6
6608,53,53,2023-10-04,7,Support team responded quickly and professionally.,7,5,10
6609,7,46,2025-05-25,8,"Some scratches noticed on delivery, but acceptable.",10,10,6
6610,36,114,2023-01-12,10,"Some scratches noticed on delivery, but acceptable.",7,6,10
6611,3,79,2023-03-27,5,Excellent service and friendly dealer staff.,5,7,9
6612,72,125,2022-11-16,8,Cabin comfort could be better for long drives.,10,8,9
6613,50,47,2024-01-27,7,Support team responded quickly and professionally.,5,10,9
6614,64,114,2022-12-26,10,Cabin comfort could be better for long drives.,10,8,10
6615,31,47,2024-11-26,8,"Engine efficiency is superb, very satisfied.",9,7,8
6616,95,105,2023-02-25,5,Support team responded quickly and professionally.,7,9,7
6617,73,176,2025-06-17,7,Would definitely recommend to other logistics companies.,9,5,8
6618,59,27,2025-06-08,5,Fuel consumption is higher than expected.,6,10,10
6619,50,164,2022-10-18,7,Fuel consumption is higher than expected.,9,9,10
6620,100,34,2022-11-04,10,Cabin comfort could be better for long drives.,5,6,10
6621,91,174,2022-11-03,5,"Engine efficiency is superb, very satisfied.",9,6,8
6622,44,8,2023-01-18,7,Cabin comfort could be better for long drives.,9,9,8
6623,68,158,2023-05-25,10,The truck performs excellently in all terrains.,6,8,7
6624,42,60,2024-04-21,6,"Delivery was delayed by a few days, disappointed.",7,6,6
6625,86,164,2024-03-30,6,Fuel consumption is higher than expected.,10,5,8
6626,79,148,2022-12-21,9,The truck performs excellently in all terrains.,10,7,9
6627,69,76,2023-11-12,7,Would definitely recommend to other logistics companies.,9,5,6
6628,79,187,2024-11-06,7,Would definitely recommend to other logistics companies.,9,10,8
6629,71,167,2024-11-03,7,"Delivery was delayed by a few days, disappointed.",9,9,10
6630,21,173,2023-08-20,6,Cabin comfort could be better for long drives.,7,7,10
6631,63,168,2024-03-21,6,"Engine efficiency is superb, very satisfied.",6,8,6
6632,27,70,2025-02-23,8,"Engine efficiency is superb, very satisfied.",7,10,8
6633,65,121,2023-04-09,8,Fuel consumption is higher than expected.,5,7,6
6634,36,99,2023-05-03,8,Cabin comfort could be better for long drives.,8,6,8
6635,19,118,2023-11-28,8,The truck performs excellently in all terrains.,5,9,7
6636,66,20,2023-01-17,8,Support team responded quickly and professionally.,6,8,6
6637,21,191,2024-05-05,10,The truck performs excellently in all terrains.,9,10,10
6638,100,45,2025-07-10,10,Fuel consumption is higher than expected.,9,9,9
6639,26,189,2025-03-18,8,Would definitely recommend to other logistics companies.,7,9,6
6640,36,67,2023-09-24,8,"Some scratches noticed on delivery, but acceptable.",8,9,7
6641,60,167,2023-03-06,7,Excellent service and friendly dealer staff.,8,7,7
6642,22,200,2024-06-04,5,"Minor issues with brakes, resolved promptly.",8,5,9
6643,72,13,2023-05-17,7,Cabin comfort could be better for long drives.,6,6,6
6644,78,36,2025-09-13,10,Fuel consumption is higher than expected.,5,9,10
6645,19,192,2024-08-23,6,Excellent service and friendly dealer staff.,9,6,7
6646,53,190,2025-05-25,9,The truck performs excellently in all terrains.,10,6,9
6647,99,190,2024-08-18,8,Excellent service and friendly dealer staff.,5,5,6
6648,4,15,2025-09-08,10,Cabin comfort could be better for long drives.,7,7,8
6649,89,145,2025-07-05,7,Excellent service and friendly dealer staff.,6,5,7
6650,97,77,2024-07-25,8,The truck performs excellently in all terrains.,6,8,10
6651,66,111,2023-12-04,5,The truck performs excellently in all terrains.,6,5,9
6652,59,6,2024-02-10,8,"Minor issues with brakes, resolved promptly.",8,9,7
6653,22,117,2023-11-24,10,"Engine efficiency is superb, very satisfied.",6,10,6
6654,89,13,2024-05-31,6,"Delivery was delayed by a few days, disappointed.",5,8,10
6655,60,101,2024-04-14,6,Support team responded quickly and professionally.,10,6,7
6656,4,13,2025-04-14,8,Cabin comfort could be better for long drives.,8,5,8
6657,11,176,2025-08-07,7,Fuel consumption is higher than expected.,9,8,6
6658,100,77,2023-02-12,6,"Delivery was delayed by a few days, disappointed.",10,8,7
6659,26,56,2023-05-23,5,Excellent service and friendly dealer staff.,6,7,9
6660,30,55,2024-11-25,9,Would definitely recommend to other logistics companies.,10,6,6
6661,22,47,2023-11-21,5,Cabin comfort could be better for long drives.,9,7,9
6662,95,80,2025-06-29,5,"Some scratches noticed on delivery, but acceptable.",7,7,6
6663,97,142,2025-10-02,5,Excellent service and friendly dealer staff.,5,9,10
6664,93,198,2023-01-03,9,"Delivery was delayed by a few days, disappointed.",9,6,8
6665,15,191,2023-10-17,6,Excellent service and friendly dealer staff.,5,10,7
6666,20,53,2025-01-28,10,Fuel consumption is higher than expected.,10,9,7
6667,24,30,2023-03-12,6,Would definitely recommend to other logistics companies.,7,10,6
6668,23,185,2023-11-09,8,The truck performs excellently in all terrains.,6,6,10
6669,8,8,2024-06-19,9,The truck performs excellently in all terrains.,8,9,7
6670,82,26,2023-06-13,10,"Some scratches noticed on delivery, but acceptable.",10,10,7
6671,100,190,2025-07-27,8,Fuel consumption is higher than expected.,10,6,7
6672,44,25,2024-12-27,7,Fuel consumption is higher than expected.,7,9,10
6673,35,134,2024-11-14,8,Excellent service and friendly dealer staff.,7,10,9
6674,80,131,2023-11-04,6,Would definitely recommend to other logistics companies.,9,10,9
6675,77,126,2025-07-03,9,The truck performs excellently in all terrains.,5,6,10
6676,47,120,2024-07-03,5,"Engine efficiency is superb, very satisfied.",6,9,10
6677,93,196,2024-12-01,8,Fuel consumption is higher than expected.,5,10,9
6678,98,193,2025-05-01,5,"Engine efficiency is superb, very satisfied.",10,6,9
6679,3,27,2024-08-01,6,"Delivery was delayed by a few days, disappointed.",7,8,10
6680,44,48,2025-03-20,7,Fuel consumption is higher than expected.,7,10,9
6681,57,184,2025-06-25,10,"Engine efficiency is superb, very satisfied.",9,6,8
6682,97,61,2024-11-24,7,Fuel consumption is higher than expected.,10,9,8
6683,32,150,2024-05-05,5,Would definitely recommend to other logistics companies.,10,6,8
6684,59,45,2023-02-24,9,"Some scratches noticed on delivery, but acceptable.",6,10,6
6685,84,46,2024-07-30,6,"Minor issues with brakes, resolved promptly.",10,10,10
6686,50,127,2024-04-30,9,Cabin comfort could be better for long drives.,9,9,6
6687,3,76,2024-08-31,5,Support team responded quickly and professionally.,5,9,7
6688,69,24,2024-12-30,9,Cabin comfort could be better for long drives.,7,5,8
6689,39,103,2022-10-26,8,"Some scratches noticed on delivery, but acceptable.",10,8,7
6690,97,66,2025-10-06,9,The truck performs excellently in all terrains.,6,7,10
6691,13,141,2022-12-16,10,Fuel consumption is higher than expected.,10,9,7
6692,56,57,2025-06-03,8,Support team responded quickly and professionally.,7,5,6
6693,100,163,2024-06-07,7,Support team responded quickly and professionally.,10,9,6
6694,22,154,2024-07-31,5,"Some scratches noticed on delivery, but acceptable.",9,10,7
6695,60,58,2023-06-18,9,"Engine efficiency is superb, very satisfied.",7,7,10
6696,82,176,2023-09-14,8,Cabin comfort could be better for long drives.,9,10,10
6697,36,141,2024-05-05,6,"Engine efficiency is superb, very satisfied.",9,10,9
6698,82,143,2023-07-21,6,Cabin comfort could be better for long drives.,9,6,7
6699,12,16,2024-08-26,7,"Engine efficiency is superb, very satisfied.",9,6,8
6700,59,79,2024-05-04,6,The truck performs excellently in all terrains.,7,8,6
6701,100,134,2023-04-21,7,Fuel consumption is higher than expected.,6,10,7
6702,87,155,2022-11-10,9,The truck performs excellently in all terrains.,10,5,10
6703,56,34,2023-09-21,8,"Engine efficiency is superb, very satisfied.",10,5,10
6704,55,133,2023-11-01,10,"Engine efficiency is superb, very satisfied.",6,6,8
6705,48,133,2024-04-24,6,Fuel consumption is higher than expected.,6,9,10
6706,21,195,2025-01-17,10,Excellent service and friendly dealer staff.,9,7,9
6707,99,109,2024-05-06,8,"Minor issues with brakes, resolved promptly.",8,9,7
6708,32,133,2023-07-22,8,"Some scratches noticed on delivery, but acceptable.",8,5,7
6709,39,38,2023-01-16,10,Fuel consumption is higher than expected.,10,7,10
6710,62,62,2025-08-18,10,Cabin comfort could be better for long drives.,8,10,9
6711,28,100,2023-05-07,5,Support team responded quickly and professionally.,7,10,7
6712,25,174,2025-07-15,10,Support team responded quickly and professionally.,10,9,6
6713,4,90,2024-01-21,8,"Engine efficiency is superb, very satisfied.",7,7,10
6714,31,23,2024-12-05,6,"Minor issues with brakes, resolved promptly.",5,10,8
6715,58,39,2024-07-16,10,The truck performs excellently in all terrains.,10,6,9
6716,77,88,2023-03-14,9,Support team responded quickly and professionally.,8,7,6
6717,62,19,2024-12-14,8,Would definitely recommend to other logistics companies.,5,6,6
6718,79,82,2024-01-10,9,"Delivery was delayed by a few days, disappointed.",9,8,10
6719,85,197,2024-12-16,10,"Some scratches noticed on delivery, but acceptable.",6,6,10
6720,98,97,2022-12-28,9,The truck performs excellently in all terrains.,5,8,6
6721,7,100,2024-08-06,6,Cabin comfort could be better for long drives.,8,7,8
6722,11,99,2023-12-25,8,"Delivery was delayed by a few days, disappointed.",9,9,8
6723,77,2,2024-04-13,6,"Delivery was delayed by a few days, disappointed.",5,7,9
6724,14,50,2023-03-20,9,Excellent service and friendly dealer staff.,6,5,10
6725,65,155,2023-11-12,7,Cabin comfort could be better for long drives.,7,6,10
6726,48,82,2024-03-13,6,"Engine efficiency is superb, very satisfied.",6,8,9
6727,46,58,2024-04-14,5,Excellent service and friendly dealer staff.,5,9,6
6728,89,174,2024-02-26,7,"Delivery was delayed by a few days, disappointed.",5,8,8
6729,20,186,2025-05-12,6,"Some scratches noticed on delivery, but acceptable.",8,5,7
6730,22,139,2024-06-16,7,Cabin comfort could be better for long drives.,9,5,7
6731,50,77,2024-03-26,7,"Delivery was delayed by a few days, disappointed.",10,9,8
6732,27,158,2023-09-17,5,Would definitely recommend to other logistics companies.,5,8,9
6733,89,87,2025-07-30,7,"Delivery was delayed by a few days, disappointed.",6,9,6
6734,5,48,2022-12-26,9,Cabin comfort could be better for long drives.,10,9,9
6735,84,51,2023-02-08,10,"Engine efficiency is superb, very satisfied.",10,9,10
6736,90,103,2023-07-15,8,Excellent service and friendly dealer staff.,8,7,8
6737,28,188,2023-03-13,8,"Delivery was delayed by a few days, disappointed.",10,8,9
6738,81,184,2023-07-23,8,Fuel consumption is higher than expected.,6,7,8
6739,77,30,2023-09-26,10,"Minor issues with brakes, resolved promptly.",8,7,6
6740,37,153,2024-07-02,8,"Engine efficiency is superb, very satisfied.",6,6,7
6741,93,166,2023-08-23,8,Support team responded quickly and professionally.,10,7,8
6742,92,197,2023-12-14,6,"Engine efficiency is superb, very satisfied.",6,10,7
6743,17,98,2024-07-18,5,Support team responded quickly and professionally.,9,5,6
6744,9,20,2024-02-08,5,Fuel consumption is higher than expected.,9,10,9
6745,89,180,2022-11-13,10,"Minor issues with brakes, resolved promptly.",8,8,8
6746,65,89,2023-07-30,6,"Engine efficiency is superb, very satisfied.",8,8,10
6747,22,129,2025-09-22,5,Would definitely recommend to other logistics companies.,7,8,6
6748,43,99,2023-11-22,7,Support team responded quickly and professionally.,10,6,9
6749,1,140,2022-10-26,10,"Delivery was delayed by a few days, disappointed.",10,10,8
6750,44,157,2023-01-23,8,"Engine efficiency is superb, very satisfied.",5,5,9
6751,40,118,2025-07-11,8,"Delivery was delayed by a few days, disappointed.",10,7,7
6752,11,186,2025-08-20,6,Fuel consumption is higher than expected.,10,8,7
6753,39,130,2024-06-19,8,"Delivery was delayed by a few days, disappointed.",10,8,8
6754,96,134,2024-01-06,10,"Engine efficiency is superb, very satisfied.",9,6,10
6755,32,150,2025-06-03,10,Cabin comfort could be better for long drives.,10,6,8
6756,53,3,2024-05-13,6,"Minor issues with brakes, resolved promptly.",5,6,7
6757,95,162,2025-06-10,8,"Delivery was delayed by a few days, disappointed.",7,6,8
6758,34,20,2024-06-22,5,Fuel consumption is higher than expected.,9,6,6
6759,36,138,2024-04-08,8,The truck performs excellently in all terrains.,9,7,10
6760,59,143,2022-12-08,10,"Minor issues with brakes, resolved promptly.",9,9,10
6761,73,73,2023-01-25,6,Support team responded quickly and professionally.,9,6,6
6762,78,45,2025-07-01,8,"Engine efficiency is superb, very satisfied.",10,7,7
6763,13,169,2023-03-26,8,Excellent service and friendly dealer staff.,10,8,9
6764,55,175,2024-08-16,10,"Engine efficiency is superb, very satisfied.",6,9,9
6765,7,91,2024-01-19,9,Fuel consumption is higher than expected.,7,9,6
6766,24,50,2025-02-04,9,Support team responded quickly and professionally.,5,8,10
6767,56,92,2023-09-18,6,"Engine efficiency is superb, very satisfied.",9,8,8
6768,31,153,2023-01-27,5,Fuel consumption is higher than expected.,8,6,7
6769,71,65,2023-05-18,10,"Minor issues with brakes, resolved promptly.",10,6,6
6770,84,107,2023-10-05,10,Would definitely recommend to other logistics companies.,6,10,7
6771,92,128,2024-07-01,5,Support team responded quickly and professionally.,8,5,9
6772,19,7,2023-09-06,7,Would definitely recommend to other logistics companies.,9,7,9
6773,92,101,2024-05-29,7,"Delivery was delayed by a few days, disappointed.",6,7,7
6774,21,125,2025-02-26,10,Fuel consumption is higher than expected.,5,5,8
6775,26,35,2024-09-12,8,Support team responded quickly and professionally.,8,5,6
6776,19,65,2024-12-04,7,Fuel consumption is higher than expected.,8,6,8
6777,76,120,2024-04-09,6,Would definitely recommend to other logistics companies.,5,8,10
6778,20,156,2023-01-30,10,Cabin comfort could be better for long drives.,9,7,7
6779,64,118,2025-02-02,10,Excellent service and friendly dealer staff.,10,8,7
6780,78,8,2023-06-09,8,Would definitely recommend to other logistics companies.,6,9,9
6781,69,17,2024-01-22,7,The truck performs excellently in all terrains.,6,7,7
6782,45,153,2023-12-06,8,"Delivery was delayed by a few days, disappointed.",8,6,8
6783,59,149,2025-07-13,6,"Delivery was delayed by a few days, disappointed.",10,10,6
6784,89,142,2023-02-06,9,Cabin comfort could be better for long drives.,7,8,10
6785,74,34,2025-02-13,10,"Minor issues with brakes, resolved promptly.",7,5,9
6786,73,10,2023-05-04,5,Excellent service and friendly dealer staff.,7,5,7
6787,89,47,2024-06-15,8,Cabin comfort could be better for long drives.,8,10,8
6788,49,189,2024-05-17,7,Fuel consumption is higher than expected.,7,7,10
6789,45,112,2024-07-04,6,"Some scratches noticed on delivery, but acceptable.",7,6,9
6790,7,107,2025-06-13,9,The truck performs excellently in all terrains.,8,9,7
6791,77,109,2024-12-13,10,Fuel consumption is higher than expected.,6,10,7
6792,17,85,2024-05-19,6,Support team responded quickly and professionally.,10,5,9
6793,55,72,2025-01-04,10,The truck performs excellently in all terrains.,7,9,8
6794,13,185,2024-07-29,10,"Engine efficiency is superb, very satisfied.",9,10,6
6795,36,145,2025-08-10,5,"Minor issues with brakes, resolved promptly.",10,8,10
6796,11,101,2024-10-12,6,Would definitely recommend to other logistics companies.,9,10,10
6797,35,176,2023-01-22,8,Excellent service and friendly dealer staff.,8,9,6
6798,47,183,2024-05-02,7,Cabin comfort could be better for long drives.,7,6,9
6799,43,134,2024-01-12,10,"Engine efficiency is superb, very satisfied.",8,7,10
6800,28,51,2023-03-14,6,"Some scratches noticed on delivery, but acceptable.",10,5,7
6801,90,161,2025-01-08,10,The truck performs excellently in all terrains.,6,7,7
6802,3,134,2023-10-27,9,Cabin comfort could be better for long drives.,6,7,6
6803,98,13,2024-02-08,10,Excellent service and friendly dealer staff.,5,9,8
6804,58,104,2023-09-03,7,"Engine efficiency is superb, very satisfied.",9,7,9
6805,41,19,2025-06-05,7,Support team responded quickly and professionally.,9,9,7
6806,64,186,2025-08-08,9,"Some scratches noticed on delivery, but acceptable.",7,8,6
6807,64,71,2024-05-26,9,"Minor issues with brakes, resolved promptly.",7,7,6
6808,88,14,2023-04-07,9,"Minor issues with brakes, resolved promptly.",10,7,7
6809,91,46,2023-06-15,10,"Delivery was delayed by a few days, disappointed.",8,6,10
6810,3,102,2023-05-25,7,"Engine efficiency is superb, very satisfied.",6,10,8
6811,45,200,2025-09-08,7,Support team responded quickly and professionally.,8,9,10
6812,18,49,2025-09-10,7,"Engine efficiency is superb, very satisfied.",7,10,7
6813,96,56,2024-08-31,9,Cabin comfort could be better for long drives.,8,10,8
6814,30,103,2025-03-04,7,Fuel consumption is higher than expected.,10,9,6
6815,91,34,2023-07-08,7,Support team responded quickly and professionally.,10,6,9
6816,58,92,2025-01-20,5,Would definitely recommend to other logistics companies.,5,5,10
6817,13,174,2024-02-21,7,Fuel consumption is higher than expected.,9,10,10
6818,73,184,2023-05-11,7,"Minor issues with brakes, resolved promptly.",9,6,10
6819,9,82,2023-08-06,10,Cabin comfort could be better for long drives.,7,8,7
6820,57,47,2024-06-04,6,Support team responded quickly and professionally.,6,8,10
6821,43,14,2023-12-18,8,Would definitely recommend to other logistics companies.,8,5,10
6822,98,84,2023-06-26,10,Would definitely recommend to other logistics companies.,10,10,8
6823,60,109,2025-05-20,7,Would definitely recommend to other logistics companies.,10,9,9
6824,10,89,2024-03-02,7,Would definitely recommend to other logistics companies.,6,5,8
6825,68,76,2023-08-29,5,"Engine efficiency is superb, very satisfied.",10,7,8
6826,64,162,2024-08-23,9,The truck performs excellently in all terrains.,5,10,6
6827,16,18,2022-12-07,8,Cabin comfort could be better for long drives.,10,6,9
6828,96,196,2025-02-13,8,Cabin comfort could be better for long drives.,5,8,9
6829,51,114,2023-11-11,5,Would definitely recommend to other logistics companies.,5,9,7
6830,59,126,2024-04-11,10,Would definitely recommend to other logistics companies.,6,5,9
6831,33,2,2024-01-27,9,Excellent service and friendly dealer staff.,6,7,9
6832,13,7,2024-07-10,6,Cabin comfort could be better for long drives.,9,7,10
6833,45,39,2023-02-08,10,Would definitely recommend to other logistics companies.,6,5,8
6834,6,9,2025-05-03,9,"Delivery was delayed by a few days, disappointed.",7,6,8
6835,62,15,2024-12-20,10,"Some scratches noticed on delivery, but acceptable.",10,10,8
6836,95,92,2024-10-18,6,Cabin comfort could be better for long drives.,5,6,10
6837,63,32,2025-07-26,10,Fuel consumption is higher than expected.,5,5,9
6838,17,51,2022-12-18,5,"Some scratches noticed on delivery, but acceptable.",10,9,10
6839,80,182,2022-12-15,8,The truck performs excellently in all terrains.,8,9,8
6840,40,127,2023-08-06,8,"Minor issues with brakes, resolved promptly.",8,7,9
6841,25,153,2025-05-29,7,Support team responded quickly and professionally.,9,9,9
6842,52,151,2024-09-04,5,Would definitely recommend to other logistics companies.,6,8,8
6843,12,68,2022-10-09,6,Fuel consumption is higher than expected.,10,6,8
6844,55,182,2024-03-15,5,"Delivery was delayed by a few days, disappointed.",7,6,8
6845,67,175,2024-08-08,9,The truck performs excellently in all terrains.,6,6,6
6846,80,91,2024-02-15,8,Cabin comfort could be better for long drives.,9,7,9
6847,67,124,2024-03-20,8,"Engine efficiency is superb, very satisfied.",9,9,10
6848,95,131,2024-06-28,5,Would definitely recommend to other logistics companies.,5,5,6
6849,60,164,2024-11-11,7,Cabin comfort could be better for long drives.,5,5,9
6850,61,122,2023-02-13,6,Excellent service and friendly dealer staff.,5,6,8
6851,52,8,2023-05-04,6,Cabin comfort could be better for long drives.,8,6,7
6852,5,173,2025-08-19,6,"Some scratches noticed on delivery, but acceptable.",8,6,6
6853,33,13,2024-12-31,5,Fuel consumption is higher than expected.,10,5,9
6854,69,117,2024-02-08,5,Excellent service and friendly dealer staff.,8,7,9
6855,15,11,2025-02-24,9,"Minor issues with brakes, resolved promptly.",7,10,8
6856,89,46,2025-07-21,8,Support team responded quickly and professionally.,10,9,8
6857,63,177,2022-12-11,9,"Delivery was delayed by a few days, disappointed.",6,10,9
6858,13,7,2024-06-07,7,Excellent service and friendly dealer staff.,6,8,9
6859,38,134,2022-10-21,8,Support team responded quickly and professionally.,9,6,6
6860,51,199,2023-10-17,9,Excellent service and friendly dealer staff.,8,10,7
6861,97,166,2024-01-06,8,Would definitely recommend to other logistics companies.,8,6,7
6862,92,70,2025-02-19,10,"Minor issues with brakes, resolved promptly.",9,6,9
6863,75,20,2023-03-30,6,The truck performs excellently in all terrains.,6,8,9
6864,94,102,2024-02-13,10,"Delivery was delayed by a few days, disappointed.",6,8,10
6865,61,158,2025-01-27,6,Fuel consumption is higher than expected.,6,8,8
6866,7,84,2024-02-05,9,Cabin comfort could be better for long drives.,9,7,10
6867,39,147,2024-09-30,7,"Some scratches noticed on delivery, but acceptable.",10,5,9
6868,46,198,2023-03-22,10,Cabin comfort could be better for long drives.,5,6,10
6869,40,114,2024-05-31,5,The truck performs excellently in all terrains.,8,5,9
6870,18,164,2024-06-03,10,Cabin comfort could be better for long drives.,8,8,7
6871,17,174,2023-11-02,9,"Some scratches noticed on delivery, but acceptable.",10,5,6
6872,93,35,2023-02-19,6,Support team responded quickly and professionally.,5,8,6
6873,24,135,2025-09-18,10,Excellent service and friendly dealer staff.,8,7,8
6874,68,181,2025-01-17,5,Cabin comfort could be better for long drives.,8,10,6
6875,32,42,2024-01-24,10,"Minor issues with brakes, resolved promptly.",8,6,6
6876,70,160,2023-03-23,9,Fuel consumption is higher than expected.,7,10,7
6877,62,75,2024-12-29,8,Cabin comfort could be better for long drives.,7,7,6
6878,39,48,2025-09-21,10,Support team responded quickly and professionally.,9,6,10
6879,81,28,2025-04-27,9,Cabin comfort could be better for long drives.,5,8,9
6880,12,41,2023-07-17,9,The truck performs excellently in all terrains.,7,8,9
6881,50,91,2024-03-07,7,Would definitely recommend to other logistics companies.,5,9,6
6882,35,77,2024-09-14,9,Would definitely recommend to other logistics companies.,6,8,8
6883,42,141,2023-09-26,10,Fuel consumption is higher than expected.,7,5,8
6884,50,148,2023-10-18,7,"Engine efficiency is superb, very satisfied.",7,10,9
6885,59,69,2024-08-20,10,"Engine efficiency is superb, very satisfied.",6,10,10
6886,32,180,2025-06-01,9,"Engine efficiency is superb, very satisfied.",10,9,7
6887,83,54,2023-07-04,7,"Some scratches noticed on delivery, but acceptable.",9,7,9
6888,74,63,2023-06-18,5,Would definitely recommend to other logistics companies.,6,7,8
6889,50,135,2024-09-22,6,"Minor issues with brakes, resolved promptly.",9,9,8
6890,8,175,2025-02-16,6,"Minor issues with brakes, resolved promptly.",8,6,9
6891,5,167,2023-11-08,8,Support team responded quickly and professionally.,5,7,9
6892,23,47,2023-12-22,5,Excellent service and friendly dealer staff.,6,7,9
6893,23,21,2024-12-22,10,Excellent service and friendly dealer staff.,5,5,8
6894,6,94,2024-09-13,5,Cabin comfort could be better for long drives.,8,10,7
6895,58,180,2025-07-03,10,The truck performs excellently in all terrains.,9,9,8
6896,33,43,2023-06-19,10,The truck performs excellently in all terrains.,6,9,9
6897,63,174,2024-03-09,7,Support team responded quickly and professionally.,7,7,7
6898,22,60,2025-07-04,7,Cabin comfort could be better for long drives.,7,7,9
6899,30,135,2024-12-28,8,"Some scratches noticed on delivery, but acceptable.",5,6,6
6900,77,4,2024-04-19,10,"Some scratches noticed on delivery, but acceptable.",9,8,8
6901,1,77,2025-03-19,5,"Engine efficiency is superb, very satisfied.",7,5,9
6902,71,149,2023-04-05,8,Would definitely recommend to other logistics companies.,9,8,7
6903,39,111,2024-01-28,10,Cabin comfort could be better for long drives.,7,5,8
6904,12,4,2024-09-13,7,Fuel consumption is higher than expected.,7,9,10
6905,69,163,2024-09-23,10,Excellent service and friendly dealer staff.,10,7,9
6906,88,66,2025-04-07,8,"Some scratches noticed on delivery, but acceptable.",8,7,7
6907,11,44,2025-03-14,7,Excellent service and friendly dealer staff.,10,9,6
6908,2,168,2025-09-17,10,The truck performs excellently in all terrains.,5,8,7
6909,26,23,2024-04-06,5,Support team responded quickly and professionally.,10,8,6
6910,52,3,2025-01-28,5,Excellent service and friendly dealer staff.,6,5,6
6911,88,150,2024-12-20,7,Support team responded quickly and professionally.,5,5,6
6912,63,180,2024-02-26,10,"Delivery was delayed by a few days, disappointed.",7,8,10
6913,89,182,2022-10-25,10,Fuel consumption is higher than expected.,8,8,8
6914,94,177,2024-11-10,9,"Minor issues with brakes, resolved promptly.",5,9,7
6915,52,105,2025-02-03,8,"Engine efficiency is superb, very satisfied.",5,6,10
6916,64,165,2023-02-23,9,Support team responded quickly and professionally.,8,9,8
6917,96,48,2024-02-19,5,"Engine efficiency is superb, very satisfied.",6,6,6
6918,32,177,2023-11-15,10,Cabin comfort could be better for long drives.,5,6,8
6919,54,48,2025-07-25,6,Support team responded quickly and professionally.,8,8,6
6920,24,73,2023-02-25,10,The truck performs excellently in all terrains.,10,6,9
6921,45,40,2025-07-01,6,Would definitely recommend to other logistics companies.,10,9,10
6922,21,20,2024-08-11,6,Excellent service and friendly dealer staff.,9,8,9
6923,39,1,2023-09-18,10,Excellent service and friendly dealer staff.,7,10,10
6924,94,80,2022-10-13,8,The truck performs excellently in all terrains.,8,6,6
6925,81,117,2024-04-14,7,"Minor issues with brakes, resolved promptly.",8,8,6
6926,35,33,2022-11-22,8,"Delivery was delayed by a few days, disappointed.",10,7,6
6927,41,179,2023-05-13,7,Excellent service and friendly dealer staff.,6,7,9
6928,47,10,2022-12-01,10,Support team responded quickly and professionally.,10,10,10
6929,64,133,2022-12-20,6,Fuel consumption is higher than expected.,9,6,10
6930,8,123,2023-04-20,7,Fuel consumption is higher than expected.,6,7,10
6931,8,139,2024-05-07,9,Would definitely recommend to other logistics companies.,7,9,9
6932,14,8,2025-01-18,10,"Some scratches noticed on delivery, but acceptable.",8,6,10
6933,83,163,2025-09-12,5,"Some scratches noticed on delivery, but acceptable.",10,6,6
6934,72,94,2023-01-04,6,"Minor issues with brakes, resolved promptly.",10,9,6
6935,79,47,2023-12-03,7,Would definitely recommend to other logistics companies.,9,7,7
6936,28,101,2024-05-14,5,The truck performs excellently in all terrains.,5,9,8
6937,26,11,2024-10-26,6,Would definitely recommend to other logistics companies.,6,9,6
6938,83,5,2024-05-03,5,"Engine efficiency is superb, very satisfied.",6,8,10
6939,3,115,2025-07-24,8,The truck performs excellently in all terrains.,8,5,9
6940,94,150,2023-10-29,10,Excellent service and friendly dealer staff.,8,8,9
6941,91,187,2024-11-28,7,"Some scratches noticed on delivery, but acceptable.",5,5,10
6942,34,140,2022-10-17,10,Cabin comfort could be better for long drives.,6,8,10
6943,66,26,2025-05-27,5,"Some scratches noticed on delivery, but acceptable.",8,10,9
6944,99,65,2023-10-25,7,"Engine efficiency is superb, very satisfied.",5,10,8
6945,8,99,2025-04-20,7,The truck performs excellently in all terrains.,5,7,7
6946,31,69,2023-03-03,7,Excellent service and friendly dealer staff.,7,5,7
6947,39,58,2024-07-26,8,"Some scratches noticed on delivery, but acceptable.",9,7,8
6948,57,47,2023-05-29,7,Would definitely recommend to other logistics companies.,6,8,9
6949,20,123,2025-08-29,5,"Minor issues with brakes, resolved promptly.",8,10,7
6950,95,73,2024-07-06,10,The truck performs excellently in all terrains.,10,5,9
6951,64,200,2023-11-20,10,The truck performs excellently in all terrains.,5,5,10
6952,38,102,2023-05-09,10,"Minor issues with brakes, resolved promptly.",10,8,7
6953,58,13,2024-05-27,6,"Minor issues with brakes, resolved promptly.",5,8,6
6954,55,5,2023-02-22,6,Support team responded quickly and professionally.,8,7,10
6955,32,39,2024-11-04,10,"Minor issues with brakes, resolved promptly.",10,8,10
6956,90,181,2023-05-30,9,"Engine efficiency is superb, very satisfied.",6,8,10
6957,88,77,2024-03-16,5,Support team responded quickly and professionally.,10,10,8
6958,22,65,2025-03-23,9,"Delivery was delayed by a few days, disappointed.",6,7,9
6959,80,141,2025-06-14,9,Support team responded quickly and professionally.,5,6,7
6960,31,19,2023-04-05,8,Would definitely recommend to other logistics companies.,9,9,10
6961,92,180,2025-06-21,10,Fuel consumption is higher than expected.,10,6,7
6962,43,47,2023-09-30,10,Support team responded quickly and professionally.,9,5,7
6963,69,63,2022-11-04,6,Excellent service and friendly dealer staff.,9,9,10
6964,38,15,2022-10-31,8,Support team responded quickly and professionally.,7,6,6
6965,17,159,2023-11-06,8,Fuel consumption is higher than expected.,7,7,7
6966,96,15,2025-05-21,6,Would definitely recommend to other logistics companies.,7,8,10
6967,96,98,2025-04-29,6,Excellent service and friendly dealer staff.,9,6,7
6968,22,73,2024-07-15,7,"Delivery was delayed by a few days, disappointed.",8,7,7
6969,38,24,2025-09-09,7,Fuel consumption is higher than expected.,6,9,8
6970,3,65,2023-12-22,8,"Some scratches noticed on delivery, but acceptable.",10,7,10
6971,87,156,2025-01-29,10,"Engine efficiency is superb, very satisfied.",8,6,8
6972,24,2,2023-07-02,6,Support team responded quickly and professionally.,5,8,6
6973,89,196,2024-01-05,10,The truck performs excellently in all terrains.,6,8,9
6974,61,52,2023-08-23,9,Would definitely recommend to other logistics companies.,8,10,10
6975,91,163,2022-12-28,7,Cabin comfort could be better for long drives.,9,9,10
6976,43,178,2025-05-14,8,"Some scratches noticed on delivery, but acceptable.",10,6,7
6977,45,77,2023-11-06,5,"Delivery was delayed by a few days, disappointed.",6,5,10
6978,16,50,2025-03-28,9,The truck performs excellently in all terrains.,8,8,8
6979,53,169,2025-07-26,6,"Minor issues with brakes, resolved promptly.",6,9,9
6980,60,163,2025-03-14,9,Fuel consumption is higher than expected.,10,6,10
6981,5,170,2025-02-15,9,The truck performs excellently in all terrains.,6,10,8
6982,57,41,2024-07-04,8,Would definitely recommend to other logistics companies.,10,8,6
6983,96,109,2023-05-14,6,"Minor issues with brakes, resolved promptly.",5,5,9
6984,19,99,2025-06-20,10,Support team responded quickly and professionally.,5,9,9
6985,81,105,2024-10-03,5,Excellent service and friendly dealer staff.,5,6,9
6986,22,30,2024-03-10,7,Fuel consumption is higher than expected.,9,10,8
6987,79,178,2025-05-30,10,Excellent service and friendly dealer staff.,10,9,9
6988,70,90,2025-05-31,9,Cabin comfort could be better for long drives.,8,6,7
6989,9,77,2024-08-10,6,Would definitely recommend to other logistics companies.,8,10,7
6990,56,22,2025-07-31,8,"Engine efficiency is superb, very satisfied.",8,6,10
6991,23,20,2024-04-03,10,Excellent service and friendly dealer staff.,7,6,8
6992,95,42,2025-06-06,8,"Minor issues with brakes, resolved promptly.",8,8,8
6993,78,142,2022-12-27,8,"Some scratches noticed on delivery, but acceptable.",10,10,8
6994,94,149,2024-02-10,6,Cabin comfort could be better for long drives.,5,7,6
6995,89,171,2022-11-18,10,Excellent service and friendly dealer staff.,10,7,8
6996,88,188,2025-10-02,8,"Delivery was delayed by a few days, disappointed.",5,8,10
6997,89,125,2023-10-27,6,Excellent service and friendly dealer staff.,10,10,8
6998,49,131,2025-05-16,7,Excellent service and friendly dealer staff.,5,9,8
6999,9,33,2025-06-18,10,"Some scratches noticed on delivery, but acceptable.",10,9,8
7000,9,71,2025-04-18,7,"Delivery was delayed by a few days, disappointed.",7,8,9
