ProductionID,TruckID,Plant,ProductionDate,QuantityProduced,ProductionCost,Shift,Supervisor,MachineUsed
1,154,Plant B,2023-02-21,11,27163.99,Evening,Tyler Thompson,Line5
2,62,Plant A,2022-11-03,20,17377.55,Morning,Ronnie Gray,Line1
3,187,Plant B,2024-03-28,12,30747.61,Morning,Shirley Fernandez,Line3
4,161,Plant A,2025-02-15,20,32469.77,Morning,Cynthia Mendoza,Line1
5,162,Plant C,2024-07-10,18,45271.83,Morning,Lori Jones,Line1
6,175,Plant C,2024-07-27,16,25157.42,Evening,Robert Morris,Line3
7,12,Plant B,2025-09-13,4,36829.19,Night,Monique Wilson DDS,Line4
8,69,Plant B,2024-01-03,6,45740.76,Night,Collin Lee,Line3
9,34,Plant C,2025-08-02,5,8762.63,Evening,Jesse Phelps,Line3
10,153,Plant A,2024-01-12,7,36562.45,Morning,Alexis Boyd,Line1
11,56,Plant C,2024-05-09,9,40792.06,Morning,Elizabeth Payne,Line2
12,130,Plant C,2025-02-09,10,38532.92,Night,Mark Lee,Line3
13,190,Plant A,2024-09-24,15,16005.85,Morning,James Ramirez,Line4
14,52,Plant B,2025-09-16,16,14917.85,Morning,Kelli Smith,Line1
15,200,Plant A,2024-09-07,11,18139.66,Evening,Michelle Munoz,Line2
16,127,Plant B,2024-10-27,11,37289.45,Night,James Phillips,Line3
17,73,Plant C,2023-06-11,7,27151.89,Evening,Danielle Rios,Line5
18,194,Plant B,2022-12-25,10,20803.13,Night,Matthew Strong,Line3
19,153,Plant B,2024-03-15,3,10343.26,Evening,Vincent Gonzales,Line5
20,168,Plant C,2025-04-01,12,5519.72,Evening,Robert Mcclure,Line1
21,14,Plant C,2023-03-28,2,45000.25,Morning,Tamara Martinez,Line3
22,142,Plant B,2023-09-11,13,44368.92,Evening,Gina Pena,Line4
23,5,Plant A,2022-11-10,5,29721.15,Evening,Michael Powell,Line1
24,82,Plant C,2025-08-27,14,33703.12,Evening,Brittany Spencer MD,Line3
25,36,Plant C,2023-09-19,13,35002.84,Night,Carrie Prince,Line5
26,39,Plant B,2024-09-06,20,40889.78,Night,Kathleen Vaughn,Line3
27,169,Plant A,2023-12-16,10,29102.49,Night,Lance Hernandez,Line1
28,102,Plant B,2024-10-31,5,41825.98,Morning,John Sanders,Line4
29,115,Plant A,2025-06-01,10,45764.18,Night,Nancy Rivas,Line1
30,63,Plant A,2025-05-25,5,19699.45,Morning,Kelly Hays,Line4
31,12,Plant C,2024-01-23,8,47131.09,Night,John Williams,Line2
32,177,Plant C,2022-10-16,20,17287.01,Night,Mary Hicks,Line3
33,10,Plant C,2025-03-09,16,11424.14,Night,Kathryn Underwood,Line3
34,108,Plant C,2025-01-21,10,32507.84,Morning,Gina Davis,Line2
35,16,Plant A,2022-12-04,11,5900.79,Night,Tim Wallace,Line2
36,101,Plant A,2025-08-02,13,15608.85,Night,Edward Jones,Line2
37,33,Plant A,2023-11-12,16,27066.55,Night,Matthew Arellano,Line4
38,118,Plant B,2025-06-22,15,23215.07,Morning,Jeffrey Johnson,Line4
39,161,Plant A,2024-06-15,3,28367.43,Morning,Terry Maynard,Line5
40,24,Plant A,2023-07-27,19,48990.49,Evening,Alejandro Andrews,Line1
41,61,Plant C,2024-01-17,11,25997.37,Night,Brian Santos,Line5
42,182,Plant C,2023-12-21,13,17583.13,Night,Zachary Jones,Line1
43,103,Plant A,2023-01-17,8,21400.8,Evening,Michelle Cross,Line5
44,94,Plant A,2025-06-06,8,39694.06,Night,David Burke,Line3
45,73,Plant C,2025-05-08,19,36546.86,Morning,Caroline Mercer,Line2
46,111,Plant A,2024-07-02,2,11654.56,Evening,Justin Bowers,Line5
47,171,Plant C,2024-07-28,12,25955.12,Evening,Paul Anderson,Line2
48,195,Plant A,2024-12-17,15,8842.65,Evening,Teresa Smith,Line1
49,177,Plant C,2025-04-13,17,22454.33,Morning,Taylor Bishop,Line5
50,96,Plant C,2023-09-05,16,48933.32,Morning,Andrea Simpson,Line3
51,30,Plant B,2022-10-30,15,31124.2,Evening,Ryan Pittman,Line3
52,64,Plant B,2025-06-22,8,47757.48,Morning,Dr. Casey Turner,Line2
53,5,Plant A,2023-05-17,5,9896.43,Morning,Sandra Reeves,Line4
54,90,Plant A,2023-09-26,8,21628.44,Morning,Laurie Harvey,Line3
55,104,Plant C,2023-02-27,4,45871.79,Morning,Robert Jordan,Line5
56,83,Plant A,2022-11-17,1,19821.23,Night,Latoya Lee,Line1
57,165,Plant B,2025-07-22,17,47403.63,Morning,Kimberly Dickson,Line5
58,158,Plant C,2023-08-26,9,27656.81,Night,Jordan Mendoza,Line4
59,81,Plant B,2024-01-01,12,30281.53,Evening,Travis Barry,Line1
60,61,Plant A,2023-08-15,13,9972.03,Night,Richard Terry,Line1
61,17,Plant B,2023-06-02,12,26434.18,Evening,Joel Robinson,Line2
62,3,Plant B,2025-02-19,11,41005.68,Morning,Donald Hart,Line2
63,48,Plant C,2025-01-29,14,9100.13,Night,Jessica Saunders,Line5
64,153,Plant A,2022-10-31,13,25030.01,Night,Jesse Knight,Line4
65,99,Plant C,2025-09-09,8,13098.4,Night,Keith Pierce,Line2
66,193,Plant C,2024-01-10,1,27403.16,Morning,Jill Roberts,Line2
67,37,Plant C,2025-01-27,18,33640.98,Morning,Jennifer Vega,Line3
68,182,Plant C,2025-09-09,17,32045.31,Evening,Edward Davidson,Line3
69,11,Plant B,2023-11-12,8,45438.46,Morning,John Robinson,Line4
70,14,Plant B,2022-11-14,17,47861.65,Evening,Jennifer Pierce,Line4
71,125,Plant A,2023-03-09,20,21263.71,Night,Kelly Brock,Line4
72,69,Plant C,2023-09-28,13,16353.07,Morning,Brian Blake,Line1
73,50,Plant A,2024-03-09,20,38308.43,Morning,John Gay,Line4
74,149,Plant A,2024-03-22,4,35332.82,Night,Sean Wood,Line3
75,95,Plant B,2025-07-02,9,10736.9,Morning,Ronald Evans,Line4
76,57,Plant C,2024-06-22,2,40062.87,Morning,Chelsea Mccall,Line4
77,135,Plant B,2025-04-17,10,6563.76,Morning,Joshua Wiley,Line3
78,107,Plant C,2024-08-30,7,6993.23,Evening,Joshua Robertson,Line4
79,49,Plant C,2023-12-21,5,45956.35,Evening,Jamie Holland,Line4
80,104,Plant B,2023-01-30,6,37230.79,Evening,Sarah Vasquez,Line2
81,130,Plant B,2023-11-28,7,42707.92,Evening,Richard English,Line2
82,22,Plant B,2025-02-22,8,33468.59,Night,John Perez,Line2
83,162,Plant A,2023-12-21,1,40484.23,Night,Stephen Bush,Line5
84,118,Plant A,2022-11-20,15,30997.4,Evening,Julia Hale,Line4
85,74,Plant C,2023-12-10,17,36255.32,Morning,Regina Solomon,Line3
86,176,Plant C,2023-07-02,8,42057.22,Evening,Andrew Holloway,Line2
87,45,Plant C,2025-07-31,1,21772.48,Morning,Allen Smith,Line3
88,164,Plant B,2025-09-25,5,46532.29,Morning,Samantha French,Line5
89,81,Plant A,2025-09-30,8,48508.42,Morning,Julie Cummings,Line5
90,199,Plant C,2025-07-11,19,19005.88,Night,Katherine Butler,Line2
91,57,Plant B,2023-12-01,19,40667.2,Morning,Russell Mccall,Line5
92,126,Plant B,2025-06-05,4,12630.7,Night,Carrie Serrano,Line4
93,168,Plant B,2023-07-31,5,47678.86,Morning,Casey May,Line2
94,45,Plant A,2022-12-18,13,38556.08,Night,Mark Adams,Line4
95,193,Plant B,2025-07-09,13,32504.4,Night,Rachel Ramirez,Line1
96,43,Plant A,2023-08-03,1,26914.33,Evening,Carolyn Sanchez,Line3
97,25,Plant B,2022-12-04,8,45097.56,Evening,Jorge Horne,Line1
98,179,Plant B,2025-05-12,10,24390.84,Night,Ashley Zhang,Line4
99,34,Plant C,2023-01-02,1,46281.81,Night,Steven Barajas,Line5
100,43,Plant C,2025-10-01,2,34347.41,Evening,Mark Barker,Line3
101,130,Plant A,2023-07-15,13,8472.1,Night,Michael Snyder,Line1
102,84,Plant C,2023-02-05,13,22590.4,Night,Amanda Mckinney,Line2
103,7,Plant B,2024-07-29,7,15311.73,Evening,Deborah Lopez,Line4
104,191,Plant B,2023-01-15,17,16801.39,Night,Steven Diaz,Line1
105,108,Plant A,2023-03-12,18,10784.48,Morning,Emily Bradley,Line5
106,41,Plant C,2024-05-25,5,47277.83,Morning,Matthew Hughes,Line5
107,40,Plant C,2023-11-29,4,19764.71,Night,Randall Campbell,Line2
108,180,Plant A,2024-01-08,2,49775.8,Evening,Savannah Berg,Line3
109,40,Plant A,2025-06-01,18,20875.75,Morning,Debra Goodwin,Line1
110,70,Plant C,2024-10-23,9,6617.46,Evening,Robin George DVM,Line5
111,9,Plant A,2024-09-07,9,17722.73,Evening,Katie Garcia,Line4
112,43,Plant A,2023-12-22,6,45057.88,Night,Sharon Mcdonald,Line5
113,136,Plant B,2025-02-25,19,5053.99,Evening,Robin Munoz,Line1
114,75,Plant A,2024-12-25,18,20494.17,Evening,Yolanda Morales,Line1
115,91,Plant C,2025-02-05,13,30681.77,Evening,Christopher Molina,Line3
116,173,Plant C,2024-10-22,4,11385.85,Morning,Robert Fitzgerald,Line3
117,52,Plant A,2024-08-31,20,41192.62,Night,Ashley Griffin,Line5
118,5,Plant C,2023-12-02,19,15922.27,Evening,Mrs. Dana Rodriguez MD,Line5
119,134,Plant B,2023-12-26,12,11172.53,Night,Daniel Davis,Line4
120,168,Plant A,2024-06-04,13,42763.07,Night,Sabrina Chaney,Line5
121,14,Plant A,2023-12-16,9,49434.75,Morning,Nathaniel Preston,Line5
122,155,Plant A,2023-03-31,7,26922.47,Morning,Bryan Miles DDS,Line2
123,27,Plant A,2023-02-25,7,35090.62,Morning,Ryan Dyer,Line1
124,189,Plant A,2023-05-14,19,43883.73,Evening,Gina Ramirez,Line3
125,36,Plant C,2025-08-10,14,21232.4,Morning,Aaron Wright,Line3
126,83,Plant A,2023-05-10,17,24975.08,Morning,Michael Thompson,Line4
127,64,Plant C,2023-03-02,10,8096.65,Night,Kelly Price,Line4
128,53,Plant A,2024-03-06,5,8534.06,Morning,Jessica Peters,Line5
129,38,Plant A,2025-03-06,12,38210.33,Evening,Sandra Benitez,Line3
130,95,Plant C,2025-02-22,5,9961.05,Evening,Taylor Rollins,Line5
131,116,Plant C,2022-10-09,8,30068.24,Evening,Christopher Flores,Line3
132,1,Plant C,2025-09-14,13,14804.61,Evening,Don Collier,Line4
133,159,Plant B,2025-07-15,20,38357.81,Evening,John Burke,Line1
134,21,Plant A,2025-09-21,20,40311.26,Night,Karl Buck,Line2
135,133,Plant A,2023-03-04,7,28807.11,Morning,Ethan Dickerson,Line2
136,3,Plant B,2022-10-27,9,40256.87,Morning,Kristen Ingram,Line2
137,196,Plant A,2024-05-10,1,20874.59,Night,Thomas Mason,Line3
138,22,Plant B,2024-08-07,20,29335.51,Morning,Samantha Lamb,Line2
139,138,Plant C,2025-07-24,3,10234.59,Night,Mrs. Rebecca Lee DDS,Line1
140,39,Plant C,2024-07-25,5,6345.22,Night,Tasha Rogers,Line1
141,121,Plant C,2024-04-19,7,17081.96,Evening,Matthew Chang,Line2
142,106,Plant B,2024-06-08,14,11184.87,Night,Tammy Campbell,Line4
143,101,Plant C,2024-02-27,8,35780.26,Morning,Patrick Wheeler,Line2
144,139,Plant A,2023-05-21,15,17449.04,Morning,Jason Boyd,Line2
145,72,Plant C,2024-02-27,14,20686.42,Morning,Brandon Clark,Line4
146,140,Plant A,2024-05-20,7,41669.74,Evening,Kevin Aguilar,Line4
147,146,Plant B,2023-07-09,10,29413.62,Night,Anthony Christensen,Line3
148,89,Plant B,2023-11-09,19,27833.61,Morning,Paula Gomez,Line5
149,66,Plant C,2024-08-08,15,40777.51,Morning,James Gonzalez,Line2
150,91,Plant C,2022-11-02,5,24424.92,Evening,Jacob Stanley,Line4
151,61,Plant A,2022-12-26,7,34129.65,Evening,Traci Young,Line3
152,189,Plant C,2025-05-20,5,46738.37,Morning,Allen Johnson,Line3
153,34,Plant A,2023-12-06,7,23973.72,Morning,James Parsons,Line5
154,55,Plant B,2024-06-15,18,43116.44,Morning,Laura Craig,Line3
155,200,Plant B,2023-04-19,9,33842.29,Night,Joshua Abbott,Line1
156,34,Plant A,2025-02-24,9,15932.17,Evening,Sheryl Lee,Line4
157,193,Plant C,2024-03-03,13,8514.56,Morning,Christina Martinez,Line2
158,121,Plant C,2025-05-29,12,8067.95,Night,Brandon Miller,Line3
159,82,Plant A,2023-05-29,10,41475.77,Morning,Laurie Santos,Line3
160,129,Plant A,2023-12-16,5,40132.66,Morning,John Taylor,Line3
161,93,Plant A,2023-06-29,19,40833.96,Evening,Holly Olson,Line4
162,166,Plant A,2024-05-13,6,38671.14,Night,Dustin Leblanc,Line3
163,64,Plant B,2024-11-30,8,11275.26,Evening,Bradley Edwards,Line4
164,17,Plant B,2023-10-26,5,10612.37,Night,Samuel Nolan,Line5
165,177,Plant C,2022-11-06,8,15622.43,Night,James Sanders,Line4
166,12,Plant C,2025-02-08,9,36169.49,Morning,Jamie Garcia,Line1
167,127,Plant C,2023-08-09,2,15469.33,Evening,Maria Norton,Line4
168,82,Plant C,2024-05-07,5,46964.41,Morning,Martha Clark,Line2
169,150,Plant B,2024-03-03,3,26206.08,Morning,Karen Mcdaniel,Line4
170,51,Plant B,2024-10-16,4,37011.86,Morning,Kyle Gonzalez,Line2
171,156,Plant A,2024-12-11,7,6453.82,Morning,Courtney Mills,Line1
172,183,Plant A,2025-06-10,5,12090.41,Night,Laurie Griffith,Line1
173,185,Plant C,2025-05-23,11,18538.84,Night,Melissa Compton,Line5
174,64,Plant B,2023-10-12,12,41558.82,Evening,Kathryn Stevens,Line2
175,121,Plant B,2022-12-14,15,7926.02,Night,Alicia Warner,Line2
176,184,Plant A,2024-05-27,13,38277.02,Morning,Kristina Reese,Line4
177,183,Plant B,2024-06-03,10,35564.91,Evening,Lisa Carr,Line2
178,183,Plant C,2023-01-25,16,5241.5,Morning,Brandi Miller,Line2
179,110,Plant C,2025-07-12,18,33241.23,Evening,Anthony Rodriguez,Line1
180,62,Plant A,2023-01-07,13,43359.64,Night,Tyler Galloway,Line3
181,167,Plant B,2025-01-31,2,26710.95,Morning,Kenneth Scott,Line4
182,192,Plant A,2024-06-26,10,48369.14,Evening,Billy Miller,Line2
183,81,Plant A,2023-02-13,6,27779.82,Morning,James Vasquez,Line3
184,117,Plant A,2024-07-23,5,13905.69,Night,Stephen Hudson,Line4
185,152,Plant C,2023-08-15,6,13669.83,Night,Eric Hancock,Line3
186,151,Plant C,2024-06-27,3,23472.99,Morning,Allen Garza,Line5
187,153,Plant C,2024-03-02,19,28333.43,Evening,Dave Rodriguez,Line3
188,97,Plant A,2024-07-19,20,11586.23,Morning,Ann Gallagher,Line1
189,18,Plant A,2023-08-02,8,7848.16,Evening,Jasmine Dudley,Line5
190,181,Plant A,2023-03-06,9,38493.59,Evening,Ashley Lee,Line2
191,71,Plant C,2024-12-10,3,18591.77,Morning,Sarah King,Line1
192,28,Plant A,2024-07-05,9,27584.84,Morning,James Maddox,Line5
193,71,Plant B,2023-01-23,4,34194.7,Morning,Mr. George Hudson PhD,Line2
194,137,Plant C,2024-11-21,20,34052.47,Night,Mandy Bell,Line1
195,169,Plant C,2024-02-29,19,41110.04,Evening,Bradley Livingston,Line3
196,177,Plant C,2025-05-14,17,8390.68,Morning,Tracy Ho,Line1
197,1,Plant A,2025-08-11,7,29555.98,Morning,Stephanie Pitts,Line2
198,11,Plant B,2023-12-03,2,43500.6,Evening,Ann Rosario,Line3
199,45,Plant A,2024-11-13,8,10246.04,Evening,Mr. Scott Mcmillan,Line1
200,132,Plant A,2024-01-08,19,42575.29,Morning,Sarah Williams,Line5
201,195,Plant C,2023-05-17,4,40322.26,Evening,Rhonda Miller,Line4
202,177,Plant B,2024-04-03,10,28529.69,Night,Evan Cummings,Line5
203,125,Plant C,2025-09-16,12,30966.89,Night,Daniel Matthews,Line2
204,134,Plant B,2023-05-06,4,24099.3,Night,Deborah Aguilar,Line4
205,30,Plant B,2023-03-12,4,9029.37,Morning,Joseph Shah,Line2
206,90,Plant A,2023-09-20,2,38918.43,Evening,Danielle Chapman,Line5
207,182,Plant B,2024-01-19,17,26980.82,Morning,Alexander Harris,Line2
208,92,Plant A,2022-10-13,17,41363.96,Evening,Misty Grant,Line4
209,94,Plant C,2024-11-08,15,21094.18,Morning,Richard Boyle,Line5
210,176,Plant C,2024-01-03,20,26194.79,Night,Ryan Neal,Line3
211,32,Plant A,2023-08-24,4,31102.25,Evening,Tamara Strong,Line2
212,159,Plant C,2024-05-12,2,24480.37,Night,Joshua Jacobson,Line4
213,192,Plant A,2023-02-20,4,49578.01,Morning,Craig Wolfe,Line4
214,194,Plant C,2025-03-30,18,49157.83,Evening,Arthur Jackson,Line2
215,11,Plant C,2023-08-20,1,38985.18,Morning,Brooke Medina,Line3
216,175,Plant B,2024-10-24,7,22960.92,Evening,Melvin Jones,Line5
217,155,Plant B,2024-06-28,2,38148.66,Morning,Judith Cervantes,Line3
218,100,Plant B,2025-02-19,7,16214.12,Night,Kevin Holmes,Line5
219,52,Plant B,2023-11-13,8,15456.24,Morning,Karen Baldwin,Line3
220,69,Plant A,2023-03-28,18,20651.46,Evening,Ryan Jones,Line2
221,144,Plant C,2023-03-11,8,39712.37,Evening,Sarah Weber,Line3
222,143,Plant A,2023-12-18,7,21272.16,Evening,Haley Turner,Line4
223,42,Plant B,2023-09-18,10,41739.51,Morning,Amanda Taylor,Line3
224,195,Plant A,2024-03-19,2,36380.13,Evening,James Atkins,Line5
225,33,Plant B,2024-03-19,2,19643.11,Morning,Brittany Smith,Line2
226,88,Plant C,2024-09-08,17,49003.03,Morning,Julie Middleton,Line4
227,189,Plant A,2024-07-28,13,10910.84,Night,Luis Bates,Line3
228,187,Plant C,2024-07-05,6,17489.79,Evening,Alexis Smith,Line1
229,1,Plant B,2024-04-08,19,27016.12,Night,Carly Spencer,Line5
230,160,Plant A,2023-04-22,6,8482.56,Morning,Mark Douglas,Line3
231,41,Plant A,2023-07-17,11,8437.3,Night,Matthew Williams,Line4
232,48,Plant C,2022-10-11,10,18345.48,Morning,Jasmine French,Line4
233,37,Plant B,2023-02-27,16,42513.47,Night,Lisa Perez,Line3
234,143,Plant B,2022-10-25,8,45095.41,Morning,Alexandra Kramer,Line5
235,30,Plant A,2025-05-16,14,47465.4,Morning,David Wallace,Line1
236,172,Plant A,2024-07-23,1,29717.17,Evening,Steven Pearson,Line5
237,8,Plant C,2023-01-06,14,25632.9,Morning,Leslie Zuniga,Line2
238,136,Plant C,2023-12-16,3,35492.59,Evening,Shawn Mccormick,Line5
239,180,Plant A,2023-12-31,2,44464.02,Night,Pamela Kelly,Line1
240,57,Plant B,2024-07-11,10,30044.18,Night,Susan Long,Line4
241,180,Plant B,2024-12-12,18,20822.06,Night,Lee Wolfe,Line4
242,40,Plant A,2023-10-02,2,43952.89,Night,Danielle Brown,Line2
243,9,Plant C,2023-07-01,18,20574.7,Evening,Anthony Vang,Line5
244,74,Plant B,2023-04-09,17,43008.68,Night,David Shah,Line5
245,176,Plant B,2024-02-11,1,16466.85,Evening,David Young,Line4
246,48,Plant C,2022-12-07,6,48780.62,Morning,Megan Anthony,Line3
247,194,Plant C,2023-03-19,20,27346.3,Night,Martin Ward,Line5
248,92,Plant A,2023-12-01,10,28104.51,Morning,Ellen Gregory,Line1
249,161,Plant A,2022-12-11,11,10573.11,Night,Christopher Nunez,Line1
250,45,Plant C,2023-05-27,7,22978.13,Night,Carol Shannon,Line1
251,81,Plant B,2025-02-01,2,7434.56,Evening,Sarah Bonilla,Line1
252,27,Plant A,2024-03-26,4,11689.06,Evening,Brittany Barker,Line5
253,117,Plant B,2022-11-14,7,45891.94,Morning,Patrick Kelley,Line4
254,86,Plant C,2024-05-11,5,45893.27,Evening,Justin Mcdonald,Line4
255,3,Plant A,2025-04-06,6,38301.79,Evening,Justin Hanson,Line1
256,95,Plant C,2022-11-11,8,12551.08,Evening,Jerry Soto,Line2
257,129,Plant B,2025-07-13,11,48240.56,Evening,Louis Myers,Line4
258,180,Plant C,2025-03-25,13,37378.02,Morning,Samantha West,Line2
259,3,Plant A,2022-10-10,14,15630.18,Night,Alyssa Lambert MD,Line2
260,174,Plant C,2025-01-01,8,21329.94,Night,Cindy Morrow,Line5
261,101,Plant A,2023-05-20,9,48048.9,Night,Michael Johnson,Line1
262,36,Plant B,2024-08-05,19,10309.23,Night,Brandy Williams,Line3
263,19,Plant A,2024-09-03,16,17856.92,Morning,Mary Miller,Line1
264,88,Plant A,2022-11-04,3,31988.25,Night,Jose Gillespie,Line3
265,130,Plant A,2024-11-25,18,19702.12,Evening,Gary Rogers,Line1
266,70,Plant C,2024-06-12,9,12402.68,Evening,Melissa Burton,Line1
267,140,Plant C,2024-01-06,11,10195.63,Evening,Ronald James,Line3
268,10,Plant B,2024-03-20,2,44200.8,Morning,Erin Gonzalez,Line1
269,13,Plant A,2023-09-05,7,39427.61,Morning,Paul Rodriguez,Line3
270,161,Plant B,2024-04-01,6,46499.08,Night,Ashley Ramos,Line2
271,195,Plant C,2023-01-07,10,18264.52,Night,Marie King,Line3
272,45,Plant B,2024-12-20,12,46755.71,Evening,Brian Lewis,Line2
273,130,Plant B,2023-07-04,12,27082.62,Morning,Haley Booker,Line2
274,107,Plant B,2023-03-03,14,40204.24,Evening,Jesse Trevino,Line4
275,103,Plant B,2024-03-06,14,6117.29,Morning,Michelle Cruz,Line3
276,157,Plant B,2024-07-16,13,28496.17,Night,Joseph Massey,Line2
277,27,Plant C,2022-12-21,10,22456.28,Morning,Mike Moody MD,Line3
278,109,Plant B,2023-12-27,14,38344.83,Evening,Alex Simmons,Line1
279,158,Plant B,2024-06-17,3,27321.38,Morning,David Rodriguez,Line4
280,37,Plant A,2024-11-27,16,37283.25,Evening,Johnathan Thomas,Line1
281,185,Plant A,2024-07-25,8,5199.21,Night,Javier Sweeney,Line2
282,72,Plant C,2022-12-17,15,38069.03,Night,Johnny Gomez,Line1
283,73,Plant C,2022-10-30,4,44339.9,Morning,Jacob Mills,Line5
284,179,Plant C,2023-04-13,15,7126.31,Night,Tiffany Waller,Line5
285,47,Plant A,2023-09-05,1,13382.97,Morning,Joshua Schroeder,Line1
286,144,Plant C,2024-11-28,3,18803.73,Night,Eric Smith,Line3
287,172,Plant C,2024-10-19,19,43338.4,Night,Molly Murray,Line2
288,24,Plant B,2024-02-25,4,38400.1,Evening,Karl Diaz,Line4
289,180,Plant B,2023-06-09,9,14245.25,Morning,Joseph Park,Line1
290,91,Plant A,2024-02-05,2,11723.0,Morning,Renee Thompson,Line2
291,112,Plant B,2023-10-06,11,38216.43,Night,Michael Kaufman,Line1
292,28,Plant B,2025-01-15,13,48254.03,Morning,Cathy Lee,Line1
293,136,Plant B,2022-12-28,8,11902.62,Night,Lori King,Line1
294,50,Plant C,2024-12-04,5,24189.58,Morning,Krystal Lambert,Line3
295,61,Plant C,2022-12-18,12,37430.88,Morning,Patrick Clark,Line1
296,49,Plant C,2024-05-09,20,24189.37,Morning,Kristen Johnson,Line3
297,82,Plant C,2024-10-11,18,38362.76,Night,Matthew Reynolds,Line3
298,173,Plant C,2024-09-08,9,8907.55,Night,James Brooks,Line3
299,47,Plant B,2023-10-28,5,29489.02,Night,Kristina Dalton,Line2
300,108,Plant C,2025-06-07,5,27753.12,Morning,Brenda Chase,Line1
301,90,Plant A,2024-04-09,16,10549.15,Night,Daniel Blair,Line2
302,184,Plant B,2025-01-20,3,17174.48,Evening,Anthony Li,Line3
303,15,Plant B,2025-05-10,3,12806.27,Morning,Heather Guerra,Line2
304,145,Plant A,2022-11-01,20,5406.16,Morning,Aaron Colon,Line4
305,160,Plant C,2025-07-29,12,43091.66,Morning,Julia Willis,Line2
306,23,Plant B,2024-05-16,2,37130.34,Night,Jason Young,Line5
307,110,Plant C,2025-06-13,10,48623.44,Evening,William Oliver,Line4
308,158,Plant B,2023-12-22,15,11073.26,Evening,Sarah Moreno,Line2
309,121,Plant C,2023-03-26,6,30912.9,Morning,Jeremy Hansen,Line1
310,134,Plant C,2024-05-24,13,33818.31,Evening,Gina Wright,Line2
311,102,Plant C,2024-01-05,9,44500.52,Night,Robert Henry,Line2
312,93,Plant A,2023-09-02,16,12833.8,Night,Ashley Clark,Line3
313,13,Plant C,2023-08-01,9,41994.32,Night,Debra Reeves,Line3
314,121,Plant A,2023-01-20,16,41911.33,Night,Hayden Arnold,Line1
315,195,Plant B,2024-09-10,15,45008.55,Evening,Melissa Cameron,Line3
316,183,Plant C,2025-06-09,3,25578.97,Morning,Joseph Eaton,Line1
317,117,Plant A,2023-02-07,19,10365.34,Night,Kristi Gonzalez,Line1
318,16,Plant A,2025-04-29,6,42765.28,Night,Haley Anderson,Line2
319,137,Plant B,2023-01-27,17,26737.8,Evening,Daniel Hernandez,Line1
320,63,Plant A,2023-10-09,12,5887.27,Morning,Zachary Galloway,Line5
321,128,Plant C,2025-07-20,20,49031.79,Evening,Jennifer Johnson,Line5
322,34,Plant C,2023-09-14,18,44759.28,Night,Amanda Watson,Line5
323,115,Plant A,2025-02-25,9,22683.55,Night,Jesse Garcia,Line1
324,138,Plant A,2025-05-31,20,25092.91,Morning,Katherine Spears,Line4
325,51,Plant B,2025-05-12,7,9285.38,Evening,Brian Bush,Line3
326,19,Plant A,2024-01-09,1,22050.28,Night,Jessica Ray,Line4
327,97,Plant B,2025-06-15,12,37677.74,Evening,Christina Jones,Line4
328,92,Plant A,2023-02-24,2,34042.07,Night,Lisa Ramirez,Line5
329,164,Plant A,2025-04-22,1,41455.47,Morning,Bonnie Arnold,Line1
330,162,Plant A,2024-08-31,11,40226.41,Night,Robert Noble,Line4
331,130,Plant B,2023-12-10,11,6120.47,Night,Christina Swanson,Line2
332,176,Plant B,2024-01-31,10,36834.54,Night,Stephanie Roberts,Line4
333,117,Plant A,2023-08-01,14,27526.22,Evening,Anne Rangel,Line2
334,14,Plant B,2024-12-27,16,22098.71,Evening,Suzanne Houston,Line3
335,90,Plant B,2025-07-14,12,29441.74,Night,Crystal Whitaker,Line2
336,65,Plant B,2023-04-11,14,28210.23,Morning,Shelley Nichols,Line5
337,129,Plant A,2025-01-23,6,34917.88,Night,Mark Bartlett,Line5
338,148,Plant B,2024-11-20,16,12048.6,Morning,Bryan Richardson,Line2
339,104,Plant A,2024-12-15,5,30468.1,Night,James Cook,Line3
340,154,Plant A,2025-04-04,9,7920.9,Morning,Alan Levy,Line4
341,176,Plant A,2024-06-17,8,40201.8,Evening,Deborah Reyes,Line5
342,90,Plant A,2025-03-15,7,42352.58,Evening,Terri Mosley,Line2
343,114,Plant A,2025-06-24,10,6826.17,Night,Kristina Lopez,Line1
344,17,Plant A,2025-05-17,9,45291.92,Morning,Matthew Paul,Line4
345,150,Plant B,2024-12-01,5,8275.81,Evening,Kevin Terry,Line5
346,184,Plant C,2023-08-12,20,26477.0,Morning,Brandon Haley,Line5
347,149,Plant C,2022-11-17,1,32383.49,Evening,Seth Gonzalez,Line4
348,100,Plant A,2024-05-17,14,13626.07,Evening,Lisa Sanchez,Line2
349,87,Plant C,2023-10-06,3,36336.93,Night,Alexander Gardner,Line4
350,105,Plant A,2023-11-25,1,24303.17,Morning,Christopher Mejia,Line5
351,44,Plant B,2024-02-29,7,12125.16,Morning,Tyler Stewart,Line4
352,46,Plant C,2024-01-12,15,29591.41,Night,William Phillips,Line3
353,46,Plant A,2024-05-13,15,22231.39,Evening,Heather Hernandez,Line2
354,148,Plant A,2023-07-29,1,31008.59,Morning,William Moore,Line5
355,63,Plant B,2023-03-28,7,46538.17,Evening,Pamela Mckay,Line4
356,98,Plant B,2024-03-02,13,27352.7,Night,Anthony Tucker,Line5
357,120,Plant A,2023-11-03,19,16765.15,Evening,Katherine Barnett,Line4
358,12,Plant B,2023-12-23,9,29762.1,Night,Annette Carter,Line1
359,165,Plant B,2024-03-19,8,24252.61,Morning,Leslie Rich,Line2
360,138,Plant C,2024-11-24,2,43906.15,Evening,Cassie Carr,Line3
361,78,Plant B,2023-10-22,9,36465.7,Morning,Tammy Case,Line5
362,138,Plant C,2023-01-22,14,12420.32,Morning,Randy Rodriguez,Line2
363,163,Plant A,2024-07-12,17,38048.06,Morning,Logan Stone,Line2
364,119,Plant A,2024-11-27,2,42264.15,Night,Nicole Nelson,Line3
365,102,Plant C,2022-10-28,9,13754.23,Morning,Karen Wagner,Line2
366,135,Plant B,2024-09-03,5,43061.77,Night,Allison Vang,Line2
367,18,Plant B,2023-05-10,6,32488.87,Night,David Smith,Line1
368,79,Plant A,2022-11-26,1,43196.53,Morning,Cynthia Delgado,Line1
369,57,Plant C,2025-01-09,12,23800.37,Night,Jack Little,Line1
370,138,Plant B,2023-10-01,8,33721.97,Night,William Gonzalez,Line1
371,88,Plant A,2022-12-24,18,46483.14,Morning,Kerry Yang,Line5
372,15,Plant A,2024-08-17,6,25113.04,Night,Steven Hayes,Line3
373,187,Plant C,2024-06-09,14,47546.51,Morning,Jacqueline Hansen DDS,Line4
374,199,Plant B,2025-06-19,7,46789.19,Night,Audrey Gilbert MD,Line2
375,112,Plant B,2024-12-27,19,11975.35,Night,Andrew Clements,Line5
376,140,Plant A,2023-04-26,17,12542.29,Morning,Jackson Gillespie,Line5
377,2,Plant C,2025-02-25,15,18421.49,Morning,Jeanette Ellis,Line1
378,180,Plant A,2025-08-29,2,30750.97,Morning,Joseph Roberts,Line3
379,139,Plant B,2024-10-11,17,25473.93,Morning,Hannah Pittman,Line3
380,128,Plant A,2023-09-02,10,26635.09,Morning,Jessica White,Line5
381,34,Plant B,2023-03-31,13,36049.49,Night,Brandi Greer,Line4
382,33,Plant C,2025-09-06,3,38995.38,Evening,Kevin Medina,Line1
383,63,Plant C,2023-08-02,18,33792.8,Night,Joseph Peterson Jr.,Line1
384,171,Plant B,2024-12-10,14,13446.53,Evening,Holly Goodwin,Line3
385,87,Plant C,2025-09-12,19,16690.84,Night,Gregory Franco,Line4
386,121,Plant B,2024-02-02,4,18208.64,Evening,Michael Scott,Line1
387,19,Plant A,2025-07-11,14,7307.73,Night,Tiffany Ramirez,Line5
388,126,Plant B,2023-01-05,2,12068.77,Night,Cody Hill,Line5
389,186,Plant A,2024-02-02,17,20950.46,Morning,Megan Todd,Line2
390,103,Plant B,2024-05-20,15,46549.82,Morning,Maria Morgan,Line4
391,18,Plant B,2023-08-29,4,21481.04,Morning,Allen Gonzales,Line2
392,135,Plant A,2023-02-04,11,25841.56,Morning,Brian Marquez,Line2
393,144,Plant C,2023-07-06,11,7333.5,Morning,Manuel Williams,Line5
394,164,Plant A,2025-06-09,18,17376.84,Evening,Brittany Perez,Line1
395,197,Plant A,2025-02-25,4,31882.79,Evening,Nicholas Diaz,Line2
396,80,Plant B,2023-08-28,5,37848.93,Night,Dana Robinson,Line3
397,120,Plant A,2024-12-20,5,14899.62,Evening,Joseph Pearson,Line4
398,34,Plant A,2023-07-15,3,43913.09,Morning,Ashley Cantrell,Line5
399,194,Plant B,2023-08-13,3,27789.23,Evening,David Shaw,Line5
400,153,Plant A,2024-04-07,14,43671.1,Night,William Ramirez,Line3
401,162,Plant A,2022-12-09,14,17066.27,Evening,Kimberly Rogers,Line2
402,183,Plant B,2023-11-15,15,17222.51,Evening,Andrew Murillo,Line1
403,188,Plant B,2024-07-11,14,26246.51,Night,Joan Terry,Line3
404,75,Plant A,2023-06-11,15,26308.5,Morning,Richard Payne,Line2
405,45,Plant B,2025-06-11,8,46269.43,Morning,Jacob Taylor,Line2
406,117,Plant A,2025-07-06,9,29754.64,Evening,Ruben Ruiz,Line1
407,70,Plant B,2024-12-18,20,47563.52,Evening,Richard Williams,Line5
408,36,Plant B,2023-09-12,9,35980.37,Evening,James Mccarty,Line2
409,142,Plant C,2024-03-31,9,15078.5,Night,Timothy Hernandez,Line2
410,15,Plant A,2023-04-29,5,36796.37,Morning,John Jensen,Line3
411,50,Plant B,2024-05-17,8,20225.89,Morning,Colleen Clark,Line4
412,84,Plant A,2024-02-16,5,28504.93,Evening,Jerome Hull,Line5
413,196,Plant A,2024-08-01,15,12977.6,Night,Bradley Peterson,Line5
414,101,Plant B,2023-05-22,5,16531.5,Evening,Kristen Sharp MD,Line4
415,3,Plant A,2024-08-11,10,7027.69,Evening,Veronica Kelly,Line5
416,160,Plant C,2023-03-17,19,23711.03,Evening,Ronald Hunter,Line1
417,155,Plant C,2023-04-07,3,42897.02,Evening,Andrea Smith,Line1
418,61,Plant B,2023-07-27,9,32642.33,Morning,Zachary Johnson,Line3
419,9,Plant C,2024-07-27,14,41284.45,Morning,Bryan Morris,Line1
420,99,Plant A,2023-08-06,3,25092.52,Morning,Gregory Alvarez,Line4
421,178,Plant A,2023-02-08,8,39875.59,Evening,Samantha Gibson,Line2
422,75,Plant A,2023-10-09,5,20631.7,Morning,Juan Hendricks,Line4
423,66,Plant A,2024-07-07,1,40488.22,Morning,Mary Ruiz,Line4
424,62,Plant C,2023-06-02,11,24033.53,Night,Victoria King,Line4
425,174,Plant C,2023-06-01,9,37804.85,Morning,Robin Jones,Line4
426,63,Plant A,2025-01-29,2,5979.03,Night,Martha Fisher,Line1
427,131,Plant B,2025-07-23,17,35845.0,Evening,Manuel Warren MD,Line5
428,168,Plant B,2023-06-27,20,22605.66,Evening,Sarah Heath,Line2
429,184,Plant A,2025-04-20,3,24839.38,Morning,Charles Williams,Line3
430,25,Plant B,2024-04-29,16,24151.79,Morning,Maria Adkins,Line3
431,89,Plant B,2024-12-15,15,22696.96,Night,Bernard Reyes,Line3
432,8,Plant C,2023-08-08,3,33677.17,Evening,Wendy Mccarty,Line2
433,12,Plant C,2023-07-19,5,49363.38,Morning,Nicholas Sanders,Line3
434,96,Plant C,2023-02-26,3,35825.78,Evening,Vanessa Jones,Line2
435,30,Plant A,2025-09-03,12,5025.94,Morning,Cory Stevens,Line1
436,130,Plant A,2023-08-07,18,44281.76,Night,Michael Garcia,Line3
437,160,Plant A,2024-05-25,2,39950.17,Evening,Monica Cook,Line1
438,40,Plant A,2024-06-03,16,28761.5,Evening,Donald Collins,Line3
439,50,Plant C,2023-04-11,15,34272.83,Morning,Brooke Herman,Line4
440,25,Plant A,2024-06-30,19,41637.25,Night,Mark Marquez,Line1
441,1,Plant A,2025-06-24,18,28566.57,Morning,Maria Hughes,Line1
442,164,Plant A,2024-10-06,4,32096.43,Evening,Charles Jones,Line3
443,200,Plant C,2023-11-18,19,28487.94,Morning,Michael Ayala,Line2
444,168,Plant A,2024-03-04,8,47883.76,Night,Marie Smith,Line1
445,134,Plant A,2025-09-02,11,13076.56,Night,Ann Bright,Line4
446,67,Plant B,2025-06-01,14,16965.0,Night,Lindsay Stewart,Line3
447,116,Plant B,2023-12-12,18,15049.09,Morning,David Montgomery,Line1
448,76,Plant C,2025-07-23,20,15287.91,Evening,Frances Stephens,Line4
449,15,Plant B,2024-06-26,5,11535.48,Evening,Steven Berry,Line5
450,140,Plant A,2024-09-06,12,7094.09,Morning,Craig Hartman,Line2
451,167,Plant A,2023-06-10,14,37718.42,Morning,Sarah Dixon,Line1
452,108,Plant C,2023-08-29,13,44015.67,Evening,Andre Mitchell,Line3
453,57,Plant C,2023-10-24,9,16305.95,Evening,Catherine Ford,Line3
454,104,Plant A,2023-06-14,20,19918.84,Night,Robert Boyer,Line1
455,128,Plant A,2025-08-14,8,22211.4,Night,Charles Cook,Line1
456,71,Plant B,2023-11-10,11,36672.84,Night,Lisa White,Line5
457,37,Plant C,2023-04-07,1,35819.7,Morning,Colin Guerrero,Line5
458,44,Plant C,2025-08-29,7,22964.71,Night,Kimberly Mejia DVM,Line1
459,69,Plant A,2024-02-11,9,37386.37,Night,Lee Esparza,Line1
460,158,Plant B,2023-04-20,7,46934.66,Night,Savannah Martinez,Line5
461,60,Plant A,2024-03-04,2,13469.4,Night,Michael Anderson,Line3
462,168,Plant B,2024-03-03,12,31184.18,Evening,Keith Cox,Line2
463,114,Plant B,2024-09-19,8,49510.55,Night,Stephanie Wang,Line3
464,143,Plant B,2023-06-04,15,35014.23,Morning,Thomas Bray,Line2
465,34,Plant B,2024-04-21,13,26905.25,Evening,Bethany Glover,Line3
466,123,Plant B,2025-07-18,5,27165.84,Morning,Christine Cannon,Line2
467,3,Plant A,2024-04-28,16,32097.48,Night,William Huber,Line3
468,185,Plant B,2025-04-19,8,32234.25,Morning,Scott Mejia,Line3
469,132,Plant C,2023-07-19,2,29633.58,Evening,Jessica Smith,Line1
470,18,Plant B,2025-02-20,3,49670.39,Night,Alexis Schwartz,Line2
471,78,Plant B,2025-04-18,13,44276.13,Morning,Kathryn Fitzgerald,Line2
472,19,Plant B,2024-01-28,4,43084.92,Evening,Mark Hawkins,Line4
473,2,Plant A,2025-01-21,6,9518.57,Night,Seth Hopkins,Line3
474,6,Plant B,2023-06-21,13,18597.38,Evening,Tammy Lee,Line3
475,170,Plant A,2023-10-09,7,16164.98,Night,Jeffrey Hunt,Line3
476,152,Plant C,2025-04-13,12,34833.42,Morning,Julia Shaw,Line4
477,137,Plant A,2023-10-30,3,6373.14,Night,Tiffany Carter,Line2
478,189,Plant A,2022-12-11,10,33270.36,Evening,Laurie Johnson,Line1
479,192,Plant C,2022-10-19,13,21290.6,Night,Kevin Perkins,Line2
480,197,Plant B,2023-08-19,5,7559.45,Evening,David White,Line4
481,195,Plant A,2025-04-29,8,13593.98,Evening,Larry Green,Line3
482,199,Plant A,2025-08-22,5,5041.19,Evening,Crystal Pugh,Line3
483,130,Plant B,2023-08-30,7,26136.16,Night,Daniel Brady,Line4
484,160,Plant A,2023-07-12,17,28613.05,Evening,David Stanley,Line2
485,182,Plant A,2023-03-28,10,19928.07,Night,Erika Vasquez,Line3
486,180,Plant B,2023-05-06,12,32644.76,Evening,Kimberly Fowler,Line1
487,136,Plant B,2025-07-21,20,21120.66,Night,Holly Potter,Line1
488,50,Plant C,2024-12-08,2,36857.91,Morning,Gary Thompson,Line4
489,179,Plant B,2023-02-15,10,27579.39,Morning,James White,Line5
490,31,Plant C,2023-05-19,18,43548.52,Morning,Ronald Martinez,Line3
491,90,Plant A,2023-02-23,1,29351.44,Morning,Ryan Yang,Line2
492,37,Plant B,2023-02-15,12,41937.45,Morning,Lisa Knight,Line2
493,198,Plant A,2024-12-26,10,6462.0,Night,Deborah Freeman,Line3
494,108,Plant A,2023-02-27,3,17395.01,Evening,Gregory Miller,Line3
495,57,Plant B,2023-12-30,16,8151.48,Morning,Kyle May,Line1
496,126,Plant B,2023-01-17,2,13324.45,Evening,Timothy Nelson,Line1
497,103,Plant A,2023-05-02,20,5597.3,Night,Tracy Williams,Line5
498,131,Plant B,2025-08-30,10,12233.02,Evening,Crystal Johnston,Line5
499,77,Plant A,2025-02-17,17,43816.29,Evening,Joshua Salazar,Line5
500,192,Plant B,2024-04-21,17,48582.06,Evening,Miss Patricia Francis MD,Line3
501,125,Plant A,2023-11-21,2,22344.59,Morning,Brian Myers,Line3
502,48,Plant B,2023-03-27,3,25561.87,Evening,Mathew Wood,Line3
503,13,Plant B,2023-05-24,8,32221.89,Night,Angela Williams,Line5
504,19,Plant B,2024-07-17,6,47053.4,Morning,Rachel Campos,Line4
505,121,Plant C,2025-03-28,8,11097.2,Evening,Julie Reid,Line3
506,41,Plant C,2023-04-21,11,44290.46,Night,Jason Wright,Line3
507,159,Plant B,2024-03-02,14,8642.75,Night,Nicholas Drake,Line1
508,144,Plant B,2023-07-29,14,25556.04,Morning,Jessica Poole,Line5
509,67,Plant B,2025-03-16,13,37726.21,Morning,Benjamin Frost,Line4
510,9,Plant B,2024-02-17,5,23234.91,Morning,John Roberson,Line4
511,154,Plant C,2022-11-23,12,9894.38,Morning,Angela Smith,Line3
512,112,Plant C,2025-06-12,10,24810.74,Morning,Susan Calderon,Line4
513,8,Plant C,2025-04-01,12,42069.78,Night,Victor Myers,Line1
514,125,Plant A,2023-07-09,4,14861.8,Morning,Juan Curtis MD,Line4
515,174,Plant A,2024-03-23,17,12955.07,Morning,Michelle Flores,Line5
516,8,Plant A,2025-06-29,5,40993.92,Night,Joshua Morris,Line4
517,79,Plant A,2024-01-14,13,25362.69,Night,Jonathan Anderson,Line4
518,51,Plant C,2025-08-22,18,10211.36,Morning,Lindsay Sullivan,Line5
519,132,Plant A,2024-09-22,2,7861.68,Evening,Jeffrey Chang,Line5
520,62,Plant C,2023-10-24,14,25109.4,Morning,Jesse Smith,Line2
521,9,Plant A,2024-06-14,11,48195.91,Night,Sarah Shah,Line4
522,60,Plant C,2022-12-19,16,30593.04,Morning,Yolanda Stephens,Line3
523,37,Plant C,2025-06-03,13,29991.83,Evening,Brandon Taylor,Line4
524,12,Plant A,2023-09-25,15,33867.42,Night,Daniel Cherry,Line2
525,30,Plant C,2024-10-08,9,48950.63,Evening,Michael Wright,Line2
526,15,Plant B,2022-11-17,4,26581.95,Night,Jose Oconnor,Line3
527,103,Plant A,2024-12-08,15,28623.47,Night,Daniel Robertson,Line2
528,158,Plant B,2024-12-25,9,22248.93,Evening,Jeremy Gould,Line3
529,177,Plant C,2025-06-16,16,32265.41,Morning,Daniel Hernandez,Line5
530,57,Plant A,2025-10-01,20,14583.83,Morning,David Scott,Line5
531,1,Plant A,2023-02-26,10,35083.78,Evening,Vicki Brown,Line5
532,199,Plant B,2024-07-15,11,20390.99,Morning,Ethan Owens,Line1
533,161,Plant B,2024-04-26,15,45976.15,Morning,Heather Mckee,Line5
534,107,Plant C,2024-05-02,13,22038.84,Night,Chad King,Line3
535,143,Plant C,2025-05-27,12,13305.0,Evening,Edward Flores,Line4
536,126,Plant A,2023-01-28,8,33054.73,Morning,Jennifer Lee,Line5
537,117,Plant B,2024-08-19,19,31438.19,Evening,Jennifer King,Line3
538,169,Plant C,2023-06-21,19,38160.2,Evening,David Beasley,Line4
539,48,Plant C,2024-12-04,12,11191.77,Morning,Mary Hardy,Line1
540,23,Plant C,2025-07-12,8,23451.08,Morning,Joseph Sutton,Line4
541,41,Plant A,2024-11-07,15,13350.69,Evening,Victor Estes,Line5
542,168,Plant B,2025-07-14,15,43873.56,Morning,Matthew Lowe,Line3
543,87,Plant C,2024-11-14,1,46756.42,Evening,Dr. Cristian Delgado Jr.,Line5
544,53,Plant A,2024-05-19,6,14656.09,Morning,David Moreno,Line2
545,82,Plant A,2025-02-06,13,39302.08,Morning,Michael Owen,Line5
546,176,Plant B,2024-02-14,8,17139.73,Night,Joseph Coleman,Line2
547,72,Plant C,2024-03-09,10,19533.31,Morning,Linda Dennis,Line2
548,119,Plant C,2024-03-19,9,28434.89,Evening,Curtis Evans,Line1
549,189,Plant C,2025-09-24,4,24189.93,Night,Kathy Gonzalez,Line1
550,60,Plant C,2024-11-30,14,23016.99,Morning,Justin Gibson,Line1
551,55,Plant B,2023-07-04,1,48821.17,Morning,Martha Freeman,Line1
552,94,Plant B,2025-01-18,17,38005.15,Evening,Alexander Hurley,Line1
553,74,Plant B,2024-12-20,10,30095.08,Night,Morgan Blackburn,Line5
554,179,Plant B,2025-07-14,15,43048.58,Evening,Michael Stanton,Line1
555,114,Plant B,2024-11-11,20,45460.62,Night,Brooke Kennedy,Line3
556,129,Plant B,2023-08-01,16,7369.31,Evening,Randy Rodriguez,Line1
557,127,Plant B,2023-03-30,16,43644.56,Morning,Mary Thompson,Line4
558,15,Plant A,2025-10-05,1,29565.39,Evening,Tiffany Pearson,Line5
559,5,Plant C,2024-02-15,16,21928.86,Morning,Michael Long,Line5
560,163,Plant B,2024-08-27,2,30631.24,Night,William Lopez,Line4
561,186,Plant A,2024-12-04,14,22933.34,Night,Paul Mendoza,Line2
562,191,Plant A,2023-04-08,10,23581.93,Night,Derrick Wood,Line2
563,185,Plant C,2024-10-02,8,44901.68,Evening,Joseph Greer,Line3
564,38,Plant A,2022-11-30,12,42366.42,Evening,David Rodriguez,Line3
565,128,Plant B,2024-08-16,19,37401.54,Night,William Smith,Line4
566,179,Plant C,2023-10-07,9,28821.31,Night,Jon Clay,Line3
567,61,Plant C,2023-06-20,13,32332.82,Morning,Dennis Shah,Line5
568,38,Plant C,2022-10-15,14,48032.94,Evening,Katie Palmer,Line4
569,100,Plant C,2024-09-08,19,11559.33,Evening,Joseph Carson,Line2
570,146,Plant A,2025-09-29,12,25724.78,Evening,Megan Myers,Line2
571,74,Plant A,2022-11-14,1,31911.71,Evening,Tiffany Espinoza,Line3
572,71,Plant A,2023-11-12,10,25255.47,Night,Matthew Dean,Line1
573,78,Plant A,2024-08-10,16,17499.12,Evening,Mark Holland,Line4
574,57,Plant C,2023-04-20,12,23431.97,Night,Kimberly Kennedy,Line1
575,121,Plant C,2023-03-18,1,14570.6,Night,Tammy Dunn,Line5
576,126,Plant C,2025-09-26,16,41536.95,Evening,Micheal Parker,Line4
577,49,Plant C,2023-02-14,18,37123.09,Evening,Scott Powell,Line1
578,103,Plant B,2025-08-31,3,5968.68,Night,Tom Carroll,Line1
579,165,Plant B,2024-11-14,18,18420.53,Evening,Joanna Roth,Line3
580,180,Plant C,2022-10-24,19,16025.7,Night,Jennifer Moore,Line5
581,176,Plant B,2024-09-07,18,16163.23,Night,Kelly Smith DDS,Line2
582,26,Plant C,2024-03-18,4,46415.0,Evening,Christopher Walker,Line4
583,178,Plant B,2025-01-20,14,45932.69,Evening,Todd Bell,Line4
584,79,Plant B,2023-06-18,4,38933.23,Night,Tammy Bailey,Line4
585,197,Plant A,2024-09-17,15,6284.47,Morning,Alisha Crawford,Line1
586,144,Plant C,2023-12-16,2,11781.27,Morning,Alisha Hernandez,Line3
587,149,Plant B,2025-08-25,7,23903.66,Night,Ashley Cruz,Line4
588,173,Plant B,2023-09-09,11,38446.23,Evening,Alicia Park,Line4
589,31,Plant A,2023-05-24,20,47155.91,Evening,Sara Fisher,Line2
590,36,Plant B,2025-03-25,17,33374.89,Morning,Brian Smith,Line3
591,44,Plant C,2023-10-24,9,10304.02,Evening,Jacqueline Miller,Line2
592,165,Plant C,2024-08-27,10,33727.95,Evening,Amanda Gallegos,Line3
593,116,Plant C,2024-06-20,15,39588.51,Evening,Beth Riley,Line2
594,130,Plant C,2023-03-24,4,29833.68,Night,Christine Santana,Line1
595,55,Plant C,2022-11-16,1,11782.27,Evening,Scott Diaz,Line3
596,115,Plant B,2024-12-16,13,19889.13,Morning,Anthony Cole,Line2
597,171,Plant A,2023-03-31,10,48817.25,Morning,Cheryl Wilson,Line5
598,45,Plant A,2023-12-20,7,30454.46,Evening,Stephen Davis,Line2
599,81,Plant B,2024-10-31,1,6524.15,Evening,Mr. George Savage,Line3
600,49,Plant B,2024-04-21,6,26885.96,Night,Danielle Johnson,Line2
601,153,Plant C,2024-09-19,19,22965.58,Morning,Joel Peters,Line2
602,46,Plant B,2024-09-18,10,37993.58,Evening,Tina Dunn,Line3
603,178,Plant A,2024-03-30,14,15925.07,Morning,Rhonda Smith,Line5
604,177,Plant A,2024-12-04,18,14271.99,Evening,Stephen Whitehead,Line5
605,80,Plant A,2023-08-03,5,11089.18,Evening,Robert Richardson,Line5
606,70,Plant A,2025-01-27,5,9838.78,Night,Kathleen Dalton,Line1
607,192,Plant C,2024-01-01,5,34059.87,Night,Andrew Shepherd,Line2
608,136,Plant B,2023-12-16,2,13036.55,Morning,Brent Mercado,Line5
609,111,Plant A,2024-02-08,3,13925.61,Morning,Chad Duffy,Line4
610,164,Plant A,2023-05-06,3,42115.45,Morning,Judy Bernard,Line1
611,94,Plant B,2023-07-10,4,6705.61,Night,Katie Reynolds,Line2
612,134,Plant B,2024-10-02,18,47462.0,Night,Carol Black,Line1
613,9,Plant B,2024-04-21,18,11552.55,Morning,Joshua Smith,Line5
614,16,Plant B,2024-08-09,13,46160.01,Night,Thomas Garcia,Line3
615,52,Plant C,2023-09-29,19,48638.98,Night,Patrick Hernandez,Line5
616,3,Plant C,2024-11-18,1,27531.26,Evening,Stephanie Lewis,Line3
617,102,Plant A,2025-02-12,3,48537.12,Morning,Matthew Hernandez,Line3
618,108,Plant A,2024-04-06,6,49543.64,Night,Richard Walsh,Line3
619,68,Plant A,2022-11-28,1,35452.95,Night,Danny Mills,Line3
620,75,Plant B,2025-07-07,1,17073.32,Night,Tammy Carter,Line1
621,51,Plant A,2024-04-13,12,21952.85,Night,Angela Barrett,Line1
622,183,Plant C,2025-04-08,7,40091.08,Night,Lisa Soto,Line2
623,82,Plant C,2025-03-30,11,9009.23,Morning,Mariah Campbell,Line2
624,74,Plant C,2025-07-16,20,28135.02,Evening,Shawn Ferguson DDS,Line1
625,150,Plant A,2023-07-03,5,8348.38,Night,Dale Estes,Line2
626,18,Plant B,2022-11-26,1,27833.6,Night,Sarah Turner,Line5
627,152,Plant C,2025-04-15,20,47749.52,Night,James Wiley,Line1
628,57,Plant C,2024-08-13,6,18726.87,Morning,Matthew Knight,Line4
629,158,Plant C,2023-02-27,17,32101.76,Night,Phillip Hicks,Line1
630,94,Plant C,2023-02-18,10,33315.48,Morning,Justin David,Line4
631,119,Plant A,2024-12-07,6,43392.52,Evening,Joy Brown,Line3
632,24,Plant A,2024-12-16,12,21992.68,Morning,Robert Lee,Line1
633,72,Plant A,2024-12-29,11,34811.09,Night,Patricia Ball,Line2
634,118,Plant A,2023-05-07,4,21377.89,Night,James Christian,Line5
635,184,Plant B,2024-05-24,3,30863.86,Evening,Gina Carter,Line3
636,33,Plant A,2023-09-08,13,47573.09,Evening,Kevin Matthews,Line4
637,124,Plant B,2024-11-22,17,9144.31,Evening,Dennis Webb,Line4
638,74,Plant B,2024-12-09,16,13592.27,Evening,Adam Park,Line4
639,58,Plant B,2025-06-21,15,40209.97,Morning,Barbara Peterson,Line5
640,167,Plant C,2023-04-22,10,17282.95,Night,Sean Park,Line3
641,2,Plant C,2024-04-27,10,32750.24,Morning,William Wilkinson,Line2
642,99,Plant C,2025-02-27,3,48580.29,Night,Pam Bond,Line1
643,23,Plant A,2022-12-10,8,25337.17,Night,John Pena,Line2
644,64,Plant C,2023-05-08,1,13514.47,Evening,Kim Thompson,Line5
645,175,Plant A,2024-10-22,11,17557.0,Morning,Alicia Grant,Line5
646,169,Plant C,2024-02-05,6,28274.54,Morning,Brian Gray,Line4
647,61,Plant A,2024-07-05,18,6010.47,Night,Jesse Graham,Line3
648,139,Plant B,2025-08-25,11,20783.09,Night,Amanda Sullivan,Line1
649,156,Plant B,2023-10-11,4,27076.72,Evening,Brian Hansen,Line2
650,154,Plant B,2025-08-13,11,8871.35,Evening,Maria Hawkins,Line4
651,63,Plant C,2024-03-05,5,31095.5,Night,Alejandro Bell,Line4
652,192,Plant B,2022-10-23,6,22016.63,Evening,Joshua Hall,Line3
653,172,Plant A,2025-03-08,5,30216.69,Evening,Natalie Smith MD,Line4
654,40,Plant C,2025-08-01,8,41045.09,Evening,Joseph Peterson,Line5
655,172,Plant A,2025-04-28,18,15691.88,Evening,Lori Nguyen,Line5
656,9,Plant C,2023-06-04,13,43974.07,Night,Brett Williams,Line5
657,173,Plant A,2023-08-15,7,47407.93,Night,David Mann,Line3
658,83,Plant B,2024-09-07,4,18024.62,Morning,Jennifer Peters,Line1
659,83,Plant A,2024-07-10,8,17762.85,Night,Debbie Bentley,Line4
660,130,Plant A,2025-04-14,19,16085.35,Night,Ronnie Williams,Line2
661,153,Plant C,2024-01-08,18,36858.76,Morning,Anthony Baldwin,Line3
662,3,Plant C,2024-12-01,12,35128.08,Evening,Martin Butler,Line3
663,3,Plant C,2024-11-13,1,14290.63,Night,William Church,Line2
664,50,Plant A,2024-06-06,5,40078.03,Evening,Darren Mendoza,Line2
665,183,Plant C,2025-02-22,9,31557.7,Night,Sarah Martin,Line3
666,83,Plant C,2022-10-27,15,8353.6,Night,Joseph Moreno,Line4
667,192,Plant B,2024-01-28,8,6910.45,Night,Vanessa Brown,Line1
668,180,Plant B,2025-04-01,1,16137.07,Night,Dawn West,Line2
669,69,Plant A,2023-01-13,4,18868.4,Night,Keith Wade,Line3
670,111,Plant A,2022-12-23,20,21423.38,Night,Brandon Weber,Line4
671,52,Plant B,2024-12-27,11,11662.78,Evening,Melissa Scott,Line2
672,47,Plant C,2024-06-05,4,6865.11,Night,Kristy Jones,Line2
673,23,Plant B,2024-12-26,3,17462.6,Evening,Thomas Kelly,Line3
674,132,Plant B,2023-12-08,14,44180.93,Evening,Scott Perry,Line3
675,162,Plant B,2023-12-15,15,42100.62,Evening,Daniel Murray,Line5
676,175,Plant B,2023-02-07,10,24928.99,Evening,Andrea Moreno,Line4
677,127,Plant A,2024-08-21,14,31698.01,Evening,Russell Wallace,Line5
678,151,Plant A,2025-04-16,2,42000.89,Morning,Brittany Reed,Line2
679,172,Plant B,2023-07-04,9,47978.46,Night,Benjamin Anderson,Line4
680,53,Plant B,2023-09-06,18,9457.15,Morning,Kurt Mcneil,Line2
681,180,Plant C,2024-01-20,18,35049.97,Morning,Amanda Gregory,Line1
682,182,Plant C,2025-06-02,16,25707.07,Evening,Julie Ward,Line3
683,73,Plant B,2025-09-25,9,40080.45,Evening,David Maldonado,Line5
684,21,Plant A,2024-02-02,15,11568.4,Evening,Philip Hopkins,Line4
685,78,Plant C,2023-04-19,14,48456.03,Evening,Sarah Gonzalez,Line1
686,71,Plant B,2023-02-19,14,5474.38,Night,David Davis,Line3
687,87,Plant B,2024-09-15,4,16868.7,Night,David Hudson,Line1
688,94,Plant B,2023-08-13,20,44849.88,Evening,Adam Johnson,Line1
689,16,Plant A,2025-01-03,14,45900.99,Evening,Ann Castaneda,Line4
690,178,Plant B,2023-10-27,18,11046.79,Night,Matthew Thomas,Line5
691,186,Plant C,2024-12-04,12,34259.78,Night,Deborah Barrett,Line3
692,50,Plant A,2024-03-28,20,44526.88,Night,Paul Medina,Line4
693,21,Plant A,2025-01-13,16,45446.42,Morning,John Rios,Line3
694,63,Plant B,2025-08-21,7,43301.07,Evening,John Miller,Line4
695,69,Plant C,2023-09-13,7,47749.82,Night,Briana Salinas,Line1
696,99,Plant A,2023-08-19,16,6907.34,Evening,Anthony Foster,Line3
697,154,Plant B,2024-11-02,18,47261.07,Night,Kelly Garrison,Line3
698,166,Plant C,2023-03-25,3,9550.9,Evening,Adrian Allen,Line2
699,77,Plant A,2024-04-10,14,39561.84,Night,John Hayes,Line2
700,163,Plant A,2025-08-11,3,27069.71,Night,Jordan Morales,Line4
701,82,Plant B,2024-06-15,11,6235.25,Morning,Kelli Wood,Line2
702,142,Plant C,2023-01-30,17,34262.59,Evening,Samantha Smith,Line4
703,65,Plant B,2023-08-22,9,15303.98,Morning,Gary Peters,Line5
704,13,Plant A,2023-06-13,11,10195.55,Evening,Lauren Lee,Line3
705,134,Plant A,2024-07-26,17,18918.48,Night,Amanda Moore,Line3
706,121,Plant A,2025-01-17,10,11741.49,Evening,Matthew Barron,Line1
707,22,Plant A,2022-12-14,15,49708.07,Morning,Hannah Anderson,Line3
708,153,Plant B,2025-07-27,18,34777.55,Night,James Young,Line5
709,110,Plant A,2025-04-11,9,5171.99,Evening,Marcus Moran,Line3
710,146,Plant C,2024-04-04,12,43649.8,Night,Dr. Roberto Adams DDS,Line1
711,94,Plant B,2024-07-25,7,36630.36,Evening,Melissa Martinez,Line5
712,79,Plant A,2025-03-08,2,34444.84,Morning,Alyssa Mcmahon,Line3
713,94,Plant C,2025-03-23,14,10695.5,Evening,Lori Jones,Line2
714,151,Plant A,2025-01-03,14,13374.32,Night,Janet Klein,Line1
715,193,Plant B,2025-05-12,9,32855.65,Evening,Emily Holt,Line5
716,173,Plant B,2023-10-26,20,24469.32,Night,Laura Elliott,Line2
717,180,Plant C,2025-07-10,2,21888.21,Evening,Jon Barber,Line4
718,34,Plant B,2025-02-11,2,12076.57,Morning,David Moore,Line4
719,179,Plant A,2024-02-28,13,26423.25,Night,Bryan Thomas,Line2
720,56,Plant C,2023-11-07,3,41903.57,Evening,Michelle Reyes,Line1
721,39,Plant A,2024-08-20,10,17371.11,Morning,Kelly Salazar,Line4
722,64,Plant A,2024-11-28,2,30041.66,Night,Eduardo Hoffman DVM,Line2
723,154,Plant B,2024-12-26,18,9561.17,Night,Matthew Greer,Line2
724,3,Plant C,2023-08-09,16,19296.27,Night,Raymond Chang,Line3
725,2,Plant C,2024-08-29,15,13968.8,Morning,Tracy Mclaughlin,Line1
726,137,Plant B,2023-10-28,7,10555.33,Evening,Kelly Thompson,Line4
727,28,Plant B,2025-05-31,18,43960.87,Night,Morgan Taylor,Line2
728,181,Plant B,2025-08-12,14,46850.08,Night,Diane Lee,Line5
729,7,Plant C,2025-04-13,2,6348.25,Morning,Hannah Wilson,Line4
730,52,Plant C,2025-05-22,18,20382.31,Night,Morgan Allen,Line1
731,44,Plant C,2024-05-14,17,44514.75,Morning,James Anderson,Line2
732,141,Plant C,2025-07-05,4,13228.43,Evening,Katelyn Fuller,Line2
733,156,Plant C,2023-03-22,17,29160.57,Night,Deanna Martin,Line4
734,173,Plant A,2024-09-23,15,42268.42,Morning,Spencer Saunders,Line2
735,127,Plant C,2024-01-19,2,47623.6,Night,Jeremiah Chase,Line1
736,192,Plant B,2022-12-25,4,29884.96,Morning,Eric Stein,Line4
737,35,Plant C,2023-09-05,3,9105.85,Evening,Dennis Meyer,Line4
738,125,Plant B,2024-08-12,7,6799.72,Evening,James Smith,Line3
739,131,Plant C,2022-11-18,17,7931.74,Night,Christina Reid,Line1
740,71,Plant B,2023-01-17,7,23059.34,Morning,Micheal Franco,Line1
741,147,Plant A,2024-03-05,13,22519.98,Night,Richard Fernandez,Line4
742,27,Plant B,2023-06-07,1,16232.78,Evening,Tristan Hudson,Line3
743,15,Plant B,2023-09-27,6,17742.32,Morning,Teresa Diaz,Line2
744,103,Plant C,2023-01-16,14,43239.45,Night,Jordan Powers,Line1
745,1,Plant A,2022-10-10,3,39853.92,Evening,Tracy Holt,Line5
746,65,Plant C,2025-07-14,13,28538.11,Evening,Joel Ochoa,Line4
747,120,Plant A,2025-09-10,2,17495.11,Morning,Richard Arnold,Line2
748,96,Plant C,2024-06-15,18,14377.56,Night,James Moreno,Line5
749,59,Plant A,2024-10-18,10,14144.15,Morning,Michael Nelson,Line1
750,126,Plant C,2024-05-08,18,13937.89,Morning,Susan Scott,Line3
751,92,Plant C,2025-08-13,16,48248.45,Night,Victoria Ramsey,Line2
752,24,Plant A,2023-06-26,7,28498.05,Morning,Jessica Garcia,Line4
753,52,Plant A,2024-09-02,20,23911.03,Night,Sandra Rivera,Line4
754,56,Plant A,2023-09-03,5,13441.21,Morning,Dawn Evans,Line1
755,92,Plant B,2024-07-22,7,16660.4,Evening,Eric Montgomery,Line3
756,144,Plant C,2025-04-03,17,24917.56,Night,Lauren Villarreal,Line4
757,23,Plant C,2024-03-29,9,6485.41,Night,Alexandra Martin,Line2
758,180,Plant A,2023-05-28,18,43725.25,Evening,Mark Patton,Line5
759,133,Plant A,2023-02-21,20,28143.15,Morning,Jason Walker,Line3
760,186,Plant B,2023-08-22,17,29719.29,Morning,Carolyn Spencer,Line4
761,90,Plant C,2022-12-18,3,39921.94,Night,Jacob Mills,Line3
762,114,Plant B,2022-12-07,16,25415.92,Evening,Robert Medina,Line3
763,76,Plant A,2025-07-01,16,11803.37,Night,Joseph Buck,Line5
764,87,Plant C,2023-01-30,16,40681.27,Night,Deborah Moore,Line1
765,67,Plant B,2023-03-22,10,25543.95,Night,Jacqueline Allen,Line2
766,80,Plant C,2023-12-23,18,41870.18,Evening,Logan Rose,Line3
767,89,Plant A,2025-07-04,3,9172.63,Evening,Thomas Gutierrez,Line2
768,84,Plant B,2024-03-08,17,5172.22,Morning,Christopher Adams,Line5
769,11,Plant B,2022-11-22,17,11623.8,Morning,Gary Archer,Line4
770,89,Plant C,2025-05-07,10,17849.38,Evening,Katherine Vazquez,Line2
771,17,Plant B,2025-03-31,7,34758.25,Evening,Hunter Harris,Line2
772,66,Plant B,2024-07-14,6,18800.2,Night,Robert Wells,Line5
773,166,Plant C,2024-02-06,13,14166.17,Evening,Amy Campbell,Line3
774,99,Plant C,2022-12-15,3,46030.17,Morning,David Jackson,Line4
775,153,Plant B,2023-09-03,14,12829.03,Night,Jamie Rocha,Line3
776,106,Plant B,2023-12-17,4,33134.59,Evening,Tammie Chapman,Line5
777,12,Plant B,2023-05-11,5,39896.77,Evening,Samuel Hanson,Line3
778,112,Plant A,2024-01-15,17,15130.48,Morning,Erika Young,Line5
779,1,Plant B,2024-11-19,9,30938.18,Morning,Timothy Barber,Line2
780,39,Plant B,2025-01-05,10,38123.06,Night,David Tate,Line3
781,149,Plant B,2024-01-11,2,22565.43,Night,John Haynes,Line3
782,104,Plant C,2024-06-11,7,32211.18,Night,William Rivera,Line1
783,139,Plant A,2022-10-22,20,5350.61,Night,Katie Jones,Line1
784,95,Plant C,2023-07-13,6,31547.41,Evening,William Reyes,Line2
785,19,Plant B,2024-10-01,7,23036.77,Night,Anna Harris,Line1
786,61,Plant B,2023-08-13,1,43367.17,Night,Michael Francis,Line5
787,186,Plant B,2024-08-06,20,12962.82,Evening,Travis Dunlap,Line2
788,129,Plant C,2023-06-07,14,23703.55,Evening,Jonathan Conley,Line5
789,189,Plant A,2024-09-06,15,14644.23,Evening,Angel Newman,Line3
790,117,Plant B,2024-12-17,1,35561.31,Night,Mr. Jeremy Mcgee,Line2
791,189,Plant A,2024-05-25,9,20113.57,Night,Paige Stewart,Line4
792,163,Plant B,2023-07-21,7,16073.31,Morning,William Williams,Line5
793,21,Plant A,2024-08-16,19,12374.94,Evening,Joseph Santiago,Line2
794,167,Plant A,2023-01-20,2,30204.74,Morning,Jeffery Lopez,Line1
795,64,Plant A,2023-10-18,12,47503.34,Night,Amber Woods,Line4
796,84,Plant A,2025-01-08,18,29023.25,Night,George Winters,Line5
797,1,Plant B,2025-08-01,12,8083.1,Morning,Jesse Mills,Line1
798,32,Plant C,2024-12-07,9,8971.71,Evening,Katelyn Chaney,Line5
799,7,Plant C,2022-10-25,11,21608.53,Evening,Danny Byrd,Line1
800,120,Plant C,2024-09-12,1,39805.98,Night,Gary Lynn,Line4
801,56,Plant C,2023-09-25,16,33111.52,Morning,Diana Swanson,Line2
802,64,Plant A,2023-05-16,2,43335.01,Night,Jason Moore,Line1
803,60,Plant C,2025-04-03,20,35407.54,Evening,Ruth Callahan,Line2
804,193,Plant B,2023-01-15,4,6393.26,Night,Kyle Murray,Line2
805,195,Plant C,2024-07-04,9,8355.57,Evening,Christian Hoover,Line4
806,85,Plant C,2023-12-03,12,42011.25,Evening,Aaron Henry,Line2
807,164,Plant A,2025-04-08,5,15012.01,Night,Amanda Rodriguez,Line4
808,26,Plant C,2025-02-09,11,24339.12,Morning,Paul Parker,Line4
809,186,Plant C,2022-11-28,16,6486.79,Morning,Katie Smith,Line5
810,36,Plant A,2023-12-12,9,41087.1,Evening,David Ryan,Line2
811,46,Plant A,2023-08-25,18,20592.54,Night,Michael Mueller,Line5
812,153,Plant B,2025-04-05,10,11757.05,Night,Larry Kemp,Line1
813,138,Plant C,2024-03-19,12,40418.84,Morning,Michael Price,Line4
814,154,Plant B,2024-04-12,6,19161.42,Night,Michael Mann,Line2
815,63,Plant A,2025-01-21,18,8667.76,Evening,Eric Soto,Line5
816,13,Plant C,2022-12-25,8,20015.21,Evening,Daniel Lopez,Line4
817,187,Plant C,2025-03-02,2,14657.77,Morning,Richard Stephens,Line4
818,59,Plant C,2023-09-05,12,11045.54,Morning,Jonathan Kennedy,Line5
819,56,Plant B,2022-12-19,4,26409.6,Evening,Aaron Simpson,Line4
820,143,Plant A,2025-07-19,1,43774.62,Evening,Cassidy Harris,Line5
821,189,Plant A,2025-01-31,19,24687.13,Night,Christian Banks,Line2
822,59,Plant C,2025-03-30,19,39356.43,Night,Destiny Anderson,Line5
823,115,Plant B,2023-01-19,15,42648.09,Morning,Victor King,Line2
824,92,Plant A,2024-08-17,11,22355.0,Evening,William Brown,Line3
825,104,Plant B,2023-12-18,9,28622.81,Evening,Dustin Johnson,Line1
826,24,Plant B,2025-03-11,1,22344.99,Morning,Tonya Torres,Line1
827,190,Plant C,2024-12-23,8,22505.56,Evening,Matthew Stewart,Line4
828,23,Plant C,2024-02-27,4,44240.38,Night,Lindsey Baker,Line2
829,23,Plant C,2022-10-28,15,49162.89,Night,Amanda Johnston,Line3
830,134,Plant B,2023-05-07,20,39300.82,Night,Susan Hayden,Line4
831,153,Plant B,2023-06-12,20,18343.61,Night,Brandon Collier,Line1
832,82,Plant A,2023-08-15,6,33191.97,Morning,Victoria Dickson,Line2
833,63,Plant B,2024-01-16,6,49777.52,Morning,Jesse Rodriguez,Line1
834,199,Plant C,2023-07-25,10,42917.74,Evening,Kristen Allen,Line3
835,2,Plant A,2024-01-21,7,31542.59,Evening,Daniel Taylor,Line5
836,41,Plant B,2025-09-28,10,28504.68,Evening,Eric Gilbert,Line3
837,4,Plant A,2023-02-28,3,18182.4,Morning,Joshua Le,Line5
838,198,Plant C,2024-04-09,11,37803.85,Evening,Kathryn Martinez,Line1
839,81,Plant B,2023-03-19,1,33591.42,Night,Jesus Moore,Line1
840,31,Plant A,2025-06-02,4,32979.5,Night,William Sullivan,Line2
841,14,Plant C,2024-01-08,5,26009.7,Evening,Travis Meyers,Line2
842,38,Plant A,2024-07-12,8,36374.64,Night,Donna Nichols,Line2
843,184,Plant B,2023-05-11,15,13808.34,Morning,Kimberly Estrada,Line3
844,108,Plant C,2025-01-18,13,42499.52,Evening,Gregory Hall,Line4
845,93,Plant C,2025-05-06,7,6369.6,Night,Anna Mitchell,Line1
846,170,Plant A,2023-04-08,9,10519.17,Night,Cassandra Barnes,Line3
847,104,Plant C,2023-05-20,16,49400.13,Morning,Elizabeth Morris,Line1
848,146,Plant A,2025-01-07,4,21951.93,Morning,Michael Brown,Line5
849,62,Plant B,2024-05-25,4,29562.3,Morning,Sierra Green,Line4
850,138,Plant B,2024-04-20,12,46952.15,Evening,Aaron Short,Line2
851,154,Plant A,2025-04-14,10,30213.69,Night,Diane Cook,Line3
852,110,Plant B,2025-03-26,6,27088.35,Night,Rita Smith,Line4
853,16,Plant A,2023-09-01,6,11361.0,Night,Whitney Kerr,Line4
854,90,Plant A,2025-09-06,19,15356.22,Evening,Jonathan Short,Line2
855,80,Plant A,2023-07-28,12,46663.48,Night,Jenna Diaz,Line4
856,48,Plant C,2022-12-07,10,12049.05,Night,James White,Line4
857,161,Plant B,2024-07-27,16,25177.18,Evening,Lindsay Underwood,Line3
858,100,Plant B,2024-04-14,18,45985.38,Evening,Ashley Mccormick,Line4
859,22,Plant B,2024-10-01,1,18987.66,Evening,Debra Reid,Line3
860,55,Plant C,2025-05-28,12,42437.45,Morning,Courtney Johnson,Line1
861,182,Plant C,2023-08-17,12,28629.44,Night,Luis Anderson,Line1
862,191,Plant B,2022-12-21,5,26534.11,Morning,Kathy King,Line1
863,70,Plant A,2022-10-13,12,29483.13,Evening,Scott Charles,Line2
864,25,Plant C,2024-01-17,10,31369.26,Evening,Anne Fitzgerald,Line4
865,166,Plant A,2023-02-14,14,14079.67,Morning,Patricia Wilson,Line4
866,22,Plant C,2025-10-01,19,26535.77,Morning,Cindy Archer,Line2
867,84,Plant B,2022-11-20,3,40940.64,Night,Alison Clark,Line4
868,191,Plant A,2024-03-26,15,41465.0,Morning,Patrick Cooley,Line1
869,67,Plant C,2025-02-14,18,6025.34,Morning,Joseph Hahn,Line3
870,10,Plant A,2025-03-14,18,20140.83,Evening,Sydney Barber,Line2
871,147,Plant B,2024-02-07,19,21184.69,Evening,Glenn Garcia,Line3
872,173,Plant C,2023-10-03,2,49586.08,Night,Jodi Hawkins,Line4
873,178,Plant B,2025-02-20,18,46415.87,Morning,Jillian Walters,Line4
874,100,Plant A,2024-01-13,1,30183.4,Evening,Troy Pugh,Line1
875,11,Plant C,2023-05-26,16,46031.97,Night,Teresa Harmon,Line1
876,66,Plant A,2024-06-28,4,17337.39,Evening,Alexis Bass,Line5
877,78,Plant B,2023-04-05,12,6654.94,Evening,Kelly Allen,Line1
878,37,Plant B,2022-10-13,15,39179.61,Night,Julia Johnson,Line2
879,137,Plant C,2024-12-16,11,32386.29,Morning,Lisa Jordan,Line2
880,12,Plant A,2023-07-05,15,24126.78,Evening,Bailey Steele,Line4
881,173,Plant A,2023-12-28,8,35474.86,Night,Terri Johnson,Line4
882,54,Plant B,2024-10-07,15,13530.68,Night,Zachary Smith,Line4
883,72,Plant A,2022-11-30,19,20922.6,Evening,Diana Mosley,Line4
884,193,Plant C,2023-01-09,1,48837.39,Evening,Alicia Baldwin,Line4
885,158,Plant C,2023-07-14,18,9801.95,Night,Chelsea Larsen,Line5
886,7,Plant C,2025-03-27,18,18783.01,Morning,Shari Young,Line3
887,90,Plant A,2023-02-09,15,47714.68,Evening,Suzanne Garcia,Line1
888,10,Plant C,2025-08-21,15,22924.38,Night,Alison Brooks,Line3
889,144,Plant A,2024-07-01,10,10217.79,Night,Mrs. Amanda Davis,Line4
890,175,Plant C,2024-08-16,7,42544.52,Night,Daniel Potter,Line5
891,200,Plant C,2023-03-25,4,11522.29,Night,Tasha Stone,Line5
892,121,Plant B,2025-08-14,20,34959.71,Morning,Kaylee Steele,Line5
893,162,Plant A,2023-10-04,11,34671.39,Morning,Jared Burke,Line3
894,24,Plant B,2024-12-18,13,28216.1,Night,Diana Morrison,Line1
895,74,Plant A,2023-12-22,10,15248.95,Night,Sara Roberson,Line3
896,80,Plant C,2025-01-31,12,28940.21,Night,Gregory Gordon,Line4
897,141,Plant B,2022-10-29,7,14755.03,Morning,Madison Garcia,Line4
898,161,Plant A,2025-09-15,6,8339.33,Morning,Jennifer Eaton,Line1
899,63,Plant A,2023-03-31,6,39161.3,Night,Melissa Mcclain,Line4
900,18,Plant B,2023-02-28,5,43273.23,Evening,Lisa Scott,Line4
901,75,Plant C,2023-11-16,17,49556.47,Morning,Gregory Ramirez,Line4
902,54,Plant A,2024-11-19,19,5284.17,Night,Jason Meza,Line4
903,171,Plant A,2025-09-10,19,30951.63,Evening,Amy Bush,Line3
904,192,Plant C,2023-03-24,12,17103.42,Morning,Donna Brennan,Line2
905,169,Plant A,2023-09-05,2,9297.8,Night,Shane Berger,Line1
906,106,Plant C,2023-05-03,16,37800.67,Night,Paul Hurley,Line3
907,64,Plant B,2023-12-14,8,30396.71,Night,Kimberly Sutton,Line3
908,160,Plant B,2023-07-19,11,24592.11,Night,Steven Jones,Line5
909,136,Plant C,2024-11-14,18,46747.06,Evening,Ashley Reynolds,Line5
910,188,Plant C,2023-01-28,20,42248.12,Night,Mark Taylor,Line3
911,64,Plant C,2023-11-11,5,10543.05,Night,Mitchell Soto,Line4
912,7,Plant B,2024-02-11,7,11914.54,Night,Katherine Harris,Line3
913,170,Plant C,2025-03-05,6,44492.41,Evening,Edwin Barajas,Line5
914,66,Plant C,2023-08-06,1,19707.9,Night,Katherine Cochran,Line2
915,91,Plant C,2022-10-29,3,19832.4,Morning,John Barnett,Line1
916,181,Plant A,2024-02-15,6,45107.71,Evening,Jonathan Bridges,Line5
917,38,Plant C,2024-04-14,6,21096.81,Morning,Russell Miller,Line3
918,23,Plant B,2022-11-20,6,28843.07,Night,Matthew Mack,Line2
919,91,Plant B,2022-12-28,18,41377.14,Evening,Ashley Kerr,Line2
920,76,Plant C,2023-11-23,15,40774.37,Evening,Leslie Leblanc,Line1
921,110,Plant C,2025-04-23,4,27198.12,Evening,Nathan Bates,Line5
922,57,Plant C,2023-10-14,16,6855.4,Morning,Shawn Moreno,Line2
923,139,Plant A,2025-05-10,11,23208.95,Evening,Christopher Smith,Line2
924,108,Plant B,2024-07-21,11,42301.15,Night,Jeffery Fuller,Line2
925,60,Plant C,2023-09-15,17,45310.94,Morning,Andrea Compton,Line2
926,112,Plant B,2023-07-15,20,44065.51,Morning,Christopher Nichols,Line3
927,162,Plant C,2024-07-23,10,19076.75,Night,Todd Gill,Line4
928,140,Plant C,2023-10-27,20,21128.21,Morning,Matthew Jennings,Line2
929,181,Plant B,2022-12-19,13,9030.17,Night,Cathy Sanders,Line1
930,164,Plant B,2023-02-09,19,25021.61,Evening,Cody Watkins,Line4
931,172,Plant C,2024-06-29,19,28556.29,Morning,Mr. Cody Mccoy,Line3
932,126,Plant B,2024-12-05,15,13351.31,Night,Mariah Lowery,Line1
933,137,Plant C,2022-11-28,5,45161.76,Night,James Nguyen,Line2
934,12,Plant A,2025-05-30,7,24875.65,Morning,Thomas Thomas,Line5
935,123,Plant B,2023-06-06,18,48411.58,Night,Karina Middleton,Line3
936,112,Plant A,2025-03-06,2,41501.96,Evening,Nichole Miller,Line3
937,115,Plant A,2023-10-13,2,17869.97,Morning,Michelle Cantu,Line2
938,139,Plant C,2024-06-13,16,33014.11,Morning,Mr. Jeffrey Mitchell DDS,Line2
939,179,Plant A,2024-05-25,16,25752.49,Night,John Dodson,Line1
940,147,Plant C,2024-04-06,10,8860.95,Night,Joshua Berry,Line3
941,104,Plant A,2023-04-12,17,23163.38,Evening,William Moore,Line2
942,112,Plant A,2024-09-05,4,6053.63,Night,Tabitha Patterson,Line5
943,119,Plant A,2023-01-28,12,49851.83,Evening,Yolanda Phelps,Line1
944,125,Plant A,2025-05-01,15,31353.01,Evening,Miranda Nelson,Line2
945,79,Plant C,2023-04-18,16,40158.44,Evening,Andrea Reed,Line2
946,64,Plant C,2023-03-23,11,36020.65,Night,Nichole Boyd,Line3
947,155,Plant C,2025-03-13,7,43185.03,Night,Richard Gonzalez,Line5
948,157,Plant B,2023-02-20,2,19929.92,Night,Michele Anderson,Line4
949,139,Plant B,2024-06-07,7,18510.88,Evening,Elizabeth Alexander,Line4
950,106,Plant A,2023-04-16,18,39014.24,Night,Kayla Marquez,Line5
951,121,Plant A,2023-12-17,10,10324.36,Night,Jason Watts,Line4
952,40,Plant C,2024-07-27,14,35564.42,Evening,Joel Conley,Line1
953,112,Plant C,2025-05-01,14,17786.68,Morning,Donald Johnson,Line1
954,6,Plant B,2023-03-18,9,42735.04,Morning,Leslie Walker,Line2
955,52,Plant B,2023-09-12,15,49875.18,Evening,Steven Norris MD,Line2
956,118,Plant C,2023-06-25,16,9903.47,Morning,Christopher Smith,Line4
957,188,Plant C,2024-06-17,6,43197.68,Night,Daniel Morris,Line1
958,125,Plant B,2023-08-01,7,5284.38,Evening,Krista Odom,Line2
959,42,Plant A,2023-01-05,14,39974.6,Night,Daniel Gutierrez,Line5
960,175,Plant B,2024-02-11,5,40833.04,Evening,James Horn,Line5
961,87,Plant B,2023-08-19,8,41186.32,Evening,Jimmy Sullivan,Line4
962,103,Plant B,2025-06-28,1,16464.19,Evening,Jimmy Guerrero,Line2
963,34,Plant A,2024-01-26,16,46983.31,Morning,Katherine Lin,Line3
964,176,Plant B,2024-03-17,15,17315.45,Evening,Teresa Miles,Line5
965,35,Plant A,2023-01-05,5,35138.28,Night,Craig Bruce,Line4
966,28,Plant B,2024-02-21,9,35498.89,Night,Jared Stewart,Line1
967,94,Plant A,2025-09-01,20,38822.39,Morning,Karen Powers,Line2
968,185,Plant B,2024-10-29,12,16572.36,Morning,Paul Spencer,Line1
969,125,Plant B,2025-05-13,16,36725.24,Morning,Beverly White,Line3
970,161,Plant B,2025-01-12,6,49499.93,Evening,Richard Pena,Line2
971,157,Plant A,2024-10-13,19,27278.84,Evening,Nicole Price,Line4
972,186,Plant C,2023-09-12,7,31342.57,Morning,Jose Olson,Line4
973,35,Plant C,2023-03-27,19,31220.13,Morning,Michael Williams,Line2
974,101,Plant A,2024-03-31,11,24107.8,Morning,Juan Peterson,Line5
975,118,Plant C,2023-02-14,16,46690.71,Evening,Kevin Daugherty,Line1
976,88,Plant A,2024-12-03,1,40153.05,Morning,Jordan Murphy,Line5
977,34,Plant B,2023-04-26,13,8902.58,Night,Christopher Garcia,Line2
978,156,Plant B,2023-04-26,11,21038.79,Morning,Benjamin Schneider,Line1
979,183,Plant B,2023-04-26,19,43669.63,Night,James Martinez,Line1
980,167,Plant B,2024-12-15,15,15837.72,Morning,Erin Dunn,Line5
981,114,Plant B,2024-06-12,10,21726.92,Evening,Joshua Campbell,Line5
982,127,Plant B,2023-03-20,16,6243.78,Morning,Sarah Edwards,Line5
983,42,Plant A,2024-07-05,5,7018.11,Evening,Bryan Torres,Line1
984,142,Plant A,2024-04-22,12,15686.89,Evening,Alan Davis,Line3
985,143,Plant C,2023-11-09,19,41118.97,Night,Brenda Pugh,Line4
986,172,Plant C,2023-06-10,16,29190.97,Morning,Ryan Abbott,Line4
987,2,Plant C,2025-06-02,6,40030.92,Evening,Calvin Kelly,Line4
988,3,Plant A,2023-05-24,13,35242.51,Morning,William Rodriguez,Line1
989,18,Plant A,2023-11-12,9,44115.35,Evening,Nicholas Dillon,Line4
990,54,Plant B,2023-02-21,20,42798.38,Morning,Gina Butler,Line4
991,179,Plant B,2024-07-19,1,20125.31,Evening,Nathan Rios,Line1
992,104,Plant A,2025-09-30,13,44725.75,Evening,Don Carter,Line1
993,5,Plant A,2023-07-12,7,26444.18,Night,Becky Aguilar,Line5
994,10,Plant A,2023-09-12,9,7736.67,Morning,Cathy Pacheco,Line3
995,128,Plant B,2024-08-15,9,30253.08,Morning,Brittany Williams,Line1
996,42,Plant B,2022-10-28,11,11550.86,Evening,Dr. Shane Pearson,Line4
997,135,Plant A,2025-02-16,4,10281.51,Evening,Heather Bates,Line5
998,150,Plant B,2025-06-24,11,27607.67,Night,Anthony Gray,Line4
999,187,Plant A,2023-11-24,3,10755.35,Evening,Mark Sanchez,Line4
1000,50,Plant B,2025-08-20,19,48133.15,Morning,Jennifer Montes,Line5
1001,10,Plant B,2024-01-16,19,23929.83,Night,Patricia Mccoy,Line1
1002,134,Plant C,2024-03-05,19,14958.2,Morning,Michael Williams,Line3
1003,108,Plant B,2025-04-30,8,28172.96,Morning,Wanda Gonzalez,Line4
1004,67,Plant B,2024-02-13,10,49755.72,Night,Thomas Nelson,Line1
1005,115,Plant A,2024-01-16,14,26979.42,Evening,Pamela Turner,Line3
1006,56,Plant C,2025-02-07,7,46081.32,Night,Linda Hines DDS,Line4
1007,159,Plant C,2024-01-01,7,30028.58,Night,Wanda Palmer,Line1
1008,81,Plant C,2025-01-11,14,18371.19,Morning,Jason Jenkins,Line2
1009,156,Plant B,2023-05-03,5,24990.51,Night,Jaime Carey,Line5
1010,195,Plant C,2024-02-03,2,9017.23,Night,Eric Blake,Line2
1011,149,Plant C,2025-04-07,15,39254.83,Morning,Thomas Robles,Line4
1012,191,Plant B,2024-09-02,10,43250.12,Morning,Carlos Kane,Line3
1013,92,Plant A,2025-08-24,7,28527.66,Morning,Timothy Lyons,Line3
1014,120,Plant C,2024-02-20,19,24064.63,Morning,Melissa Alvarez,Line4
1015,5,Plant B,2023-10-14,18,37469.03,Morning,Eric Combs,Line2
1016,140,Plant B,2023-05-23,16,36816.75,Evening,Kathleen Hopkins,Line4
1017,153,Plant A,2023-01-23,4,41911.24,Evening,Samantha Marks,Line4
1018,11,Plant B,2023-10-27,11,43855.56,Night,Jason Harris,Line4
1019,172,Plant B,2023-01-04,13,24025.86,Night,Courtney Huynh,Line4
1020,183,Plant C,2023-03-14,17,22670.71,Morning,Cheryl Brown,Line5
1021,112,Plant C,2023-07-22,7,27713.57,Night,Rebecca Coleman,Line4
1022,59,Plant C,2025-04-14,1,10470.27,Night,Kevin Powell,Line4
1023,10,Plant A,2023-03-10,16,32354.22,Night,Joel Stewart,Line3
1024,69,Plant A,2025-09-29,16,23893.73,Morning,Sarah Rodriguez,Line4
1025,156,Plant C,2023-09-13,20,24423.0,Night,Julie Lloyd,Line2
1026,43,Plant C,2023-11-23,13,19194.79,Night,Susan Washington,Line3
1027,134,Plant C,2023-02-01,11,30077.78,Night,Jason Miller,Line4
1028,99,Plant A,2025-05-08,10,38178.02,Morning,Joseph Sanford,Line1
1029,50,Plant B,2023-01-12,2,16629.48,Evening,George Odonnell,Line3
1030,90,Plant B,2023-01-18,12,27160.49,Evening,Erin Stafford,Line1
1031,193,Plant C,2024-11-01,8,40519.1,Night,David Jones,Line3
1032,167,Plant A,2023-04-03,15,10643.46,Night,Kimberly Bell,Line5
1033,32,Plant A,2024-01-18,13,45196.03,Night,Ryan Middleton,Line2
1034,83,Plant A,2025-07-30,6,16627.97,Morning,Krystal Benson,Line3
1035,119,Plant B,2024-12-27,7,37209.01,Morning,Anthony Carr,Line5
1036,11,Plant C,2024-08-24,18,11440.44,Night,Christina Martinez,Line5
1037,41,Plant C,2023-01-29,2,20742.23,Night,Charles Wise,Line2
1038,2,Plant C,2023-04-02,14,11813.7,Night,Nicole Burns,Line5
1039,33,Plant A,2023-07-09,9,40620.59,Night,Sharon Rivas,Line1
1040,13,Plant A,2024-05-16,9,15675.61,Morning,Cheryl Harris,Line2
1041,141,Plant C,2025-08-15,16,47709.99,Morning,Amber Duffy,Line1
1042,129,Plant C,2023-02-01,20,43178.72,Night,Erin Smith,Line5
1043,86,Plant B,2025-04-23,3,33787.23,Evening,Alexandra Lee,Line3
1044,143,Plant A,2023-11-04,19,37204.61,Night,Scott Garrett,Line2
1045,81,Plant B,2024-02-22,6,29804.05,Night,Kevin Lawrence,Line5
1046,20,Plant C,2023-10-07,3,39240.36,Morning,Kayla Leach,Line3
1047,30,Plant B,2023-11-19,7,46117.05,Morning,Karen Sanchez,Line3
1048,72,Plant A,2025-02-03,10,24726.36,Night,Melissa Lutz,Line2
1049,94,Plant B,2024-10-01,20,40069.09,Morning,Dwayne Smith,Line4
1050,160,Plant C,2023-02-21,18,27146.61,Morning,Tyler Holmes,Line1
1051,133,Plant B,2023-10-18,1,17972.03,Morning,Lisa Christian,Line1
1052,197,Plant C,2023-12-24,8,43957.71,Night,Mary Abbott,Line1
1053,73,Plant A,2024-12-06,11,34836.36,Night,Vincent Obrien,Line1
1054,51,Plant B,2023-03-03,13,48132.27,Morning,Joseph Mullen,Line4
1055,120,Plant B,2024-12-01,18,43245.61,Night,Shawn Fischer,Line2
1056,158,Plant B,2024-03-22,17,46016.07,Morning,Michael Levine,Line3
1057,104,Plant C,2025-06-06,13,10188.11,Evening,Albert Young,Line1
1058,189,Plant A,2023-10-19,15,28995.46,Evening,Deborah Jones,Line1
1059,46,Plant B,2025-09-03,20,35609.48,Night,Jerry Allen,Line1
1060,60,Plant B,2024-05-08,2,17642.21,Night,Alisha Anderson,Line4
1061,184,Plant B,2024-06-18,2,28443.44,Morning,Joseph Mason,Line5
1062,171,Plant A,2023-09-16,3,35638.61,Morning,Carolyn Leon,Line2
1063,74,Plant C,2023-09-03,4,33883.32,Night,Daniel Blevins,Line3
1064,146,Plant B,2023-06-25,20,13064.45,Morning,Whitney Hebert,Line4
1065,199,Plant B,2024-09-01,11,30827.72,Night,Kimberly Ortega,Line3
1066,34,Plant A,2025-05-23,11,38829.83,Night,Jorge Ortiz,Line1
1067,109,Plant C,2025-05-06,10,7954.42,Morning,Christina Patel,Line1
1068,111,Plant A,2023-07-27,12,21955.47,Morning,Jeremy Moreno,Line5
1069,111,Plant A,2023-06-25,4,34070.4,Night,Mrs. Kelly Williamson,Line1
1070,115,Plant C,2023-04-08,10,11919.31,Morning,Mrs. Cheryl Cantu,Line1
1071,150,Plant A,2025-06-13,12,42279.35,Night,Jessica Lewis,Line4
1072,77,Plant B,2022-12-12,2,39676.75,Morning,Dylan Brooks,Line1
1073,179,Plant C,2024-06-19,9,21913.77,Night,Jessica Garcia,Line4
1074,160,Plant C,2023-01-31,13,10037.34,Night,Jessica Palmer,Line3
1075,16,Plant B,2022-10-31,1,27527.53,Evening,Kristi Brown,Line1
1076,52,Plant B,2025-09-19,12,44463.7,Evening,Russell Pace,Line3
1077,180,Plant A,2023-09-10,8,13404.17,Night,Donna Lowery,Line1
1078,165,Plant B,2024-05-09,7,12662.72,Morning,Peter Mckenzie,Line1
1079,123,Plant A,2023-12-08,11,10898.6,Night,Michael Cox,Line3
1080,17,Plant B,2024-11-22,3,42783.09,Morning,Elizabeth Daugherty,Line1
1081,171,Plant B,2024-08-26,18,45030.02,Morning,Melissa Huffman,Line1
1082,6,Plant A,2024-01-16,4,42320.07,Evening,Billy Cortez,Line4
1083,152,Plant A,2022-10-09,1,40924.49,Night,Tyler Bonilla,Line4
1084,19,Plant C,2024-03-26,18,12894.54,Morning,Isaac Adkins,Line4
1085,112,Plant A,2023-08-22,10,33943.73,Morning,James Stewart,Line1
1086,188,Plant B,2025-01-18,14,7824.44,Morning,Karen Davis,Line4
1087,177,Plant A,2023-11-19,8,32883.0,Evening,Nicholas Jones,Line4
1088,142,Plant C,2023-07-26,2,42054.31,Morning,Jonathan Castro,Line3
1089,169,Plant B,2022-12-30,9,30582.57,Evening,Mikayla Woods,Line1
1090,120,Plant B,2023-11-16,19,8112.21,Morning,Suzanne Rodriguez,Line4
1091,94,Plant B,2023-05-28,1,25215.18,Evening,Francis Ruiz,Line1
1092,88,Plant B,2023-11-12,9,31996.05,Morning,Randall Williams,Line2
1093,4,Plant A,2024-03-12,19,12615.08,Morning,Christine Patterson,Line1
1094,113,Plant B,2023-08-09,4,39944.2,Evening,Jonathan Hutchinson,Line3
1095,46,Plant B,2022-10-07,2,25690.28,Morning,John Skinner,Line5
1096,38,Plant B,2024-04-02,14,5427.5,Night,Tina Smith,Line3
1097,195,Plant B,2023-10-25,20,5495.5,Evening,Zachary Chambers,Line3
1098,177,Plant B,2023-06-24,19,9951.58,Morning,Mary Rivera,Line2
1099,94,Plant A,2024-08-09,10,39393.23,Evening,Eric King,Line4
1100,6,Plant B,2024-02-26,9,18401.37,Night,Douglas Schmidt MD,Line4
1101,42,Plant B,2023-09-13,17,7710.75,Night,Rachel Cunningham,Line3
1102,127,Plant B,2024-04-06,17,13060.37,Night,Rachel Castillo,Line5
1103,125,Plant A,2023-01-12,4,41337.5,Night,Andrew Alvarado Jr.,Line3
1104,139,Plant C,2024-09-20,1,11575.26,Morning,Alan Clayton,Line5
1105,87,Plant C,2024-06-19,20,7247.04,Evening,Michele Mcdaniel,Line5
1106,116,Plant C,2023-02-23,13,20318.8,Morning,Michaela Fox,Line2
1107,76,Plant C,2024-02-07,15,37719.83,Evening,Angela Hanson,Line1
1108,171,Plant C,2025-09-26,16,33933.44,Morning,Jill Scott,Line1
1109,193,Plant A,2025-08-17,1,10282.82,Night,Kevin Williams,Line1
1110,50,Plant B,2025-05-13,14,9536.97,Night,Brittany Kelley,Line4
1111,137,Plant A,2025-04-07,20,43670.04,Evening,Kevin Davis,Line4
1112,106,Plant B,2023-03-02,13,34991.76,Evening,Abigail Sullivan,Line5
1113,174,Plant A,2024-02-05,7,29144.43,Morning,Justin Reyes,Line1
1114,22,Plant B,2023-09-30,17,40724.37,Morning,Jennifer Becker,Line3
1115,32,Plant C,2024-12-29,6,21917.43,Morning,Patrick Hale,Line2
1116,123,Plant C,2024-09-21,5,38704.48,Evening,John Martinez,Line4
1117,177,Plant A,2024-03-24,17,14977.15,Night,Ronald Duncan,Line1
1118,128,Plant C,2024-03-09,8,12275.1,Evening,Austin Torres,Line4
1119,34,Plant C,2025-04-27,6,21112.74,Night,Tracy Sharp,Line4
1120,157,Plant A,2023-12-13,15,10034.94,Night,Anthony Brown,Line1
1121,178,Plant C,2023-03-13,14,16267.73,Morning,Scott Harris,Line2
1122,4,Plant B,2023-12-14,16,34696.71,Evening,Pamela Henry,Line1
1123,112,Plant B,2023-12-27,14,48771.47,Evening,Jenny Colon,Line5
1124,62,Plant A,2025-03-01,19,48809.81,Morning,Ashley Sanchez,Line1
1125,64,Plant B,2023-09-13,12,14828.71,Evening,Brandi Davis,Line2
1126,84,Plant B,2025-07-08,15,20475.45,Morning,Crystal Peck,Line5
1127,64,Plant B,2023-07-30,20,37801.94,Evening,Sandra Fernandez,Line5
1128,174,Plant B,2023-01-21,1,29653.25,Night,John Davis,Line5
1129,27,Plant A,2025-03-25,12,33913.1,Morning,Debra Rivera,Line3
1130,182,Plant A,2023-12-18,8,45753.36,Morning,Anna Miller,Line1
1131,17,Plant A,2023-07-06,2,31277.45,Evening,David Thompson MD,Line4
1132,32,Plant A,2023-09-26,7,44152.5,Morning,Christopher Delgado,Line1
1133,15,Plant A,2025-04-11,17,7436.69,Evening,Nancy Diaz,Line4
1134,71,Plant C,2024-06-15,5,19804.2,Night,Bridget Johnson,Line5
1135,163,Plant A,2025-04-13,11,43259.98,Night,Zachary Swanson,Line1
1136,34,Plant A,2024-09-23,18,44785.71,Morning,Ricky Bailey,Line5
1137,8,Plant C,2025-01-24,16,24733.71,Morning,Michael Garcia,Line2
1138,131,Plant B,2024-04-19,1,21690.69,Evening,Bianca Wolf,Line3
1139,169,Plant C,2022-10-31,2,31198.16,Night,Jason Reese,Line5
1140,100,Plant A,2023-06-15,6,14909.46,Night,Frank Hoffman,Line3
1141,110,Plant B,2024-04-27,13,23217.05,Night,Haley Reilly,Line4
1142,78,Plant C,2024-03-14,13,48717.78,Night,Linda Stafford,Line1
1143,91,Plant B,2023-04-09,1,39809.2,Evening,Elizabeth Campbell,Line4
1144,33,Plant A,2024-06-06,16,18617.79,Evening,Alicia Harris,Line2
1145,198,Plant A,2025-02-11,6,5633.44,Night,Erin Chandler,Line1
1146,166,Plant A,2025-02-18,7,16295.43,Night,Kathy Davis DDS,Line2
1147,63,Plant C,2025-05-19,7,28534.83,Night,Christine Wyatt,Line5
1148,200,Plant A,2025-09-23,3,27156.78,Evening,Kevin Smith,Line1
1149,61,Plant B,2024-06-02,20,39586.56,Night,Susan Trujillo,Line5
1150,31,Plant A,2022-11-10,13,15751.83,Morning,Stephanie Richardson,Line2
1151,176,Plant A,2024-12-26,17,38171.27,Night,George Tyler,Line4
1152,2,Plant C,2024-08-28,19,10222.45,Morning,Christopher Rich,Line4
1153,19,Plant B,2023-04-17,2,40938.59,Morning,Richard Foley,Line1
1154,65,Plant C,2024-08-30,17,39554.47,Evening,Sharon Gallagher,Line3
1155,52,Plant C,2024-04-27,19,10119.94,Morning,Todd Pittman,Line4
1156,5,Plant B,2023-11-08,15,41662.47,Morning,Corey Dennis,Line3
1157,86,Plant B,2024-12-28,18,8641.8,Night,Glenda Russell,Line1
1158,1,Plant A,2023-08-07,4,45023.86,Night,Nancy Williams,Line5
1159,27,Plant B,2024-11-04,17,6631.7,Night,Phillip Morton,Line5
1160,129,Plant A,2024-04-19,9,10648.26,Night,Elizabeth Odonnell,Line3
1161,93,Plant B,2024-09-10,6,36800.47,Night,Amber Wilson,Line5
1162,188,Plant A,2025-02-23,18,35874.08,Evening,Kaylee Lee,Line4
1163,37,Plant B,2025-08-09,8,35746.99,Morning,Kevin Wu,Line3
1164,89,Plant C,2023-05-16,8,18513.04,Evening,Courtney Bryan,Line4
1165,185,Plant A,2023-01-19,3,48028.43,Morning,Brett Garrett,Line4
1166,130,Plant C,2025-07-10,11,22703.87,Evening,Blake Maxwell,Line2
1167,142,Plant B,2025-05-06,19,10137.08,Night,Stacey Johnson,Line1
1168,33,Plant C,2025-08-21,2,30134.53,Morning,Stephanie Hoffman,Line4
1169,4,Plant A,2023-01-28,7,47596.69,Evening,Megan Vasquez,Line3
1170,105,Plant B,2024-05-08,20,33656.7,Morning,John Bishop,Line5
1171,166,Plant A,2024-03-03,8,19972.75,Evening,Jennifer Gonzales,Line5
1172,113,Plant A,2024-01-14,17,16861.95,Night,Lisa Garrett,Line1
1173,50,Plant C,2023-05-21,6,8654.48,Morning,Anita Kim,Line1
1174,94,Plant C,2023-10-27,19,27062.25,Evening,William Villanueva,Line5
1175,8,Plant A,2025-06-17,7,6312.17,Evening,Melinda Smith,Line2
1176,56,Plant C,2025-03-07,3,5730.6,Night,Robert Ward,Line5
1177,155,Plant C,2023-09-26,6,26200.34,Night,Mathew Huber,Line5
1178,123,Plant C,2025-04-30,4,5584.17,Night,Cory Diaz,Line3
1179,129,Plant C,2025-01-04,12,23386.26,Morning,Melissa Taylor,Line4
1180,171,Plant B,2022-12-17,13,46174.35,Evening,Lisa Jones,Line2
1181,24,Plant C,2024-09-02,18,10459.32,Morning,Mitchell Davis,Line2
1182,109,Plant C,2023-11-29,6,41415.75,Morning,Debbie Blackwell,Line3
1183,89,Plant A,2023-05-16,9,20698.44,Morning,Evan Lynch,Line3
1184,70,Plant B,2024-03-30,4,47273.52,Morning,Shane Boyd,Line5
1185,168,Plant B,2022-12-06,11,23819.77,Evening,Kevin Velez,Line3
1186,63,Plant A,2024-05-13,4,30316.05,Morning,Tina Wilson,Line4
1187,153,Plant A,2023-12-19,4,22624.25,Evening,Chloe Pope,Line2
1188,133,Plant A,2024-07-25,13,9283.12,Night,Lisa Parker,Line5
1189,70,Plant B,2024-05-03,4,6043.28,Morning,Richard Garrison,Line3
1190,79,Plant C,2024-01-09,6,46762.07,Night,Amber Hickman,Line1
1191,56,Plant C,2024-04-25,15,35819.01,Evening,Amber Figueroa,Line2
1192,46,Plant B,2025-04-27,11,46823.12,Morning,Kevin Smith,Line1
1193,119,Plant A,2023-11-03,15,37443.97,Evening,Brandon Carroll,Line2
1194,116,Plant A,2024-08-26,10,41755.68,Evening,Aaron Merritt,Line3
1195,38,Plant B,2024-04-12,1,33705.17,Evening,Larry Wolf,Line3
1196,26,Plant C,2023-05-02,2,35204.48,Evening,Terry Rivera,Line3
1197,75,Plant B,2024-09-17,3,20659.94,Morning,Jasmine Hall,Line5
1198,150,Plant B,2024-06-12,5,23542.23,Night,Rachel Calhoun,Line2
1199,185,Plant A,2024-09-11,3,22794.14,Morning,Johnny Gray,Line4
1200,171,Plant B,2025-02-01,3,43183.14,Evening,Stephanie Lopez,Line5
1201,170,Plant C,2023-01-22,5,18417.3,Evening,David Bowman,Line4
1202,17,Plant A,2023-08-23,4,11429.82,Night,Suzanne Hill,Line2
1203,109,Plant B,2023-06-16,6,6667.81,Morning,Ryan Little,Line4
1204,146,Plant A,2024-05-27,17,7234.22,Morning,Laura Adams,Line5
1205,183,Plant C,2025-04-27,7,33530.92,Evening,Christopher Rosales,Line1
1206,101,Plant C,2025-03-05,19,27206.68,Morning,Rodney Jones,Line4
1207,65,Plant C,2023-11-21,5,8620.45,Night,Wendy Turner,Line2
1208,13,Plant B,2023-07-30,8,46565.34,Morning,Anthony Gonzales,Line4
1209,134,Plant B,2023-02-16,5,5584.87,Evening,Brian Olson,Line1
1210,176,Plant C,2025-04-24,6,22367.06,Morning,Monica Barnes,Line1
1211,50,Plant B,2025-04-05,14,37127.72,Morning,Isabella Johnson,Line1
1212,172,Plant B,2025-05-09,19,13731.51,Morning,Ryan Gallagher,Line3
1213,199,Plant C,2024-02-28,20,20337.2,Morning,Charles Tucker,Line4
1214,93,Plant B,2025-02-27,15,24636.8,Evening,Megan Harvey,Line5
1215,5,Plant A,2024-02-27,9,41697.93,Evening,Elizabeth Moreno,Line3
1216,46,Plant A,2023-03-02,14,24440.65,Morning,Mallory Floyd,Line2
1217,55,Plant A,2024-03-08,14,29240.27,Evening,Jordan Hopkins,Line5
1218,200,Plant B,2024-06-09,5,11841.11,Morning,John Murphy,Line4
1219,31,Plant B,2024-07-25,3,14217.58,Morning,Debra Morris,Line4
1220,78,Plant A,2025-05-11,6,6479.66,Evening,Jennifer Rios,Line5
1221,20,Plant B,2022-10-11,4,10222.3,Evening,Victoria Wilson,Line2
1222,12,Plant B,2024-05-02,1,27133.89,Evening,Damon Brooks,Line2
1223,131,Plant B,2023-04-29,18,16050.13,Night,Daniel Padilla,Line5
1224,63,Plant A,2025-03-08,7,18276.87,Night,Leonard King,Line5
1225,114,Plant B,2023-09-19,1,44298.51,Morning,Michael Lee,Line3
1226,122,Plant A,2024-05-08,10,5148.27,Evening,Edward Fields,Line2
1227,30,Plant A,2025-08-29,15,14605.6,Evening,John Perkins DVM,Line1
1228,183,Plant B,2025-08-08,14,32196.0,Morning,Kaitlin Allen,Line5
1229,156,Plant A,2023-04-13,9,18211.71,Night,Mario Jimenez,Line1
1230,25,Plant B,2025-02-21,16,16344.38,Morning,Lori Adams,Line2
1231,35,Plant B,2023-03-08,18,24600.85,Morning,Matthew Adams,Line5
1232,64,Plant C,2025-09-27,9,10986.73,Morning,Mary Gonzalez DDS,Line4
1233,73,Plant A,2023-07-30,6,7415.26,Evening,Lindsey Krueger,Line4
1234,50,Plant B,2025-08-17,12,45417.83,Evening,Alexander Jones,Line2
1235,140,Plant B,2024-08-26,10,10854.41,Night,Kevin Schmidt,Line1
1236,123,Plant B,2025-07-09,2,6776.94,Evening,Matthew James,Line4
1237,139,Plant C,2025-01-18,14,41370.77,Night,Jessica Eaton,Line4
1238,34,Plant C,2024-09-06,10,31877.19,Morning,Timothy Sanchez,Line4
1239,193,Plant A,2024-10-23,20,16077.3,Night,Annette Ward,Line4
1240,181,Plant B,2024-02-26,12,23183.13,Evening,Kayla Smith,Line1
1241,33,Plant A,2023-01-23,6,44433.06,Night,Neil Smith,Line5
1242,152,Plant B,2023-11-01,1,40383.88,Night,Matthew Hayden,Line5
1243,118,Plant A,2023-03-07,7,18228.58,Evening,Kimberly Calhoun,Line5
1244,175,Plant A,2024-12-22,16,7902.54,Morning,John Chavez,Line5
1245,100,Plant C,2023-11-19,11,32844.87,Morning,Roberto Combs,Line2
1246,188,Plant A,2024-02-23,15,37625.49,Morning,Scott Weaver,Line5
1247,55,Plant A,2025-08-26,13,8361.93,Morning,Daniel Martinez,Line3
1248,122,Plant C,2024-01-22,19,18235.75,Night,Carrie Thompson,Line3
1249,153,Plant B,2023-04-19,11,49553.84,Night,Katrina Schultz,Line3
1250,9,Plant C,2023-04-14,9,48853.78,Morning,Angela Smith,Line5
1251,22,Plant A,2025-02-14,16,5038.44,Night,Robert Willis,Line1
1252,28,Plant A,2023-08-08,4,13225.06,Evening,Briana Jensen,Line1
1253,122,Plant A,2024-08-28,10,16678.83,Night,Jessica Stewart,Line2
1254,32,Plant C,2024-08-05,5,8709.8,Evening,Mrs. Gina Walker,Line4
1255,133,Plant B,2025-04-22,17,15201.86,Evening,Lance Baker,Line5
1256,8,Plant C,2025-03-17,3,21073.98,Night,Christopher Norman,Line1
1257,112,Plant A,2025-09-06,14,13866.2,Morning,Melissa Jacobson,Line4
1258,118,Plant B,2025-08-12,8,45976.07,Night,Marc Smith,Line3
1259,141,Plant A,2025-07-26,6,49337.06,Night,Stacy Anderson,Line3
1260,104,Plant C,2024-03-15,16,6185.78,Evening,Laura Ray,Line3
1261,163,Plant C,2025-08-08,10,16764.74,Night,Garrett Watts,Line3
1262,137,Plant B,2025-09-10,15,26669.66,Night,John Pierce,Line5
1263,43,Plant C,2023-08-26,13,13448.51,Evening,Allison Martinez,Line2
1264,23,Plant B,2025-04-10,5,35465.14,Morning,Jodi Diaz,Line4
1265,61,Plant C,2022-10-09,12,23146.36,Morning,Stephanie Wagner,Line4
1266,178,Plant B,2024-04-21,19,27252.86,Night,Luke Stephens,Line5
1267,130,Plant C,2024-07-17,11,42248.93,Evening,James Johnson,Line2
1268,142,Plant B,2024-09-26,17,14300.35,Evening,Erica Lara,Line3
1269,136,Plant A,2024-10-26,15,48024.23,Morning,Darren Bowman,Line2
1270,95,Plant A,2023-09-21,16,26032.0,Morning,Kyle Mcclure,Line2
1271,200,Plant C,2023-02-06,18,7057.96,Morning,William Brady,Line4
1272,172,Plant A,2023-11-04,5,47010.87,Night,Michael Barajas,Line2
1273,86,Plant A,2023-06-02,2,14812.47,Evening,Krystal Mercado,Line3
1274,93,Plant C,2025-10-04,15,30920.66,Night,Michael Jones,Line3
1275,149,Plant B,2025-01-24,5,49229.01,Evening,Dustin Hoffman,Line2
1276,41,Plant B,2023-10-23,18,27802.8,Morning,Tammy Reyes,Line2
1277,112,Plant B,2022-11-20,9,6244.76,Night,Cynthia Rivera,Line4
1278,13,Plant C,2023-11-13,10,30735.08,Evening,April Powell,Line1
1279,81,Plant C,2023-08-03,20,29892.96,Evening,Richard Benton,Line2
1280,49,Plant C,2024-09-02,10,29464.44,Morning,Corey Ware,Line2
1281,47,Plant A,2023-03-21,14,47139.73,Morning,Christina Baker,Line5
1282,42,Plant B,2023-07-15,12,36922.84,Night,Rebecca Scott,Line5
1283,22,Plant A,2024-09-08,12,9489.59,Morning,Adriana Ferguson,Line4
1284,157,Plant A,2023-01-06,2,25963.16,Night,Whitney Martin,Line5
1285,3,Plant C,2025-04-13,12,25191.34,Morning,Scott Flores,Line2
1286,172,Plant B,2024-07-16,1,27847.97,Morning,Elizabeth Collins,Line4
1287,147,Plant B,2024-05-03,9,8178.75,Night,Robert Anderson,Line2
1288,13,Plant C,2023-04-09,11,10136.92,Night,Patrick Murphy,Line1
1289,113,Plant A,2025-02-17,3,21677.34,Night,Patricia Velez,Line1
1290,46,Plant C,2022-12-11,8,20636.08,Evening,Michael Rogers,Line1
1291,3,Plant A,2025-01-28,3,25100.65,Evening,Gregory Wright,Line2
1292,41,Plant C,2024-04-26,15,13373.87,Night,Michael Estes,Line5
1293,139,Plant C,2024-01-11,16,43839.3,Morning,Kevin Lozano,Line3
1294,176,Plant A,2025-06-05,19,32939.67,Evening,Katrina Reynolds,Line3
1295,117,Plant A,2024-05-25,16,30705.91,Evening,Tony Bailey,Line5
1296,35,Plant A,2025-07-30,6,40594.96,Morning,Randy Sawyer,Line2
1297,49,Plant C,2024-05-16,20,46088.16,Morning,Christopher Williams,Line2
1298,152,Plant B,2025-02-25,13,33978.02,Night,Christopher Valdez,Line1
1299,191,Plant C,2023-08-04,7,27982.52,Evening,Ryan Harrison,Line1
1300,65,Plant C,2025-02-10,6,31723.21,Morning,Mark King,Line5
1301,177,Plant A,2025-07-23,13,18976.63,Night,Sarah Moyer,Line4
1302,5,Plant B,2024-05-13,12,21068.87,Evening,Mary Carroll,Line2
1303,4,Plant A,2022-11-03,9,14241.25,Evening,Tracy Simmons,Line2
1304,150,Plant B,2023-09-05,18,8850.32,Evening,William Anderson,Line5
1305,123,Plant B,2024-07-22,12,21216.24,Night,Paula Woodward,Line2
1306,63,Plant C,2024-06-28,1,30145.78,Night,Katie Anderson,Line4
1307,192,Plant C,2024-07-24,16,34167.13,Morning,Melissa Raymond,Line1
1308,75,Plant A,2023-06-04,6,40587.0,Evening,Anthony Hunter,Line5
1309,14,Plant B,2024-06-28,5,18453.68,Evening,Brittany Newman,Line3
1310,62,Plant C,2023-02-28,1,25212.18,Evening,Steven Bradford,Line1
1311,137,Plant C,2024-08-07,15,10612.16,Evening,Andrew Johnson,Line5
1312,158,Plant B,2023-04-29,8,48104.44,Morning,Mary Phillips,Line5
1313,81,Plant C,2023-08-29,19,49389.89,Morning,Tommy Martinez,Line1
1314,142,Plant B,2023-05-22,3,9149.3,Night,Donald Howard MD,Line3
1315,18,Plant B,2023-05-29,10,19656.44,Morning,Emily Medina,Line5
1316,50,Plant B,2025-02-06,19,48934.58,Morning,Andrea Gross,Line5
1317,125,Plant C,2023-12-03,17,21570.95,Night,Ana Salinas,Line1
1318,41,Plant A,2023-10-13,4,7157.58,Morning,Benjamin Mcguire,Line5
1319,145,Plant A,2025-07-31,20,11045.33,Evening,Tamara Kane,Line4
1320,52,Plant B,2024-05-03,1,45884.08,Night,Justin Freeman,Line1
1321,172,Plant B,2025-05-21,2,31530.7,Morning,Shelly Snyder,Line4
1322,53,Plant C,2025-05-05,5,19315.35,Night,Crystal Long,Line1
1323,158,Plant B,2024-04-02,20,44051.12,Morning,Robert Green,Line2
1324,127,Plant A,2025-05-25,10,42742.94,Morning,Andrew Taylor,Line4
1325,120,Plant B,2024-07-23,6,26642.57,Night,Robert Reyes,Line4
1326,99,Plant B,2022-10-25,16,33196.91,Morning,Christina Brown,Line4
1327,132,Plant B,2023-10-13,17,27383.66,Evening,Sarah Delgado,Line5
1328,119,Plant A,2025-07-06,8,17905.07,Night,Rachel Hicks,Line5
1329,198,Plant B,2024-12-20,5,11543.87,Morning,Justin Manning,Line3
1330,9,Plant C,2024-07-06,7,46458.06,Morning,David Wright,Line2
1331,78,Plant B,2025-01-06,8,38360.25,Night,Lindsay Petersen,Line5
1332,188,Plant C,2025-02-15,19,31342.8,Evening,Courtney Dunlap,Line4
1333,187,Plant C,2023-05-22,8,34498.69,Evening,Maria Brown,Line4
1334,111,Plant B,2025-05-17,9,36545.33,Evening,James Fernandez,Line4
1335,118,Plant A,2022-11-07,15,15131.28,Evening,Nicole Wood,Line1
1336,15,Plant B,2023-08-13,3,35259.14,Evening,Robert Garcia,Line1
1337,165,Plant C,2022-10-15,20,19172.04,Evening,Tracy Atkinson,Line4
1338,159,Plant A,2024-09-20,6,41282.49,Evening,Tina Gould,Line3
1339,130,Plant B,2023-10-03,3,44806.8,Evening,Samantha Kent,Line4
1340,90,Plant C,2025-05-06,6,42906.88,Morning,Jason Soto,Line2
1341,20,Plant C,2023-10-22,4,48131.29,Evening,John Melton,Line5
1342,86,Plant C,2024-10-13,15,14682.92,Evening,Alexis Ho,Line2
1343,125,Plant C,2025-06-17,14,31149.25,Morning,Jasmine Bond,Line4
1344,60,Plant A,2024-03-02,13,43324.35,Evening,Scott Kelley,Line2
1345,100,Plant C,2024-03-07,8,15975.76,Evening,Daniel Smith,Line4
1346,36,Plant A,2022-11-27,20,49571.19,Morning,Ronald Reynolds,Line1
1347,106,Plant B,2025-03-04,8,27303.07,Night,Michelle Ward,Line5
1348,62,Plant C,2024-04-14,2,29111.35,Evening,Paula Duke,Line3
1349,164,Plant C,2025-10-03,5,33439.88,Evening,Timothy English,Line3
1350,193,Plant B,2023-03-04,2,47213.86,Morning,Shannon Moore,Line3
1351,180,Plant A,2023-08-18,13,16490.44,Evening,Miss Janet Brown,Line3
1352,30,Plant B,2025-06-27,20,27504.86,Night,Kimberly Harding,Line5
1353,81,Plant A,2023-11-21,6,38719.19,Evening,Ian Hudson,Line5
1354,156,Plant B,2022-11-28,4,41281.24,Morning,Megan Robinson,Line3
1355,72,Plant A,2023-06-03,18,28310.55,Morning,Regina Keller,Line2
1356,3,Plant B,2024-07-07,14,49826.14,Night,Brooke Vargas,Line1
1357,39,Plant A,2025-05-15,19,14106.07,Morning,Jasmine Gill,Line2
1358,179,Plant B,2023-05-06,12,46209.05,Morning,Brianna Garcia,Line1
1359,97,Plant A,2024-05-31,16,17835.63,Night,Christopher Cuevas,Line1
1360,152,Plant A,2022-12-29,14,49963.91,Night,Penny Gillespie,Line5
1361,184,Plant B,2023-01-29,17,27420.22,Morning,Mr. David Stark,Line3
1362,98,Plant B,2023-05-22,11,23912.0,Morning,Brian Pugh,Line5
1363,107,Plant C,2025-05-28,1,40358.57,Evening,Jessica Phillips,Line1
1364,140,Plant C,2025-08-24,14,45825.22,Evening,Deborah Garcia,Line2
1365,139,Plant C,2022-11-01,3,33367.59,Morning,Sarah Rodriguez,Line2
1366,101,Plant A,2024-08-13,18,42431.57,Evening,Trevor Allen Jr.,Line3
1367,62,Plant B,2022-10-12,5,12757.33,Night,Kevin Lyons,Line4
1368,113,Plant B,2023-08-08,15,36608.56,Evening,Michael Grant,Line5
1369,31,Plant C,2023-09-15,20,11821.79,Night,Veronica Reese,Line4
1370,194,Plant A,2023-01-15,6,47070.14,Night,Troy Hernandez,Line5
1371,104,Plant A,2023-10-23,7,32138.18,Morning,James Salinas,Line2
1372,28,Plant C,2024-08-26,3,22267.57,Evening,Zachary Carpenter,Line2
1373,140,Plant C,2023-10-15,4,28754.36,Morning,Zachary Watson,Line3
1374,72,Plant B,2024-11-22,8,48281.48,Night,Christopher Miller,Line3
1375,137,Plant A,2024-08-02,8,33619.05,Evening,Katie Thompson,Line5
1376,56,Plant C,2023-07-23,8,8277.45,Morning,Angela Lewis,Line3
1377,161,Plant A,2025-08-13,14,17768.95,Night,Jonathan Ortiz,Line3
1378,131,Plant C,2024-12-16,3,24591.77,Evening,Tracy Mcdonald,Line3
1379,70,Plant B,2023-07-01,1,48452.32,Night,Stephanie Thomas,Line5
1380,124,Plant C,2023-04-15,9,24887.15,Evening,Anthony Johnson,Line5
1381,46,Plant A,2025-04-05,5,5717.36,Morning,Leslie Henry,Line2
1382,118,Plant A,2023-06-23,6,32574.18,Evening,Anthony Ferguson,Line2
1383,118,Plant B,2024-03-18,3,6810.34,Evening,Erin Baker,Line5
1384,114,Plant B,2022-11-30,18,8457.66,Evening,Crystal Garcia,Line3
1385,71,Plant C,2024-01-17,2,14375.92,Evening,Roger Harrison,Line2
1386,129,Plant A,2023-08-18,12,32368.84,Evening,Carl Mccarthy,Line1
1387,146,Plant C,2024-08-10,15,11400.83,Morning,Diane Levine,Line4
1388,174,Plant B,2025-04-30,7,11017.35,Evening,Mrs. Sarah Wilson,Line1
1389,137,Plant B,2024-11-08,19,40767.6,Night,Timothy Smith,Line4
1390,52,Plant B,2023-03-09,9,19998.64,Evening,Erin Francis,Line1
1391,133,Plant A,2023-01-23,1,24681.25,Night,Christian Rodriguez,Line1
1392,128,Plant B,2024-06-22,17,21933.34,Night,Mr. Kevin French,Line4
1393,15,Plant A,2025-09-06,13,25978.12,Morning,Jason Yang,Line1
1394,81,Plant B,2025-03-22,2,40937.32,Morning,Kevin Smith,Line4
1395,177,Plant A,2025-08-23,2,28745.8,Evening,Laura Weeks,Line3
1396,124,Plant C,2024-08-05,20,5334.54,Morning,Kimberly Boyer,Line4
1397,76,Plant C,2025-07-16,1,38734.99,Evening,Angela Hernandez,Line3
1398,191,Plant B,2024-03-07,17,41990.24,Night,Megan Oconnell,Line2
1399,104,Plant B,2023-12-18,2,40268.98,Evening,Jason Weber,Line5
1400,32,Plant B,2024-11-29,17,32860.55,Night,Adam Barnes,Line5
1401,57,Plant C,2024-01-30,18,13965.74,Evening,Ann Peterson,Line5
1402,198,Plant B,2025-07-07,7,25558.23,Night,Ryan Miller,Line2
1403,171,Plant A,2024-05-02,16,22155.57,Evening,John Martin,Line4
1404,124,Plant B,2024-09-17,15,32217.42,Morning,Rhonda Richmond,Line2
1405,137,Plant B,2024-09-19,7,45510.99,Evening,Robin Jones,Line5
1406,32,Plant A,2024-03-27,19,17980.28,Night,Travis Murray,Line1
1407,27,Plant A,2025-01-09,15,5878.79,Morning,Andrea Larson,Line3
1408,19,Plant B,2024-10-10,16,6838.96,Night,Robert Branch,Line1
1409,20,Plant C,2023-08-07,17,39429.68,Evening,Diane Love,Line5
1410,161,Plant B,2023-07-14,2,29076.02,Evening,Seth Ramirez,Line5
1411,117,Plant C,2024-06-11,6,40882.57,Night,Erica Shah,Line4
1412,23,Plant A,2025-09-27,1,15525.78,Morning,Jose Hamilton,Line2
1413,54,Plant B,2023-02-01,18,5302.76,Evening,Amanda Case,Line4
1414,128,Plant B,2023-10-09,17,26769.77,Morning,Mary Roy MD,Line1
1415,36,Plant A,2024-06-02,1,17448.52,Night,Vanessa Wilson,Line4
1416,141,Plant B,2025-04-07,14,25711.52,Night,George Morales,Line5
1417,196,Plant A,2024-02-19,6,31009.96,Evening,Lori Harmon,Line3
1418,10,Plant B,2023-05-13,18,10888.83,Night,Jennifer Lee MD,Line2
1419,13,Plant B,2023-12-15,3,20948.79,Morning,Amanda Peters,Line4
1420,37,Plant B,2025-08-04,11,29038.42,Night,Rachel Murphy,Line1
1421,41,Plant B,2023-12-07,18,16415.83,Morning,Jason Hernandez,Line1
1422,200,Plant B,2024-05-15,8,6327.93,Evening,Matthew Nixon,Line5
1423,73,Plant C,2024-09-12,7,30628.25,Evening,Frederick Walker,Line2
1424,20,Plant B,2024-10-20,12,8382.19,Morning,Jamie Christensen,Line2
1425,146,Plant C,2022-10-17,12,24248.15,Evening,Kim Hubbard,Line2
1426,136,Plant A,2025-06-21,16,16848.14,Morning,Patricia Vega,Line4
1427,78,Plant A,2024-11-20,15,48736.31,Night,Brandon Casey,Line5
1428,6,Plant B,2022-10-10,14,28079.91,Morning,Michael Foster,Line2
1429,73,Plant A,2022-12-05,9,12474.42,Morning,Tom Reed,Line2
1430,136,Plant C,2025-10-04,13,9280.11,Night,Donald Duffy,Line4
1431,149,Plant B,2025-06-29,2,5969.96,Evening,Ryan Lee,Line5
1432,4,Plant B,2023-01-13,18,19417.15,Night,Ruth West,Line5
1433,193,Plant B,2022-12-04,15,9408.1,Night,Pamela Camacho,Line4
1434,126,Plant C,2024-12-15,6,27436.11,Morning,Jacqueline Lutz,Line3
1435,59,Plant C,2024-05-26,16,44232.18,Evening,Kaitlin Davis,Line2
1436,62,Plant B,2025-07-22,15,43569.27,Morning,Judy Woods,Line1
1437,25,Plant A,2024-08-15,17,16095.25,Evening,Christopher Hanson,Line2
1438,75,Plant A,2023-05-16,1,32322.13,Night,Jack Adkins,Line4
1439,177,Plant A,2025-02-01,5,41820.8,Evening,Kyle Rogers,Line4
1440,17,Plant B,2025-06-30,15,19157.13,Morning,Carlos Robertson,Line2
1441,97,Plant C,2023-03-14,16,28227.03,Night,Patricia Berry,Line4
1442,8,Plant C,2024-01-28,12,46720.34,Night,Jon Boyle,Line4
1443,54,Plant C,2025-08-15,6,11414.54,Night,Dennis Jones,Line5
1444,78,Plant A,2022-11-13,13,13712.87,Night,Cody Moore DVM,Line4
1445,151,Plant C,2023-04-08,20,42776.31,Morning,Keith Chaney,Line5
1446,76,Plant B,2025-01-31,1,39043.84,Night,Kristin Bishop,Line2
1447,118,Plant C,2025-04-06,6,5681.1,Evening,Amanda Leach,Line3
1448,84,Plant A,2025-04-19,6,13456.71,Morning,Monica Green,Line3
1449,123,Plant B,2024-11-18,7,19736.26,Evening,Tracey Kelly,Line4
1450,24,Plant B,2022-11-26,8,32018.14,Evening,Stephanie Brown,Line3
1451,130,Plant A,2025-06-05,4,11678.36,Morning,Jordan Garcia,Line4
1452,61,Plant A,2022-10-29,16,12016.69,Morning,Debra Coffey,Line5
1453,2,Plant C,2023-06-12,11,22063.89,Night,Ronald Weaver,Line2
1454,43,Plant C,2023-04-25,8,10253.04,Morning,Carl Jackson,Line2
1455,95,Plant B,2023-05-15,12,20446.75,Morning,Amanda Jacobson,Line2
1456,191,Plant A,2022-12-25,1,23232.69,Morning,Nicole Washington,Line1
1457,132,Plant A,2025-09-01,3,5936.46,Morning,Sean Taylor,Line5
1458,153,Plant C,2024-06-29,6,42224.54,Morning,Jessica Sutton,Line2
1459,52,Plant C,2024-01-13,15,19665.93,Night,Miranda Gonzalez,Line2
1460,56,Plant B,2023-02-20,8,8956.65,Night,Peter Reynolds,Line2
1461,19,Plant B,2023-09-28,5,31682.93,Morning,Sheri Thornton,Line4
1462,165,Plant A,2022-12-16,9,19179.37,Night,Harry Gardner,Line1
1463,164,Plant A,2023-08-24,1,11245.47,Night,Maria Brown,Line1
1464,72,Plant C,2022-11-24,3,24301.12,Evening,Nicole Wood,Line4
1465,178,Plant B,2025-09-30,3,22317.47,Night,Sean Fields,Line2
1466,115,Plant C,2023-03-09,18,43621.13,Evening,Gavin Perry,Line4
1467,55,Plant A,2025-08-31,20,18760.37,Night,Frank Vang,Line3
1468,148,Plant C,2024-08-10,9,48293.79,Evening,Melissa Smith,Line2
1469,179,Plant C,2023-04-04,4,11508.49,Night,Laura Bell,Line1
1470,83,Plant C,2024-07-21,17,5649.51,Night,Pamela Scott,Line5
1471,7,Plant B,2024-11-17,10,7590.25,Morning,Maria Jackson,Line1
1472,145,Plant B,2023-03-09,1,14504.82,Morning,Alan Mitchell,Line5
1473,148,Plant C,2024-07-17,3,5526.55,Evening,James Lopez,Line2
1474,173,Plant B,2024-05-04,11,28560.18,Morning,Mrs. Gina Schultz,Line3
1475,78,Plant C,2023-01-20,6,20397.44,Morning,Madison Mitchell,Line2
1476,38,Plant B,2024-06-26,12,21046.91,Night,Jaime Jones,Line2
1477,73,Plant B,2024-10-04,1,24743.69,Night,Samuel Young,Line3
1478,78,Plant B,2024-09-24,17,48031.03,Morning,Christine Williams,Line2
1479,128,Plant A,2024-12-19,8,32121.45,Morning,Teresa Huynh,Line2
1480,179,Plant B,2023-09-06,18,13359.76,Morning,Randy Owens,Line5
1481,27,Plant B,2023-07-12,2,37652.03,Night,Jordan Wilson MD,Line1
1482,79,Plant B,2024-09-26,1,43926.85,Night,Dr. Elizabeth Bass,Line4
1483,60,Plant B,2023-11-02,18,18947.52,Evening,Brianna Bowman,Line1
1484,152,Plant C,2023-02-04,3,34825.4,Evening,Patrick Patterson,Line1
1485,78,Plant B,2024-09-24,18,45892.24,Night,Tom Miller,Line2
1486,180,Plant B,2023-05-13,13,19391.7,Morning,Mr. Michael Johnson,Line3
1487,80,Plant B,2023-05-28,7,41491.52,Morning,James Jenkins,Line5
1488,21,Plant C,2023-10-21,2,19630.45,Evening,Mario Mitchell,Line3
1489,198,Plant C,2023-05-25,15,14976.66,Night,Shelby Wilson,Line4
1490,129,Plant C,2025-08-19,3,23260.41,Evening,Jeffrey Benson,Line2
1491,113,Plant C,2025-02-01,8,34372.19,Morning,Jeremy Fletcher,Line3
1492,152,Plant A,2024-10-12,14,18452.05,Evening,Nancy Bishop,Line4
1493,146,Plant B,2024-02-07,14,25016.24,Morning,Lindsey Powell,Line3
1494,194,Plant B,2023-12-21,4,35679.66,Night,Jessica Goodman,Line3
1495,137,Plant A,2023-08-23,4,14404.1,Night,Curtis Shepherd,Line2
1496,65,Plant C,2024-12-17,4,30221.94,Morning,Phillip Guzman,Line4
1497,40,Plant B,2024-04-11,2,16861.92,Night,Kimberly Hunt,Line2
1498,9,Plant C,2023-10-13,1,41327.04,Night,Kevin Moore,Line4
1499,80,Plant C,2023-12-22,8,42353.65,Morning,Theresa Harris,Line4
1500,103,Plant A,2023-01-06,6,22097.15,Morning,Ashley Thompson,Line4
1501,167,Plant B,2025-01-21,11,45115.38,Morning,Justin Kerr,Line1
1502,46,Plant A,2024-03-18,13,31304.53,Morning,Jason Wells,Line3
1503,88,Plant B,2024-03-15,13,16750.2,Evening,Carol Thomas,Line4
1504,113,Plant A,2024-06-17,8,28134.34,Night,Tara Miller,Line4
1505,37,Plant C,2023-07-07,12,17718.39,Night,William Morgan,Line2
1506,43,Plant C,2022-12-27,20,43734.57,Evening,Melissa Rogers,Line1
1507,19,Plant A,2024-04-13,18,47225.36,Night,Amy Daniels,Line3
1508,83,Plant C,2023-09-10,18,29832.85,Morning,Linda Smith,Line5
1509,102,Plant A,2024-01-27,20,11044.22,Evening,Susan Bryant,Line4
1510,48,Plant A,2025-08-21,8,35257.6,Night,Sean Green,Line5
1511,90,Plant A,2024-08-27,17,32990.4,Night,Jonathon Santos,Line5
1512,195,Plant A,2023-10-23,8,19389.95,Evening,Shelley Martin,Line5
1513,3,Plant B,2024-04-09,2,8921.28,Night,Michael Lopez,Line2
1514,132,Plant B,2024-08-12,19,18300.26,Night,Tammy Martin,Line4
1515,111,Plant A,2025-09-02,18,46797.85,Night,Michael Beasley,Line3
1516,145,Plant C,2025-09-15,8,18049.65,Morning,Linda Wood,Line2
1517,62,Plant A,2024-03-14,14,37021.4,Evening,Kyle Ramirez,Line4
1518,194,Plant A,2025-04-14,13,16213.19,Evening,Larry Cooper,Line2
1519,101,Plant B,2024-12-01,18,13060.98,Morning,Teresa Porter,Line4
1520,163,Plant C,2024-12-13,11,43247.85,Evening,Dale Cohen,Line2
1521,13,Plant B,2024-01-25,9,11925.19,Night,Linda Green,Line3
1522,44,Plant A,2024-08-29,19,19444.01,Evening,Michael Bennett,Line5
1523,87,Plant C,2025-05-15,4,11079.17,Evening,Kyle Diaz,Line1
1524,50,Plant C,2024-04-05,20,30710.21,Evening,Melissa Walker,Line2
1525,96,Plant A,2024-09-17,11,41335.14,Morning,Frank Smith,Line3
1526,7,Plant B,2025-02-13,8,6834.66,Morning,Matthew Cunningham,Line3
1527,28,Plant B,2025-09-23,19,15336.34,Evening,Andrew Garcia,Line2
1528,3,Plant A,2025-06-05,5,40226.08,Morning,Jesus Barrett,Line4
1529,120,Plant C,2025-03-20,11,40598.05,Night,Paul Wallace PhD,Line5
1530,191,Plant B,2024-04-07,5,29415.22,Night,Angela Thomas,Line2
1531,172,Plant A,2024-08-08,2,47751.21,Night,Brandon Evans,Line2
1532,198,Plant B,2025-02-23,1,42126.45,Morning,William Baker,Line1
1533,78,Plant C,2025-02-15,5,12561.88,Evening,Alexandria Johnson,Line4
1534,24,Plant B,2025-08-30,15,43748.55,Morning,Michael Schultz,Line1
1535,153,Plant A,2024-08-10,6,21525.07,Night,Kimberly Robles,Line4
1536,91,Plant A,2025-09-07,17,28859.33,Night,Joshua West,Line2
1537,162,Plant B,2024-04-03,19,13804.08,Evening,Blake Davis,Line5
1538,163,Plant A,2024-10-25,19,49842.62,Evening,Kimberly Miller,Line1
1539,13,Plant B,2023-12-10,18,13844.19,Night,Richard Taylor,Line1
1540,107,Plant A,2023-05-11,7,32019.27,Evening,Margaret Armstrong,Line4
1541,31,Plant C,2023-11-24,12,10714.0,Evening,Gloria Berger MD,Line1
1542,58,Plant A,2025-04-21,12,14734.18,Night,Joshua Hall,Line2
1543,114,Plant C,2025-02-10,20,6221.59,Night,Jacqueline Hall,Line4
1544,39,Plant B,2022-12-17,2,24234.77,Morning,Ryan Bell,Line2
1545,186,Plant C,2025-04-02,5,49733.99,Morning,Vincent Williamson III,Line1
1546,190,Plant B,2025-05-02,1,5395.12,Morning,Ronald Camacho,Line5
1547,79,Plant C,2023-01-31,13,42797.56,Morning,Curtis Lee,Line3
1548,145,Plant C,2025-01-14,16,49402.28,Evening,Joshua Scott,Line1
1549,109,Plant B,2025-05-18,7,13213.73,Morning,Peter Strickland,Line5
1550,198,Plant B,2023-01-09,4,49467.08,Morning,Tiffany Young,Line3
1551,48,Plant B,2025-02-02,2,43356.6,Morning,Larry Henry,Line1
1552,77,Plant B,2023-12-08,5,23820.12,Evening,Mary Osborne,Line2
1553,68,Plant A,2024-10-06,7,41040.47,Morning,Katherine Rodriguez,Line2
1554,125,Plant B,2025-08-21,2,34739.58,Night,Scott Sweeney,Line4
1555,104,Plant C,2023-04-23,5,49404.77,Evening,Christopher Lewis,Line1
1556,68,Plant C,2024-04-03,16,35846.47,Evening,Nathaniel Diaz,Line2
1557,170,Plant C,2022-12-10,19,27515.51,Morning,Jeffrey Henderson,Line3
1558,167,Plant B,2022-11-29,14,47174.06,Morning,Natasha Jackson,Line2
1559,109,Plant C,2025-03-12,14,48737.91,Morning,Brandon Barajas,Line5
1560,91,Plant A,2025-07-16,2,25276.34,Evening,William Cox,Line5
1561,60,Plant C,2024-04-20,6,37008.39,Morning,Mark Hernandez,Line3
1562,73,Plant A,2024-01-08,13,38753.96,Evening,David Baker MD,Line5
1563,21,Plant C,2024-11-05,11,45713.94,Night,James Taylor,Line5
1564,10,Plant C,2024-04-10,13,30650.22,Night,Tyler Chandler,Line5
1565,68,Plant C,2024-12-30,16,7731.17,Evening,Bethany Rodriguez,Line1
1566,76,Plant C,2023-08-03,1,33890.87,Night,Hector Jones,Line2
1567,18,Plant B,2025-03-13,7,42462.16,Morning,Rebekah Hopkins,Line1
1568,190,Plant C,2023-09-19,15,48293.7,Morning,Richard Willis,Line4
1569,103,Plant C,2025-01-01,19,26254.08,Night,Ronald Chang,Line3
1570,88,Plant C,2022-10-23,2,10587.73,Morning,Carolyn Green,Line5
1571,103,Plant C,2024-02-01,13,32082.9,Night,Cheryl Martin,Line5
1572,141,Plant B,2024-10-04,2,24137.58,Night,Tammy Torres,Line1
1573,112,Plant C,2024-06-27,8,29034.48,Night,Shelia Snyder,Line3
1574,124,Plant A,2024-07-06,14,42587.41,Morning,Joseph Hays,Line3
1575,122,Plant B,2024-03-07,17,7522.36,Evening,Danielle Price,Line2
1576,31,Plant C,2025-07-17,2,36286.76,Morning,Michael Phillips,Line2
1577,200,Plant A,2024-09-17,8,26159.46,Evening,Vanessa Turner,Line2
1578,58,Plant C,2024-10-12,15,33738.11,Morning,Haley Lara,Line3
1579,167,Plant B,2022-10-28,7,13336.64,Night,Ashley Shepard,Line2
1580,98,Plant B,2024-01-07,1,23532.37,Night,Jessica Glass,Line2
1581,78,Plant C,2025-03-03,20,17967.08,Morning,Nathan Cabrera,Line1
1582,103,Plant B,2023-02-05,12,7015.75,Night,Andrew Reyes,Line2
1583,36,Plant B,2023-04-08,2,7065.15,Evening,David Diaz,Line2
1584,124,Plant C,2025-05-18,16,33315.29,Night,Joshua Cunningham,Line1
1585,161,Plant B,2023-11-28,15,44636.98,Morning,Gavin Williams,Line4
1586,173,Plant C,2024-07-17,14,35864.28,Morning,Nicolas Wright,Line4
1587,137,Plant C,2024-04-07,12,45908.39,Night,Molly Baker,Line1
1588,82,Plant C,2023-06-01,6,32503.87,Night,Mark Tyler,Line3
1589,36,Plant B,2024-08-25,19,45046.15,Night,Stephanie Mcintyre,Line2
1590,14,Plant C,2025-02-16,2,5219.01,Night,Jillian Martinez,Line3
1591,157,Plant C,2023-09-27,9,17561.68,Night,Matthew Mcbride,Line2
1592,38,Plant B,2023-10-30,4,49947.69,Morning,Bryan Hernandez,Line5
1593,84,Plant B,2023-10-25,2,20137.19,Evening,Melinda Cook,Line1
1594,124,Plant C,2024-09-24,17,28559.85,Evening,Tony Velazquez,Line5
1595,44,Plant A,2025-07-25,5,14310.98,Night,Scott Acevedo,Line2
1596,147,Plant B,2024-11-22,4,29506.61,Night,Michael Leonard,Line3
1597,111,Plant B,2023-12-24,8,35670.61,Morning,Janet Hernandez,Line1
1598,8,Plant A,2025-07-24,19,44497.14,Night,Jeffrey Mendez,Line5
1599,62,Plant C,2022-10-09,1,33668.82,Night,Michael Miller,Line1
1600,77,Plant C,2025-07-08,5,42906.17,Evening,Brian Schultz,Line3
1601,51,Plant A,2024-05-27,6,13593.33,Morning,Paul Dodson,Line5
1602,167,Plant B,2024-02-16,5,17351.35,Morning,Kevin Johnson,Line1
1603,71,Plant B,2023-07-02,2,23599.51,Night,Anita Singleton,Line1
1604,122,Plant C,2025-04-10,9,26235.93,Evening,Mark Cole,Line3
1605,53,Plant A,2025-05-13,18,39645.03,Morning,Jeffrey Russell,Line5
1606,134,Plant C,2023-12-23,6,27967.33,Morning,Tracy Duffy,Line1
1607,62,Plant B,2022-12-08,14,9891.74,Morning,Terry Daniel,Line4
1608,150,Plant C,2023-12-12,18,39068.0,Night,Crystal Rojas,Line4
1609,132,Plant A,2024-03-12,16,30514.94,Night,Mr. Matthew Ingram,Line3
1610,129,Plant C,2025-04-20,7,36722.09,Night,Ryan Carroll,Line1
1611,156,Plant A,2022-12-03,4,31964.85,Morning,Joshua Zamora,Line3
1612,41,Plant A,2025-02-08,2,21509.74,Night,Sandra Mendoza,Line3
1613,110,Plant A,2025-04-30,3,34669.08,Evening,Monique Wood,Line2
1614,117,Plant B,2023-05-18,13,21801.13,Evening,William Moore,Line1
1615,172,Plant A,2024-01-24,9,15221.94,Morning,Jack Elliott,Line2
1616,160,Plant A,2024-01-03,7,11928.6,Morning,Vickie Price,Line3
1617,83,Plant A,2023-11-14,7,27649.1,Evening,Michelle Matthews,Line3
1618,4,Plant C,2023-12-01,10,32631.98,Morning,Jeffrey Patton,Line3
1619,113,Plant A,2024-07-31,16,25491.57,Morning,Juan Hernandez,Line3
1620,123,Plant A,2025-08-30,13,49772.9,Evening,Cassandra Whitehead,Line1
1621,179,Plant A,2023-08-11,2,19024.63,Evening,Jennifer Anderson,Line1
1622,122,Plant C,2024-01-20,7,21428.76,Morning,Shannon Parks,Line5
1623,187,Plant B,2023-07-01,4,24582.64,Night,Timothy Williams,Line3
1624,70,Plant A,2024-06-08,12,37201.33,Night,Julie Williams,Line2
1625,121,Plant B,2024-01-28,8,10141.01,Morning,David Morgan,Line4
1626,176,Plant A,2022-11-28,19,26478.6,Night,Rachael Watts,Line1
1627,132,Plant B,2025-09-04,1,24447.92,Night,Cynthia Johnson,Line5
1628,5,Plant A,2024-10-11,2,28461.11,Evening,Chad Lopez,Line1
1629,93,Plant B,2023-05-07,7,33475.42,Morning,Zachary Brooks,Line3
1630,92,Plant B,2024-07-22,17,44308.08,Morning,Julie Juarez MD,Line5
1631,4,Plant C,2025-02-28,7,42616.59,Night,Alexander Durham,Line4
1632,155,Plant C,2022-11-15,16,39979.73,Evening,John Taylor,Line5
1633,97,Plant B,2025-04-04,3,49688.5,Evening,Carrie Turner,Line1
1634,165,Plant C,2024-09-20,20,7960.18,Evening,Joseph Reynolds,Line1
1635,174,Plant B,2023-12-06,6,42927.22,Night,Angela Jones,Line5
1636,69,Plant A,2022-12-21,11,13965.3,Night,Craig Yang,Line5
1637,135,Plant B,2024-10-30,16,47758.82,Evening,Thomas West,Line5
1638,144,Plant B,2023-10-04,12,47872.03,Morning,Susan Jones,Line1
1639,55,Plant B,2024-05-01,10,44793.42,Morning,Kevin Johns,Line1
1640,97,Plant A,2025-05-27,14,49300.49,Evening,Benjamin Atkins,Line1
1641,44,Plant A,2023-02-02,15,18902.12,Night,Cameron Harris,Line4
1642,18,Plant A,2024-07-27,19,14731.4,Morning,Brian Graves,Line3
1643,119,Plant A,2025-06-28,15,20291.53,Evening,David Wright,Line5
1644,16,Plant B,2024-11-21,3,44807.99,Evening,William Lewis,Line1
1645,61,Plant C,2023-04-21,17,20313.68,Night,Victoria Scott,Line3
1646,99,Plant C,2024-02-13,9,37535.39,Night,Victoria Velazquez,Line1
1647,18,Plant A,2024-04-14,1,21694.93,Evening,Sarah Whitehead,Line1
1648,28,Plant A,2024-07-19,13,42627.58,Evening,Brandon Olsen,Line4
1649,114,Plant B,2025-06-08,20,28613.52,Evening,John Guzman,Line5
1650,91,Plant C,2024-02-10,17,46283.42,Morning,Randy Byrd,Line1
1651,146,Plant B,2023-11-01,5,38616.7,Night,Michael Mcguire,Line4
1652,40,Plant A,2023-08-07,15,7298.72,Evening,Eric Callahan,Line2
1653,12,Plant B,2022-12-16,6,22733.4,Evening,Matthew Mcintosh,Line5
1654,51,Plant C,2023-10-04,1,24371.13,Night,Kara Wolf,Line1
1655,144,Plant A,2023-05-22,9,37045.29,Morning,Bryan Brown,Line4
1656,52,Plant A,2023-03-08,5,20929.89,Night,Jonathan Lopez,Line5
1657,102,Plant C,2024-10-20,8,40139.99,Morning,Jennifer Young,Line4
1658,112,Plant A,2023-04-08,12,36815.3,Night,Jamie Cook,Line1
1659,159,Plant C,2023-02-20,16,12448.28,Night,Anita Johnson,Line3
1660,146,Plant A,2023-12-01,9,36180.26,Evening,Scott Frazier,Line2
1661,128,Plant A,2024-07-02,19,23405.51,Night,Ryan Mcgrath,Line5
1662,106,Plant C,2023-01-18,17,33599.97,Morning,William Rivera,Line2
1663,48,Plant B,2023-12-29,7,40893.78,Morning,Kimberly Davis,Line2
1664,128,Plant C,2024-06-09,19,9271.68,Evening,Amber Berry,Line4
1665,107,Plant A,2023-07-23,20,48992.92,Evening,Jeffrey Evans,Line5
1666,63,Plant A,2024-02-20,19,5785.85,Morning,Sonya Contreras,Line2
1667,186,Plant C,2022-11-22,8,23586.87,Evening,Jeffrey Gomez,Line3
1668,9,Plant B,2023-12-20,11,13298.97,Morning,Dr. Lee Santana MD,Line5
1669,43,Plant A,2023-11-06,18,47090.54,Morning,Barbara Castro,Line4
1670,132,Plant B,2022-11-07,8,19520.0,Night,Cristina Olson,Line4
1671,101,Plant C,2024-07-31,5,43329.16,Morning,Sabrina Johnson,Line5
1672,78,Plant B,2022-11-02,20,34539.0,Morning,Mary Marks,Line4
1673,159,Plant A,2024-09-14,20,32003.99,Morning,Jessica Cisneros,Line3
1674,125,Plant A,2024-10-24,16,45518.6,Morning,Anthony Raymond,Line4
1675,40,Plant A,2023-09-26,3,23358.84,Morning,Mark Conner,Line5
1676,123,Plant C,2024-11-18,17,34197.85,Morning,Natasha Johnson,Line2
1677,118,Plant B,2024-09-02,2,10135.97,Morning,Jesus Martinez,Line4
1678,141,Plant B,2024-12-02,16,7523.85,Morning,Olivia Horton,Line2
1679,105,Plant B,2024-06-06,14,34673.59,Morning,Laura Hogan,Line1
1680,41,Plant B,2023-03-24,10,5719.78,Morning,Thomas Wood,Line3
1681,159,Plant B,2022-11-14,15,34364.2,Night,Andrea Barnes,Line3
1682,137,Plant C,2024-12-10,15,36215.02,Evening,Michael Reynolds,Line3
1683,50,Plant B,2024-07-11,13,39217.02,Evening,Amy Johnson,Line4
1684,177,Plant B,2023-03-31,3,9291.85,Morning,Brian Jackson,Line4
1685,198,Plant B,2023-09-20,18,8603.55,Morning,John Zuniga,Line2
1686,126,Plant B,2023-05-01,12,7606.13,Night,Thomas Gallagher,Line2
1687,63,Plant C,2025-08-14,15,30421.4,Evening,Natasha Sullivan,Line5
1688,191,Plant C,2023-09-18,11,31188.25,Night,Thomas Townsend,Line5
1689,74,Plant C,2024-04-13,1,46109.81,Night,Casey Larson,Line2
1690,1,Plant A,2022-10-23,5,37112.81,Evening,Daniel Frazier,Line3
1691,4,Plant A,2023-08-09,12,12645.8,Morning,Daryl Perez,Line2
1692,196,Plant C,2024-08-10,5,47954.46,Evening,Mr. Kelly Mcdaniel Jr.,Line2
1693,16,Plant A,2022-11-12,9,48317.04,Evening,Randy White,Line3
1694,95,Plant B,2023-07-15,8,23454.05,Morning,Julie Hughes,Line2
1695,179,Plant C,2025-09-28,18,42867.3,Night,Thomas Browning,Line5
1696,191,Plant C,2025-09-27,10,28232.38,Morning,Aaron Harper,Line5
1697,189,Plant B,2023-05-07,2,13481.73,Evening,Peter Franklin,Line4
1698,75,Plant A,2024-10-29,8,17266.93,Evening,Courtney Warner,Line2
1699,178,Plant B,2024-03-08,2,31476.56,Night,Robert Wilson,Line4
1700,30,Plant A,2024-04-22,2,40593.77,Evening,Sara Ortega,Line3
1701,120,Plant C,2025-01-25,7,25221.71,Morning,Jeremy Chen,Line3
1702,2,Plant B,2024-10-21,8,45668.08,Morning,Colleen Cobb,Line3
1703,74,Plant C,2025-01-05,13,33014.17,Night,Mrs. Angela Mejia,Line2
1704,195,Plant B,2025-07-21,10,49062.84,Morning,Kimberly Oconnell,Line2
1705,49,Plant B,2024-08-14,14,14114.28,Evening,Kathryn Ferguson,Line2
1706,147,Plant C,2025-09-04,8,47484.25,Evening,Daniel Kelley,Line3
1707,109,Plant C,2025-09-17,12,28769.64,Night,Alexander Johnson,Line3
1708,48,Plant B,2023-09-23,14,11612.38,Night,Lindsay Brown,Line4
1709,59,Plant A,2024-10-17,16,49665.33,Evening,Hannah Herring,Line5
1710,39,Plant B,2023-07-13,4,17634.15,Night,Jenna Kennedy,Line2
1711,65,Plant C,2023-08-11,4,44949.7,Morning,Thomas Porter,Line2
1712,82,Plant A,2024-07-29,3,29641.74,Morning,Leslie Taylor,Line4
1713,4,Plant C,2024-12-11,12,44202.28,Night,Deborah Garrett,Line1
1714,96,Plant C,2023-12-27,8,19979.55,Morning,Duane Shepard,Line4
1715,145,Plant C,2024-12-15,14,27657.32,Evening,Michele Kline,Line2
1716,124,Plant B,2022-10-16,15,20869.55,Night,Timothy Downs,Line3
1717,129,Plant B,2024-11-04,14,42181.75,Morning,Benjamin Francis MD,Line1
1718,40,Plant C,2025-09-14,19,26498.49,Evening,Autumn Hernandez,Line2
1719,44,Plant B,2024-04-22,11,29408.73,Evening,Carol Reese,Line3
1720,3,Plant B,2025-02-11,20,12565.79,Morning,Cory Hopkins,Line2
1721,75,Plant B,2024-02-20,17,14153.91,Evening,Shawn Morris,Line1
1722,124,Plant B,2024-08-20,1,11642.42,Night,Sarah King,Line5
1723,178,Plant A,2024-10-08,12,9701.51,Evening,Richard Lowe,Line1
1724,51,Plant A,2023-07-09,15,35391.17,Morning,Joshua Bell,Line1
1725,131,Plant B,2025-06-11,11,36118.35,Evening,Debra Hernandez,Line4
1726,60,Plant A,2023-02-07,19,9401.74,Evening,Jonathan Johnson,Line2
1727,166,Plant B,2025-05-16,5,9189.82,Morning,Gregory Wiggins,Line1
1728,88,Plant B,2024-01-30,16,27931.07,Evening,April Rowe,Line2
1729,145,Plant B,2025-09-06,11,32279.77,Evening,Claire Johnson,Line5
1730,108,Plant A,2025-05-28,20,45226.13,Morning,Gerald Adkins,Line3
1731,105,Plant A,2023-08-10,4,16827.99,Night,Paula Castro,Line4
1732,86,Plant B,2023-05-16,10,31176.65,Morning,Kristi Nicholson,Line3
1733,99,Plant A,2024-02-09,8,27146.17,Morning,Gina Carroll,Line3
1734,192,Plant A,2025-03-15,2,28946.84,Evening,Summer Ford,Line5
1735,110,Plant B,2024-10-28,7,47770.2,Night,Kevin Johnston,Line3
1736,48,Plant B,2024-12-22,14,49968.14,Morning,Robin Campbell,Line1
1737,186,Plant B,2024-01-12,14,31231.2,Morning,Ryan Kelley,Line2
1738,109,Plant B,2022-10-22,18,16492.06,Night,Daniel Simmons,Line3
1739,180,Plant A,2024-07-29,12,30277.79,Evening,Heather Gordon,Line5
1740,132,Plant A,2025-02-12,16,49342.74,Morning,Laura Boone,Line2
1741,107,Plant A,2025-06-04,19,28611.8,Evening,Charles Russell,Line5
1742,24,Plant A,2024-07-08,8,39413.05,Night,Catherine Hutchinson,Line3
1743,145,Plant C,2022-10-31,7,12972.21,Night,Hannah Johnson,Line1
1744,110,Plant A,2025-03-30,17,5217.93,Morning,Rachel Dickerson,Line5
1745,105,Plant B,2024-02-23,19,21228.68,Evening,Christine Strickland,Line4
1746,189,Plant C,2024-07-31,8,40277.89,Morning,Jason Bowers,Line2
1747,28,Plant C,2022-12-24,8,23588.83,Morning,Edward Cruz,Line5
1748,194,Plant C,2025-06-24,18,43590.04,Night,Carol Silva,Line1
1749,14,Plant C,2023-09-05,10,45817.44,Morning,Ethan Huff,Line3
1750,160,Plant C,2024-06-21,20,40752.85,Evening,Jeffrey Lopez,Line4
1751,188,Plant C,2022-12-30,13,6803.98,Morning,Matthew Floyd,Line5
1752,159,Plant C,2025-08-15,7,13483.1,Evening,Adam Barker,Line1
1753,62,Plant B,2025-02-15,16,32365.23,Evening,Jaime May,Line1
1754,133,Plant A,2025-08-29,6,41120.02,Morning,Amy Jacobson DDS,Line3
1755,53,Plant C,2023-01-27,3,36633.56,Evening,Desiree Graham,Line3
1756,57,Plant C,2022-11-25,19,37307.76,Evening,Ronald Cunningham,Line4
1757,71,Plant C,2023-01-09,15,21637.28,Night,Stephanie Kaufman,Line5
1758,85,Plant C,2024-10-01,6,49745.72,Night,Annette Nunez,Line5
1759,132,Plant C,2024-03-08,6,14634.95,Evening,Jessica Schmidt,Line4
1760,33,Plant A,2023-09-12,9,30695.33,Morning,Ashley Hamilton,Line1
1761,197,Plant A,2024-07-07,18,49848.52,Night,Melissa Johnson,Line5
1762,154,Plant B,2023-10-13,3,12344.7,Morning,Jason Torres,Line1
1763,107,Plant C,2025-04-22,11,43528.49,Morning,Jacqueline Allen,Line1
1764,108,Plant C,2023-06-04,6,39681.39,Morning,Leslie Stanton,Line1
1765,148,Plant C,2024-12-29,11,46817.19,Evening,Catherine Evans,Line3
1766,13,Plant C,2025-03-06,10,11750.21,Evening,Emily Lester,Line2
1767,26,Plant A,2024-06-25,10,25425.28,Evening,Shannon Martinez,Line3
1768,27,Plant A,2025-01-17,3,45014.67,Morning,Pamela Mays,Line1
1769,16,Plant A,2023-06-25,17,12214.85,Evening,Donald Bishop,Line3
1770,163,Plant C,2023-06-07,10,6529.5,Evening,Rachel West,Line4
1771,34,Plant A,2023-09-22,15,44076.29,Evening,David Hayes,Line1
1772,126,Plant B,2023-11-24,15,27758.46,Night,Richard Shaw,Line3
1773,121,Plant B,2024-09-28,3,36069.16,Evening,Sharon Brock,Line4
1774,62,Plant B,2023-10-24,6,34297.54,Morning,Brian Cook,Line3
1775,37,Plant C,2024-06-25,18,31388.57,Morning,Jeremy Schmidt,Line3
1776,19,Plant A,2022-12-28,7,33249.37,Morning,Samuel Love,Line3
1777,85,Plant A,2023-03-19,13,45689.02,Morning,Lisa Kent,Line2
1778,114,Plant A,2025-07-22,7,39204.14,Evening,Rhonda Martin,Line4
1779,139,Plant C,2024-06-18,1,45013.89,Morning,Kyle Williams,Line4
1780,158,Plant C,2025-06-14,6,30700.74,Morning,Monica Bridges,Line5
1781,8,Plant B,2024-03-03,12,19099.69,Night,Janice Gray,Line1
1782,1,Plant B,2024-03-22,14,43623.53,Night,Brian Rios,Line1
1783,89,Plant B,2024-08-17,19,14743.33,Morning,Kristine Ramirez,Line4
1784,73,Plant C,2023-03-09,18,38476.0,Evening,Brandon Sullivan,Line5
1785,163,Plant B,2025-01-12,2,33135.06,Morning,Linda Hughes,Line4
1786,67,Plant A,2023-01-12,2,19420.2,Night,Cathy Koch,Line3
1787,43,Plant C,2023-12-02,12,42954.24,Night,Brian Hill,Line2
1788,18,Plant A,2023-05-07,19,24391.27,Morning,Mary Burns,Line4
1789,34,Plant B,2025-09-10,15,11370.72,Morning,Garrett Wilson,Line4
1790,176,Plant C,2022-12-21,9,31717.58,Night,Kathryn Terry,Line4
1791,88,Plant A,2022-10-19,10,35227.51,Night,Alan Flowers,Line1
1792,60,Plant B,2023-05-25,16,14776.73,Evening,Mr. Steven Lewis Jr.,Line5
1793,60,Plant B,2024-03-30,17,15600.69,Evening,Michael West,Line2
1794,1,Plant B,2023-09-11,5,21411.7,Morning,Nicole White,Line5
1795,38,Plant C,2024-12-18,2,47109.7,Night,Felicia Jones MD,Line1
1796,3,Plant B,2024-07-28,15,11954.61,Evening,Julie Smith,Line1
1797,137,Plant B,2024-12-19,15,35475.97,Evening,David Booth,Line4
1798,66,Plant C,2025-03-13,4,10127.36,Evening,Sheila Gilmore,Line4
1799,23,Plant A,2024-06-09,10,18460.86,Night,Michael Johnson,Line2
1800,92,Plant A,2023-05-07,18,37258.52,Evening,Terry Rice,Line4
1801,33,Plant A,2024-11-21,20,5080.43,Night,Christina Johnson,Line2
1802,142,Plant A,2023-10-29,6,18168.22,Evening,Nicole Tate,Line1
1803,108,Plant B,2025-01-30,19,25520.56,Evening,Caroline Norris,Line3
1804,45,Plant C,2023-07-17,2,16022.17,Morning,Nicole Gilbert,Line2
1805,92,Plant B,2023-11-19,1,27164.91,Evening,Nathan Craig,Line3
1806,163,Plant B,2023-06-22,4,24898.98,Evening,Bruce Jones,Line5
1807,115,Plant C,2023-01-30,15,40339.76,Evening,Michelle Orozco,Line5
1808,156,Plant A,2024-10-18,8,32490.44,Morning,Maria Weiss,Line1
1809,84,Plant C,2024-02-07,5,18305.47,Night,Jaime Lopez,Line1
1810,41,Plant A,2023-04-09,20,43990.03,Evening,Carolyn Williams,Line1
1811,86,Plant C,2023-03-29,19,10498.46,Morning,Barbara Bennett,Line3
1812,58,Plant C,2024-01-30,15,32604.37,Morning,Rodney Martinez,Line5
1813,183,Plant B,2023-08-23,10,41358.05,Morning,Frank Guzman,Line2
1814,60,Plant B,2024-06-13,15,16705.07,Morning,Kimberly Quinn,Line3
1815,106,Plant A,2022-11-03,9,44501.98,Morning,Michael Black,Line4
1816,58,Plant B,2023-08-18,4,9877.53,Morning,Jessica Adams,Line3
1817,194,Plant B,2025-05-05,9,17215.21,Morning,Richard Greer,Line4
1818,50,Plant A,2023-05-13,4,45757.71,Evening,Dawn Webb PhD,Line5
1819,115,Plant B,2025-06-26,12,43846.6,Evening,Wanda Foster,Line1
1820,83,Plant A,2023-09-29,12,39043.66,Morning,Michael Thompson,Line2
1821,83,Plant A,2024-06-23,12,44458.13,Morning,Mark Williams,Line5
1822,117,Plant A,2023-05-28,13,21742.52,Morning,Jason Deleon,Line5
1823,184,Plant A,2023-02-02,15,19535.32,Morning,Richard Farrell,Line1
1824,125,Plant B,2023-04-30,8,14979.4,Morning,Michael Graham,Line1
1825,51,Plant B,2025-09-12,19,9992.79,Night,Kayla Andrews,Line1
1826,90,Plant C,2022-12-09,11,39162.99,Morning,Laura Smith,Line2
1827,145,Plant B,2024-09-08,17,32404.76,Night,Danielle Bradford,Line4
1828,147,Plant B,2024-10-28,19,47727.06,Morning,Karen Kemp,Line3
1829,87,Plant A,2023-04-18,13,7303.95,Evening,Joshua Bennett,Line3
1830,7,Plant C,2022-11-05,11,29613.61,Morning,Thomas Wagner,Line3
1831,35,Plant C,2024-08-20,7,15928.92,Morning,Eric Schultz,Line4
1832,2,Plant C,2024-05-26,2,31095.77,Evening,Felicia Ortiz,Line2
1833,169,Plant C,2024-10-20,11,36896.32,Morning,Sharon Hendricks,Line1
1834,175,Plant A,2025-04-13,1,25335.46,Night,Melissa Gonzalez,Line4
1835,87,Plant B,2024-07-25,14,41455.65,Morning,James Peterson,Line2
1836,127,Plant B,2025-07-16,1,37993.46,Night,Ronald Osborne,Line4
1837,198,Plant B,2024-05-06,16,21082.3,Night,Jennifer Walker,Line4
1838,152,Plant A,2024-05-14,14,28533.95,Evening,John Woods,Line3
1839,35,Plant B,2022-11-12,7,48337.21,Evening,Ernest Robinson,Line3
1840,100,Plant C,2024-03-05,11,37491.57,Night,Allison Sanchez,Line4
1841,189,Plant A,2023-05-27,3,24352.37,Night,Michael Walker,Line1
1842,118,Plant A,2023-05-30,14,13332.68,Morning,Mercedes Anderson,Line4
1843,54,Plant B,2022-12-04,20,8005.03,Night,Andre Jones,Line1
1844,184,Plant A,2025-08-22,13,24190.41,Night,Alexandra Gonzalez,Line2
1845,139,Plant C,2022-12-28,13,40339.71,Night,Cody Anderson,Line4
1846,34,Plant C,2024-09-09,9,34141.46,Evening,Joseph Jackson,Line4
1847,10,Plant C,2025-04-11,17,34166.17,Night,Stuart Pruitt,Line2
1848,148,Plant C,2024-02-13,19,24642.0,Night,Luis Parrish,Line4
1849,39,Plant A,2023-04-27,13,12651.2,Evening,Thomas Zimmerman,Line4
1850,187,Plant A,2024-12-30,14,47980.13,Night,Alexandra Wilson,Line1
1851,28,Plant C,2024-04-26,14,20898.36,Night,Natalie Norris,Line4
1852,87,Plant A,2025-03-05,2,14969.7,Evening,Megan Smith,Line3
1853,89,Plant C,2024-02-22,4,32891.19,Morning,Jeffrey Fuentes,Line3
1854,61,Plant A,2025-06-13,18,25613.11,Night,Kristine Hall,Line4
1855,6,Plant A,2024-04-13,19,21169.19,Night,Corey Lewis,Line3
1856,111,Plant B,2025-01-03,13,49447.54,Morning,Greg Schultz,Line2
1857,57,Plant A,2024-01-27,11,5904.14,Evening,Daniel Espinoza,Line3
1858,192,Plant B,2024-11-15,14,8758.31,Evening,Michael Young,Line1
1859,105,Plant A,2025-07-05,12,19678.0,Evening,Sarah Gilmore,Line5
1860,133,Plant A,2022-10-08,17,32309.79,Morning,Larry Edwards,Line1
1861,72,Plant B,2024-06-20,17,29804.94,Night,Mark Silva,Line2
1862,152,Plant C,2023-07-06,3,27285.8,Morning,Kelly Shelton,Line4
1863,43,Plant B,2025-06-10,1,7997.04,Night,Robert Marsh,Line3
1864,122,Plant B,2024-04-26,1,36076.22,Evening,Matthew Ross,Line3
1865,2,Plant B,2025-04-27,16,36803.35,Night,Shawn Valencia,Line5
1866,108,Plant B,2024-03-05,5,43921.01,Morning,Traci Walker,Line4
1867,167,Plant B,2025-07-07,4,7708.16,Morning,Jennifer Lowe,Line4
1868,107,Plant C,2024-06-08,1,17229.04,Evening,Randy Carter,Line1
1869,13,Plant C,2024-11-10,7,20349.17,Evening,Rose Johnson MD,Line4
1870,125,Plant B,2023-12-18,3,14293.66,Night,Michael Gonzalez,Line5
1871,30,Plant A,2024-11-11,11,40471.63,Morning,Kayla Walker,Line1
1872,139,Plant B,2023-04-20,2,49942.56,Night,Brandon Carrillo,Line4
1873,160,Plant A,2023-07-27,15,30118.45,Morning,Isaiah Young,Line1
1874,165,Plant A,2025-05-07,16,28407.85,Evening,Brenda Young,Line4
1875,89,Plant A,2025-01-03,16,35466.44,Morning,Christy Robinson,Line2
1876,167,Plant A,2024-02-21,13,34096.4,Evening,Rodney Thomas,Line3
1877,28,Plant B,2023-05-13,15,6911.32,Night,Zachary Lee,Line2
1878,8,Plant B,2025-04-10,14,37539.36,Evening,Susan Golden DDS,Line5
1879,66,Plant B,2023-06-01,16,27257.99,Morning,Reginald Huffman,Line5
1880,42,Plant C,2024-05-26,4,24197.1,Night,Kristen Huffman,Line5
1881,82,Plant C,2025-06-02,13,34593.64,Night,Ronald Barrett,Line5
1882,47,Plant C,2023-07-30,15,16112.58,Night,Emily Palmer,Line3
1883,117,Plant A,2024-06-09,19,14069.21,Evening,Elizabeth Wells,Line4
1884,199,Plant A,2025-09-27,17,18046.29,Evening,Janet Hill,Line3
1885,188,Plant C,2023-04-30,9,13578.74,Morning,Sarah Raymond,Line1
1886,191,Plant B,2025-08-24,10,41362.32,Evening,Erin Benson,Line4
1887,10,Plant A,2025-03-09,18,25296.37,Evening,Benjamin Wilson,Line5
1888,132,Plant A,2023-10-29,20,28190.42,Night,Shannon Lyons,Line3
1889,161,Plant B,2023-12-07,13,48556.85,Evening,Jacob Tate,Line3
1890,7,Plant A,2023-05-26,4,37976.92,Evening,Andrew Ramirez,Line2
1891,170,Plant C,2024-01-26,13,43595.32,Morning,Olivia Schultz,Line5
1892,53,Plant C,2025-05-12,14,14201.85,Night,William Johnson,Line4
1893,161,Plant B,2025-06-14,6,19558.52,Evening,Jason Padilla,Line1
1894,34,Plant C,2025-08-20,7,35489.04,Evening,Eugene Wheeler,Line4
1895,164,Plant B,2022-11-15,7,10803.78,Evening,Kathryn Knapp,Line1
1896,76,Plant B,2022-12-17,19,42609.18,Morning,Paul Morgan,Line1
1897,197,Plant B,2023-01-06,20,44125.88,Evening,Brooke Andersen,Line4
1898,108,Plant C,2023-11-16,8,48784.16,Morning,Robert Baker,Line5
1899,119,Plant C,2023-05-17,1,6512.69,Morning,Randall Lozano,Line5
1900,180,Plant A,2024-06-23,17,31916.92,Evening,Charles Barrett,Line5
1901,172,Plant A,2024-01-19,6,39174.86,Night,Angela Wright,Line1
1902,4,Plant C,2024-01-20,16,18649.39,Evening,Angela Francis,Line2
1903,102,Plant A,2024-12-30,20,17136.02,Evening,Kenneth Murphy,Line5
1904,194,Plant C,2023-08-11,2,33556.9,Evening,Justin Turner,Line2
1905,94,Plant C,2024-09-07,15,30737.7,Evening,Teresa Deleon,Line3
1906,58,Plant B,2024-05-10,10,23436.58,Evening,Jordan Brady,Line5
1907,109,Plant A,2025-01-20,4,12321.79,Morning,Amber Scott,Line3
1908,136,Plant C,2023-08-17,16,47474.52,Evening,Nancy Johnson,Line5
1909,127,Plant B,2024-04-25,9,25755.48,Morning,Angela Hoffman,Line5
1910,178,Plant A,2025-08-02,7,25482.02,Night,Leslie Gould,Line3
1911,197,Plant B,2023-10-28,3,41619.81,Evening,Eric Sanders,Line1
1912,29,Plant A,2025-09-17,2,23896.31,Evening,Robert Williams,Line1
1913,37,Plant A,2024-08-31,18,43100.23,Evening,Arthur Wallace,Line2
1914,142,Plant C,2024-06-29,9,31574.6,Morning,Andrew Mcdonald,Line2
1915,66,Plant B,2025-06-17,2,9703.4,Morning,Connie Henderson,Line3
1916,57,Plant B,2022-11-22,12,35263.05,Night,Julie Miller,Line3
1917,158,Plant B,2023-07-22,11,30470.88,Morning,Patricia Schneider,Line1
1918,64,Plant C,2023-09-14,13,16093.3,Morning,Shannon Shea,Line2
1919,148,Plant A,2023-05-21,16,47202.91,Evening,Patrick Fox,Line1
1920,3,Plant A,2023-09-22,5,46768.63,Morning,John Frederick,Line3
1921,156,Plant B,2023-06-13,13,42946.3,Evening,Brian Whitehead,Line3
1922,98,Plant B,2025-01-19,13,36224.44,Evening,Benjamin Mitchell,Line2
1923,116,Plant A,2024-04-28,1,30050.74,Evening,Teresa Ramirez MD,Line2
1924,78,Plant B,2025-04-14,8,49280.77,Night,Michael Logan,Line3
1925,179,Plant C,2024-02-23,12,25052.09,Evening,James Bailey,Line5
1926,71,Plant B,2024-04-19,5,43896.57,Night,Kendra Myers,Line2
1927,182,Plant A,2023-10-17,2,29880.2,Evening,Joseph Kelley,Line2
1928,149,Plant A,2023-02-08,4,37576.58,Evening,Stacey Smith,Line1
1929,19,Plant A,2023-09-12,4,6347.5,Night,Charles Simpson,Line2
1930,47,Plant B,2025-01-30,17,24241.62,Morning,Jeremy Hill,Line4
1931,132,Plant A,2025-01-02,3,39494.38,Night,William Howard,Line1
1932,86,Plant C,2023-06-15,4,7826.9,Morning,Christopher Wong,Line1
1933,115,Plant B,2024-11-22,17,16323.54,Morning,Donna Hernandez,Line4
1934,54,Plant C,2024-10-11,15,5607.74,Evening,Jeremy Acosta,Line3
1935,138,Plant B,2023-08-25,11,29346.98,Evening,Allison Horton,Line4
1936,98,Plant C,2023-09-11,19,48194.04,Night,Eddie Kerr,Line2
1937,113,Plant A,2024-08-13,18,46583.44,Evening,Lisa Mckinney,Line3
1938,15,Plant A,2024-09-18,4,30490.79,Evening,Amanda Maldonado,Line1
1939,189,Plant A,2025-02-08,14,18889.27,Night,Chelsea Tucker,Line3
1940,24,Plant B,2025-06-16,3,25375.3,Morning,Douglas Edwards,Line4
1941,49,Plant C,2025-09-16,12,13062.85,Morning,Morgan Hutchinson,Line4
1942,174,Plant A,2023-10-10,11,23344.77,Morning,Adam Bartlett,Line1
1943,150,Plant B,2025-05-06,10,41953.07,Night,Curtis Nguyen,Line2
1944,155,Plant A,2025-01-10,19,48129.16,Morning,Timothy Stone,Line2
1945,109,Plant B,2025-07-12,11,45886.56,Evening,Laura Chan,Line1
1946,44,Plant B,2024-08-31,18,29697.33,Morning,Andrew Wilkinson,Line4
1947,112,Plant C,2024-04-27,19,31788.45,Morning,Theresa Bush,Line4
1948,186,Plant A,2022-11-27,1,24433.23,Night,Nicole Reese,Line2
1949,194,Plant A,2022-10-31,20,41984.54,Evening,Angela Fernandez,Line4
1950,195,Plant A,2025-01-09,19,18899.98,Night,Jared George,Line3
1951,7,Plant C,2025-09-05,20,48720.84,Evening,Luis Peterson,Line5
1952,139,Plant C,2024-11-01,17,41908.88,Morning,Ann Kennedy,Line3
1953,43,Plant C,2025-01-15,5,27422.94,Morning,Susan Jenkins,Line1
1954,56,Plant A,2024-06-01,11,32790.05,Night,Leslie Aguilar,Line5
1955,128,Plant A,2024-10-18,10,10996.32,Night,Richard Miller,Line5
1956,90,Plant C,2023-01-20,3,5134.97,Night,Colleen Zuniga,Line1
1957,70,Plant C,2023-08-28,16,25984.34,Evening,Ronald Clark,Line2
1958,186,Plant C,2022-12-03,20,47638.46,Night,Kevin Jones,Line1
1959,162,Plant B,2024-03-26,7,6806.1,Morning,Lorraine Miller,Line2
1960,130,Plant B,2023-03-30,10,11121.53,Evening,Rebecca Avila,Line5
1961,50,Plant C,2024-10-18,14,42348.49,Morning,Taylor Griffin,Line5
1962,86,Plant A,2025-03-29,15,20196.34,Night,Pamela Salas,Line4
1963,49,Plant C,2025-02-15,1,11468.2,Morning,Brandon Armstrong,Line3
1964,62,Plant C,2024-06-29,9,25221.62,Night,Robin Gonzales,Line4
1965,41,Plant C,2024-04-06,14,11327.36,Night,Amanda Stevenson,Line3
1966,27,Plant B,2025-06-29,3,45563.52,Evening,Deborah Douglas,Line1
1967,10,Plant C,2023-03-25,18,43029.92,Evening,Ariana Acosta,Line2
1968,136,Plant C,2024-01-04,18,37533.53,Morning,Donald Harrison,Line1
1969,98,Plant B,2024-09-16,2,7144.13,Night,Anna Edwards,Line4
1970,155,Plant B,2024-07-06,18,45078.89,Evening,Angela Kim,Line1
1971,89,Plant A,2024-01-31,14,30434.0,Evening,Joseph Edwards,Line3
1972,95,Plant A,2025-05-26,15,7694.9,Evening,Samantha Newman,Line3
1973,111,Plant A,2022-11-30,1,32611.83,Night,Megan Hunter,Line3
1974,92,Plant C,2025-05-27,3,17890.61,Morning,Amanda Gibson,Line5
1975,137,Plant A,2023-02-09,17,32890.09,Morning,Rachel Martinez PhD,Line1
1976,189,Plant B,2022-11-01,1,29875.44,Evening,Rebecca Torres,Line2
1977,67,Plant A,2023-01-23,17,47952.8,Evening,Stacy Ayala,Line5
1978,120,Plant B,2023-01-17,11,5843.58,Evening,Tracy Reynolds,Line5
1979,59,Plant B,2025-03-08,13,30052.99,Night,Jessica Evans,Line1
1980,58,Plant C,2024-01-08,10,38109.46,Night,John Roberts,Line4
1981,38,Plant B,2024-05-12,11,37612.71,Morning,Aaron Davis,Line2
1982,74,Plant A,2023-01-19,20,31870.95,Night,Jerry Combs,Line3
1983,79,Plant B,2025-05-23,20,35086.99,Morning,Sierra Brown,Line4
1984,82,Plant A,2025-06-06,17,13467.62,Morning,Sean Chase,Line2
1985,181,Plant B,2025-05-24,6,14761.95,Night,David Barton,Line4
1986,99,Plant A,2024-08-14,13,30415.34,Evening,Jessica Wells,Line2
1987,114,Plant C,2024-11-27,3,31024.0,Night,Evan Bell,Line3
1988,28,Plant B,2023-08-22,11,34411.41,Night,Gary Hunter,Line2
1989,135,Plant A,2024-10-02,11,21345.2,Evening,Jacob Conner,Line2
1990,2,Plant B,2023-09-18,6,29430.61,Morning,Lisa Webb,Line4
1991,58,Plant C,2024-01-07,13,11399.44,Evening,Julie Pitts,Line2
1992,66,Plant B,2023-02-09,6,28214.74,Morning,Charlotte Lopez,Line2
1993,148,Plant C,2023-12-08,20,47823.22,Night,Linda Henry,Line3
1994,12,Plant A,2024-03-06,3,46556.79,Evening,Lisa Sanchez,Line4
1995,114,Plant A,2023-08-30,10,42917.05,Evening,Melissa Sellers,Line2
1996,69,Plant A,2023-05-01,11,41269.94,Morning,James Gilbert,Line1
1997,165,Plant B,2025-07-11,5,31014.7,Night,Pamela Moore,Line5
1998,118,Plant C,2023-10-30,3,30383.2,Night,Amanda Ramirez,Line2
1999,198,Plant A,2022-11-30,6,33691.39,Night,Steven Hill,Line4
2000,62,Plant C,2022-10-19,3,35070.67,Morning,Maria Martinez,Line1
2001,129,Plant B,2024-10-31,20,16364.07,Morning,Elizabeth Newton,Line1
2002,140,Plant B,2023-09-22,13,28605.35,Morning,Stacy Torres,Line3
2003,57,Plant B,2023-11-10,9,47157.44,Night,Desiree Nolan,Line5
2004,140,Plant B,2025-03-04,13,41527.89,Morning,Sherry Hayes,Line1
2005,82,Plant C,2022-10-25,5,23626.6,Evening,Deborah Scott,Line5
2006,192,Plant A,2024-11-22,14,26082.69,Morning,Steven Nixon,Line2
2007,12,Plant C,2023-08-02,20,44329.01,Evening,Robert Williams,Line3
2008,148,Plant B,2023-01-24,11,24326.57,Morning,Sharon Reed,Line1
2009,114,Plant B,2025-07-16,4,21327.15,Morning,Emily Bell,Line5
2010,35,Plant A,2023-02-03,1,18652.21,Evening,Bradley Marsh,Line5
2011,169,Plant A,2024-02-08,15,48265.35,Night,Joshua Holt,Line3
2012,106,Plant A,2023-01-04,20,9304.64,Night,Hayden Miller,Line3
2013,113,Plant B,2024-05-31,14,16055.76,Morning,Ernest Lopez,Line5
2014,95,Plant A,2024-10-06,13,38560.9,Morning,Jared Davis,Line3
2015,53,Plant C,2025-01-02,5,13021.84,Night,Tyler Mercer,Line4
2016,163,Plant C,2023-07-29,6,20394.32,Morning,Ian Gray,Line2
2017,166,Plant C,2023-08-29,14,23388.89,Evening,Teresa Barton DVM,Line5
2018,15,Plant B,2024-02-22,17,17104.99,Evening,Raymond Watkins DVM,Line3
2019,169,Plant C,2024-02-08,7,36347.51,Morning,Alicia Johnson,Line3
2020,192,Plant B,2025-01-20,10,47907.99,Morning,Jessica King,Line4
2021,27,Plant C,2025-02-03,7,10790.01,Night,Jeremiah Morales,Line3
2022,18,Plant A,2025-03-17,16,22439.38,Morning,Samuel Morrow,Line2
2023,48,Plant A,2025-02-28,20,40621.82,Night,Paul Little,Line4
2024,138,Plant A,2025-07-25,16,40066.67,Evening,Bryan Garcia,Line5
2025,137,Plant A,2024-07-26,12,47521.63,Evening,Heather Guerrero,Line5
2026,185,Plant C,2025-07-01,16,24601.53,Morning,Matthew White,Line3
2027,36,Plant A,2024-01-18,1,17747.79,Morning,Larry Hernandez,Line4
2028,172,Plant B,2024-03-04,14,47831.39,Night,Erin Chaney,Line3
2029,137,Plant B,2024-10-08,6,35056.48,Evening,Ebony Atkins,Line1
2030,138,Plant C,2023-10-03,7,10135.39,Morning,Brendan George,Line5
2031,170,Plant B,2024-03-31,4,37006.93,Evening,Ronald Zuniga,Line5
2032,178,Plant A,2023-10-17,7,45189.26,Night,Mrs. Destiny Guzman,Line4
2033,5,Plant B,2024-05-17,14,37929.28,Morning,Karen Washington,Line3
2034,79,Plant A,2024-11-14,5,15283.02,Night,Dalton Day,Line2
2035,178,Plant C,2025-03-04,3,18657.3,Evening,Michael Palmer,Line3
2036,198,Plant B,2025-02-16,1,32790.85,Morning,Justin Nelson,Line2
2037,139,Plant B,2024-02-19,18,24784.72,Evening,Bryan Henderson,Line4
2038,86,Plant C,2023-03-12,3,12493.14,Morning,Kristen Reed,Line1
2039,57,Plant B,2025-04-29,10,14417.62,Evening,Anthony Gilbert,Line4
2040,24,Plant B,2025-05-16,9,9579.4,Night,Lauren Williams,Line1
2041,167,Plant A,2022-12-21,12,32555.61,Evening,Nathan Mcfarland,Line4
2042,168,Plant B,2025-05-12,6,31942.33,Morning,Kristin Herrera DVM,Line2
2043,109,Plant A,2025-03-26,14,37091.08,Morning,Danielle Thomas,Line2
2044,86,Plant A,2022-11-05,15,23555.18,Night,Laura Hicks,Line3
2045,31,Plant A,2024-10-10,7,47648.09,Night,Kenneth Hill,Line4
2046,144,Plant A,2024-11-15,6,36050.49,Night,Dean Fernandez PhD,Line4
2047,107,Plant A,2023-03-26,2,40164.74,Morning,James Wilcox,Line4
2048,84,Plant B,2023-06-19,19,36214.7,Evening,Crystal Lopez,Line4
2049,47,Plant B,2023-07-23,15,40942.85,Evening,Michelle Bishop,Line1
2050,185,Plant C,2024-01-30,11,26967.78,Evening,Stephanie Davis,Line3
2051,116,Plant C,2022-10-20,1,26420.35,Morning,Melissa Webb,Line5
2052,90,Plant B,2024-02-10,12,13110.66,Morning,Peter Young,Line5
2053,160,Plant A,2024-09-22,13,21739.82,Night,Sheila Miller,Line3
2054,25,Plant C,2025-08-31,4,24730.36,Evening,Sara Smith,Line2
2055,168,Plant B,2024-08-21,5,16009.33,Night,Philip Barrett,Line3
2056,75,Plant B,2023-12-23,7,11652.34,Evening,Kevin Singh,Line2
2057,138,Plant B,2025-03-03,3,40902.37,Night,Dana Humphrey,Line4
2058,6,Plant B,2024-03-21,6,29523.36,Morning,Matthew Nichols,Line3
2059,18,Plant C,2023-08-30,4,9484.18,Morning,Traci Ross,Line4
2060,190,Plant A,2023-10-21,15,7359.94,Morning,Jennifer Collins,Line4
2061,89,Plant A,2024-02-04,10,5210.16,Morning,Pamela Gonzales,Line4
2062,169,Plant B,2024-12-23,5,8091.61,Night,Linda Meadows,Line3
2063,178,Plant B,2024-08-23,5,20318.16,Morning,Tamara Brooks,Line1
2064,130,Plant A,2025-01-24,17,12700.32,Morning,Miss Anna Allen,Line2
2065,190,Plant B,2024-06-10,18,36398.33,Morning,Thomas Todd,Line5
2066,137,Plant B,2024-09-30,20,20805.11,Night,Daniel Williams,Line2
2067,166,Plant B,2023-10-29,8,47423.95,Evening,Matthew Mitchell,Line1
2068,55,Plant B,2023-03-29,14,31552.16,Evening,Jacob Harris,Line4
2069,131,Plant C,2023-02-14,16,12892.93,Night,John Glover,Line3
2070,108,Plant A,2023-07-08,8,12343.37,Evening,Patricia Green,Line1
2071,32,Plant B,2024-08-05,3,6572.39,Night,Mrs. Jessica Henderson,Line5
2072,25,Plant B,2023-07-09,6,35492.74,Night,Jill Johnson,Line4
2073,20,Plant C,2024-10-29,20,16201.72,Night,Robert Garcia,Line2
2074,135,Plant C,2023-10-28,5,30317.0,Morning,Mark Cline,Line4
2075,70,Plant A,2024-11-08,8,33285.32,Night,Victoria Knight,Line2
2076,200,Plant C,2023-04-13,1,25956.99,Morning,Blake Collins,Line3
2077,48,Plant A,2024-08-24,9,36064.46,Evening,Matthew Lewis,Line4
2078,41,Plant A,2024-05-04,14,39434.03,Morning,Melissa Williams,Line1
2079,3,Plant A,2023-05-29,17,21164.37,Morning,Thomas Ortiz,Line5
2080,101,Plant C,2024-05-27,10,15207.46,Night,Christopher Oneal MD,Line3
2081,145,Plant A,2025-05-11,18,14215.32,Morning,Daniel Norris,Line1
2082,128,Plant C,2022-12-21,5,15086.31,Morning,Gail Murillo,Line2
2083,180,Plant C,2023-03-10,17,37460.77,Evening,Angela Newton,Line2
2084,159,Plant A,2024-08-20,15,29285.77,Morning,Amanda Wood,Line3
2085,41,Plant B,2023-02-28,14,24983.6,Morning,David Garza,Line3
2086,122,Plant C,2023-03-13,16,39327.7,Night,Zachary Gordon,Line1
2087,87,Plant C,2022-10-23,20,42802.84,Night,Kristen Butler,Line1
2088,96,Plant C,2024-04-15,5,5883.09,Morning,Jennifer Higgins,Line1
2089,3,Plant C,2025-06-19,14,33309.48,Night,Tammy Thompson,Line5
2090,54,Plant B,2024-02-26,10,22315.7,Night,Daniel Wright,Line2
2091,109,Plant A,2023-03-29,13,34220.1,Night,Tina Hill,Line4
2092,153,Plant C,2023-06-22,2,27506.54,Night,John Garza,Line4
2093,61,Plant A,2024-11-10,14,5277.18,Evening,Mark Haynes,Line1
2094,64,Plant B,2025-03-04,12,32518.44,Night,Maria James,Line5
2095,106,Plant B,2024-02-12,14,38838.86,Evening,Devin Johnson,Line3
2096,195,Plant C,2025-05-13,19,20341.42,Night,Whitney Davis,Line2
2097,72,Plant A,2024-10-16,12,48157.0,Evening,Janet Montgomery,Line4
2098,148,Plant A,2022-11-01,5,46899.78,Morning,Amy Carrillo,Line5
2099,38,Plant A,2024-06-23,7,18721.8,Evening,Travis Mason,Line5
2100,70,Plant A,2024-09-01,15,12578.41,Morning,Laura Farrell,Line4
2101,169,Plant C,2025-04-13,11,43576.03,Evening,Marilyn Marquez,Line1
2102,27,Plant A,2024-11-13,3,34077.0,Night,Mrs. Jennifer Briggs,Line1
2103,105,Plant B,2022-11-04,9,41050.94,Morning,Catherine Watson,Line4
2104,72,Plant B,2024-11-22,13,15761.94,Night,Amber Villanueva,Line5
2105,22,Plant B,2024-08-09,7,26776.11,Evening,Kim Small,Line2
2106,41,Plant B,2024-03-19,13,22938.14,Night,John Farley,Line5
2107,136,Plant B,2022-11-25,16,47574.05,Night,Beth Smith,Line1
2108,39,Plant C,2023-02-28,1,27185.59,Evening,Wendy Sanchez,Line3
2109,144,Plant C,2023-06-15,10,20871.65,Morning,David Woods,Line1
2110,113,Plant B,2024-08-13,17,49361.1,Night,Daniel Stanley,Line4
2111,155,Plant A,2023-09-16,16,6272.07,Evening,Christopher Snyder,Line4
2112,102,Plant B,2024-03-13,19,27082.45,Night,Dawn Wilson,Line1
2113,44,Plant B,2023-09-10,14,16816.19,Night,Debra Jones,Line3
2114,172,Plant C,2025-08-11,4,32758.29,Morning,Mark Ingram,Line4
2115,186,Plant B,2024-05-05,16,25031.24,Night,Jimmy Mitchell,Line4
2116,3,Plant B,2025-03-25,18,8797.91,Morning,Katherine Moss,Line2
2117,92,Plant B,2023-01-17,6,33987.91,Night,Michelle Archer,Line5
2118,125,Plant A,2023-02-12,11,42346.57,Evening,Brett White,Line5
2119,193,Plant C,2025-09-18,16,46547.41,Night,Kelly Garcia,Line4
2120,38,Plant B,2025-05-20,16,23601.64,Evening,Christopher Campbell,Line5
2121,52,Plant C,2022-10-10,7,28121.76,Morning,Tyler Harris,Line4
2122,114,Plant A,2025-09-10,4,33968.55,Evening,Mr. Thomas Henderson,Line5
2123,98,Plant A,2025-03-17,13,43263.52,Evening,Angela Johnson,Line1
2124,156,Plant A,2024-06-01,9,30667.1,Morning,Jason Osborn,Line1
2125,174,Plant A,2023-12-20,10,48539.47,Evening,Shelley Montes,Line5
2126,37,Plant B,2025-04-11,7,14753.14,Evening,Joel Strickland,Line4
2127,107,Plant A,2025-09-01,7,14908.69,Night,John Ward Jr.,Line1
2128,102,Plant A,2023-02-27,9,9782.91,Morning,Paul Trevino,Line2
2129,107,Plant B,2025-03-20,4,22313.61,Morning,Catherine Wolf,Line2
2130,150,Plant A,2025-07-11,20,21757.77,Morning,Shaun Duran,Line2
2131,194,Plant A,2024-06-02,11,10548.99,Morning,Alexandria Jordan,Line1
2132,175,Plant A,2023-11-16,14,21270.45,Morning,Jennifer Coleman,Line3
2133,85,Plant A,2024-08-23,20,6337.6,Morning,Joshua White,Line4
2134,132,Plant C,2023-04-03,6,30435.54,Evening,Yvette Powell,Line4
2135,187,Plant A,2024-03-28,20,39898.61,Evening,Walter Flowers,Line1
2136,183,Plant A,2025-03-05,4,6203.62,Morning,Allison Sanchez,Line1
2137,132,Plant C,2024-09-29,16,11662.18,Morning,Cheryl Sanchez,Line1
2138,36,Plant C,2024-12-23,20,27448.42,Morning,Mark Allen,Line2
2139,31,Plant B,2024-08-31,13,32302.47,Night,Diana Flores,Line3
2140,98,Plant A,2024-04-06,12,17151.87,Night,Ricky Flores,Line5
2141,67,Plant C,2023-06-07,12,47293.94,Night,Darlene Aguirre,Line5
2142,73,Plant C,2025-08-17,8,37887.33,Evening,Jacqueline Crawford,Line2
2143,110,Plant C,2025-09-24,1,12750.01,Evening,Hannah Medina,Line3
2144,96,Plant B,2025-06-24,11,9326.37,Evening,Jason Crawford,Line1
2145,62,Plant A,2025-04-22,15,46243.25,Evening,Samantha Higgins,Line3
2146,169,Plant C,2024-05-18,8,5031.4,Morning,Jose Butler,Line5
2147,73,Plant A,2023-08-24,10,16807.37,Morning,Marilyn Reynolds,Line5
2148,72,Plant C,2023-11-20,5,8912.79,Morning,Emily Wilson,Line2
2149,49,Plant C,2025-10-02,11,43427.77,Morning,Jordan Clark,Line4
2150,176,Plant C,2023-06-12,12,44558.21,Evening,Laura Dawson,Line3
2151,83,Plant C,2025-01-25,3,29581.36,Evening,Shaun Turner,Line5
2152,125,Plant B,2024-08-09,9,14909.79,Evening,Ethan Stanton,Line1
2153,16,Plant C,2024-10-06,3,9748.31,Night,Nicole Wilson,Line5
2154,89,Plant B,2025-07-17,15,49540.43,Night,Amy Schneider,Line5
2155,58,Plant B,2023-04-05,12,17453.08,Evening,Christopher Delacruz,Line4
2156,70,Plant C,2024-03-22,16,19940.95,Evening,Douglas Merritt,Line4
2157,106,Plant B,2023-10-10,15,10964.03,Night,Benjamin Brown,Line3
2158,191,Plant C,2023-06-28,8,32975.16,Night,Zachary Marsh,Line4
2159,126,Plant C,2025-04-29,19,24736.24,Evening,Samantha Williams,Line1
2160,9,Plant A,2025-03-29,17,22302.65,Night,Anthony Lin,Line1
2161,198,Plant C,2023-01-02,6,36536.0,Evening,Cindy Macias,Line4
2162,42,Plant A,2024-06-01,10,28247.9,Evening,Summer Harvey,Line1
2163,79,Plant B,2024-05-07,16,14974.5,Night,Brian Roberts,Line5
2164,18,Plant B,2024-10-18,16,9726.3,Morning,Jill Wilson,Line3
2165,153,Plant B,2025-05-23,20,18000.16,Morning,Kyle Baker,Line2
2166,150,Plant C,2022-10-15,19,6869.28,Night,Cynthia Nelson,Line3
2167,114,Plant A,2024-08-12,11,41585.78,Night,Helen Smith,Line3
2168,129,Plant A,2024-08-24,5,27585.92,Morning,Jennifer Payne,Line5
2169,166,Plant B,2025-04-01,17,36799.52,Morning,Kenneth Cooper,Line5
2170,56,Plant A,2025-08-15,5,37087.51,Evening,Alicia Gonzalez,Line2
2171,180,Plant C,2024-05-08,2,10242.11,Night,Rachel Lane,Line3
2172,178,Plant C,2023-01-31,7,42392.12,Morning,John Martin,Line3
2173,59,Plant C,2024-04-05,7,41552.96,Evening,Lindsey Martin,Line4
2174,104,Plant A,2024-09-21,18,16141.35,Night,Matthew Smith,Line3
2175,121,Plant B,2023-06-28,16,37032.34,Evening,Denise Ferguson,Line5
2176,172,Plant B,2024-03-30,3,14272.68,Morning,Patricia Browning,Line1
2177,57,Plant C,2023-10-03,17,46710.03,Evening,Vanessa Hernandez,Line1
2178,75,Plant C,2025-03-13,4,8197.98,Night,Matthew Smith,Line4
2179,162,Plant B,2025-05-19,4,22197.6,Morning,Samantha Gutierrez,Line1
2180,108,Plant C,2024-06-06,10,11706.59,Morning,Zoe Glenn,Line1
2181,21,Plant A,2023-11-21,9,36511.93,Morning,Jonathan Lawson,Line3
2182,90,Plant A,2024-10-11,13,6978.84,Night,Danny Gonzalez,Line4
2183,83,Plant B,2024-11-15,3,12533.32,Morning,Michelle Woods,Line3
2184,194,Plant C,2022-11-30,17,40134.85,Morning,Greg Kelly,Line3
2185,185,Plant B,2024-01-09,10,48889.94,Night,Yvonne Sutton,Line5
2186,149,Plant C,2025-02-02,8,39357.66,Night,Trevor Barrett,Line2
2187,46,Plant B,2025-02-27,12,22956.58,Night,Daniel Hall,Line3
2188,3,Plant B,2022-11-01,1,17542.24,Night,Andrew Smith,Line3
2189,78,Plant C,2025-04-11,8,19242.89,Night,Nathaniel Goodman,Line4
2190,53,Plant C,2023-01-22,11,41898.63,Evening,Taylor Coffey,Line1
2191,99,Plant C,2023-07-13,19,19311.33,Evening,Elizabeth Castaneda,Line4
2192,5,Plant C,2024-04-13,5,28944.47,Morning,John Turner,Line2
2193,4,Plant B,2024-02-18,1,18433.07,Morning,Lisa Martinez,Line4
2194,187,Plant C,2023-08-28,2,40589.52,Night,Amy Bentley,Line5
2195,129,Plant B,2023-07-07,11,24296.52,Morning,Mr. Benjamin Flores,Line4
2196,98,Plant B,2025-04-22,1,27695.22,Evening,Kathryn Andersen,Line2
2197,181,Plant C,2024-11-17,3,8079.94,Morning,Lindsay Bridges,Line4
2198,61,Plant A,2023-06-06,10,37424.4,Night,Scott Nelson,Line4
2199,79,Plant B,2024-05-08,2,45632.0,Evening,Emily Baker,Line2
2200,162,Plant B,2025-08-14,11,28064.21,Morning,Jessica Heath PhD,Line2
2201,152,Plant A,2024-06-23,7,14713.49,Night,Melissa Pittman,Line2
2202,195,Plant B,2025-08-18,18,35250.89,Evening,Brian Greer,Line3
2203,144,Plant B,2024-07-07,20,25023.62,Morning,Tasha Hess,Line3
2204,80,Plant B,2024-03-26,1,36955.6,Morning,Morgan Fitzpatrick,Line3
2205,198,Plant A,2025-05-13,20,19243.97,Night,Mr. Todd Barker,Line4
2206,123,Plant B,2024-03-08,11,26999.66,Night,Scott Cochran,Line3
2207,53,Plant A,2023-01-26,2,10276.8,Morning,Heather Dickerson,Line5
2208,93,Plant C,2025-02-28,19,19313.28,Evening,Steven Espinoza,Line5
2209,148,Plant C,2025-09-24,12,31265.5,Evening,Wanda Perez,Line4
2210,44,Plant A,2024-09-24,2,5222.0,Night,Phillip Watson,Line5
2211,99,Plant C,2024-04-17,16,38499.51,Night,Frank Sanders,Line4
2212,159,Plant A,2024-10-04,2,11881.47,Evening,Marvin Murray,Line3
2213,5,Plant B,2024-12-22,12,39877.37,Morning,Gregory Barber,Line2
2214,198,Plant A,2024-10-20,16,20542.09,Morning,Dr. Stuart Evans,Line3
2215,85,Plant A,2023-09-07,3,45048.86,Morning,Rebecca Cooper,Line4
2216,196,Plant A,2024-07-30,10,17976.16,Evening,Melissa Buck,Line5
2217,65,Plant A,2023-11-21,5,25859.59,Evening,Desiree Mcknight,Line5
2218,21,Plant A,2025-08-27,13,39848.16,Evening,Michael Wright,Line5
2219,5,Plant B,2022-11-26,14,5765.65,Morning,Jesse Jones,Line4
2220,87,Plant A,2023-03-14,8,35192.34,Evening,Jacob Allen,Line2
2221,121,Plant B,2023-04-29,15,36001.17,Morning,Phillip Beard,Line4
2222,145,Plant A,2023-11-06,5,16162.05,Morning,Mark Wade,Line3
2223,21,Plant A,2025-06-22,18,21474.71,Evening,Brenda Page DDS,Line3
2224,156,Plant C,2023-02-16,12,12448.96,Night,Jessica Martin,Line5
2225,37,Plant C,2024-03-19,15,12991.63,Night,Veronica Barry,Line1
2226,127,Plant A,2025-02-25,7,9255.04,Night,Christine Johnson,Line5
2227,84,Plant C,2023-06-03,10,49011.18,Night,Robert Davis,Line4
2228,149,Plant C,2022-11-27,1,32333.71,Morning,Edward Munoz,Line1
2229,4,Plant C,2024-11-22,6,13045.7,Night,William Meyer,Line5
2230,13,Plant C,2024-05-06,19,39168.97,Night,Theresa Brown,Line4
2231,153,Plant B,2023-12-09,19,32626.73,Morning,Michael Curtis,Line1
2232,6,Plant B,2023-12-29,9,32194.11,Night,Gregory Padilla,Line1
2233,146,Plant C,2025-04-23,8,18895.3,Morning,Kimberly Leonard,Line2
2234,112,Plant A,2024-03-06,6,15793.32,Night,Robert Marquez,Line3
2235,185,Plant C,2024-05-15,4,10386.37,Morning,Ashley Thompson,Line5
2236,23,Plant A,2024-07-22,5,28290.43,Evening,Kathy Williams DDS,Line4
2237,29,Plant C,2023-10-12,13,10027.05,Night,Amy Grimes,Line5
2238,104,Plant C,2023-10-15,7,17895.73,Night,Noah Rosales,Line5
2239,94,Plant A,2024-04-03,14,33130.55,Morning,Michael Walker,Line2
2240,99,Plant C,2022-11-08,19,43199.05,Night,Joshua Rivera,Line5
2241,196,Plant B,2023-02-22,8,13180.42,Evening,Kathleen Griffin,Line4
2242,110,Plant C,2024-08-16,13,36289.49,Morning,Michael Peterson,Line4
2243,159,Plant B,2024-04-10,7,17954.39,Evening,Cody Johnson,Line4
2244,141,Plant A,2025-07-23,13,16456.9,Night,Sean Hale,Line3
2245,135,Plant A,2023-08-15,16,15699.74,Evening,Alexa Miller,Line5
2246,82,Plant A,2025-07-31,11,12385.8,Night,Sandra Estrada,Line4
2247,175,Plant B,2023-08-22,20,13515.37,Night,James Thomas,Line1
2248,13,Plant A,2023-02-20,20,49482.19,Morning,Kayla Brooks,Line1
2249,50,Plant C,2023-02-28,16,33076.87,Morning,Richard Lee,Line3
2250,128,Plant B,2022-11-07,6,46695.08,Night,Paula Townsend,Line1
2251,5,Plant C,2025-05-01,12,32212.36,Evening,Megan Elliott,Line3
2252,109,Plant B,2024-07-28,2,12239.16,Night,Melissa Leblanc,Line5
2253,92,Plant B,2024-12-03,12,18771.14,Evening,Sarah Gordon,Line2
2254,28,Plant C,2024-04-11,13,13217.93,Evening,Daniel Kelly,Line3
2255,137,Plant A,2023-05-22,11,31373.62,Night,Amy Martin,Line3
2256,176,Plant A,2024-07-18,9,19002.91,Night,Adam Sandoval,Line1
2257,37,Plant A,2024-06-09,8,48573.85,Evening,Nancy Oneill,Line5
2258,180,Plant B,2024-09-19,3,13963.48,Morning,Gerald Duffy MD,Line1
2259,87,Plant C,2024-04-07,15,27856.94,Evening,James Johnson,Line4
2260,116,Plant B,2024-08-01,3,39826.32,Night,Patricia Fry,Line3
2261,150,Plant C,2023-06-03,19,25364.27,Evening,Dr. Jim Brewer MD,Line3
2262,19,Plant B,2024-10-07,7,7899.92,Night,Seth Daniels,Line1
2263,81,Plant C,2025-02-02,11,45419.15,Evening,Alexis Mcconnell,Line2
2264,14,Plant C,2023-03-07,10,22252.31,Night,Steven Smith,Line1
2265,15,Plant B,2023-02-28,2,35069.48,Evening,Craig Smith,Line2
2266,65,Plant C,2024-10-16,4,42076.61,Morning,Mallory Jackson,Line1
2267,193,Plant A,2025-09-18,16,33466.09,Night,Natalie Warren,Line4
2268,91,Plant B,2024-02-07,2,47759.17,Evening,Wendy Cook,Line3
2269,84,Plant A,2023-03-13,13,44003.72,Evening,Jason Vance,Line1
2270,198,Plant B,2025-09-07,14,19247.31,Evening,Justin West,Line2
2271,86,Plant A,2023-01-06,12,20799.31,Evening,Brenda Flynn,Line4
2272,115,Plant B,2024-11-19,6,22723.19,Night,Casey Baker,Line3
2273,175,Plant B,2023-09-10,1,19978.82,Night,Christie Horne,Line3
2274,142,Plant C,2023-10-09,19,45881.42,Night,Timothy Reese,Line1
2275,69,Plant A,2024-11-28,2,45286.18,Evening,Xavier Moreno,Line3
2276,32,Plant A,2023-12-27,18,6674.71,Evening,Ann Wood,Line4
2277,34,Plant B,2025-05-20,2,39083.05,Night,Kim Campbell,Line3
2278,88,Plant C,2023-07-14,18,26646.15,Night,Cynthia Nguyen,Line2
2279,92,Plant C,2025-09-09,3,46961.66,Evening,Brenda Dunn,Line4
2280,4,Plant A,2024-12-29,2,13690.9,Morning,Dr. Dana Phillips,Line4
2281,31,Plant A,2024-11-17,1,28419.58,Night,Edward Hartman,Line2
2282,185,Plant C,2022-12-29,16,17481.5,Night,Jessica Vega,Line1
2283,67,Plant A,2023-05-27,13,35553.48,Morning,Donald Johnson,Line1
2284,22,Plant A,2023-06-20,14,21743.24,Morning,Barbara Strong,Line5
2285,6,Plant B,2025-02-26,15,18187.81,Evening,Jessica Walters,Line1
2286,116,Plant A,2025-04-06,20,8924.44,Morning,Robert Robbins,Line4
2287,126,Plant A,2023-02-15,16,12022.2,Morning,Terri Holden,Line5
2288,22,Plant C,2022-10-19,5,36078.36,Evening,Zachary Fisher,Line4
2289,153,Plant B,2024-12-09,1,22044.99,Morning,Cameron Alexander,Line5
2290,148,Plant A,2023-12-14,7,42938.42,Night,Kayla Richards,Line2
2291,120,Plant A,2022-11-22,10,10034.34,Morning,Mark Thomas,Line2
2292,115,Plant C,2023-12-09,12,10725.81,Night,Sally Gould,Line4
2293,167,Plant A,2023-12-20,2,49719.03,Night,Lisa Ramirez,Line5
2294,105,Plant C,2023-05-26,8,27953.75,Evening,Sophia Burke,Line3
2295,128,Plant A,2024-10-02,2,46761.06,Evening,Lauren Nguyen,Line3
2296,118,Plant C,2024-05-22,10,45606.35,Night,Kayla Hernandez,Line2
2297,113,Plant B,2024-09-15,19,23231.29,Evening,Scott Perkins,Line4
2298,123,Plant A,2025-01-10,16,15066.06,Evening,Kimberly Harmon,Line4
2299,197,Plant A,2025-08-14,5,5740.79,Morning,Stanley Francis,Line4
2300,126,Plant A,2023-06-07,10,25018.54,Night,Cynthia Tran,Line3
2301,25,Plant A,2024-11-23,14,13292.26,Evening,Colleen Klein,Line4
2302,23,Plant B,2023-01-07,3,7008.88,Evening,Miss Julia Robbins,Line4
2303,121,Plant B,2024-03-30,18,33136.62,Evening,Jennifer Lee PhD,Line1
2304,12,Plant B,2024-09-21,3,15253.72,Evening,Ryan Gonzales,Line4
2305,141,Plant A,2025-08-14,15,16566.22,Night,Derek Stewart,Line5
2306,19,Plant A,2023-03-24,2,11187.74,Evening,Robin Thompson,Line5
2307,5,Plant C,2025-09-13,18,22135.88,Evening,Brenda Mack,Line2
2308,155,Plant C,2024-07-08,16,41492.46,Morning,Matthew Phillips,Line3
2309,113,Plant B,2024-09-23,8,41812.18,Evening,Lori Barnes,Line2
2310,80,Plant A,2024-08-28,20,46427.69,Morning,Kaitlyn Guerra,Line1
2311,180,Plant B,2024-06-16,6,41324.3,Morning,Justin Thompson,Line3
2312,177,Plant B,2025-04-07,2,22764.19,Evening,Michael Hanna,Line3
2313,86,Plant C,2023-08-25,5,25703.89,Morning,Jessica Gonzales,Line5
2314,72,Plant B,2023-01-01,16,13020.3,Night,David Dickson,Line5
2315,47,Plant B,2023-08-30,12,42750.55,Night,Jamie Newton,Line2
2316,188,Plant A,2023-01-03,5,18154.68,Morning,Jessica Atkinson,Line1
2317,171,Plant B,2025-02-28,8,42166.48,Evening,Michael Nelson,Line2
2318,76,Plant B,2023-01-27,17,11695.39,Night,James Beard,Line4
2319,59,Plant B,2025-01-11,4,5004.74,Evening,Sherry Crawford,Line2
2320,144,Plant A,2022-12-20,15,18406.51,Evening,David Ingram,Line1
2321,128,Plant C,2024-06-25,14,37678.63,Evening,Joseph Wood,Line1
2322,120,Plant A,2024-03-13,6,47323.86,Morning,Lee Bullock,Line4
2323,87,Plant B,2025-08-31,9,25333.11,Evening,Tara Lewis,Line3
2324,82,Plant C,2023-06-20,6,29867.77,Evening,David Woodard,Line2
2325,56,Plant B,2023-06-04,19,47602.25,Morning,Jennifer Lowe,Line3
2326,175,Plant A,2025-08-28,17,18072.44,Morning,Oscar Mitchell,Line4
2327,106,Plant A,2025-03-05,10,31145.73,Evening,Jennifer Williams,Line5
2328,89,Plant A,2025-09-26,14,14555.03,Morning,Mark Bates,Line3
2329,7,Plant B,2024-11-02,2,49238.14,Night,Anthony Wright,Line5
2330,62,Plant B,2025-09-26,19,21176.58,Evening,Shane Esparza,Line2
2331,79,Plant A,2024-05-16,4,16078.57,Evening,Joseph Williams,Line1
2332,163,Plant B,2024-05-23,6,32026.61,Night,Tyler Brennan,Line2
2333,100,Plant A,2022-11-16,11,38336.91,Evening,Sean Martinez,Line4
2334,112,Plant B,2025-03-12,12,49749.93,Morning,Kathy Davis,Line2
2335,61,Plant B,2024-10-13,14,35252.03,Night,Katherine Miller,Line3
2336,134,Plant A,2023-09-09,18,14293.8,Night,Joseph Carter,Line3
2337,35,Plant B,2022-12-16,16,37532.52,Morning,Mark Ferguson,Line1
2338,39,Plant A,2023-01-14,14,5221.72,Night,Susan Carpenter,Line1
2339,24,Plant B,2024-04-19,18,35049.21,Morning,Drew Coffey,Line5
2340,176,Plant A,2025-06-22,8,46929.6,Evening,Ashley Riley,Line3
2341,154,Plant B,2024-01-22,2,35548.07,Morning,Julie Munoz,Line5
2342,46,Plant A,2025-02-21,12,45105.4,Morning,Joseph Whitaker,Line4
2343,38,Plant B,2025-03-08,5,20672.5,Evening,Susan Jones,Line4
2344,127,Plant A,2025-09-22,8,29996.94,Evening,Christine Miller,Line3
2345,88,Plant C,2023-01-09,1,19330.43,Morning,John Perry,Line5
2346,43,Plant B,2023-09-25,3,37525.32,Evening,Matthew Spencer,Line3
2347,69,Plant A,2023-01-28,10,39047.61,Evening,Matthew Harris,Line3
2348,151,Plant A,2025-02-24,1,13662.58,Night,Leonard Alvarez,Line5
2349,112,Plant A,2024-06-02,3,21870.73,Evening,Michelle Thomas,Line2
2350,112,Plant B,2022-12-10,13,33449.86,Night,Samuel Lopez,Line2
2351,184,Plant B,2024-08-18,4,10125.39,Night,Sandra Dawson,Line2
2352,184,Plant C,2022-12-02,5,7927.71,Night,Robert Wright,Line4
2353,166,Plant A,2025-01-08,4,10005.09,Night,Stephanie Hughes,Line1
2354,17,Plant A,2023-05-21,5,24535.96,Morning,Mark Mccarthy,Line2
2355,45,Plant A,2024-01-08,13,14108.86,Night,George Jennings,Line4
2356,190,Plant C,2023-12-28,7,26927.08,Morning,Heidi Kim,Line3
2357,107,Plant C,2025-01-28,10,35418.32,Evening,Mrs. Sarah Oconnor,Line5
2358,46,Plant A,2024-03-02,4,32596.07,Morning,Michael Hamilton,Line1
2359,164,Plant B,2023-11-02,14,47542.15,Night,Shelby Ramirez,Line1
2360,196,Plant C,2023-09-02,3,11311.37,Evening,Jonathan Roberts,Line3
2361,155,Plant A,2023-05-06,14,6539.51,Morning,Nancy Sexton,Line1
2362,58,Plant B,2024-10-27,8,7980.46,Evening,Brian Martinez,Line4
2363,10,Plant A,2025-03-06,11,25856.67,Morning,Andrew Garza,Line5
2364,188,Plant C,2025-03-15,6,26274.07,Morning,Jennifer Martin,Line1
2365,188,Plant B,2024-05-04,19,12568.82,Night,Robert Mitchell,Line5
2366,135,Plant B,2024-06-30,3,20361.12,Evening,Elizabeth Hudson,Line1
2367,116,Plant A,2024-01-11,16,37292.54,Morning,Beth Campbell,Line5
2368,22,Plant C,2024-08-14,14,18697.69,Morning,Angela Fuentes,Line3
2369,144,Plant C,2024-12-08,19,9477.04,Morning,Donna Mayer,Line4
2370,82,Plant C,2023-05-13,17,7067.59,Evening,Kyle Dunn,Line3
2371,68,Plant B,2024-01-25,18,29422.23,Morning,Felicia Lee,Line1
2372,178,Plant B,2024-11-17,19,7770.13,Night,Stephen Johnson,Line2
2373,181,Plant A,2024-11-28,20,30657.34,Evening,Kaylee Hernandez,Line2
2374,71,Plant C,2022-10-18,14,37157.68,Morning,Aaron Brown,Line3
2375,136,Plant A,2023-12-04,7,49932.99,Morning,Samantha Beck,Line4
2376,28,Plant A,2025-06-12,6,33683.14,Morning,Shane Koch,Line3
2377,113,Plant B,2025-05-28,17,38550.4,Evening,Stephen Hill,Line1
2378,15,Plant A,2023-08-20,15,19400.88,Morning,Vanessa Turner,Line4
2379,193,Plant C,2023-11-17,20,24487.96,Night,Jennifer Harvey,Line1
2380,146,Plant A,2022-10-30,18,42045.45,Evening,Kendra Hernandez,Line5
2381,61,Plant B,2024-08-18,9,33051.0,Night,Tony Patel,Line1
2382,46,Plant C,2023-08-09,3,26770.48,Night,Sarah Brown,Line3
2383,145,Plant B,2024-08-14,12,16418.38,Morning,Daniel Mcgee,Line3
2384,131,Plant C,2024-05-09,1,32932.57,Morning,Chloe Leonard,Line5
2385,21,Plant C,2024-11-23,18,48829.14,Evening,Samantha Lamb,Line3
2386,108,Plant B,2025-03-08,10,11332.0,Evening,Keith Perez,Line2
2387,165,Plant B,2024-04-22,17,35298.75,Morning,Jamie Clark,Line2
2388,25,Plant C,2025-07-10,14,15782.87,Morning,Kristen Diaz,Line5
2389,150,Plant C,2023-10-08,1,22998.56,Night,Jorge Hopkins,Line4
2390,98,Plant C,2022-10-16,5,34618.68,Evening,Sean Cannon PhD,Line2
2391,17,Plant B,2024-05-07,15,41770.13,Evening,Jason Anderson,Line4
2392,3,Plant C,2022-12-27,13,20224.81,Night,Lisa James,Line4
2393,90,Plant C,2022-10-24,8,49624.52,Night,Alicia Bennett,Line4
2394,126,Plant B,2023-08-08,6,43765.42,Evening,Tiffany Miller,Line2
2395,188,Plant A,2023-08-24,19,23468.51,Evening,Natalie West,Line5
2396,28,Plant B,2022-12-28,4,49304.81,Night,David Sutton,Line4
2397,193,Plant A,2024-03-23,17,19461.82,Night,Jasmine Ward,Line1
2398,177,Plant C,2023-09-16,11,42867.05,Evening,Michael Rodriguez,Line5
2399,25,Plant A,2025-09-13,17,29405.77,Night,Theresa Snow,Line2
2400,166,Plant A,2023-04-01,15,19873.23,Evening,Stephen Brown,Line5
2401,72,Plant A,2023-04-30,11,28381.2,Evening,Debbie Wells,Line3
2402,166,Plant B,2025-07-01,12,14699.98,Morning,Sarah Brown,Line4
2403,33,Plant B,2024-10-05,18,27160.75,Night,Craig Chan,Line3
2404,122,Plant C,2022-11-26,5,6163.85,Evening,Debbie Simmons,Line2
2405,37,Plant A,2023-01-01,16,33600.9,Evening,Margaret Frank,Line5
2406,69,Plant C,2023-03-07,15,19301.9,Night,Deborah Sandoval,Line5
2407,71,Plant B,2023-04-30,6,42019.15,Night,Sarah Navarro,Line4
2408,104,Plant C,2024-05-12,9,39994.37,Evening,Jacqueline Jensen,Line2
2409,30,Plant B,2024-01-16,12,39092.84,Evening,Andrew Martinez,Line1
2410,54,Plant C,2023-02-04,9,30178.6,Evening,Randy Hayes,Line5
2411,129,Plant C,2025-06-12,5,32855.87,Evening,Christian Walker,Line2
2412,105,Plant A,2024-02-08,2,46007.71,Morning,Kayla Davis,Line4
2413,170,Plant C,2023-02-03,11,34943.34,Evening,Terry Burton,Line2
2414,188,Plant C,2025-04-22,13,14877.14,Morning,Carrie Contreras,Line3
2415,143,Plant C,2023-10-18,6,22179.23,Night,Nathan Fernandez,Line5
2416,107,Plant C,2023-08-20,16,39704.19,Evening,David Boyd,Line5
2417,149,Plant B,2023-09-22,12,34591.08,Evening,Tara Bridges,Line2
2418,29,Plant A,2023-01-29,7,13778.14,Evening,Raymond Dawson,Line2
2419,128,Plant B,2024-05-21,10,30435.41,Night,Jonathan Smith,Line1
2420,100,Plant C,2023-04-25,10,31974.56,Morning,Ryan King,Line1
2421,8,Plant A,2024-08-16,12,32537.07,Evening,Jackson Wang,Line2
2422,160,Plant A,2024-10-23,7,26238.11,Morning,Ryan Williams,Line5
2423,94,Plant A,2024-09-18,12,27269.11,Night,Lisa Alvarado,Line5
2424,48,Plant B,2024-08-29,12,47675.05,Evening,Catherine Thomas,Line5
2425,154,Plant A,2023-12-01,12,26010.49,Night,Morgan Nguyen,Line2
2426,9,Plant C,2024-08-02,16,23076.02,Night,Michael Hampton,Line1
2427,169,Plant A,2025-07-24,19,47979.66,Night,Kathleen Bates,Line2
2428,164,Plant B,2023-10-14,11,6229.44,Morning,Nicole Hernandez,Line1
2429,189,Plant A,2024-07-21,14,40572.8,Night,Christopher Mcintyre,Line1
2430,100,Plant C,2024-11-08,2,35380.76,Morning,Brian Horton,Line3
2431,150,Plant B,2024-03-28,10,47029.33,Night,Jonathan Carpenter,Line1
2432,42,Plant C,2025-01-18,20,21239.66,Evening,Mallory Wilson,Line4
2433,105,Plant B,2024-07-05,5,36310.14,Night,Matthew Davies,Line1
2434,43,Plant A,2023-05-22,14,21850.26,Night,Lance Walker,Line5
2435,105,Plant B,2024-11-21,2,10100.21,Evening,Robin Smith,Line2
2436,178,Plant B,2025-07-05,7,26428.8,Evening,Jesus Sherman IV,Line1
2437,86,Plant A,2024-03-23,5,35679.21,Evening,Sarah Cain,Line4
2438,158,Plant A,2024-08-23,8,24090.38,Night,Catherine Sanchez,Line4
2439,154,Plant B,2023-05-19,12,36243.6,Evening,Nicholas Hill,Line3
2440,62,Plant B,2023-07-02,2,47760.69,Morning,Sarah Combs,Line4
2441,51,Plant B,2024-02-19,5,20453.2,Evening,Veronica Hobbs,Line1
2442,180,Plant A,2024-07-12,6,45516.86,Night,Deborah Bell,Line3
2443,50,Plant B,2023-10-25,3,11372.47,Morning,Michael Davis,Line5
2444,43,Plant B,2023-05-31,8,24090.86,Night,Barbara Brown,Line2
2445,94,Plant A,2022-11-04,18,15923.26,Night,Todd Willis,Line4
2446,7,Plant B,2025-05-06,18,18300.98,Morning,Stephanie Norris,Line3
2447,200,Plant B,2023-02-28,18,29648.72,Evening,Darren Martinez,Line4
2448,139,Plant C,2025-05-31,16,37114.7,Night,Linda Norman,Line1
2449,92,Plant C,2024-08-27,13,19464.84,Evening,Elizabeth Williams,Line1
2450,31,Plant C,2024-12-21,15,37437.55,Night,Debra Aguirre,Line4
2451,58,Plant B,2023-05-22,3,14480.21,Evening,Courtney Hull,Line5
2452,174,Plant C,2023-08-02,12,9348.54,Evening,Amber Brown,Line2
2453,7,Plant C,2025-06-30,20,22436.98,Night,Alan Campbell,Line2
2454,144,Plant B,2023-09-20,1,29461.06,Morning,Kevin Caldwell,Line5
2455,95,Plant C,2023-06-22,7,20526.57,Night,Justin Johnson,Line2
2456,157,Plant B,2025-04-27,10,10516.97,Evening,Ricky Beck,Line1
2457,124,Plant B,2023-01-09,18,11924.17,Night,John Caldwell,Line5
2458,147,Plant C,2023-11-04,16,10702.31,Morning,Brandon Schneider,Line5
2459,189,Plant A,2024-12-27,4,32550.37,Night,Barbara Smith,Line2
2460,126,Plant B,2024-11-18,19,40137.08,Evening,Nicholas Jackson,Line4
2461,186,Plant A,2023-04-22,7,20899.25,Morning,Jeremy Miller,Line3
2462,69,Plant B,2024-10-11,7,7684.16,Morning,Daniel Anderson,Line4
2463,133,Plant B,2024-12-26,16,15717.24,Morning,Paul Olson,Line4
2464,78,Plant C,2025-03-15,17,44301.71,Morning,Raymond Gray DDS,Line3
2465,155,Plant B,2024-02-01,20,16117.99,Morning,James Wiley,Line4
2466,182,Plant A,2023-08-11,17,35491.62,Evening,Albert Valdez II,Line1
2467,40,Plant A,2024-08-16,12,21892.18,Night,Megan Smith,Line5
2468,57,Plant B,2024-08-01,12,39142.37,Night,Thomas Davis,Line3
2469,173,Plant A,2025-03-07,19,11084.34,Evening,Donna Moreno,Line3
2470,82,Plant B,2025-08-13,4,44107.09,Morning,Madison Davis,Line2
2471,142,Plant B,2023-10-23,10,9555.51,Morning,Matthew Morgan,Line5
2472,169,Plant C,2023-03-24,17,47948.69,Night,Amanda Paul,Line1
2473,105,Plant A,2023-06-05,14,12073.69,Night,Jamie Owens,Line1
2474,42,Plant B,2023-06-04,12,46449.76,Morning,Mr. Joshua Anderson,Line3
2475,73,Plant B,2023-09-26,17,6090.92,Night,Zachary Garcia,Line4
2476,192,Plant B,2025-07-24,7,14279.16,Evening,David Henry,Line4
2477,2,Plant B,2023-07-26,17,7095.57,Evening,Lisa Montgomery,Line3
2478,3,Plant C,2023-08-29,9,23243.69,Morning,James Thompson,Line2
2479,24,Plant C,2023-09-20,3,33841.85,Evening,Jeremiah Buckley,Line1
2480,48,Plant B,2023-08-04,5,10021.19,Morning,Eric Rodgers,Line3
2481,126,Plant B,2025-02-04,6,39884.09,Night,Jessica Rollins,Line1
2482,65,Plant B,2024-02-19,7,49021.95,Morning,Kristen Woods,Line5
2483,163,Plant C,2025-04-24,14,32707.81,Evening,Brian Wiggins,Line4
2484,10,Plant C,2025-04-11,11,35501.33,Evening,Rebecca Morris,Line4
2485,53,Plant B,2024-06-04,12,13905.75,Evening,Debra Chang,Line4
2486,176,Plant C,2023-02-08,20,12338.36,Morning,Meghan Flores,Line3
2487,45,Plant C,2024-01-24,13,34508.63,Evening,Raymond Walsh,Line4
2488,187,Plant A,2024-01-10,19,40966.04,Morning,Traci Hall,Line5
2489,2,Plant A,2025-06-11,10,34621.5,Morning,Anthony Greene,Line2
2490,87,Plant C,2024-06-07,17,19884.77,Night,Scott Parks,Line4
2491,28,Plant C,2023-02-13,10,34008.36,Night,Jordan Rios,Line5
2492,80,Plant B,2024-02-02,10,48991.28,Night,Allison Walker,Line2
2493,91,Plant C,2025-03-03,12,16149.41,Night,Dan Terry Jr.,Line4
2494,169,Plant C,2025-05-25,13,19153.29,Morning,Robert Kline,Line5
2495,186,Plant B,2025-09-03,3,20327.68,Evening,Joshua Perez,Line4
2496,95,Plant A,2023-10-28,1,35034.46,Morning,Amy Morgan,Line5
2497,69,Plant B,2023-10-01,17,38160.43,Night,Trevor Rodriguez,Line5
2498,140,Plant B,2024-07-13,16,9414.02,Night,Ashley Rios,Line2
2499,142,Plant A,2024-10-14,17,33246.4,Night,Pamela Sanchez,Line2
2500,57,Plant C,2022-11-01,8,37257.59,Night,Matthew Escobar,Line3
2501,9,Plant C,2024-07-21,17,48611.77,Evening,Jennifer Barrett,Line4
2502,163,Plant A,2023-04-19,6,18462.85,Evening,Amanda Castillo,Line2
2503,192,Plant A,2025-09-16,2,14247.52,Morning,Jennifer Robinson,Line5
2504,144,Plant A,2024-07-15,15,38377.69,Morning,Sonya Allen,Line4
2505,67,Plant A,2024-01-20,12,29050.94,Evening,Elizabeth Hall,Line4
2506,128,Plant C,2023-11-12,9,20524.82,Evening,Thomas Wolfe,Line2
2507,140,Plant C,2023-02-07,4,31677.71,Evening,Sarah Montoya,Line3
2508,195,Plant C,2025-02-02,16,37815.04,Evening,Donald Campbell,Line5
2509,183,Plant A,2023-11-30,4,42002.13,Evening,Lori Freeman,Line4
2510,158,Plant C,2025-04-11,13,41585.39,Morning,Paula Morris,Line3
2511,14,Plant A,2023-11-01,8,28939.37,Morning,Anthony Ramirez,Line5
2512,13,Plant C,2023-07-02,14,42636.29,Evening,Christina Bailey,Line2
2513,79,Plant C,2023-08-08,12,31255.71,Morning,Melanie Carter,Line5
2514,77,Plant B,2023-05-01,8,33151.5,Morning,Johnathan Jordan,Line2
2515,199,Plant B,2023-09-22,10,22095.91,Evening,Kayla Reilly,Line1
2516,126,Plant C,2023-12-11,14,26503.99,Night,Christina Santos,Line2
2517,98,Plant B,2022-12-23,1,40147.19,Night,James Waters,Line4
2518,96,Plant B,2025-01-16,2,34881.65,Morning,William Simmons,Line1
2519,95,Plant B,2025-08-13,4,34414.13,Morning,Melissa Wilson,Line1
2520,74,Plant C,2024-02-29,2,14279.2,Night,Charles Perry,Line3
2521,100,Plant C,2023-10-24,2,19394.14,Morning,Sophia Underwood,Line5
2522,71,Plant A,2022-12-22,1,9786.61,Evening,Veronica Schwartz,Line3
2523,58,Plant C,2023-12-02,13,21358.38,Morning,Terri Underwood,Line4
2524,89,Plant A,2023-02-02,20,26095.64,Evening,Kathleen Scott,Line2
2525,200,Plant A,2022-12-15,14,17960.37,Evening,Amber Vance,Line5
2526,160,Plant B,2024-02-19,8,47728.2,Evening,Kyle Hampton,Line2
2527,179,Plant C,2023-01-19,1,37366.96,Morning,Lindsey Rios,Line3
2528,84,Plant B,2024-12-30,15,44909.21,Morning,Christopher Diaz,Line4
2529,65,Plant B,2025-04-05,5,18256.47,Morning,Kevin Miller,Line2
2530,95,Plant A,2024-12-08,1,47631.19,Night,Robert Le,Line4
2531,112,Plant A,2025-01-01,5,9323.15,Night,Kristen Carter,Line4
2532,187,Plant C,2025-03-29,11,25949.46,Evening,Cassandra Smith,Line2
2533,199,Plant A,2025-08-31,1,7131.6,Morning,Janet Castro,Line2
2534,138,Plant C,2023-04-11,8,19780.35,Evening,Katherine Salazar,Line1
2535,158,Plant A,2022-12-03,19,24767.99,Morning,Norma Harris,Line4
2536,167,Plant B,2023-08-16,3,14529.93,Morning,Hannah Fields,Line2
2537,65,Plant C,2024-04-06,16,42545.49,Evening,Brianna Smith,Line4
2538,134,Plant A,2023-09-18,16,6925.1,Evening,Daniel Gibson,Line3
2539,170,Plant A,2025-09-28,16,24934.43,Evening,James Berry,Line2
2540,65,Plant B,2025-06-05,3,44580.36,Evening,John Long,Line4
2541,109,Plant A,2025-03-24,11,5659.46,Night,Michael Harris,Line4
2542,164,Plant A,2024-08-31,5,27993.83,Morning,Patricia White,Line1
2543,192,Plant B,2025-07-19,14,34503.78,Evening,Christopher Montoya,Line3
2544,19,Plant A,2022-11-14,3,26722.07,Morning,Teresa Phillips,Line4
2545,91,Plant C,2024-06-10,18,37630.24,Evening,Eric Mcgee,Line3
2546,34,Plant A,2025-07-10,3,10224.03,Evening,Crystal Palmer,Line1
2547,183,Plant C,2022-10-08,2,16816.01,Night,David Hayes,Line3
2548,198,Plant B,2024-07-19,16,9753.69,Morning,John Rodriguez,Line1
2549,162,Plant A,2025-06-28,1,49562.94,Morning,Emily Nolan,Line4
2550,67,Plant C,2023-11-24,8,47552.34,Morning,Rodney Austin,Line5
2551,9,Plant B,2023-01-09,20,46592.38,Morning,Paul Rios,Line5
2552,146,Plant B,2023-02-05,10,32264.44,Morning,Seth Jimenez,Line1
2553,138,Plant A,2024-01-28,3,40050.6,Evening,Carolyn Trujillo,Line3
2554,101,Plant C,2025-05-07,17,22400.83,Morning,Betty Davies,Line3
2555,57,Plant B,2025-03-04,11,43067.33,Morning,Todd Macdonald,Line3
2556,93,Plant A,2023-11-09,20,5164.14,Night,Olivia Hall,Line5
2557,50,Plant B,2023-02-14,3,15455.52,Night,Teresa Rocha,Line2
2558,107,Plant A,2024-04-21,9,15269.68,Night,Laura Martin,Line1
2559,53,Plant B,2023-07-02,5,42290.32,Night,Anthony Cortez,Line5
2560,94,Plant B,2024-02-18,3,22215.25,Morning,Melissa Morrison,Line5
2561,192,Plant B,2023-01-02,5,5244.34,Evening,Kathleen Chapman,Line1
2562,198,Plant A,2022-11-12,15,43922.16,Night,Susan Chan,Line3
2563,44,Plant B,2023-05-17,19,30121.87,Evening,Brian Pearson,Line3
2564,30,Plant C,2025-07-31,16,28521.05,Evening,Angela Sharp,Line4
2565,163,Plant A,2023-01-21,9,29144.58,Evening,Michelle Wilson,Line5
2566,110,Plant B,2023-09-20,19,44220.02,Night,Stephanie Miles,Line1
2567,51,Plant C,2024-09-18,11,32607.87,Morning,Donald Garza,Line1
2568,71,Plant C,2024-06-01,8,40305.76,Evening,Michael Church,Line2
2569,9,Plant C,2022-12-01,13,7656.78,Morning,Kathleen Wood,Line2
2570,142,Plant B,2023-01-20,20,48813.55,Morning,John Sanchez,Line4
2571,110,Plant B,2025-07-31,7,42350.68,Night,Jasmine Oneal,Line2
2572,159,Plant B,2025-06-24,8,6105.65,Morning,Jason Walsh III,Line1
2573,166,Plant A,2023-12-24,14,33601.21,Night,Jeanne Jackson,Line5
2574,10,Plant A,2023-09-21,1,45656.85,Night,Aaron Thomas,Line1
2575,186,Plant A,2025-07-28,16,34613.22,Evening,Brent Brown,Line1
2576,51,Plant B,2024-08-29,20,38346.2,Evening,Lori Martin,Line4
2577,120,Plant C,2024-10-11,4,6837.95,Morning,Kelsey Reyes,Line3
2578,45,Plant B,2024-09-19,13,25916.75,Morning,Allison Reyes,Line4
2579,18,Plant C,2024-03-22,7,46813.09,Night,Heidi Martinez,Line1
2580,6,Plant A,2023-05-11,20,36141.01,Morning,Leslie Cardenas,Line2
2581,199,Plant B,2023-03-18,5,19126.22,Night,Bonnie Walters,Line2
2582,36,Plant A,2023-08-23,9,37101.43,Night,Karen Baker,Line2
2583,139,Plant B,2023-04-26,14,47172.2,Evening,David Miller,Line3
2584,94,Plant B,2024-01-03,1,48156.0,Morning,Christopher Grimes,Line3
2585,130,Plant C,2024-09-17,20,34386.46,Night,Teresa Wilson,Line2
2586,81,Plant C,2023-06-15,20,47492.8,Morning,Jose Anderson,Line5
2587,171,Plant C,2022-11-03,16,10719.78,Evening,Matthew Clarke,Line4
2588,30,Plant B,2024-08-21,6,11646.54,Evening,Carolyn Ortiz,Line4
2589,79,Plant B,2022-10-24,3,13954.02,Morning,Timothy Williams,Line1
2590,149,Plant B,2024-02-25,15,23942.18,Morning,Ashley Parrish,Line4
2591,121,Plant B,2025-05-22,12,7716.63,Night,Kimberly Wilson,Line2
2592,198,Plant A,2023-05-20,20,9572.58,Evening,Abigail Martinez,Line1
2593,50,Plant A,2024-08-07,15,31996.14,Night,Dustin Kennedy,Line5
2594,75,Plant B,2023-08-16,4,27237.79,Morning,Jessica Bennett,Line3
2595,2,Plant C,2023-12-29,15,24231.55,Night,Robin Spencer,Line4
2596,106,Plant B,2025-06-18,3,30098.71,Morning,Timothy Barron,Line3
2597,101,Plant A,2023-12-20,11,26884.19,Night,Adrian Larson,Line2
2598,8,Plant C,2024-10-06,13,48020.09,Night,Benjamin Ball,Line3
2599,92,Plant C,2024-12-26,2,35280.24,Night,Raven Turner,Line4
2600,81,Plant C,2023-05-02,8,33881.34,Evening,Kevin Smith,Line2
2601,104,Plant B,2025-01-27,5,25310.29,Evening,Heidi Acosta,Line2
2602,22,Plant B,2023-07-19,3,49606.86,Morning,Brittany Burns,Line5
2603,102,Plant C,2023-03-27,8,37056.2,Evening,Andrea Young,Line4
2604,138,Plant C,2023-04-17,4,13399.18,Evening,Tyler Smith,Line3
2605,166,Plant B,2025-07-31,7,41402.89,Evening,Katie Williamson,Line3
2606,58,Plant A,2023-07-28,14,10281.82,Morning,Elizabeth Olson,Line5
2607,8,Plant C,2025-02-27,12,34776.62,Evening,Mr. Bradley Martin,Line4
2608,89,Plant B,2023-11-02,1,5552.44,Night,Troy Vasquez,Line4
2609,25,Plant A,2025-09-27,11,48662.46,Night,Bruce Bartlett,Line2
2610,15,Plant A,2023-05-30,15,16615.59,Night,Justin Patterson,Line4
2611,175,Plant A,2024-09-18,15,34855.26,Night,Theresa Gates,Line2
2612,116,Plant A,2022-10-29,11,8555.5,Morning,Kaitlyn Dunlap,Line3
2613,21,Plant C,2023-09-19,2,21573.57,Night,Courtney Diaz,Line4
2614,22,Plant B,2023-07-12,9,46964.33,Morning,Mason Shaw,Line5
2615,119,Plant A,2023-02-05,15,34961.66,Morning,Samuel Huerta,Line2
2616,13,Plant B,2023-09-10,19,29310.23,Morning,Christine Berry,Line5
2617,63,Plant B,2023-11-20,19,43197.9,Evening,Maria Walton,Line5
2618,151,Plant B,2024-01-31,5,31770.9,Night,Amanda Leon,Line1
2619,188,Plant B,2024-10-26,1,41457.6,Morning,Elizabeth Huerta,Line3
2620,100,Plant C,2024-04-03,18,38310.54,Evening,Erik Woods,Line2
2621,14,Plant B,2025-08-04,16,8943.1,Night,Mary Jones,Line5
2622,47,Plant A,2025-08-29,6,40251.44,Evening,Mary Clark,Line2
2623,65,Plant C,2023-08-31,17,27167.07,Evening,William Wright MD,Line4
2624,9,Plant B,2023-03-05,18,24430.31,Evening,Brent Thomas,Line1
2625,25,Plant B,2024-08-06,20,45709.67,Morning,Nathan Aguilar DVM,Line1
2626,55,Plant A,2023-06-11,2,32342.83,Evening,Marissa Willis,Line5
2627,155,Plant A,2022-10-26,16,29067.76,Morning,Katie Flores,Line4
2628,147,Plant B,2025-06-01,19,43629.27,Night,Stephen Allen,Line5
2629,40,Plant A,2023-08-30,6,8681.63,Evening,Mr. Kyle Hall,Line3
2630,112,Plant C,2023-04-16,9,9986.27,Evening,Clarence Luna,Line2
2631,92,Plant B,2025-05-10,9,15960.76,Morning,Kevin Soto,Line5
2632,79,Plant A,2024-07-07,14,34058.01,Morning,Timothy Mcintosh,Line4
2633,87,Plant C,2024-02-24,5,8018.88,Evening,Allison Macias,Line1
2634,155,Plant C,2025-01-10,18,24621.84,Night,Judith Hebert,Line4
2635,53,Plant A,2023-02-15,14,41584.95,Evening,Virginia Brooks,Line4
2636,111,Plant A,2024-04-05,18,34548.49,Morning,Joshua Schroeder,Line1
2637,68,Plant B,2023-02-04,2,21547.96,Night,Victor Wagner,Line5
2638,160,Plant B,2022-10-20,8,36814.05,Morning,Scott Peters,Line5
2639,33,Plant A,2025-01-13,5,47556.26,Morning,Amanda Ayala,Line2
2640,27,Plant A,2023-11-23,15,31172.51,Evening,Kayla Carroll,Line3
2641,71,Plant B,2024-06-23,14,37158.37,Morning,Joe Jackson,Line3
2642,188,Plant B,2025-09-19,13,32743.53,Morning,Joel Cowan,Line4
2643,64,Plant A,2023-06-11,9,28859.45,Morning,Tammy Tran,Line1
2644,127,Plant C,2023-10-13,7,16422.53,Evening,Gary Simpson,Line4
2645,135,Plant C,2024-02-14,6,28058.09,Evening,Kevin Garcia,Line5
2646,24,Plant B,2025-03-16,13,20998.53,Evening,Victoria Buck,Line2
2647,26,Plant C,2024-08-05,13,38978.84,Evening,Jennifer Williams,Line2
2648,52,Plant C,2024-06-24,12,11009.67,Morning,Amber Allen,Line3
2649,12,Plant B,2023-06-28,14,31542.53,Night,Jose Murphy,Line4
2650,141,Plant C,2023-06-19,15,13086.89,Evening,Christina Vega,Line5
2651,128,Plant C,2024-03-06,7,40549.56,Evening,Kelly Brock,Line3
2652,125,Plant B,2024-06-20,15,11374.45,Night,Nicholas Stewart,Line2
2653,162,Plant A,2024-05-03,13,21064.89,Night,Rebecca Jones,Line4
2654,153,Plant A,2022-10-24,3,26960.0,Morning,Daniel Castillo,Line3
2655,101,Plant B,2025-04-05,12,5930.4,Night,Marie Johnson,Line3
2656,57,Plant C,2023-06-22,13,10748.61,Night,Donald Jones,Line3
2657,188,Plant B,2022-10-22,1,25254.48,Evening,Nicole Williams,Line2
2658,176,Plant B,2025-10-03,8,14063.62,Night,Kathryn Lane,Line1
2659,96,Plant A,2023-02-11,20,21473.57,Morning,Walter Atkins,Line1
2660,49,Plant A,2024-05-01,5,19570.65,Morning,Joshua Harvey,Line3
2661,88,Plant C,2023-04-17,10,43004.32,Morning,Brooke Smith,Line1
2662,22,Plant A,2024-12-30,3,24640.18,Evening,Christopher Washington,Line4
2663,113,Plant A,2025-02-05,12,6903.14,Night,Kevin Berry,Line4
2664,198,Plant A,2023-07-11,19,7543.7,Morning,Jessica White,Line4
2665,132,Plant C,2023-03-15,15,46716.98,Night,Shawn Burns,Line5
2666,120,Plant C,2025-05-14,5,12660.2,Night,Debra Smith,Line2
2667,184,Plant A,2023-09-01,3,32679.15,Evening,James Hamilton,Line4
2668,112,Plant A,2025-04-18,19,17771.33,Evening,Alejandro Harris,Line3
2669,164,Plant A,2024-07-18,6,29124.47,Morning,Adam Green,Line1
2670,40,Plant B,2023-11-01,12,24556.43,Morning,Stephanie Taylor,Line4
2671,49,Plant C,2024-02-15,7,23453.11,Evening,Linda Villa,Line5
2672,25,Plant B,2025-02-15,18,21543.85,Evening,Jasmine Silva,Line3
2673,4,Plant C,2024-12-10,19,25595.42,Night,Timothy Martin,Line3
2674,159,Plant A,2022-11-30,3,23972.7,Night,Clinton Thompson,Line2
2675,10,Plant B,2025-09-03,14,45552.38,Morning,Shelby Bennett,Line3
2676,174,Plant C,2022-11-01,16,19753.6,Morning,Jason Williams,Line4
2677,23,Plant A,2023-04-09,6,19828.43,Morning,Jose Garcia,Line2
2678,15,Plant B,2022-12-13,19,41071.25,Night,Gregory Vang,Line3
2679,110,Plant B,2025-01-10,2,7558.92,Morning,Lori Galloway,Line4
2680,197,Plant C,2023-10-17,2,10760.11,Morning,Joseph Hamilton,Line2
2681,37,Plant C,2025-04-28,11,48611.05,Evening,Anthony Weiss,Line2
2682,54,Plant C,2024-12-07,6,49142.54,Morning,Thomas Oneal,Line1
2683,122,Plant A,2024-02-21,9,43283.48,Night,Sandra Edwards,Line4
2684,64,Plant A,2023-11-26,20,47657.21,Morning,Nicole Woodward,Line2
2685,54,Plant C,2023-01-04,20,17371.51,Night,Roberta Mccall,Line1
2686,96,Plant A,2023-09-01,5,9825.55,Morning,Mary Graham,Line3
2687,142,Plant A,2023-04-28,11,32575.32,Evening,Maurice Ruiz,Line1
2688,172,Plant C,2025-04-25,3,45259.49,Night,Katie Mcdonald,Line3
2689,151,Plant C,2024-01-04,8,19828.82,Evening,Erica Gonzalez,Line5
2690,73,Plant A,2025-05-17,18,39376.06,Evening,Keith Robinson,Line1
2691,192,Plant C,2023-12-20,1,24422.34,Morning,Michael Jones IV,Line4
2692,49,Plant A,2024-04-27,2,25863.94,Morning,Sarah Young,Line1
2693,105,Plant B,2025-09-27,1,30971.7,Evening,Adam Munoz,Line3
2694,75,Plant A,2024-04-20,5,36693.56,Morning,Lisa Pham,Line1
2695,49,Plant C,2022-10-24,10,47359.26,Night,Robert Jenkins,Line1
2696,113,Plant B,2025-03-26,7,39567.63,Night,Sarah Ellis MD,Line3
2697,155,Plant B,2024-01-03,11,29721.95,Morning,Jason Gordon,Line1
2698,18,Plant A,2023-07-26,7,6457.1,Morning,Joshua Wagner,Line3
2699,74,Plant A,2023-12-02,15,35813.55,Evening,Jason Brown,Line3
2700,111,Plant C,2024-08-27,19,10699.29,Evening,Sandra Kim,Line2
2701,139,Plant A,2024-03-10,3,33242.82,Evening,Mary Davis,Line4
2702,65,Plant B,2024-09-19,3,16358.21,Evening,Crystal Lawson,Line3
2703,81,Plant C,2023-07-29,9,19926.95,Night,John Lewis,Line5
2704,59,Plant C,2025-06-17,19,26578.3,Night,Audrey Case,Line2
2705,156,Plant C,2023-01-15,2,28295.84,Evening,Alyssa Wilson,Line3
2706,156,Plant C,2022-12-13,11,45603.68,Morning,Traci Romero,Line5
2707,63,Plant B,2023-06-27,15,10417.76,Morning,Gary Clark,Line1
2708,102,Plant A,2023-12-08,13,35489.86,Evening,Jason Reyes,Line2
2709,64,Plant C,2023-01-25,14,23342.79,Evening,Rebecca Gay,Line2
2710,111,Plant A,2024-08-27,17,45934.9,Evening,Marc Frank,Line5
2711,78,Plant A,2023-10-10,5,39019.84,Morning,Anthony Jones,Line3
2712,3,Plant A,2025-01-15,8,35247.65,Night,Jessica James,Line2
2713,65,Plant A,2023-05-09,16,19910.73,Night,Stanley Martin,Line4
2714,24,Plant C,2024-05-25,5,39566.89,Evening,Felicia Donovan,Line4
2715,159,Plant C,2023-12-26,12,38684.51,Night,Valerie Perez,Line2
2716,87,Plant A,2025-07-25,16,44616.86,Night,Kelly Moore,Line4
2717,95,Plant B,2023-02-09,10,48016.01,Morning,Benjamin Jones,Line1
2718,66,Plant A,2024-06-27,5,8231.91,Evening,Sergio Anderson,Line4
2719,104,Plant C,2024-01-18,15,32785.41,Evening,Angela Morrison,Line1
2720,27,Plant A,2024-09-02,4,9550.44,Night,Adam Villarreal,Line1
2721,96,Plant C,2024-02-23,18,47897.35,Evening,Samantha Terry,Line2
2722,25,Plant B,2023-11-09,2,7804.65,Night,Gary Myers,Line5
2723,9,Plant B,2024-03-22,9,10954.1,Evening,Hannah Martinez,Line4
2724,39,Plant B,2024-11-02,4,21393.72,Night,Catherine Thornton,Line2
2725,122,Plant A,2023-08-11,6,20975.82,Night,Ryan Huff,Line4
2726,36,Plant C,2025-07-16,14,28490.17,Morning,Leslie Morgan,Line3
2727,178,Plant A,2023-05-06,1,44546.17,Morning,Thomas Olson,Line1
2728,117,Plant B,2024-03-10,6,39862.81,Evening,Erin Rowland,Line1
2729,96,Plant A,2025-08-19,12,44727.91,Morning,Sarah Walker,Line4
2730,193,Plant A,2024-08-18,1,41343.33,Evening,Shawn Lambert,Line2
2731,162,Plant A,2025-02-07,17,10694.75,Night,Emily Robinson,Line4
2732,46,Plant C,2024-10-08,20,5029.69,Night,Rodney Ford,Line1
2733,106,Plant C,2023-09-26,16,10724.65,Morning,Matthew Martinez,Line3
2734,109,Plant B,2023-05-14,6,39845.39,Evening,Todd Mitchell,Line1
2735,127,Plant A,2025-02-14,6,48915.04,Night,Ann Brown,Line5
2736,159,Plant C,2024-08-16,8,33571.2,Night,Matthew Cohen,Line4
2737,149,Plant A,2023-03-02,7,32918.88,Evening,Darrell Flores,Line5
2738,86,Plant B,2025-06-29,17,10236.95,Evening,Jeffrey Martinez,Line4
2739,70,Plant B,2024-10-29,6,44159.52,Morning,Mark Pope,Line5
2740,152,Plant A,2024-09-26,13,32643.8,Morning,April Garcia,Line1
2741,111,Plant B,2025-05-14,19,42483.1,Morning,Chris Briggs,Line5
2742,146,Plant C,2024-04-27,6,35301.6,Night,Traci Duncan,Line2
2743,105,Plant B,2023-05-11,15,14337.87,Morning,Jenny Barnes,Line5
2744,42,Plant B,2024-09-22,9,32198.89,Evening,Danielle Robertson,Line5
2745,2,Plant A,2023-11-19,8,22703.55,Night,Brianna Stevens,Line5
2746,169,Plant B,2023-12-16,17,19483.97,Evening,Rebecca Mcgee,Line2
2747,57,Plant B,2024-07-14,12,10625.99,Morning,Monica Lane,Line2
2748,6,Plant A,2024-09-21,3,15649.92,Evening,Troy Leblanc,Line1
2749,156,Plant A,2024-09-15,14,41359.5,Evening,Darryl Smith,Line2
2750,60,Plant B,2025-05-15,1,38791.38,Evening,James Cook,Line3
2751,85,Plant A,2023-10-03,6,40087.08,Morning,Mark Pruitt,Line5
2752,150,Plant A,2025-09-11,15,29818.81,Evening,Teresa Dominguez,Line1
2753,136,Plant B,2025-08-02,4,43616.25,Morning,Jeremy Wilson,Line4
2754,68,Plant C,2025-07-17,8,40070.3,Morning,Kerri Perkins,Line4
2755,144,Plant A,2024-10-23,14,6341.18,Night,Daniel Braun,Line4
2756,99,Plant B,2023-06-02,6,20379.84,Night,Edward Johnson,Line2
2757,146,Plant A,2023-04-27,11,27931.45,Morning,Brittany Melton,Line3
2758,180,Plant A,2025-01-01,9,29015.33,Morning,Adam Mercer,Line1
2759,59,Plant A,2025-09-07,6,45967.6,Night,Rodney Morrow,Line5
2760,173,Plant B,2024-03-24,8,9102.65,Evening,April Krause,Line5
2761,102,Plant B,2023-12-25,12,19108.74,Night,Daisy Johnson,Line4
2762,56,Plant C,2024-02-23,10,22056.31,Evening,Caitlin Torres,Line5
2763,122,Plant A,2025-05-27,13,26737.42,Morning,William Lozano,Line5
2764,69,Plant C,2024-04-29,16,18293.0,Night,Jean Martinez,Line5
2765,76,Plant B,2024-02-05,19,48333.99,Night,Adrian Lyons,Line2
2766,79,Plant A,2022-12-05,8,17708.34,Night,Jennifer Jones,Line3
2767,148,Plant C,2025-01-20,8,9667.13,Morning,Justin Beck,Line2
2768,165,Plant C,2024-07-25,14,11257.72,Morning,Timothy Christian,Line4
2769,108,Plant A,2024-10-27,18,8321.2,Night,Richard Gonzalez,Line5
2770,127,Plant A,2024-10-01,7,10559.7,Evening,Jodi Carrillo,Line1
2771,18,Plant C,2024-12-08,17,9178.71,Night,Jennifer Singh,Line2
2772,159,Plant C,2022-10-10,15,18968.14,Morning,Richard Miller,Line1
2773,67,Plant A,2024-07-04,20,48567.88,Morning,Jeremy Johnson,Line2
2774,16,Plant B,2023-02-15,1,23093.76,Evening,Jessica Rodriguez,Line1
2775,61,Plant A,2025-04-07,16,26940.91,Night,Denise Torres,Line1
2776,80,Plant C,2023-08-07,20,32971.49,Night,Doris Washington,Line3
2777,29,Plant C,2024-05-03,7,44747.76,Morning,Erica Cooper,Line4
2778,112,Plant B,2024-04-02,16,24879.44,Morning,Brittany Black,Line1
2779,27,Plant B,2023-09-10,11,5251.02,Morning,Donna Mitchell,Line5
2780,90,Plant A,2023-10-27,18,44592.4,Morning,Daniel May,Line1
2781,184,Plant C,2022-12-15,13,21296.15,Evening,Dawn Alvarez,Line3
2782,56,Plant B,2024-05-27,12,30226.33,Evening,Mitchell Thomas,Line1
2783,189,Plant C,2023-01-03,9,19251.12,Night,Susan Wong,Line4
2784,23,Plant A,2024-04-18,3,39631.81,Evening,Amanda Thomas,Line2
2785,89,Plant C,2024-11-16,2,12750.34,Evening,Shirley Maddox,Line2
2786,90,Plant C,2024-11-07,18,38607.01,Morning,Kathleen Hall,Line5
2787,91,Plant C,2023-04-22,13,8548.83,Evening,Laura Coffey,Line5
2788,152,Plant B,2023-12-03,8,7844.15,Evening,Brenda Mendoza,Line3
2789,160,Plant C,2023-12-28,9,27641.01,Night,Ashley Mcdaniel,Line3
2790,109,Plant A,2024-08-17,15,34367.5,Evening,Amanda Caldwell,Line3
2791,163,Plant C,2025-01-17,11,21517.36,Evening,Julia Wall,Line1
2792,191,Plant B,2024-12-26,11,35698.67,Evening,Brandon Garcia,Line1
2793,89,Plant C,2025-10-03,2,46278.85,Night,Emily Ward,Line1
2794,19,Plant C,2024-11-13,19,32689.94,Night,Ann Wang,Line2
2795,20,Plant B,2024-08-30,6,30867.49,Morning,Daniel Payne,Line4
2796,30,Plant B,2025-03-03,18,32267.2,Night,Connie Morrison,Line1
2797,187,Plant A,2025-01-25,6,28462.07,Evening,Diana Boyer,Line2
2798,3,Plant A,2024-10-13,10,33818.52,Evening,Gabrielle Hall,Line2
2799,118,Plant A,2023-05-09,19,35110.27,Morning,Kimberly Johnson,Line2
2800,187,Plant C,2023-05-21,8,41155.96,Night,Sarah Mclean,Line2
2801,93,Plant C,2024-07-11,8,45259.91,Night,Alicia Fox,Line2
2802,80,Plant C,2024-07-06,12,48054.87,Evening,Ann Austin,Line4
2803,183,Plant B,2022-10-09,13,26281.5,Night,Morgan Herrera,Line4
2804,168,Plant C,2024-04-22,10,32210.66,Morning,Deborah Fowler,Line2
2805,27,Plant A,2025-07-11,20,33139.28,Night,Robert Garcia,Line3
2806,30,Plant A,2024-10-04,7,36175.12,Night,Anne Hubbard,Line5
2807,54,Plant C,2025-06-18,18,33674.63,Night,Lawrence Haynes,Line2
2808,32,Plant A,2023-05-12,15,15786.53,Morning,Jeremy Moore,Line2
2809,138,Plant A,2024-01-07,3,27485.08,Night,Angel Wilkins,Line3
2810,110,Plant C,2022-11-23,20,28385.47,Morning,Joshua Howard,Line3
2811,137,Plant B,2023-08-10,2,33490.2,Evening,Brittney Schwartz,Line3
2812,95,Plant C,2024-01-14,17,17584.4,Morning,Alan Rose,Line4
2813,64,Plant B,2022-12-04,11,18207.52,Evening,David Kennedy,Line3
2814,179,Plant C,2025-01-09,19,34927.41,Evening,Brian Rodriguez,Line4
2815,142,Plant A,2022-10-15,13,39728.77,Night,Priscilla Adams,Line2
2816,15,Plant C,2024-10-24,11,39218.45,Morning,Jerry Fry,Line4
2817,40,Plant A,2022-11-27,12,28670.49,Night,Richard Meyer,Line1
2818,27,Plant C,2022-10-12,1,35104.74,Night,Corey Anderson,Line2
2819,136,Plant B,2024-03-01,8,5646.89,Evening,Samantha Harper,Line3
2820,19,Plant C,2024-06-30,6,17964.74,Evening,Eric Torres,Line5
2821,193,Plant B,2025-06-21,8,35027.35,Morning,Peter Hogan,Line3
2822,149,Plant A,2024-01-17,17,20724.19,Morning,George Shaw,Line1
2823,127,Plant C,2023-02-26,3,6435.25,Night,Joe Miller,Line1
2824,47,Plant A,2024-08-09,13,33538.96,Evening,Michele Ferguson,Line2
2825,70,Plant A,2023-08-24,14,22672.0,Morning,Jessica Garcia,Line4
2826,109,Plant A,2023-12-03,18,12809.19,Morning,Jason Larsen,Line3
2827,177,Plant B,2024-03-11,20,31834.83,Evening,Andrew Blackwell,Line5
2828,188,Plant C,2024-07-25,7,32820.12,Evening,Charles King,Line3
2829,95,Plant B,2024-11-30,3,22686.6,Morning,Lisa Garcia,Line2
2830,56,Plant A,2025-04-07,9,26858.28,Evening,Roy Sandoval,Line3
2831,139,Plant C,2023-03-17,20,37840.6,Evening,Christina Smith,Line3
2832,86,Plant C,2024-01-05,3,25485.29,Night,Jacqueline Smith,Line5
2833,110,Plant A,2025-06-29,20,40202.99,Evening,Paul Johnson,Line4
2834,61,Plant A,2024-12-29,17,41300.53,Evening,James Hayes,Line2
2835,56,Plant C,2025-06-07,1,49065.54,Night,Martin Molina,Line4
2836,86,Plant B,2025-09-06,4,44102.23,Morning,Hannah Sanders,Line3
2837,95,Plant B,2024-07-05,1,10733.55,Evening,Steven Khan,Line1
2838,104,Plant C,2023-04-28,13,10762.96,Evening,Mr. Nathan Robinson DDS,Line5
2839,87,Plant A,2024-07-30,20,29378.32,Evening,Angela Henry,Line5
2840,74,Plant B,2023-03-04,13,28739.62,Night,Caleb House,Line5
2841,179,Plant A,2023-09-18,15,25851.78,Morning,Steve Zamora,Line2
2842,37,Plant A,2024-03-04,4,20286.76,Morning,Dustin Ferguson,Line3
2843,71,Plant C,2023-03-12,2,41728.37,Morning,Jenna Barber,Line1
2844,139,Plant A,2024-06-03,20,11278.24,Morning,Jody Fleming,Line3
2845,148,Plant A,2023-02-28,17,27393.9,Evening,Michelle Ramsey,Line4
2846,107,Plant A,2023-09-07,3,43103.38,Morning,Scott Coffey,Line4
2847,7,Plant C,2025-09-18,19,27358.27,Morning,Charles Rodriguez,Line5
2848,84,Plant B,2024-09-10,4,42066.78,Morning,Jessica Johnson,Line5
2849,81,Plant B,2025-09-23,9,41497.73,Evening,Diane Harrison,Line1
2850,133,Plant A,2025-08-21,1,38007.87,Morning,Dr. Tina Lewis,Line3
2851,103,Plant B,2023-06-11,5,48060.06,Evening,Patrick Lucas,Line1
2852,104,Plant A,2025-09-19,2,40465.71,Night,Patricia Patel,Line1
2853,19,Plant A,2025-04-17,2,33521.57,Morning,Tyler Patel,Line3
2854,64,Plant A,2023-08-04,10,38361.23,Night,Anthony Barber,Line2
2855,67,Plant A,2023-09-26,2,14723.66,Night,Rebecca Lyons DDS,Line2
2856,132,Plant A,2023-06-22,19,12150.93,Morning,Jason Mitchell,Line4
2857,179,Plant C,2025-08-21,8,34321.93,Night,William Martin,Line4
2858,187,Plant B,2024-01-06,16,38980.35,Morning,Kimberly Anderson,Line2
2859,70,Plant A,2024-09-28,17,44274.76,Morning,Susan Ryan,Line2
2860,9,Plant A,2024-06-28,5,18269.74,Night,Travis Martinez,Line4
2861,100,Plant B,2023-06-30,5,12310.65,Morning,Lisa Blair,Line2
2862,145,Plant A,2022-11-08,4,12791.08,Morning,Christopher Escobar,Line5
2863,153,Plant B,2023-02-06,7,44573.65,Evening,Lauren Hart,Line4
2864,190,Plant C,2024-06-28,2,33800.69,Morning,Kevin Robinson,Line4
2865,34,Plant B,2024-01-06,13,42397.52,Night,Thomas Wheeler,Line1
2866,81,Plant A,2023-11-23,19,21482.25,Evening,Mary Lee,Line4
2867,167,Plant A,2023-07-04,3,11519.99,Morning,Michelle Trevino,Line2
2868,156,Plant B,2025-03-01,11,33971.1,Evening,Danielle Foley,Line2
2869,145,Plant A,2023-02-05,16,6644.43,Morning,Terry Ingram,Line3
2870,55,Plant C,2023-12-14,17,10038.83,Evening,George Guerra,Line1
2871,179,Plant B,2024-11-30,18,30438.61,Night,John Gonzales,Line4
2872,199,Plant B,2023-12-20,13,49460.39,Night,Maria Dunlap,Line5
2873,187,Plant A,2025-04-11,10,35465.34,Night,Dana Bradshaw,Line3
2874,1,Plant A,2025-03-09,7,26137.07,Evening,Ruth Wong,Line3
2875,119,Plant C,2024-04-25,4,14629.32,Evening,Robert Lee,Line5
2876,119,Plant B,2023-04-19,6,44557.84,Evening,Michael Bell,Line4
2877,82,Plant C,2023-07-31,5,17606.06,Evening,Jennifer Thompson,Line2
2878,60,Plant A,2025-05-19,17,40818.59,Night,Tony Koch,Line1
2879,93,Plant B,2022-11-21,6,11085.72,Evening,Samantha Reyes,Line2
2880,195,Plant B,2024-10-28,3,34154.57,Night,Kristin Mcconnell,Line5
2881,122,Plant C,2025-06-27,9,36291.66,Night,Melissa Macias,Line4
2882,189,Plant A,2024-12-01,20,42076.07,Evening,Anthony Morgan,Line3
2883,80,Plant C,2025-07-26,15,21577.48,Evening,Jeremy Sellers,Line2
2884,8,Plant B,2023-06-18,11,31517.1,Morning,Justin Rojas,Line4
2885,114,Plant C,2025-04-08,11,30020.08,Morning,Sarah Harrell,Line5
2886,20,Plant C,2022-12-18,3,30681.68,Evening,Thomas Wright,Line5
2887,33,Plant C,2022-11-01,4,16436.99,Night,Justin Berry,Line3
2888,32,Plant A,2023-11-08,9,37332.9,Night,Rachel Clark,Line3
2889,133,Plant A,2024-12-01,12,26943.69,Night,Oscar Thompson,Line2
2890,122,Plant C,2024-12-01,11,25032.57,Morning,Julie Alvarez,Line4
2891,37,Plant C,2024-12-19,9,41945.51,Night,Jenny Baldwin,Line5
2892,153,Plant A,2024-03-01,11,35799.96,Evening,Robin Morgan,Line3
2893,189,Plant C,2024-10-03,5,45983.07,Night,Mary Wright,Line2
2894,94,Plant A,2025-02-12,1,19947.76,Evening,Kyle Mitchell,Line2
2895,121,Plant B,2025-02-20,15,7662.4,Evening,Alyssa Wilson,Line4
2896,145,Plant A,2024-08-14,19,36951.02,Morning,Curtis Aguilar,Line3
2897,186,Plant A,2025-08-14,10,45848.2,Night,Sheena Hudson,Line5
2898,180,Plant C,2024-02-05,11,32126.07,Morning,Michelle Smith,Line5
2899,166,Plant B,2024-02-27,19,30797.33,Evening,George Dunlap,Line3
2900,127,Plant C,2023-11-19,11,24333.19,Evening,Melissa Hall,Line4
2901,7,Plant B,2025-03-18,9,43889.17,Night,Erica Carter,Line2
2902,189,Plant C,2025-02-18,20,12502.69,Night,Madison Warner,Line2
2903,10,Plant A,2023-12-16,6,12887.88,Morning,Gary Willis,Line4
2904,64,Plant B,2024-05-06,14,21969.88,Evening,Daniel Reyes,Line5
2905,158,Plant B,2024-11-04,19,7163.42,Evening,Benjamin Rodriguez,Line5
2906,184,Plant A,2025-09-09,9,38885.76,Night,Jake Cunningham,Line1
2907,91,Plant A,2024-05-17,1,23798.04,Morning,Anthony Hernandez,Line2
2908,13,Plant C,2025-05-26,2,8333.27,Night,Edward Bailey,Line2
2909,49,Plant C,2024-03-07,8,29552.71,Night,Jerry Davies,Line5
2910,11,Plant B,2024-09-22,18,10867.22,Evening,John Cunningham,Line5
2911,24,Plant A,2024-07-10,4,21742.22,Night,Dennis Lopez,Line2
2912,107,Plant C,2024-05-27,7,14117.22,Evening,Tyler Walker,Line4
2913,160,Plant B,2024-02-10,19,23518.7,Morning,Bianca Johnson,Line3
2914,15,Plant C,2025-04-30,3,35144.79,Evening,Francis Schmidt,Line3
2915,104,Plant B,2024-08-31,7,14634.79,Evening,Austin Jennings,Line4
2916,13,Plant C,2023-08-15,15,17213.99,Evening,Anne Jacobson,Line2
2917,67,Plant B,2022-11-21,18,48203.95,Evening,Courtney Johnson,Line5
2918,186,Plant C,2023-04-15,18,46500.37,Evening,Michelle Torres,Line2
2919,168,Plant C,2024-02-11,12,34438.35,Morning,Matthew Phelps,Line3
2920,73,Plant C,2024-01-04,15,28599.69,Morning,James Osborne,Line1
2921,169,Plant C,2023-02-17,14,17958.98,Morning,Michael Reynolds,Line1
2922,118,Plant C,2025-04-18,17,7251.7,Night,Julie Hill,Line3
2923,75,Plant B,2023-01-01,12,6551.94,Morning,Arthur Black,Line2
2924,15,Plant C,2023-04-24,19,6244.17,Evening,Natalie Long,Line4
2925,100,Plant A,2024-12-17,8,40324.38,Night,Roger Howard,Line4
2926,140,Plant C,2025-07-20,9,9629.42,Night,Phillip Swanson,Line4
2927,63,Plant B,2024-11-07,9,26322.65,Evening,Madison Garcia,Line2
2928,38,Plant C,2025-01-08,16,25275.03,Morning,Kathleen Alexander,Line1
2929,92,Plant C,2024-12-29,4,19248.83,Morning,Curtis Thornton,Line5
2930,92,Plant A,2023-07-23,7,26891.1,Evening,Vanessa Mercado,Line2
2931,47,Plant B,2025-03-17,9,43257.2,Morning,Samantha Lopez,Line3
2932,80,Plant C,2024-02-01,7,29352.46,Evening,Sandra Hammond,Line5
2933,145,Plant A,2024-10-03,16,5192.06,Morning,Todd Lutz,Line4
2934,142,Plant C,2024-02-23,19,15801.93,Evening,Daniel Gonzalez,Line5
2935,157,Plant A,2023-09-05,7,45468.8,Evening,Michelle Edwards MD,Line1
2936,29,Plant A,2022-10-14,16,10896.88,Night,Clayton Park,Line2
2937,168,Plant B,2025-04-09,2,9261.46,Evening,Glen Atkinson,Line5
2938,64,Plant C,2022-10-21,1,41182.25,Morning,Peter Hall,Line1
2939,157,Plant A,2023-09-24,16,44096.35,Evening,Lynn Austin,Line1
2940,117,Plant C,2025-06-15,5,21375.96,Morning,Michelle Stokes,Line1
2941,103,Plant C,2023-09-30,11,25237.71,Night,Sharon Garcia,Line1
2942,158,Plant B,2025-08-06,18,36238.73,Evening,Donna Stein,Line5
2943,185,Plant A,2024-08-04,1,41865.55,Morning,Brittany Booth,Line2
2944,179,Plant A,2023-12-04,5,26879.47,Morning,Jennifer Hudson,Line5
2945,60,Plant C,2024-01-24,17,47817.17,Morning,Ryan Koch,Line1
2946,164,Plant B,2024-09-06,18,44797.74,Morning,Kristy Marshall,Line3
2947,182,Plant B,2023-06-15,16,40640.63,Morning,Robert Williams,Line2
2948,85,Plant A,2025-05-17,16,18898.68,Evening,Joseph Hunt,Line3
2949,11,Plant C,2023-08-18,4,22736.96,Night,Shawna Rojas,Line3
2950,179,Plant B,2023-03-30,19,40096.37,Night,Karen Howard,Line5
2951,192,Plant A,2023-07-22,8,42990.28,Morning,Kelly Anderson,Line2
2952,15,Plant A,2024-06-04,2,33609.21,Morning,Lindsey Fritz,Line4
2953,102,Plant B,2022-12-08,15,23459.63,Night,Maurice Young,Line4
2954,194,Plant A,2025-02-27,11,5273.81,Evening,Wanda Lopez,Line5
2955,187,Plant B,2024-08-21,14,49503.39,Night,James Holmes,Line2
2956,189,Plant A,2023-06-28,8,5225.99,Night,Frank Phillips,Line2
2957,74,Plant C,2024-02-02,1,17551.38,Night,Johnny Hatfield,Line4
2958,37,Plant B,2024-12-19,17,40331.15,Night,Daisy Phillips,Line2
2959,98,Plant B,2022-11-25,16,19153.43,Morning,Rachael Hayes,Line2
2960,163,Plant B,2023-09-05,12,16842.18,Evening,Jaime Hull,Line3
2961,198,Plant B,2025-02-05,9,31362.51,Night,Angela Sandoval,Line4
2962,149,Plant B,2023-08-05,2,20824.33,Night,Vickie Coffey,Line1
2963,68,Plant B,2024-05-08,18,11267.87,Morning,Samuel Green,Line5
2964,152,Plant C,2025-03-19,19,8270.56,Morning,Elizabeth Dominguez,Line5
2965,196,Plant B,2025-07-28,16,16947.19,Evening,Leslie Gibson,Line1
2966,109,Plant B,2024-07-31,8,39012.55,Night,Ryan Robinson,Line1
2967,130,Plant B,2024-08-22,20,7130.49,Night,Renee King,Line3
2968,17,Plant C,2022-11-06,11,21322.13,Evening,Amanda Chen,Line2
2969,105,Plant C,2022-12-30,16,43672.69,Night,Patricia Anderson,Line1
2970,196,Plant A,2022-12-29,18,45273.05,Morning,Anthony Stone,Line4
2971,26,Plant A,2024-06-14,17,20195.25,Night,James Torres,Line2
2972,5,Plant B,2023-06-02,15,41446.02,Evening,Aaron Hall,Line2
2973,42,Plant C,2024-06-03,16,20588.48,Night,Adam Dudley,Line4
2974,160,Plant B,2024-12-03,6,13422.39,Evening,Mark Wagner,Line3
2975,170,Plant C,2024-10-21,12,36635.92,Morning,Adam Moore,Line5
2976,151,Plant C,2024-08-10,11,24415.24,Morning,Brittany Potter,Line5
2977,20,Plant A,2024-03-14,8,31083.57,Evening,James Duncan,Line3
2978,44,Plant B,2024-11-19,18,24646.97,Morning,Kyle Phillips,Line3
2979,35,Plant A,2024-08-23,20,39599.41,Night,Elizabeth Howard,Line5
2980,151,Plant A,2023-06-17,9,16105.91,Evening,Emma Hopkins,Line5
2981,2,Plant C,2024-09-04,11,16665.92,Night,Tiffany Welch,Line1
2982,85,Plant B,2024-09-09,11,36224.7,Evening,James Allison,Line2
2983,132,Plant C,2025-09-23,10,8182.47,Evening,Faith Joseph,Line3
2984,80,Plant C,2024-08-08,2,29741.59,Evening,Diane Walton,Line4
2985,197,Plant B,2025-01-23,9,48895.45,Evening,Heather Hill,Line5
2986,158,Plant C,2023-03-23,1,12244.69,Evening,Brittany Hinton,Line1
2987,35,Plant B,2025-06-15,12,22716.64,Morning,Kelli Lewis,Line3
2988,151,Plant C,2023-05-28,5,23885.77,Night,Evan Davis,Line2
2989,78,Plant C,2023-12-24,16,8869.58,Evening,Susan Payne,Line1
2990,51,Plant B,2023-10-29,11,9197.54,Morning,David Short,Line4
2991,107,Plant A,2023-06-27,16,27129.55,Evening,Donna Pugh,Line5
2992,168,Plant A,2023-06-02,2,5875.3,Evening,Troy Miles,Line2
2993,200,Plant A,2024-08-23,5,24479.11,Evening,Karla Browning,Line5
2994,126,Plant C,2023-10-26,17,23641.0,Night,Sarah Peters,Line3
2995,146,Plant A,2023-08-29,10,24154.8,Night,Nicholas Rasmussen,Line4
2996,74,Plant B,2025-01-22,14,40045.6,Morning,Kaitlin Smith,Line1
2997,82,Plant B,2022-12-22,18,9808.79,Evening,Troy Hart,Line4
2998,7,Plant A,2023-10-15,16,31572.85,Evening,Emma Fitzgerald,Line4
2999,160,Plant C,2022-12-04,13,36446.38,Evening,Elizabeth Clay,Line4
3000,167,Plant C,2025-07-12,6,42276.67,Evening,Brandon Baird,Line1
3001,49,Plant A,2024-03-28,9,31652.85,Morning,Michelle Walsh,Line4
3002,178,Plant C,2023-06-07,11,13877.28,Night,Cheyenne Rowland,Line2
3003,129,Plant A,2025-08-24,17,12768.76,Evening,Dr. Robert Montgomery,Line1
3004,112,Plant C,2023-07-26,17,48580.33,Evening,Jennifer Thompson,Line5
3005,137,Plant A,2023-09-03,15,24592.0,Evening,Natalie Perkins,Line4
3006,42,Plant C,2025-05-07,8,45137.25,Morning,Andrea Bradshaw,Line1
3007,125,Plant A,2023-01-17,3,49526.61,Night,David Smith,Line2
3008,19,Plant A,2023-04-04,1,25217.92,Morning,Raven Nelson,Line1
3009,61,Plant C,2023-05-18,3,7796.7,Morning,Kimberly Reed,Line3
3010,175,Plant A,2025-06-15,9,46534.72,Night,Tammy Smith,Line3
3011,112,Plant A,2025-01-17,6,36468.23,Morning,Anthony Beasley,Line5
3012,40,Plant B,2025-06-29,11,12349.78,Morning,Timothy Coleman,Line2
3013,106,Plant C,2024-06-02,14,32902.12,Night,Joshua Kelly,Line1
3014,86,Plant C,2024-12-21,12,19932.92,Night,James Miller,Line2
3015,163,Plant B,2024-08-29,20,35524.17,Night,Bonnie Moore,Line5
3016,112,Plant C,2024-03-10,19,15290.8,Evening,Lindsay Zavala,Line4
3017,136,Plant C,2023-09-26,5,42112.87,Evening,Peter Smith,Line5
3018,4,Plant C,2023-04-21,4,44759.62,Evening,Ricardo Erickson,Line4
3019,183,Plant B,2023-10-20,18,8202.98,Morning,Lucas Smith,Line4
3020,192,Plant B,2024-05-31,18,12607.51,Morning,Mrs. Jennifer Sims,Line2
3021,200,Plant C,2024-11-21,16,13515.92,Morning,Alan Serrano,Line4
3022,125,Plant B,2023-03-31,8,33946.97,Evening,Amy Moran,Line4
3023,83,Plant A,2025-05-05,6,39811.92,Evening,James Bennett,Line1
3024,104,Plant B,2023-09-21,18,36999.93,Evening,Peter Anderson,Line3
3025,116,Plant A,2024-07-22,9,18617.35,Night,Jonathan Harris,Line3
3026,43,Plant A,2023-02-05,7,37275.91,Evening,Ashley Mitchell,Line1
3027,123,Plant A,2025-05-16,4,27562.63,Night,Justin Bryant,Line2
3028,98,Plant B,2024-04-14,13,42261.06,Night,Madison Lane,Line1
3029,176,Plant C,2023-11-16,14,44860.0,Morning,Bryan Mendez,Line5
3030,13,Plant A,2023-02-11,9,34834.42,Morning,Angel Riley,Line4
3031,182,Plant C,2024-02-14,17,15864.83,Morning,Mrs. Jennifer Baker,Line2
3032,35,Plant A,2023-09-01,7,45371.22,Evening,April Vance,Line2
3033,87,Plant A,2025-06-10,20,17617.3,Morning,Darren Trujillo,Line3
3034,102,Plant B,2023-10-07,15,30303.47,Morning,Raymond Hendricks,Line2
3035,149,Plant B,2025-01-02,16,49809.54,Morning,James Bradley,Line5
3036,52,Plant C,2024-06-28,12,13431.0,Night,Jenna Faulkner,Line3
3037,54,Plant C,2024-03-02,11,28174.48,Morning,Angela Gonzalez,Line5
3038,191,Plant C,2025-01-15,18,46619.01,Morning,Amy Willis,Line5
3039,34,Plant C,2025-09-11,15,43089.35,Morning,Michelle Young,Line5
3040,178,Plant C,2025-06-24,1,32712.05,Evening,Stacey Andrews,Line3
3041,92,Plant A,2025-01-03,16,13168.9,Morning,Joshua Lee,Line3
3042,58,Plant C,2024-06-12,16,36004.44,Morning,Timothy Suarez,Line5
3043,65,Plant B,2024-04-09,11,41897.91,Evening,Sarah Johnson,Line2
3044,164,Plant C,2025-07-02,6,28581.61,Evening,Tyler Mcbride,Line5
3045,127,Plant C,2023-03-06,8,38032.87,Night,Kyle Flynn,Line5
3046,176,Plant C,2025-02-28,9,37420.92,Evening,Brandon Anderson,Line2
3047,137,Plant A,2022-10-25,10,21037.94,Evening,Gerald Evans,Line1
3048,190,Plant B,2023-06-24,1,41234.85,Night,Barbara Smith,Line4
3049,156,Plant A,2023-11-15,18,29356.26,Morning,Amy Chan,Line2
3050,185,Plant A,2023-07-22,4,21620.96,Morning,Dave Davis,Line4
3051,61,Plant B,2023-04-20,4,8356.68,Evening,Melissa Ferguson,Line4
3052,154,Plant A,2024-01-02,11,37182.04,Night,Christopher Lawrence,Line5
3053,84,Plant C,2025-01-21,4,49795.26,Night,Zachary Taylor,Line3
3054,171,Plant A,2022-11-23,17,20788.7,Night,Joanna Parker MD,Line4
3055,9,Plant B,2022-11-07,12,37884.4,Night,Angela Rhodes,Line3
3056,152,Plant A,2022-10-30,18,23622.46,Morning,Natasha Serrano,Line4
3057,8,Plant B,2025-09-11,7,6935.13,Evening,Dillon Brown,Line3
3058,132,Plant A,2024-07-24,17,34509.75,Night,Shari Sawyer,Line1
3059,77,Plant C,2023-05-29,18,22874.86,Night,Susan Kim,Line2
3060,125,Plant A,2023-11-15,15,42297.9,Evening,Matthew Nguyen,Line5
3061,102,Plant A,2023-01-20,8,29012.58,Evening,Catherine Mccormick,Line4
3062,90,Plant C,2023-02-20,10,10826.94,Night,Tammy Boyer,Line4
3063,117,Plant B,2024-01-23,19,14257.82,Evening,Kathleen Brown,Line1
3064,65,Plant C,2022-12-25,14,27934.62,Night,James Stanton,Line2
3065,193,Plant A,2024-05-17,7,45498.53,Morning,Aaron Mccall Jr.,Line3
3066,35,Plant B,2023-11-02,6,33629.26,Evening,Edward Diaz,Line5
3067,59,Plant C,2023-02-13,12,8137.09,Morning,Gary Shepherd,Line3
3068,158,Plant C,2025-08-15,10,16635.36,Night,Adam Rich,Line3
3069,48,Plant C,2024-05-02,8,18732.08,Evening,Denise Payne,Line4
3070,93,Plant C,2025-02-24,11,45626.33,Morning,Michelle Patterson,Line1
3071,71,Plant A,2022-11-04,7,16528.15,Morning,Jeffrey Cole,Line4
3072,30,Plant C,2025-08-14,6,23536.38,Evening,Joseph Brown II,Line3
3073,170,Plant B,2024-06-28,18,37359.96,Morning,Dr. Richard Hayes DDS,Line4
3074,95,Plant C,2024-07-01,4,7575.97,Morning,Anna Zimmerman,Line5
3075,86,Plant B,2024-03-13,10,42030.34,Evening,Ronald Tate,Line5
3076,83,Plant C,2025-03-02,2,17342.25,Morning,Candace Davis,Line3
3077,197,Plant A,2024-02-19,14,7683.48,Morning,William Gomez,Line2
3078,81,Plant A,2024-06-21,8,42969.16,Morning,Angel Ross,Line2
3079,168,Plant A,2024-10-07,13,26730.41,Morning,Christina Smith,Line3
3080,162,Plant B,2025-04-17,13,12840.15,Morning,Andrew Thompson Jr.,Line2
3081,32,Plant C,2022-12-17,19,45792.93,Morning,Rachel Hale,Line4
3082,103,Plant B,2023-06-22,19,39397.09,Night,Marc Holden,Line3
3083,114,Plant C,2024-03-16,14,16692.65,Evening,Jennifer Nguyen,Line5
3084,23,Plant C,2023-12-05,1,41086.53,Night,Adam Prince,Line2
3085,91,Plant A,2024-12-20,1,21679.62,Morning,Robin Banks,Line2
3086,91,Plant B,2024-09-10,5,47533.9,Morning,Cynthia Miller,Line2
3087,87,Plant C,2024-04-26,9,21473.4,Evening,Tyler Holt,Line1
3088,194,Plant A,2025-07-04,3,5294.45,Night,Kristen Sims,Line5
3089,74,Plant B,2025-04-30,16,14444.22,Night,Jonathan Walsh,Line4
3090,33,Plant B,2023-08-11,3,35051.5,Night,Tonya Parks,Line5
3091,164,Plant C,2024-02-12,14,21970.83,Morning,Nicole Smith,Line2
3092,20,Plant A,2025-03-25,2,30526.29,Evening,Corey Duffy,Line4
3093,56,Plant A,2024-05-19,7,37908.68,Night,Nicole Edwards,Line3
3094,190,Plant C,2023-07-14,19,18331.43,Night,Adrian Rivas,Line5
3095,146,Plant B,2023-07-29,20,45023.35,Evening,Nicholas Brown,Line4
3096,69,Plant B,2023-04-01,16,46464.08,Morning,Timothy Smith,Line5
3097,107,Plant A,2024-06-18,8,44436.69,Morning,Alexandra Ryan,Line4
3098,130,Plant A,2023-04-15,18,34880.57,Morning,Ryan Sullivan,Line4
3099,100,Plant C,2024-02-02,20,20888.97,Evening,Patrick Owens,Line4
3100,161,Plant B,2024-03-11,20,33284.29,Evening,Jack Goodman,Line1
3101,35,Plant A,2023-11-03,18,42303.38,Evening,Daniel Gomez,Line3
3102,62,Plant B,2024-05-04,5,35011.66,Morning,Andrea Mason,Line5
3103,75,Plant B,2024-03-05,18,21975.94,Night,Andrea Olson,Line3
3104,81,Plant B,2025-09-27,6,30611.55,Night,Mr. Kevin Watson,Line4
3105,90,Plant C,2025-01-20,13,48050.71,Evening,Warren Payne Jr.,Line4
3106,130,Plant B,2025-06-09,20,26923.9,Night,Mason Salazar,Line4
3107,198,Plant B,2025-02-07,12,37018.64,Evening,James Schmidt,Line3
3108,86,Plant C,2025-04-18,17,9788.24,Morning,Heidi Carter,Line5
3109,188,Plant B,2025-07-26,4,14579.09,Evening,Eric Trujillo,Line2
3110,183,Plant C,2023-03-17,12,15968.62,Morning,Anne Hernandez,Line1
3111,173,Plant B,2025-04-24,10,17404.55,Evening,Deborah Nelson,Line2
3112,75,Plant A,2025-07-18,16,17670.72,Evening,Edgar Stevens,Line1
3113,155,Plant C,2023-12-21,15,22845.86,Evening,James Roberts,Line2
3114,12,Plant A,2023-10-29,12,6727.5,Evening,Pamela Allen,Line5
3115,101,Plant C,2025-09-13,14,10552.93,Evening,Beverly Taylor,Line1
3116,14,Plant C,2025-08-08,3,18473.58,Evening,Samantha Barr,Line5
3117,56,Plant A,2025-01-25,6,29084.87,Night,Tiffany Little,Line5
3118,31,Plant A,2025-09-08,17,10764.54,Night,Daniel Wong,Line2
3119,70,Plant A,2025-01-05,14,13751.4,Morning,Michael Willis,Line4
3120,84,Plant C,2022-11-24,19,28592.55,Morning,Ryan Montes,Line3
3121,59,Plant B,2023-07-24,8,21979.3,Night,Garrett Allen,Line1
3122,133,Plant C,2023-01-30,4,44308.05,Morning,Jason Torres,Line1
3123,31,Plant C,2023-09-25,11,37314.78,Night,Robert Farrell,Line5
3124,69,Plant C,2024-10-05,17,28408.71,Evening,Mary Larson,Line4
3125,150,Plant B,2024-12-07,6,43821.36,Night,Martha Jackson,Line4
3126,148,Plant A,2024-09-13,13,29716.21,Evening,Jeffrey Boyer,Line5
3127,118,Plant C,2023-05-14,18,43301.89,Morning,Grant Henderson,Line5
3128,173,Plant C,2025-06-17,3,46738.29,Evening,Sylvia Brady,Line3
3129,98,Plant A,2025-05-24,5,39082.89,Morning,Juan Cannon,Line2
3130,194,Plant B,2024-12-14,17,41639.79,Night,Jerry Rowe,Line3
3131,122,Plant B,2022-11-25,2,26984.48,Night,Robert Johnson,Line5
3132,138,Plant C,2024-06-03,7,25024.58,Evening,Sandy Carter,Line3
3133,145,Plant B,2024-01-11,10,22275.25,Morning,Jessica Brock DDS,Line2
3134,197,Plant A,2023-05-30,13,44337.92,Night,Jillian Mccarthy,Line2
3135,129,Plant B,2024-11-29,1,8858.34,Morning,Laura Hubbard,Line3
3136,178,Plant A,2023-07-03,9,26204.4,Morning,Sarah Ortega,Line3
3137,29,Plant C,2023-12-01,19,8358.18,Evening,Anthony Hart,Line5
3138,175,Plant A,2023-10-03,7,30013.51,Evening,Linda Dalton,Line1
3139,108,Plant A,2025-05-29,3,35789.86,Morning,Nancy Patterson,Line2
3140,85,Plant C,2023-01-26,14,10490.94,Evening,Amanda Khan,Line1
3141,91,Plant A,2024-03-23,14,14275.71,Night,Eric Molina,Line5
3142,132,Plant B,2025-02-20,19,12008.75,Morning,April Clark,Line2
3143,28,Plant A,2024-11-04,10,38684.27,Evening,David Roberts,Line5
3144,162,Plant B,2025-02-15,7,12585.82,Night,Kelly Berry,Line4
3145,117,Plant A,2025-01-26,2,18062.63,Morning,Jonathan Berg,Line3
3146,33,Plant C,2023-07-03,19,49246.78,Morning,Gregory Koch,Line4
3147,113,Plant C,2022-10-31,12,30160.07,Evening,Kelly Scott,Line3
3148,50,Plant A,2022-10-07,9,22450.74,Evening,Samantha Rivera,Line4
3149,177,Plant A,2023-10-24,10,37492.09,Night,Regina Daniels,Line5
3150,2,Plant C,2025-07-05,17,14860.68,Evening,David Flores,Line5
3151,172,Plant C,2022-12-18,5,5503.6,Night,Joshua Miller,Line5
3152,200,Plant B,2025-09-08,8,5863.06,Evening,Kara Snow,Line4
3153,66,Plant B,2023-12-04,10,21773.26,Night,James Brooks,Line1
3154,164,Plant A,2023-09-19,8,19219.06,Night,Christina Saunders,Line4
3155,59,Plant B,2024-01-06,7,13300.8,Evening,Robert Smith,Line4
3156,71,Plant B,2025-08-22,4,13097.97,Morning,Rachel Edwards,Line2
3157,42,Plant A,2022-12-20,20,16280.65,Evening,Miguel Dean,Line4
3158,136,Plant C,2023-11-16,12,7534.28,Morning,Steven Bradford,Line5
3159,132,Plant A,2024-02-22,7,13675.38,Evening,Andrea Davis,Line3
3160,76,Plant C,2025-03-25,4,24522.78,Morning,Mary Wheeler,Line3
3161,110,Plant C,2025-06-13,15,42129.72,Evening,Stacey Jackson,Line1
3162,22,Plant A,2023-11-25,12,40205.16,Morning,Maria Hunt,Line4
3163,179,Plant A,2025-09-06,2,23417.07,Night,Charles Lee,Line1
3164,67,Plant A,2023-08-17,12,7429.92,Morning,Christopher Riley,Line2
3165,77,Plant A,2024-06-12,8,21640.33,Morning,Kyle Kelly,Line3
3166,102,Plant C,2024-01-28,20,10524.77,Night,John Graves,Line1
3167,62,Plant B,2022-10-13,1,27818.73,Night,Mr. Benjamin Patrick DDS,Line2
3168,99,Plant A,2023-06-06,16,14955.45,Night,Ryan Guerrero,Line1
3169,23,Plant B,2023-07-07,14,34971.82,Evening,Erin Dean,Line2
3170,133,Plant C,2024-12-31,6,10766.41,Evening,Nancy Carpenter,Line2
3171,8,Plant B,2024-12-17,12,19483.21,Night,Amanda Jackson,Line3
3172,13,Plant B,2023-11-11,18,17817.15,Evening,Betty Ortiz,Line4
3173,49,Plant B,2024-08-01,8,45135.31,Evening,Kyle Jones,Line4
3174,6,Plant A,2024-08-13,14,18561.23,Morning,Daniel Levine,Line1
3175,28,Plant C,2025-06-11,1,15787.79,Evening,Suzanne Rodriguez,Line5
3176,5,Plant A,2023-12-10,7,31557.55,Night,Tina Roy,Line2
3177,54,Plant B,2024-02-06,13,5743.0,Evening,Chad Mccormick,Line4
3178,129,Plant A,2022-10-31,12,20042.56,Morning,Jonathan Mcdonald,Line5
3179,145,Plant C,2025-06-22,11,14998.62,Night,Cody Little,Line2
3180,194,Plant A,2023-10-07,7,38707.09,Evening,Katherine Henry,Line1
3181,104,Plant B,2025-06-09,7,35071.78,Evening,Patrick Dominguez,Line1
3182,58,Plant B,2024-12-06,5,48288.37,Morning,Diane Gilmore,Line1
3183,63,Plant C,2024-02-25,11,16238.82,Night,Rebecca Young,Line5
3184,174,Plant C,2024-04-01,9,40074.69,Night,Travis Cox,Line4
3185,77,Plant C,2025-03-26,6,6022.33,Night,Tyler Cox,Line5
3186,8,Plant C,2024-01-10,9,13010.12,Morning,Lindsay Wells,Line2
3187,66,Plant C,2024-07-18,17,11719.69,Evening,Scott Chavez,Line1
3188,76,Plant A,2024-05-12,14,38475.97,Night,Megan Cook,Line5
3189,65,Plant B,2023-02-27,8,47749.13,Evening,Monique Coleman,Line1
3190,11,Plant C,2023-11-14,5,45044.36,Night,Alisha Walters,Line4
3191,64,Plant A,2023-01-27,8,10316.25,Morning,Mitchell Perez,Line2
3192,193,Plant B,2025-09-25,16,38196.78,Morning,Michael Murphy,Line4
3193,191,Plant C,2025-02-07,10,11561.4,Evening,Richard Booth,Line5
3194,110,Plant A,2022-11-02,6,13714.17,Morning,Paul Russell,Line4
3195,49,Plant B,2023-05-11,19,20306.2,Morning,James Taylor,Line2
3196,69,Plant C,2025-03-27,20,15035.11,Evening,Kathleen Hudson,Line2
3197,141,Plant C,2023-07-21,12,28790.8,Evening,Daniel Reynolds,Line5
3198,184,Plant C,2025-01-10,12,26101.52,Morning,Paul Gonzales,Line3
3199,45,Plant C,2023-01-09,20,49266.3,Night,Christopher Bennett,Line3
3200,192,Plant A,2025-05-06,13,22470.8,Morning,Brian Walters,Line3
3201,134,Plant A,2025-08-27,17,46653.68,Morning,Courtney Conway,Line1
3202,21,Plant A,2023-01-12,7,9576.6,Evening,Crystal Huber,Line5
3203,162,Plant B,2024-06-22,1,27850.04,Morning,Diana Ward,Line1
3204,58,Plant B,2024-10-06,17,48479.82,Morning,Courtney Bryan,Line5
3205,23,Plant C,2025-08-07,14,15973.66,Morning,Laura Jones,Line3
3206,149,Plant A,2025-07-01,17,44417.44,Morning,Sarah Castro,Line5
3207,28,Plant A,2024-09-23,17,21814.84,Evening,Brandon Jones,Line2
3208,192,Plant B,2024-07-02,14,15601.86,Morning,Jennifer Payne,Line4
3209,136,Plant A,2025-02-26,15,15207.44,Night,Melissa Berger,Line2
3210,174,Plant A,2024-08-16,4,9082.96,Morning,Jeffrey Taylor,Line2
3211,125,Plant A,2025-04-09,11,7404.15,Evening,Maria Brooks,Line3
3212,54,Plant A,2025-04-09,17,9709.81,Morning,Derek Cox,Line5
3213,132,Plant A,2023-02-23,15,13245.19,Morning,Brittany Shepherd,Line3
3214,117,Plant A,2024-01-02,19,19601.64,Morning,Jennifer Adams,Line1
3215,111,Plant C,2023-12-12,15,47695.22,Morning,Michael Collins,Line2
3216,199,Plant B,2024-02-10,19,43665.0,Evening,David Graves,Line5
3217,104,Plant C,2023-04-23,14,13543.54,Evening,Reginald Gardner,Line3
3218,165,Plant A,2024-09-07,3,43974.32,Evening,Brianna Williams,Line2
3219,36,Plant C,2023-03-19,9,31773.71,Morning,Katie Fischer,Line5
3220,61,Plant C,2023-09-13,9,46070.31,Evening,Taylor Paul,Line5
3221,77,Plant C,2023-03-11,15,29957.75,Night,Alan Jones,Line4
3222,44,Plant A,2023-02-01,18,45369.85,Evening,Charlene Johnson,Line5
3223,81,Plant A,2024-03-10,10,25284.7,Morning,Andrew Schmidt,Line4
3224,134,Plant A,2025-09-15,2,30529.77,Morning,Christopher Walsh,Line4
3225,62,Plant C,2024-04-08,16,29225.3,Morning,Andrew Gutierrez,Line4
3226,163,Plant C,2025-06-24,13,5158.88,Night,John Nielsen,Line5
3227,174,Plant A,2025-03-14,18,44175.34,Morning,Alice Garcia,Line5
3228,68,Plant C,2023-06-13,3,8285.73,Night,Virginia Richmond,Line1
3229,196,Plant B,2023-12-17,5,19679.77,Night,Sandra Prince,Line1
3230,59,Plant B,2025-03-02,17,15738.51,Morning,Natalie Weiss,Line3
3231,160,Plant A,2024-07-15,10,49671.0,Morning,Robert Baker,Line4
3232,6,Plant B,2023-10-29,1,35105.74,Night,Alexis Gibson,Line3
3233,34,Plant B,2024-05-08,16,36108.17,Morning,Donna Gonzalez,Line3
3234,173,Plant A,2023-07-28,9,34310.06,Morning,Erica Schmidt,Line2
3235,186,Plant A,2024-12-26,20,34190.11,Evening,Christopher Drake,Line1
3236,163,Plant C,2025-02-15,7,49421.84,Evening,Sandra Robles,Line2
3237,18,Plant C,2024-10-23,10,39828.76,Evening,Marissa Key,Line4
3238,56,Plant B,2024-02-14,1,31453.96,Evening,Mr. Marcus Adams,Line3
3239,48,Plant B,2025-04-05,18,13044.77,Night,Mrs. Latasha Carroll,Line5
3240,83,Plant A,2023-11-09,2,30049.95,Morning,Gregory Lambert,Line4
3241,104,Plant C,2023-01-04,12,15568.21,Evening,Katherine Hayden,Line3
3242,66,Plant C,2023-01-15,3,22977.17,Night,Richard Hunt,Line2
3243,90,Plant C,2023-10-25,7,9107.36,Night,Abigail Stewart,Line5
3244,88,Plant B,2025-09-08,4,12152.77,Morning,Matthew May,Line1
3245,73,Plant B,2022-11-28,19,48556.93,Evening,Brandon Ramsey,Line2
3246,161,Plant A,2025-09-06,7,24820.81,Evening,Tonya Paul,Line3
3247,187,Plant B,2023-01-18,5,43500.47,Night,Samuel Simon,Line1
3248,89,Plant A,2023-12-14,17,43485.55,Night,Kurt Villa,Line5
3249,163,Plant C,2025-03-13,13,28484.65,Morning,Jerry Thompson,Line1
3250,152,Plant C,2023-04-27,7,16128.36,Morning,Tamara Mckee,Line3
3251,148,Plant A,2023-05-10,19,49563.27,Evening,Aaron Matthews,Line5
3252,57,Plant A,2024-03-24,16,39188.28,Morning,Gina Turner,Line2
3253,168,Plant B,2023-04-24,14,31337.12,Night,Christopher Juarez,Line1
3254,57,Plant C,2023-09-04,18,35741.12,Evening,David Peters,Line1
3255,197,Plant B,2023-02-05,19,20165.85,Morning,Aaron Martinez,Line5
3256,178,Plant B,2024-02-14,9,7413.97,Morning,Justin Blair,Line1
3257,120,Plant C,2024-03-29,2,35026.45,Morning,Abigail Lloyd,Line5
3258,62,Plant C,2024-08-28,9,30003.21,Night,Christopher Acevedo,Line5
3259,123,Plant C,2024-02-07,19,17893.1,Evening,Roberto Hull,Line1
3260,159,Plant B,2025-03-09,13,37102.0,Morning,John Buchanan,Line4
3261,45,Plant C,2023-05-03,15,46603.12,Evening,Jill Frederick,Line2
3262,94,Plant C,2025-05-31,4,35663.48,Evening,Timothy Anderson,Line3
3263,184,Plant C,2023-09-14,8,5206.36,Night,Jerome Robinson,Line5
3264,188,Plant A,2022-11-18,3,41216.71,Evening,Stacey Williams,Line1
3265,158,Plant B,2023-03-01,1,27656.21,Evening,Desiree Aguilar,Line3
3266,132,Plant C,2023-05-11,4,17557.11,Morning,Natalie Gilbert,Line2
3267,82,Plant C,2024-05-10,7,33454.72,Evening,James Guzman,Line3
3268,99,Plant B,2022-11-25,4,33686.23,Morning,Daniel Allen,Line1
3269,74,Plant A,2025-04-20,16,32615.3,Evening,Jean Myers,Line3
3270,113,Plant A,2023-02-27,7,12816.21,Morning,Raymond Gonzales,Line1
3271,193,Plant A,2024-02-03,8,17558.49,Evening,Mrs. Jennifer Perry PhD,Line4
3272,88,Plant B,2025-07-04,3,49236.89,Evening,Alexander Conway,Line4
3273,170,Plant C,2024-07-01,15,42124.89,Morning,Corey Ramirez,Line2
3274,164,Plant B,2024-02-17,19,27989.03,Night,James Bates,Line4
3275,109,Plant B,2025-09-22,7,5855.72,Morning,James Wood,Line4
3276,20,Plant A,2024-04-27,15,5379.9,Evening,Jocelyn Porter,Line2
3277,19,Plant C,2024-08-01,9,23418.59,Evening,Jason Durham,Line3
3278,80,Plant C,2025-04-30,6,42265.38,Morning,Matthew Rice,Line5
3279,46,Plant B,2024-09-25,11,21346.49,Night,Jason Taylor,Line2
3280,155,Plant C,2025-06-28,15,30734.51,Evening,Christopher Rodriguez,Line4
3281,196,Plant A,2024-02-10,19,40635.25,Morning,Christopher Webb,Line1
3282,54,Plant A,2024-04-25,15,33360.38,Evening,Ashley Perry,Line2
3283,161,Plant A,2023-07-02,4,24662.09,Morning,Angela Lee,Line2
3284,179,Plant B,2024-07-21,4,46130.97,Evening,Jonathan Schultz,Line3
3285,3,Plant C,2025-03-09,13,7517.06,Evening,Ashley Harris,Line5
3286,165,Plant C,2023-11-23,17,35972.95,Night,Donna Irwin,Line1
3287,44,Plant C,2023-02-26,7,31293.81,Night,Terry Ramirez,Line1
3288,199,Plant C,2024-05-16,11,29692.39,Morning,Kristen Larsen,Line2
3289,66,Plant C,2023-04-07,8,39538.66,Night,Alejandra Ramirez,Line5
3290,73,Plant C,2023-04-25,1,13907.52,Morning,Joshua Thompson,Line3
3291,178,Plant C,2023-02-13,2,39852.52,Morning,Danielle Wright,Line3
3292,156,Plant C,2022-12-04,14,36540.53,Morning,Caitlin Andersen,Line5
3293,82,Plant A,2023-01-12,11,44100.26,Evening,Timothy Newman,Line3
3294,169,Plant C,2025-01-27,11,30188.39,Evening,Crystal Murphy,Line5
3295,154,Plant B,2024-02-26,17,35296.7,Morning,Andrea Hudson,Line4
3296,131,Plant C,2024-06-06,1,27172.03,Evening,Stephanie Mcbride,Line1
3297,104,Plant B,2023-10-13,14,34065.66,Evening,Michael Smith,Line4
3298,161,Plant A,2023-01-07,2,35025.33,Morning,Peggy Montgomery,Line4
3299,134,Plant A,2022-11-04,18,38231.66,Morning,Jenna Smith,Line2
3300,91,Plant B,2024-07-28,12,23082.43,Night,Maria Reed,Line2
3301,142,Plant C,2023-02-14,17,19340.6,Evening,Alyssa Barton,Line4
3302,14,Plant C,2024-08-01,4,17793.73,Morning,Joseph Hansen,Line3
3303,165,Plant C,2025-06-22,11,17285.15,Morning,Deborah Nelson,Line2
3304,166,Plant A,2023-07-22,3,14940.21,Evening,Brianna Hartman MD,Line3
3305,95,Plant C,2022-10-10,20,27441.15,Night,Katrina Reese,Line3
3306,126,Plant C,2025-04-17,17,28395.88,Night,Gina Sexton,Line3
3307,66,Plant B,2022-12-09,5,6236.85,Night,James Fitzpatrick,Line3
3308,145,Plant B,2024-05-01,1,22819.73,Morning,Larry Reilly,Line1
3309,85,Plant B,2022-11-29,19,10830.01,Morning,Scott Middleton,Line3
3310,76,Plant C,2025-04-02,12,24944.54,Night,Kelly Christian,Line5
3311,199,Plant B,2023-06-09,17,46189.6,Evening,Linda Jacobs,Line1
3312,34,Plant B,2023-12-30,10,42019.81,Morning,Kenneth Clark,Line2
3313,147,Plant C,2025-07-27,1,36510.72,Morning,Angela Black,Line4
3314,136,Plant B,2024-10-06,5,31409.13,Night,Charles Williams,Line1
3315,156,Plant B,2025-01-06,6,13365.44,Night,Jennifer Chen,Line5
3316,127,Plant C,2023-03-17,18,11917.55,Morning,Christopher Griffin,Line1
3317,122,Plant A,2025-08-04,16,20194.59,Morning,Patrick Howell,Line3
3318,174,Plant B,2025-03-16,4,37217.0,Night,Jordan Williams MD,Line1
3319,15,Plant C,2022-11-26,16,25418.18,Evening,Mike Reyes,Line5
3320,49,Plant C,2024-08-09,10,12371.61,Night,Jill Silva,Line1
3321,161,Plant A,2025-06-22,13,20532.19,Evening,Cynthia Simpson,Line1
3322,178,Plant C,2023-07-20,8,38066.08,Morning,Bradley Goodman,Line4
3323,109,Plant B,2023-10-23,16,40077.54,Morning,Patrick Ingram,Line3
3324,98,Plant A,2025-08-06,20,21358.95,Evening,Jacob Price,Line4
3325,36,Plant B,2024-10-17,13,10953.28,Morning,Grace Snyder,Line3
3326,180,Plant A,2023-02-01,12,6191.18,Evening,Alexandra Davis,Line3
3327,168,Plant B,2024-03-13,1,13669.42,Night,Mike Malone,Line2
3328,51,Plant C,2022-12-30,18,26714.09,Morning,Jason Webb,Line3
3329,69,Plant B,2024-04-08,4,46750.72,Night,Joshua Riley,Line4
3330,94,Plant A,2024-04-18,15,25662.37,Night,Marcia Gordon,Line1
3331,108,Plant C,2022-11-04,5,15735.5,Morning,Christopher Jordan,Line4
3332,80,Plant B,2025-02-15,11,12674.11,Night,Timothy Buckley,Line4
3333,34,Plant C,2024-05-19,12,30648.67,Evening,Brittany Harris,Line2
3334,199,Plant B,2024-12-26,7,29698.68,Morning,Sarah Cole,Line4
3335,40,Plant B,2023-05-24,11,22992.11,Morning,Brittany Brady,Line2
3336,116,Plant A,2024-07-03,5,20587.35,Night,Scott Wilson,Line5
3337,184,Plant C,2024-11-30,5,13474.35,Night,Michael Wagner,Line5
3338,76,Plant A,2022-12-12,17,48632.37,Evening,Amber Christensen,Line5
3339,169,Plant C,2022-12-16,11,30731.88,Morning,Tina George,Line1
3340,18,Plant A,2023-02-17,11,10857.98,Evening,Robert Anderson,Line1
3341,120,Plant C,2023-07-03,6,21935.39,Morning,Amanda Stewart,Line4
3342,188,Plant B,2025-01-28,15,9988.54,Morning,Paige Matthews,Line1
3343,167,Plant A,2024-05-05,4,37543.67,Morning,Cody Roman,Line3
3344,164,Plant C,2024-11-12,3,23174.08,Night,Christine Garza,Line1
3345,162,Plant B,2025-09-26,19,46816.4,Night,James Nelson,Line5
3346,86,Plant A,2024-09-13,16,20766.05,Evening,Amy Sanders,Line2
3347,143,Plant B,2023-10-20,13,47931.28,Morning,Manuel Scott,Line4
3348,53,Plant B,2024-11-01,1,38507.99,Night,Anthony Compton,Line3
3349,34,Plant C,2025-01-10,14,20202.52,Evening,Todd Odonnell,Line5
3350,17,Plant A,2023-09-13,18,24359.88,Morning,Scott Ward,Line2
3351,155,Plant C,2025-01-15,20,8055.64,Morning,Nicole Palmer,Line5
3352,179,Plant C,2023-08-27,1,37537.42,Night,Jodi Taylor,Line5
3353,134,Plant B,2023-01-15,9,5811.05,Morning,Thomas Wong,Line2
3354,81,Plant A,2025-06-09,8,18152.2,Morning,Karen Sutton,Line1
3355,128,Plant A,2023-12-25,1,8854.97,Night,Joshua Nelson,Line5
3356,152,Plant B,2024-06-06,3,37998.42,Night,Kathy Martin,Line1
3357,40,Plant C,2024-11-27,12,22797.03,Evening,Michael Velazquez,Line5
3358,107,Plant B,2023-07-27,10,27497.83,Morning,Marie Rios,Line4
3359,57,Plant C,2024-07-03,11,13021.23,Evening,Brandon Price,Line5
3360,1,Plant B,2023-10-25,2,22365.09,Evening,Karl Hall,Line4
3361,14,Plant B,2023-02-26,3,11545.74,Morning,Brent May,Line2
3362,44,Plant C,2025-08-18,3,21215.31,Night,Christopher Gonzales,Line1
3363,81,Plant B,2022-12-03,16,44559.78,Night,Angela Lee DVM,Line3
3364,3,Plant C,2024-02-13,4,37879.26,Morning,Samantha Harrison,Line2
3365,151,Plant A,2023-02-20,16,5015.9,Evening,Anthony Church,Line3
3366,116,Plant B,2023-11-14,9,37392.24,Night,Shawn Pope,Line5
3367,23,Plant B,2022-12-09,9,11456.36,Evening,Christina Zuniga,Line1
3368,105,Plant A,2023-12-01,4,47367.42,Morning,Yvette Reynolds,Line5
3369,94,Plant C,2024-12-12,11,35752.34,Morning,Barbara Smith,Line3
3370,102,Plant C,2022-11-21,18,5219.18,Morning,Kimberly Buck,Line2
3371,38,Plant A,2023-11-21,4,13660.42,Night,Christopher Reeves,Line2
3372,14,Plant A,2023-06-21,6,11478.45,Evening,Heidi Cline,Line4
3373,184,Plant B,2023-02-13,15,43534.96,Night,Heidi Barrett,Line5
3374,31,Plant B,2023-01-08,4,31603.99,Morning,Justin Keller,Line1
3375,114,Plant C,2024-05-11,1,23310.12,Night,Connor Cooper,Line3
3376,84,Plant B,2025-06-04,20,23484.35,Night,Bonnie Norris,Line5
3377,20,Plant A,2023-04-12,10,45339.47,Morning,Sandra Webb,Line3
3378,112,Plant A,2023-09-17,1,34656.73,Morning,Joe Banks,Line3
3379,66,Plant A,2023-07-04,20,42594.14,Night,Peter Russo,Line4
3380,124,Plant C,2023-01-27,18,15989.7,Morning,Karen Savage,Line4
3381,166,Plant A,2023-01-08,17,34333.99,Night,Gregory Cooper,Line5
3382,185,Plant C,2024-01-01,14,20156.4,Morning,Brent Jefferson,Line3
3383,30,Plant A,2024-03-02,9,6807.4,Morning,Phillip Rodriguez,Line1
3384,109,Plant C,2024-10-11,6,27774.84,Morning,Kathryn Foley,Line4
3385,134,Plant A,2023-07-09,18,30663.83,Evening,Jerry Hart,Line1
3386,119,Plant A,2024-06-13,18,47725.2,Evening,Timothy Walker,Line4
3387,72,Plant A,2024-03-09,20,16561.89,Night,Kaitlin Brooks,Line3
3388,181,Plant A,2023-06-17,5,38374.44,Evening,Dwayne Webb,Line2
3389,29,Plant A,2024-11-12,20,21964.28,Evening,Sharon Cruz,Line5
3390,142,Plant A,2025-02-08,4,24125.34,Night,Christopher Fuentes,Line5
3391,67,Plant A,2023-01-30,16,43121.95,Morning,Scott Hess,Line4
3392,46,Plant A,2023-10-23,8,6646.59,Morning,Heather Scott,Line1
3393,51,Plant C,2025-07-11,8,14342.09,Night,Jonathan Mcdaniel,Line5
3394,25,Plant C,2023-07-15,3,8235.23,Morning,Thomas Robinson,Line5
3395,144,Plant B,2025-06-24,8,18559.62,Night,Michelle Gill,Line4
3396,17,Plant A,2024-06-16,14,18317.43,Evening,Jeff Lang,Line5
3397,52,Plant B,2024-03-20,1,7339.38,Night,Michael Schultz,Line2
3398,110,Plant A,2025-07-16,19,41009.77,Evening,Kristina Fritz,Line2
3399,102,Plant A,2024-02-03,8,45082.43,Morning,Ryan Kirby,Line2
3400,136,Plant A,2022-12-09,2,37095.2,Night,Donna Buckley,Line3
3401,156,Plant C,2025-08-23,12,6152.25,Evening,Susan Owens,Line5
3402,106,Plant A,2022-11-20,6,37233.0,Evening,Keith Cook,Line5
3403,187,Plant C,2024-03-13,13,47035.04,Morning,Brittney Lara,Line3
3404,141,Plant B,2024-04-08,9,20919.96,Morning,Lauren Anthony,Line2
3405,115,Plant B,2023-06-12,1,25167.65,Night,Shannon Martin,Line1
3406,6,Plant A,2024-10-20,20,47079.12,Morning,Michael Taylor,Line3
3407,160,Plant A,2023-01-04,3,49641.82,Morning,Mrs. Lisa Miller DDS,Line5
3408,121,Plant A,2025-02-11,1,34588.41,Night,James Kline,Line4
3409,93,Plant B,2024-02-20,14,47760.24,Morning,Mr. Paul Sexton,Line2
3410,62,Plant C,2024-03-01,18,46995.51,Morning,Laura Morrison,Line5
3411,13,Plant A,2023-03-20,12,29152.51,Morning,Derek Campbell,Line1
3412,31,Plant C,2024-12-12,16,37095.6,Night,Jason Calderon,Line2
3413,187,Plant A,2024-08-01,5,45545.21,Night,Victor Hanson,Line1
3414,133,Plant A,2023-03-05,1,26432.33,Evening,James Shelton,Line3
3415,181,Plant A,2022-10-11,3,48907.76,Morning,Sarah Hull,Line4
3416,94,Plant B,2023-10-25,11,14645.95,Night,Doris Morris,Line5
3417,139,Plant A,2023-03-09,20,40413.08,Morning,Margaret Wilson,Line4
3418,183,Plant C,2023-04-01,12,15511.52,Evening,Oscar Williams,Line4
3419,51,Plant A,2025-04-01,9,12256.12,Night,Randall Benson,Line4
3420,90,Plant C,2025-02-22,13,21543.0,Morning,Nicole Brown,Line1
3421,145,Plant A,2022-12-19,6,23784.55,Night,Francisco Bernard,Line2
3422,30,Plant A,2024-07-10,7,37773.85,Evening,Joseph Harrison,Line1
3423,8,Plant A,2022-12-22,9,42647.85,Night,Dr. Meghan Mcclure MD,Line3
3424,96,Plant B,2025-03-10,11,8226.64,Morning,Lori Faulkner,Line4
3425,168,Plant A,2025-02-14,6,23189.21,Morning,Matthew Alexander,Line1
3426,48,Plant C,2023-05-01,16,22780.74,Evening,Patty Wilson,Line4
3427,69,Plant A,2022-12-15,7,31006.86,Evening,Rhonda Dickson,Line3
3428,29,Plant A,2024-06-13,7,34703.85,Night,Elizabeth Mckay,Line1
3429,172,Plant B,2022-10-31,18,34611.06,Evening,Paul White,Line2
3430,20,Plant C,2023-02-21,18,19633.99,Night,Jeremy Barber,Line3
3431,87,Plant B,2023-03-08,1,41486.57,Night,Sheila Fitzpatrick,Line4
3432,181,Plant B,2023-02-01,14,37191.98,Evening,Jaime Shepherd,Line3
3433,156,Plant B,2024-07-31,6,26645.81,Morning,Jessica Branch,Line5
3434,120,Plant A,2024-08-06,4,39990.2,Morning,Kayla Beasley,Line2
3435,128,Plant A,2024-07-28,20,25513.41,Evening,Sarah Martinez DVM,Line4
3436,107,Plant C,2024-11-27,6,21999.27,Night,Mrs. Courtney Jacobs,Line3
3437,31,Plant C,2023-12-11,12,47984.21,Night,Cheryl Smith,Line3
3438,137,Plant A,2024-12-02,8,48353.27,Night,Suzanne Williams,Line2
3439,66,Plant B,2022-12-30,18,20480.2,Morning,Kevin Anderson,Line5
3440,169,Plant B,2023-05-19,13,12331.36,Morning,Charles Hall,Line3
3441,8,Plant C,2025-07-07,11,26318.07,Morning,Charles Shaffer,Line5
3442,7,Plant B,2025-08-26,4,21697.33,Evening,Kyle Sparks,Line5
3443,193,Plant A,2023-01-15,14,25471.85,Night,Christopher Thompson,Line3
3444,65,Plant A,2024-02-24,3,48141.41,Evening,Brandi Butler,Line5
3445,146,Plant B,2023-11-16,18,32278.63,Night,Debra Gonzalez,Line3
3446,169,Plant B,2025-05-05,9,37608.76,Morning,Justin Gomez,Line1
3447,5,Plant A,2024-04-02,14,39853.57,Morning,Amanda Thompson,Line1
3448,49,Plant B,2023-01-21,11,6180.07,Evening,Kevin Goodwin,Line1
3449,92,Plant C,2025-05-26,17,15254.84,Evening,Samuel Hampton,Line4
3450,106,Plant C,2023-04-30,10,30893.85,Morning,Roy Foley,Line1
3451,13,Plant C,2025-02-06,9,11235.45,Night,Jennifer Wilson,Line1
3452,79,Plant B,2023-02-10,15,33118.37,Night,Catherine Ryan,Line3
3453,178,Plant C,2022-12-31,10,31014.5,Morning,Karen Fowler,Line5
3454,195,Plant B,2024-08-24,4,11390.74,Night,David Ramirez,Line4
3455,120,Plant C,2024-10-26,17,8884.91,Evening,Nancy Love,Line3
3456,45,Plant B,2025-04-16,15,13704.88,Night,Jerry Owens,Line2
3457,174,Plant A,2023-11-24,5,25883.1,Night,Linda Barrett,Line3
3458,77,Plant C,2024-09-23,15,39989.58,Morning,Ashley Mendez,Line1
3459,39,Plant A,2023-10-01,17,8734.22,Morning,Ryan Fuentes,Line3
3460,47,Plant C,2023-06-27,4,15539.31,Night,Emily Ruiz,Line2
3461,126,Plant B,2024-12-10,4,29665.18,Night,Jillian Anderson,Line5
3462,172,Plant A,2024-07-20,6,14859.58,Evening,Robert Gibson,Line2
3463,9,Plant A,2023-05-01,4,28580.0,Night,Andrew Sawyer,Line1
3464,114,Plant A,2024-10-13,17,38153.18,Night,Mary Ball,Line3
3465,42,Plant B,2023-04-18,20,41338.45,Morning,Deanna Patton,Line1
3466,195,Plant C,2025-03-23,5,33428.48,Morning,Jacob Perez,Line2
3467,30,Plant B,2024-01-01,6,36708.66,Evening,Steven Orozco,Line5
3468,143,Plant A,2023-08-03,16,14810.62,Night,Jennifer Lowery,Line4
3469,63,Plant B,2023-12-14,18,23887.26,Night,Tiffany Sanford,Line1
3470,155,Plant B,2024-01-18,13,34633.99,Night,Justin Hill,Line5
3471,130,Plant A,2023-06-11,6,49333.16,Evening,Peter Smith,Line2
3472,181,Plant A,2025-07-24,17,15275.87,Night,Kristi Davis,Line3
3473,198,Plant A,2025-03-25,14,40566.04,Morning,Timothy Salazar,Line3
3474,186,Plant A,2025-06-29,6,22428.02,Evening,Amy Price,Line3
3475,115,Plant C,2023-03-05,10,30048.15,Night,Jeffrey Sanchez,Line2
3476,185,Plant A,2024-07-21,12,6838.79,Morning,Laura Ramos,Line1
3477,133,Plant A,2022-10-30,17,21642.74,Evening,Jacob Peck,Line3
3478,81,Plant A,2024-11-20,10,42876.42,Evening,Michael Scott,Line5
3479,8,Plant A,2024-10-08,17,17443.27,Night,Kelly Gray,Line4
3480,68,Plant C,2023-12-16,6,16097.42,Morning,Joseph Robinson,Line4
3481,114,Plant C,2025-02-02,7,35585.24,Night,Jennifer Miranda,Line1
3482,56,Plant B,2024-04-11,6,49265.66,Morning,Benjamin Mclaughlin,Line3
3483,109,Plant C,2023-06-09,11,11755.79,Morning,Herbert Peterson,Line1
3484,25,Plant B,2025-09-01,13,29024.37,Morning,Samuel Knox,Line2
3485,99,Plant B,2023-01-01,4,23995.41,Night,Derrick Weaver,Line2
3486,95,Plant B,2023-12-08,8,10502.1,Evening,Ann Whitney,Line5
3487,193,Plant B,2023-11-29,8,17406.33,Night,Eric Wright,Line4
3488,20,Plant A,2022-12-13,17,12370.16,Evening,Allison Williams,Line5
3489,115,Plant A,2023-03-12,17,38869.13,Morning,Kathryn Wallace,Line1
3490,162,Plant A,2022-10-22,17,44670.45,Night,Paul Carlson,Line5
3491,170,Plant A,2023-09-24,19,23529.2,Morning,Randy Dunn,Line5
3492,112,Plant C,2024-05-11,18,34286.6,Evening,Savannah Webb,Line4
3493,168,Plant C,2022-11-04,5,38260.93,Night,Ann Richardson,Line4
3494,169,Plant B,2023-07-21,1,31197.12,Evening,Derrick Phillips,Line5
3495,88,Plant A,2023-08-31,4,35928.86,Morning,Dennis Ware,Line1
3496,148,Plant B,2023-11-17,15,45019.52,Morning,Joseph Koch,Line5
3497,184,Plant A,2023-07-05,9,12752.89,Evening,Cynthia Martin,Line2
3498,106,Plant B,2025-08-03,6,33832.85,Morning,Becky English,Line5
3499,118,Plant A,2024-06-04,15,47173.55,Evening,Angela Sanders,Line3
3500,118,Plant A,2023-10-19,11,6759.97,Morning,Mary Anderson,Line2
3501,116,Plant A,2023-10-12,7,5088.97,Evening,John Jones III,Line1
3502,82,Plant A,2023-04-01,1,39761.38,Morning,Kimberly Pope,Line5
3503,182,Plant B,2023-06-12,6,47811.81,Morning,Ashley Barr,Line3
3504,186,Plant C,2022-10-24,7,37264.7,Evening,Michael Daniel,Line3
3505,77,Plant B,2024-05-08,13,18631.14,Evening,Patrick Fuller,Line3
3506,198,Plant B,2025-07-24,16,7185.94,Night,Albert Martin,Line1
3507,95,Plant C,2023-09-06,5,6747.32,Evening,Michael Conway,Line4
3508,42,Plant C,2024-09-05,10,43410.44,Evening,Bonnie Hamilton,Line4
3509,124,Plant A,2024-04-04,14,35965.91,Evening,Dylan Peterson,Line5
3510,44,Plant C,2024-07-08,19,36376.52,Morning,Nathan Lucero,Line4
3511,6,Plant B,2025-03-08,4,19183.81,Night,Mary Avila,Line1
3512,15,Plant A,2024-07-01,11,38052.14,Night,Joshua Adams,Line4
3513,44,Plant A,2023-09-23,12,21124.1,Morning,Nicole Pope,Line5
3514,146,Plant B,2023-12-17,5,40935.06,Morning,Lisa Moore,Line5
3515,188,Plant A,2023-02-21,19,16656.43,Morning,Matthew Short,Line4
3516,11,Plant C,2023-02-16,1,42870.54,Morning,Carmen Rogers,Line3
3517,119,Plant A,2023-04-05,17,19456.19,Night,Holly Chen,Line5
3518,4,Plant C,2023-12-22,20,44100.22,Morning,Robert Evans,Line5
3519,78,Plant A,2023-12-10,20,47014.31,Evening,Steven Davis,Line1
3520,98,Plant B,2022-12-20,4,5176.12,Morning,Pamela Avila,Line2
3521,101,Plant C,2025-03-28,17,34029.07,Morning,Renee Mueller,Line1
3522,86,Plant B,2024-03-02,7,14117.65,Evening,Anna Johnson,Line4
3523,192,Plant A,2025-07-15,15,37301.29,Night,Marcus Bishop,Line5
3524,21,Plant B,2024-03-29,20,20227.27,Morning,Jennifer Bates,Line1
3525,63,Plant C,2025-08-11,19,41016.36,Morning,Bryce Anderson,Line1
3526,170,Plant A,2023-06-22,5,15749.67,Morning,Alexis Stevenson,Line3
3527,55,Plant B,2022-11-19,19,16337.2,Morning,Glenn Macias,Line5
3528,91,Plant B,2023-09-22,6,12496.85,Night,Daniel Holt,Line3
3529,14,Plant B,2024-08-31,16,18426.92,Night,Randy Mcdonald,Line5
3530,199,Plant B,2024-02-26,14,15993.17,Morning,Daniel Cox,Line2
3531,110,Plant B,2024-05-12,18,20060.74,Morning,Eddie Farley,Line2
3532,132,Plant C,2025-01-16,10,48368.29,Night,Michelle Rodriguez,Line3
3533,147,Plant A,2024-08-17,1,47010.82,Night,John Wilkins,Line2
3534,105,Plant B,2024-06-13,6,20145.6,Evening,Theresa Mckinney,Line1
3535,153,Plant A,2022-12-20,10,34157.16,Night,James Edwards,Line4
3536,58,Plant B,2023-01-04,20,45118.18,Morning,Paige Clark,Line3
3537,113,Plant B,2023-08-09,3,49616.96,Night,Jennifer Thompson,Line1
3538,74,Plant A,2024-06-02,17,26627.0,Evening,William Wagner,Line1
3539,167,Plant C,2024-10-02,2,39584.96,Night,Laura Mclaughlin,Line2
3540,169,Plant C,2024-05-29,5,46962.46,Night,William Conner,Line3
3541,28,Plant B,2025-01-12,4,7023.19,Morning,Ricky Espinoza,Line3
3542,136,Plant B,2023-10-26,5,41516.49,Morning,Dennis Stone,Line2
3543,29,Plant A,2025-05-14,14,13770.53,Night,Jennifer Koch,Line1
3544,126,Plant B,2023-05-08,20,11557.83,Night,Jesus Smith,Line4
3545,127,Plant C,2024-12-29,6,8316.56,Night,Jon Russell,Line2
3546,97,Plant A,2024-12-17,18,24192.64,Evening,Kevin Smith,Line5
3547,159,Plant A,2023-05-03,19,21065.5,Night,Dominique Dean,Line1
3548,31,Plant C,2024-03-25,7,16762.5,Evening,Mary Gonzalez,Line4
3549,102,Plant B,2024-02-19,9,7346.6,Evening,Kurt Cannon,Line5
3550,19,Plant A,2025-05-14,4,6383.7,Morning,Brent Ferguson,Line4
3551,49,Plant A,2025-02-02,6,20559.82,Night,Michael Norton,Line3
3552,199,Plant C,2023-11-07,12,6870.45,Morning,Grant Ford,Line3
3553,41,Plant C,2022-10-13,5,41519.03,Evening,Nancy Long,Line5
3554,128,Plant A,2025-09-28,11,45212.36,Morning,Elizabeth Hahn,Line5
3555,190,Plant C,2024-06-28,2,15269.46,Evening,Brandon Roman,Line3
3556,135,Plant A,2025-07-03,13,28995.5,Evening,Dawn Cortez,Line2
3557,10,Plant C,2024-01-03,12,26009.75,Evening,Heather Thomas,Line4
3558,66,Plant C,2024-12-29,19,14945.34,Night,Jordan Bishop,Line1
3559,184,Plant B,2025-05-22,19,12072.2,Evening,Cheryl Vang,Line4
3560,51,Plant C,2025-07-24,15,18027.81,Morning,Holly Pena,Line4
3561,153,Plant A,2025-07-06,5,48832.81,Night,Leonard Christian,Line1
3562,149,Plant B,2023-09-11,16,10756.93,Morning,Donald Coleman,Line5
3563,127,Plant B,2023-04-21,16,21026.45,Morning,Tiffany Daniels,Line3
3564,99,Plant B,2024-12-28,14,32882.33,Night,Robert Downs,Line5
3565,75,Plant B,2025-09-01,3,39615.42,Night,Andrew Poole,Line3
3566,95,Plant A,2023-06-19,19,14897.12,Evening,Willie Gutierrez,Line4
3567,15,Plant A,2024-06-05,7,14373.9,Night,Alan Grant,Line5
3568,120,Plant A,2024-07-26,19,6429.98,Night,Jenny Murphy,Line2
3569,127,Plant A,2024-01-14,17,42752.24,Night,Shaun Morales,Line4
3570,81,Plant A,2025-07-26,8,44095.26,Night,Christian Cook,Line5
3571,138,Plant A,2025-08-24,3,21334.26,Morning,Andrew Hunter,Line2
3572,42,Plant C,2023-02-06,7,41661.68,Night,Brandon Taylor,Line3
3573,187,Plant C,2023-11-14,19,13518.1,Evening,James Williams,Line2
3574,84,Plant B,2024-12-10,1,17241.21,Morning,Marilyn Baker,Line2
3575,102,Plant B,2023-01-31,5,9930.75,Evening,Mary Johnson,Line4
3576,120,Plant A,2024-03-14,12,10484.37,Morning,Brent Cummings,Line3
3577,192,Plant A,2025-03-27,5,36235.13,Morning,Richard Weaver,Line3
3578,77,Plant C,2023-03-22,7,20813.6,Evening,Steven Villanueva,Line4
3579,166,Plant A,2023-05-18,20,31670.46,Night,Christopher Rice,Line3
3580,74,Plant C,2024-10-03,15,13230.94,Evening,Marilyn Rivera,Line2
3581,5,Plant C,2023-09-13,6,44802.4,Night,Gregory Sanchez,Line1
3582,183,Plant B,2025-09-14,2,35998.78,Morning,Chad Murray,Line1
3583,150,Plant B,2025-06-01,15,23844.86,Evening,Brenda Anderson,Line1
3584,16,Plant C,2024-12-21,1,22625.18,Night,Robert Mckay,Line4
3585,126,Plant A,2023-01-29,3,34141.14,Evening,Paul Massey,Line3
3586,194,Plant A,2024-07-21,19,21478.69,Evening,Hannah Schroeder,Line2
3587,139,Plant B,2023-07-14,3,36881.05,Evening,Brandon Mason,Line2
3588,162,Plant A,2024-11-05,15,23958.15,Evening,Becky Williams,Line3
3589,121,Plant C,2023-03-18,17,13012.47,Morning,Tyrone Lawrence,Line5
3590,79,Plant B,2024-08-26,12,45033.0,Morning,Amy Smith,Line2
3591,150,Plant A,2023-09-26,1,42066.5,Morning,Susan James,Line5
3592,17,Plant A,2024-02-07,19,48912.36,Evening,Scott Smith,Line5
3593,37,Plant B,2023-02-07,5,15759.69,Night,Jessica Mooney,Line5
3594,46,Plant C,2024-07-22,3,40340.22,Morning,Tina Allen,Line3
3595,163,Plant B,2025-06-21,19,44830.48,Evening,Ashley Huff,Line1
3596,170,Plant B,2024-09-01,17,21649.44,Morning,John Mayo,Line1
3597,82,Plant B,2024-02-03,10,21802.59,Evening,Crystal Browning,Line2
3598,198,Plant C,2023-02-05,4,12970.87,Night,Darrell Lowery,Line2
3599,108,Plant A,2025-09-19,3,9837.66,Evening,Michele Hughes,Line5
3600,121,Plant A,2025-04-26,2,15060.39,Evening,Craig Perez,Line3
3601,39,Plant C,2023-01-20,14,17008.73,Night,Charles Serrano,Line4
3602,29,Plant A,2023-07-17,10,8920.68,Evening,Mrs. Doris Ibarra PhD,Line1
3603,133,Plant A,2024-11-12,5,49228.12,Evening,Robert Clark,Line2
3604,22,Plant A,2023-06-28,8,29177.66,Morning,Joy Fletcher,Line2
3605,61,Plant B,2023-02-27,7,9097.56,Night,Daniel Johnson,Line3
3606,33,Plant A,2024-09-10,8,32972.33,Night,Jennifer Davis,Line1
3607,139,Plant C,2024-06-17,4,35898.71,Night,Scott Welch,Line4
3608,35,Plant B,2023-03-26,3,34982.65,Night,Micheal Baldwin,Line1
3609,55,Plant A,2024-02-18,2,10335.14,Night,Shane Vargas,Line1
3610,194,Plant B,2023-07-11,3,29564.36,Morning,Stacy Williamson,Line4
3611,4,Plant A,2024-08-12,4,42728.52,Morning,Tanya Hale,Line3
3612,138,Plant B,2022-12-02,2,5012.5,Morning,Justin Hudson,Line1
3613,152,Plant A,2024-07-22,11,39763.68,Night,Melinda Rowe,Line2
3614,148,Plant C,2023-12-23,12,41433.64,Night,Hailey Swanson,Line3
3615,16,Plant A,2024-10-12,8,30240.64,Night,Thomas Garcia,Line2
3616,119,Plant C,2023-10-03,16,41948.82,Morning,Stephen Ortiz,Line4
3617,14,Plant B,2024-10-07,16,48795.98,Evening,Angela Gomez,Line3
3618,137,Plant B,2022-12-07,18,26283.63,Morning,Beth Jones,Line5
3619,18,Plant B,2024-01-06,12,37064.37,Night,Jared Washington,Line3
3620,142,Plant A,2023-02-02,2,31539.73,Night,Paul Smith,Line2
3621,31,Plant C,2023-07-09,19,33436.98,Evening,William Manning,Line2
3622,200,Plant A,2023-08-26,18,42020.65,Morning,Meghan Larson,Line4
3623,157,Plant A,2024-10-05,3,11125.32,Night,Jason Petersen,Line2
3624,191,Plant C,2024-07-29,19,37816.68,Morning,Eric Bolton,Line3
3625,198,Plant A,2023-09-26,16,7826.08,Night,Cynthia Washington,Line1
3626,100,Plant B,2022-12-10,8,31515.03,Night,Lance Cruz,Line5
3627,92,Plant B,2024-04-03,18,49789.34,Morning,Andrew Baker,Line2
3628,1,Plant A,2024-09-27,6,45138.62,Night,Jessica Carlson,Line5
3629,40,Plant B,2022-10-14,7,28836.9,Evening,Ross Bell,Line3
3630,189,Plant A,2023-05-09,17,47425.89,Night,Taylor Pham,Line1
3631,17,Plant B,2024-04-28,14,27055.44,Morning,Stacy Hodges,Line3
3632,77,Plant B,2025-01-08,15,36499.2,Evening,Thomas Mcdonald,Line4
3633,72,Plant A,2023-03-27,12,17880.65,Evening,Tanya Meyer,Line3
3634,191,Plant B,2023-02-25,16,21279.06,Night,Jonathon House,Line3
3635,27,Plant A,2024-04-09,5,33729.15,Evening,Thomas Arnold,Line4
3636,154,Plant C,2025-07-28,5,29568.59,Evening,Paul Richmond,Line5
3637,10,Plant B,2025-05-30,3,13098.04,Morning,Amanda Weeks,Line2
3638,23,Plant B,2024-08-12,1,31898.9,Morning,Samantha Stone,Line3
3639,139,Plant A,2025-02-22,1,7916.67,Evening,Robert Meadows,Line4
3640,181,Plant B,2024-10-05,3,25767.81,Night,Laura Dennis,Line2
3641,127,Plant C,2025-08-27,15,24531.9,Night,William Mcdonald,Line1
3642,123,Plant A,2025-07-04,6,39874.8,Night,Karen Smith,Line1
3643,73,Plant C,2023-07-09,5,26249.66,Night,Patricia Bailey,Line4
3644,111,Plant B,2022-10-17,18,25866.88,Evening,Kimberly Taylor,Line3
3645,99,Plant C,2025-07-27,9,13462.25,Morning,Gregory Martinez,Line4
3646,26,Plant C,2025-08-31,3,7327.45,Night,Shannon Murray,Line2
3647,158,Plant C,2025-07-25,8,34413.29,Night,Danielle Cervantes,Line3
3648,120,Plant C,2024-11-03,7,13290.48,Night,Abigail Meza,Line4
3649,27,Plant B,2023-08-19,13,47030.28,Morning,Luis Mcdonald,Line5
3650,19,Plant A,2024-10-26,13,41746.33,Night,Spencer Crawford,Line4
3651,142,Plant B,2024-03-24,10,36881.25,Evening,John Fields,Line4
3652,22,Plant C,2024-09-15,11,21619.16,Evening,Diana Daniels,Line1
3653,89,Plant C,2023-12-27,18,17839.32,Night,Jack Williams,Line2
3654,55,Plant B,2024-01-20,19,40513.4,Evening,Isaiah Michael,Line4
3655,66,Plant C,2024-07-13,3,16582.21,Evening,Marcus Mason,Line4
3656,73,Plant B,2024-01-07,13,15229.08,Morning,Jon Marshall,Line5
3657,88,Plant B,2022-12-10,5,8725.15,Morning,Nicholas Phillips,Line4
3658,2,Plant C,2023-06-12,16,29237.44,Evening,Victoria Espinoza,Line5
3659,75,Plant C,2025-07-29,13,45789.37,Night,Edgar White,Line4
3660,39,Plant A,2024-03-11,10,8160.43,Night,Albert Pena,Line5
3661,158,Plant A,2023-03-01,17,29330.27,Night,James Brooks,Line3
3662,195,Plant B,2024-10-05,16,43916.69,Evening,Carrie Mcclain,Line2
3663,151,Plant C,2024-10-06,4,38405.73,Night,Jessica Lopez,Line5
3664,155,Plant A,2023-11-25,4,42097.48,Evening,Thomas Stark,Line4
3665,180,Plant B,2024-11-30,6,49714.18,Evening,Matthew Gutierrez,Line2
3666,181,Plant A,2023-02-17,1,47822.5,Night,Kristen Roberts,Line4
3667,127,Plant C,2024-02-14,17,21305.72,Night,Eric Willis,Line2
3668,78,Plant C,2023-06-18,17,37603.74,Morning,Dr. Michelle Rogers,Line1
3669,69,Plant C,2024-10-28,2,43618.87,Morning,Brianna Lopez,Line1
3670,103,Plant B,2025-07-26,11,18499.58,Evening,Karen Williams,Line4
3671,62,Plant A,2023-08-03,14,9224.3,Night,Stacy Carlson,Line3
3672,40,Plant C,2023-06-20,10,9570.88,Evening,Lauren West,Line1
3673,14,Plant C,2025-09-02,4,15735.15,Morning,Tiffany Walsh,Line2
3674,66,Plant A,2025-07-12,7,15644.92,Night,Rachel Blankenship,Line1
3675,86,Plant B,2025-01-17,14,29850.34,Night,Alicia Campbell,Line4
3676,113,Plant B,2022-11-28,18,17476.17,Evening,Jennifer Arias,Line3
3677,14,Plant C,2025-02-11,11,47593.22,Night,John Chang,Line5
3678,92,Plant B,2023-06-13,17,48444.87,Evening,Austin Frost,Line3
3679,49,Plant C,2025-01-18,6,49970.91,Evening,Marcia Cox,Line3
3680,113,Plant C,2024-08-07,16,27180.37,Evening,Kyle Stevens,Line1
3681,54,Plant C,2024-11-05,12,23375.11,Evening,Barbara Matthews,Line1
3682,183,Plant B,2025-04-13,14,41647.87,Evening,Jesse Lawrence,Line1
3683,36,Plant B,2023-02-13,8,29222.19,Evening,Jessica Coffey,Line1
3684,75,Plant B,2024-09-22,18,19443.73,Evening,Micheal Murphy,Line4
3685,13,Plant B,2025-08-26,8,34685.87,Evening,Victor Glenn,Line2
3686,186,Plant C,2025-08-23,19,21104.66,Evening,Billy Davis,Line1
3687,188,Plant C,2024-10-06,5,19915.24,Night,Nancy Martin,Line4
3688,173,Plant A,2025-05-25,9,45269.78,Night,Madison Sanchez,Line5
3689,58,Plant B,2023-04-11,15,30920.11,Night,Andrew Mason,Line2
3690,43,Plant A,2024-05-11,20,27627.15,Morning,Brian Walker,Line4
3691,122,Plant B,2025-01-07,13,29099.83,Night,Nancy King,Line3
3692,91,Plant A,2025-09-30,17,34776.6,Evening,Catherine Brennan,Line5
3693,17,Plant B,2022-11-27,5,34590.82,Night,Patrick Hill,Line5
3694,126,Plant A,2024-04-27,17,43980.83,Morning,Hannah Thompson DVM,Line5
3695,105,Plant A,2025-03-12,20,21769.02,Morning,Lori Barnett,Line4
3696,17,Plant C,2025-08-22,11,23260.4,Evening,Dawn Gray,Line1
3697,135,Plant C,2023-05-15,9,19939.64,Morning,Daniel Martin,Line1
3698,70,Plant A,2023-09-06,9,14792.23,Night,Jay Riley DDS,Line5
3699,28,Plant B,2022-11-22,1,28945.13,Morning,Brandon Green,Line4
3700,122,Plant C,2024-08-12,16,12221.51,Morning,Michael Hernandez,Line3
3701,12,Plant A,2025-05-14,3,34543.77,Night,Max Thompson,Line3
3702,8,Plant B,2023-10-12,8,13507.15,Night,Kelly Peters,Line5
3703,18,Plant C,2023-12-06,12,5067.73,Evening,Samantha Scott,Line3
3704,70,Plant A,2022-12-23,2,9115.57,Night,Shaun Griffin,Line5
3705,45,Plant B,2024-05-04,1,36855.17,Night,James Willis,Line5
3706,125,Plant B,2023-04-12,11,43047.14,Morning,Sharon Francis,Line1
3707,45,Plant A,2025-06-07,10,27361.45,Evening,Linda Bryan,Line4
3708,153,Plant B,2024-01-24,19,8519.58,Evening,Samantha Gibbs,Line5
3709,14,Plant A,2024-01-14,2,49743.38,Evening,Austin Johnson,Line3
3710,57,Plant A,2023-01-04,2,27926.43,Night,Kathleen Joseph,Line5
3711,192,Plant C,2024-01-04,4,15837.84,Night,Lauren Williams,Line4
3712,146,Plant A,2023-02-15,6,21808.11,Night,Alex Cortez,Line4
3713,48,Plant B,2024-07-09,18,25821.62,Morning,Amy Brooks,Line1
3714,26,Plant C,2024-03-07,11,38068.13,Night,Melissa Howell,Line2
3715,105,Plant A,2023-11-27,2,16306.91,Morning,Kenneth Garcia,Line5
3716,1,Plant B,2025-09-09,5,45186.85,Morning,John Smith,Line2
3717,127,Plant B,2022-11-12,3,47577.37,Morning,Tyrone Jones,Line3
3718,72,Plant C,2023-02-13,15,34179.26,Morning,Robert Lee,Line3
3719,28,Plant B,2024-05-05,12,23147.44,Morning,Lauren Kim,Line1
3720,48,Plant C,2024-04-07,17,31643.96,Evening,Bryan Curtis,Line1
3721,49,Plant C,2023-11-03,16,49309.06,Night,Shirley Hoffman,Line2
3722,60,Plant A,2024-07-19,18,14506.25,Night,Jacqueline Haynes,Line3
3723,162,Plant A,2025-03-18,11,43404.75,Night,Steven Moore,Line2
3724,117,Plant B,2023-03-13,3,10096.61,Evening,Thomas Fox,Line4
3725,36,Plant A,2025-01-01,9,6154.46,Morning,Allison Rivera,Line4
3726,58,Plant C,2024-12-14,18,23887.81,Evening,David Berry,Line3
3727,41,Plant A,2025-08-15,20,46226.27,Morning,Michael Bishop,Line1
3728,67,Plant C,2024-04-13,7,19915.07,Morning,Debbie Roth,Line3
3729,53,Plant C,2024-09-02,7,18014.02,Morning,James Arnold,Line1
3730,6,Plant A,2024-09-10,9,21186.04,Evening,Jacob Warner,Line2
3731,171,Plant A,2024-11-30,2,28561.16,Night,Ricky Jackson,Line5
3732,148,Plant A,2023-05-03,8,18622.7,Evening,Daniel Carter,Line2
3733,78,Plant C,2023-12-14,4,6387.62,Evening,Teresa Camacho,Line2
3734,86,Plant C,2023-05-13,13,20963.21,Night,Adam Sanchez,Line2
3735,34,Plant C,2023-11-16,5,39205.71,Evening,Lance Newman,Line3
3736,8,Plant B,2025-07-18,3,32892.03,Night,Jessica Sanders,Line1
3737,2,Plant A,2024-02-05,6,19452.82,Evening,Daniel Perez,Line4
3738,84,Plant B,2023-10-15,10,17806.31,Night,Teresa Mendez,Line2
3739,42,Plant C,2023-05-16,11,21695.1,Evening,James Ritter,Line4
3740,198,Plant C,2025-07-13,19,47622.15,Night,Amanda Reid,Line2
3741,78,Plant C,2023-02-11,9,23713.43,Morning,Rodney Walton,Line1
3742,195,Plant C,2024-02-07,5,49760.83,Morning,Brenda Galvan,Line4
3743,16,Plant B,2022-12-18,20,15125.14,Evening,Elizabeth Smith,Line1
3744,35,Plant C,2025-06-26,2,14361.4,Night,Austin Moore,Line3
3745,44,Plant A,2025-02-12,2,21138.42,Evening,Dan Ortiz,Line4
3746,123,Plant A,2025-08-26,6,37655.63,Evening,Todd Miller,Line2
3747,176,Plant A,2024-06-01,19,25372.42,Evening,Brandon Garcia,Line5
3748,1,Plant A,2024-05-07,19,10291.36,Night,Dale Harris,Line2
3749,19,Plant A,2022-11-29,9,6951.8,Night,Leah Hines,Line2
3750,10,Plant B,2023-08-21,16,36493.53,Night,Debra Rodriguez,Line2
3751,185,Plant B,2024-07-26,19,29775.12,Evening,Tony Green,Line2
3752,82,Plant C,2023-09-18,7,45046.82,Evening,Rachel Williams,Line5
3753,194,Plant C,2025-05-25,5,12695.18,Evening,Carlos Sullivan,Line5
3754,107,Plant A,2025-09-13,12,28240.1,Night,Bonnie Murray,Line2
3755,9,Plant A,2025-09-16,3,22157.11,Night,Jacqueline Carter,Line4
3756,153,Plant A,2023-03-06,5,6543.7,Evening,Tammy Gillespie,Line4
3757,36,Plant B,2024-02-23,7,41267.05,Morning,Dustin Barker,Line2
3758,144,Plant A,2025-07-08,7,46895.74,Night,Samantha Morris,Line1
3759,30,Plant B,2023-04-08,11,31798.21,Evening,Molly Spencer,Line2
3760,43,Plant C,2025-10-02,8,48842.35,Morning,Lisa Gray,Line4
3761,174,Plant A,2024-07-27,12,21480.62,Night,Joshua Simpson,Line4
3762,67,Plant B,2023-02-16,17,46467.75,Morning,Ashley Lewis,Line4
3763,129,Plant A,2025-09-03,2,6134.22,Night,Jacob Mosley,Line1
3764,84,Plant C,2023-02-24,6,24735.05,Morning,Timothy Nelson,Line3
3765,158,Plant A,2025-01-22,18,25005.51,Evening,Ryan Perry,Line5
3766,21,Plant A,2022-12-10,16,9675.93,Evening,Jason Pena,Line5
3767,27,Plant A,2023-06-26,6,46556.93,Morning,Kristen Ware,Line2
3768,158,Plant B,2023-09-07,20,5878.24,Night,Sean Andrews,Line4
3769,72,Plant C,2023-06-23,6,23093.25,Morning,Lisa Wright,Line3
3770,23,Plant B,2024-06-24,16,43248.28,Night,Samantha Pierce,Line3
3771,102,Plant A,2023-04-12,13,45193.86,Night,David Jones,Line4
3772,186,Plant C,2023-05-25,18,23923.45,Night,Jennifer Williams,Line1
3773,178,Plant B,2024-03-16,6,10261.21,Night,Kevin Hickman,Line4
3774,78,Plant C,2023-11-24,16,41648.55,Night,Crystal Moss,Line1
3775,85,Plant A,2023-11-12,1,31946.85,Morning,Russell Reid,Line2
3776,191,Plant A,2024-06-08,16,48992.19,Morning,Jake Cook,Line2
3777,111,Plant B,2025-04-01,11,43043.06,Night,Alyssa Scott,Line2
3778,151,Plant A,2023-09-03,11,44120.17,Morning,Barbara Martinez,Line5
3779,195,Plant A,2025-06-01,15,33999.3,Evening,Steven Carter,Line4
3780,33,Plant C,2023-04-20,1,20361.33,Evening,Mason Johnson,Line1
3781,75,Plant C,2023-03-05,1,22684.3,Evening,Kevin Murphy Jr.,Line1
3782,88,Plant C,2023-04-30,4,21392.55,Night,Bruce Washington,Line5
3783,12,Plant C,2025-05-03,12,39560.09,Evening,Catherine Johnson,Line2
3784,60,Plant A,2023-03-30,3,40362.54,Morning,Elizabeth Smith,Line5
3785,192,Plant B,2025-07-15,16,9767.25,Morning,Raven Jones,Line5
3786,200,Plant A,2025-09-18,6,49616.34,Evening,David Sullivan,Line4
3787,50,Plant A,2023-08-30,17,18207.58,Night,Cheryl Turner,Line4
3788,123,Plant C,2025-06-06,5,7966.83,Night,Patricia Walker DVM,Line1
3789,172,Plant C,2025-09-22,1,23096.39,Evening,Courtney Matthews,Line1
3790,137,Plant C,2023-05-18,1,31548.58,Night,James Hurst,Line5
3791,173,Plant C,2025-02-28,2,27543.55,Morning,Jenna Miller,Line3
3792,115,Plant B,2025-05-11,8,45210.02,Morning,Johnny Bray,Line5
3793,8,Plant A,2022-12-10,12,47075.71,Night,Sean Brown MD,Line4
3794,191,Plant A,2025-05-06,19,32649.29,Night,Joshua Johnson,Line1
3795,3,Plant C,2024-09-01,3,21224.02,Morning,Whitney Hamilton,Line3
3796,25,Plant B,2025-09-08,19,47219.1,Night,Michael West,Line1
3797,46,Plant C,2023-06-15,8,39317.29,Morning,Kenneth Sullivan,Line1
3798,59,Plant A,2024-04-10,12,23081.9,Morning,Mary Thompson,Line5
3799,71,Plant C,2024-09-09,9,36167.16,Night,Deanna Prince,Line2
3800,5,Plant C,2022-11-14,16,17098.46,Evening,Carla Marshall,Line1
3801,111,Plant A,2024-03-02,1,33815.41,Evening,Harold Ellis,Line2
3802,93,Plant A,2022-12-21,1,32325.75,Morning,Bryan Ingram,Line5
3803,174,Plant B,2022-12-03,9,47262.63,Evening,Michael Collins,Line1
3804,191,Plant B,2023-06-20,8,8157.67,Morning,Adam Hawkins,Line2
3805,12,Plant C,2025-03-10,17,34442.06,Evening,Brandon Lutz,Line4
3806,179,Plant C,2023-07-21,7,29567.34,Night,Brian Rodriguez,Line1
3807,29,Plant C,2024-03-05,18,45321.69,Night,Lisa Campbell,Line5
3808,65,Plant C,2023-01-25,7,43329.48,Night,David Cisneros,Line5
3809,101,Plant B,2023-08-25,2,45155.58,Morning,Frederick Peck,Line3
3810,105,Plant C,2025-08-29,8,35681.67,Evening,Jason Odom,Line3
3811,146,Plant C,2023-11-22,10,45841.98,Morning,Matthew Campos,Line4
3812,90,Plant B,2023-11-25,7,16834.95,Evening,Phillip Johnson,Line2
3813,195,Plant A,2023-04-04,11,30187.01,Night,Wendy Rodriguez,Line1
3814,13,Plant A,2025-06-04,5,46668.06,Night,Scott Mendoza,Line2
3815,158,Plant A,2025-09-28,11,46558.35,Night,Derrick Brown,Line4
3816,139,Plant C,2024-10-18,4,23547.68,Night,Cesar Young,Line5
3817,9,Plant A,2024-01-24,15,13983.35,Night,Kimberly Martin,Line5
3818,66,Plant C,2024-10-29,17,33526.24,Night,Danny Harris,Line5
3819,46,Plant A,2023-03-19,16,29817.81,Night,Matthew Allen,Line1
3820,92,Plant A,2025-01-16,15,30737.35,Evening,William Henry,Line2
3821,173,Plant A,2023-12-26,2,20949.68,Evening,Jessica Fuller,Line4
3822,13,Plant B,2023-12-12,6,27391.29,Evening,Vicki Robinson,Line5
3823,141,Plant C,2025-06-09,8,30791.46,Night,Brian Foster,Line1
3824,195,Plant C,2025-04-02,5,27508.36,Morning,Alexandra Bullock,Line1
3825,135,Plant C,2025-07-09,2,6756.89,Evening,Jamie Maynard,Line2
3826,34,Plant C,2023-09-06,7,32565.14,Morning,Christopher Williams,Line5
3827,133,Plant B,2025-02-20,7,17159.08,Morning,Amy Simmons,Line1
3828,180,Plant C,2025-06-05,20,33922.18,Morning,Belinda Beck,Line4
3829,56,Plant B,2025-01-02,4,20030.87,Night,Jessica Williamson,Line1
3830,200,Plant C,2023-05-29,1,22887.94,Night,Shawn Green,Line1
3831,152,Plant A,2023-02-10,17,47514.26,Night,Jessica Johnson,Line1
3832,35,Plant B,2025-09-25,1,15215.81,Evening,Julie Burns,Line3
3833,123,Plant A,2024-10-24,12,12788.56,Night,Dana Terry,Line1
3834,146,Plant B,2023-04-29,16,23773.84,Night,Robert Holden,Line2
3835,61,Plant A,2024-10-10,17,38433.38,Morning,John Jenkins,Line1
3836,128,Plant B,2024-01-03,16,18082.13,Night,Michael Smith,Line5
3837,11,Plant A,2025-07-27,14,7327.89,Evening,Michelle Parker,Line2
3838,100,Plant A,2023-10-12,5,18191.78,Morning,Susan Griffin,Line4
3839,127,Plant B,2023-01-31,19,24781.66,Night,William Gordon,Line5
3840,98,Plant C,2024-12-23,15,30221.68,Morning,Jessica Ross,Line3
3841,155,Plant C,2023-03-08,4,31814.22,Morning,Tonya Boone,Line5
3842,200,Plant C,2025-03-28,4,21155.97,Morning,Kyle Branch,Line3
3843,61,Plant A,2023-08-03,20,37873.3,Evening,Micheal Watkins,Line3
3844,76,Plant C,2025-03-31,9,18411.27,Evening,Steven Moore,Line2
3845,138,Plant A,2024-11-25,9,26222.11,Evening,Timothy Sparks,Line1
3846,62,Plant B,2023-04-09,8,31872.88,Morning,Maria Butler,Line4
3847,187,Plant C,2023-11-30,12,47135.22,Morning,Kevin Wagner,Line5
3848,45,Plant C,2024-07-21,16,38068.43,Night,Cheryl Butler,Line2
3849,189,Plant A,2024-05-13,19,44277.6,Night,Katie Hebert,Line5
3850,24,Plant A,2024-07-02,11,32610.55,Morning,Michael Pennington,Line4
3851,177,Plant B,2024-05-30,13,17829.67,Morning,Jason Cooper,Line4
3852,175,Plant C,2022-12-30,9,43320.37,Night,Debra Davila,Line1
3853,92,Plant B,2023-04-09,20,13705.78,Evening,Brandon Williams,Line5
3854,149,Plant A,2024-12-24,12,47455.62,Morning,Stacey Hensley,Line4
3855,190,Plant A,2024-11-10,7,28804.07,Evening,Michelle Allen,Line3
3856,140,Plant B,2024-08-08,6,43038.17,Evening,Mark Washington,Line5
3857,58,Plant C,2023-04-30,17,24129.49,Evening,Maureen Knight,Line5
3858,117,Plant C,2025-08-27,12,14553.78,Morning,Jonathan Ramirez,Line2
3859,167,Plant A,2025-03-24,16,49616.89,Morning,Antonio Brady,Line3
3860,114,Plant C,2022-11-13,3,36704.71,Evening,Tiffany Howell,Line5
3861,171,Plant B,2023-07-22,5,7895.49,Night,Ian Holland,Line5
3862,19,Plant B,2024-06-20,20,26408.76,Evening,Martha Nelson,Line4
3863,19,Plant B,2025-03-15,10,27716.17,Night,Beverly Rodriguez,Line2
3864,112,Plant B,2023-08-22,19,11287.48,Night,Jessica Graham,Line1
3865,131,Plant C,2025-06-15,4,8235.58,Morning,Timothy Horne,Line3
3866,128,Plant A,2023-12-03,20,15249.9,Evening,Ashley Mullen,Line3
3867,67,Plant A,2025-10-03,17,49222.63,Evening,Jesse Mendoza,Line2
3868,51,Plant A,2025-09-15,20,19136.79,Evening,Aaron Lee,Line3
3869,116,Plant A,2023-05-24,3,18965.27,Evening,Cynthia Bauer,Line4
3870,164,Plant A,2023-08-17,15,37191.09,Evening,Valerie Dean,Line1
3871,199,Plant C,2023-10-23,18,8737.76,Evening,Teresa Colon,Line1
3872,194,Plant B,2025-01-08,17,30185.02,Evening,Steve Wallace,Line5
3873,53,Plant A,2024-12-30,13,35498.19,Evening,Jesse Martinez,Line1
3874,60,Plant B,2025-06-14,8,5869.21,Evening,Shelby Vargas,Line2
3875,166,Plant A,2023-11-25,7,32366.75,Evening,Amy Frye,Line2
3876,185,Plant A,2025-08-11,15,41431.48,Evening,Stacy Taylor,Line2
3877,57,Plant B,2022-11-08,4,10278.76,Morning,Hannah Contreras,Line5
3878,166,Plant B,2023-11-08,19,31341.98,Morning,Betty Chavez,Line5
3879,46,Plant B,2023-01-25,4,48934.88,Morning,Molly Stewart DVM,Line4
3880,56,Plant C,2025-02-05,18,28332.28,Evening,Samuel Stout,Line5
3881,84,Plant C,2025-01-19,11,7812.65,Morning,Emma Rush,Line1
3882,178,Plant A,2023-02-22,5,46439.42,Night,Roger Martin,Line4
3883,38,Plant C,2025-05-23,8,15512.54,Evening,Gregg Swanson,Line1
3884,119,Plant A,2024-08-11,11,16839.93,Evening,Claudia Wilson,Line1
3885,120,Plant A,2023-07-26,6,6875.47,Morning,Jamie Allison,Line1
3886,95,Plant B,2025-02-18,13,45141.99,Night,Nancy Rodgers,Line3
3887,87,Plant B,2023-04-17,16,39146.66,Night,Amanda Wilson,Line2
3888,183,Plant B,2024-05-17,11,30495.04,Night,Marilyn Harris,Line4
3889,6,Plant C,2024-07-12,13,27804.24,Night,James Campbell,Line2
3890,8,Plant A,2022-11-27,16,33747.87,Night,Evan Lewis,Line4
3891,36,Plant A,2023-04-23,8,27416.92,Night,Jordan Hale,Line1
3892,46,Plant C,2024-01-24,1,17875.6,Morning,Ryan Beck,Line3
3893,39,Plant A,2024-08-22,2,10130.96,Evening,Robert Dyer,Line4
3894,124,Plant B,2023-09-18,8,32990.52,Evening,Jason Sparks,Line3
3895,24,Plant B,2024-07-30,6,35926.63,Morning,Noah Stewart,Line5
3896,94,Plant C,2023-11-20,11,47350.69,Evening,Robert Beard,Line3
3897,72,Plant B,2023-02-22,1,29952.94,Morning,Brett Goodwin,Line4
3898,194,Plant A,2024-06-22,13,11011.18,Night,Joanna Cruz,Line4
3899,130,Plant C,2024-11-27,13,21857.13,Evening,Natasha Wood,Line4
3900,188,Plant B,2025-02-27,3,25182.93,Night,Steven Woods,Line3
3901,173,Plant A,2024-11-28,3,49292.38,Morning,Joy Curtis,Line2
3902,13,Plant A,2022-10-18,16,14176.54,Morning,Lori Levine,Line4
3903,182,Plant C,2023-04-27,17,38545.05,Night,Yolanda Cordova,Line1
3904,87,Plant A,2022-10-16,13,43165.62,Night,James Cantu,Line4
3905,119,Plant C,2025-07-31,12,25118.85,Morning,Michael Powell,Line5
3906,76,Plant B,2025-07-20,2,31740.5,Morning,Eric Robbins,Line4
3907,95,Plant B,2024-01-09,9,17826.37,Morning,Amanda Villarreal,Line1
3908,114,Plant C,2023-10-31,6,22109.31,Evening,Mrs. Jessica Barr,Line2
3909,187,Plant A,2024-08-16,15,34291.41,Night,Rachel Velasquez,Line3
3910,103,Plant A,2025-06-29,12,12623.43,Morning,Brianna Cortez,Line2
3911,28,Plant B,2025-08-25,17,18568.58,Evening,Grant Garcia,Line5
3912,14,Plant A,2025-04-25,17,29886.06,Night,Shane Smith,Line5
3913,127,Plant B,2023-01-10,15,15548.68,Night,Kenneth Hawkins,Line5
3914,198,Plant A,2023-01-30,16,40069.03,Night,Richard Harper,Line5
3915,186,Plant A,2023-09-13,10,31819.81,Evening,Robin Butler,Line4
3916,98,Plant A,2024-01-04,14,31050.47,Evening,Lisa Wood,Line1
3917,139,Plant B,2023-06-05,12,32383.63,Night,Michael Mayer,Line3
3918,150,Plant B,2024-11-24,7,21537.09,Night,Michael Medina,Line2
3919,200,Plant A,2024-04-19,3,47196.95,Evening,Christine Hood,Line4
3920,57,Plant C,2024-02-24,4,33823.53,Night,Courtney White,Line4
3921,74,Plant C,2023-10-20,8,17304.14,Night,Austin Torres,Line5
3922,131,Plant C,2025-02-13,11,43769.03,Night,Mary Simpson,Line1
3923,94,Plant C,2024-04-28,5,8328.91,Evening,Harry Rios,Line1
3924,171,Plant A,2023-01-07,19,33476.37,Morning,Michael Yang,Line4
3925,145,Plant C,2022-11-23,8,7377.89,Morning,Michael Leonard,Line3
3926,97,Plant B,2024-03-06,2,10708.49,Morning,Dylan Perez,Line5
3927,177,Plant A,2022-11-26,17,43760.38,Morning,Katherine Reed,Line5
3928,31,Plant B,2024-06-17,20,36808.55,Evening,Andrew Morgan,Line4
3929,162,Plant B,2023-10-30,16,40899.64,Evening,Raymond Taylor,Line3
3930,62,Plant C,2023-10-20,8,45206.24,Morning,Lindsey Jordan,Line2
3931,195,Plant B,2025-03-27,9,45953.86,Night,Matthew Carter,Line3
3932,175,Plant C,2022-11-07,13,33125.07,Night,Carla Cook,Line3
3933,196,Plant A,2023-06-23,7,8299.37,Evening,Stacey White,Line2
3934,189,Plant C,2024-06-03,17,38415.43,Evening,Nicole Wilkerson,Line1
3935,91,Plant C,2024-04-02,8,7821.91,Morning,Patricia Baird,Line5
3936,143,Plant C,2025-03-13,1,32764.36,Night,Jill Wallace,Line5
3937,18,Plant B,2023-01-14,14,8203.0,Evening,Matthew Moore,Line5
3938,133,Plant B,2023-06-08,6,20555.6,Morning,Margaret Smith,Line1
3939,130,Plant C,2024-10-31,13,32154.1,Night,Michael Curtis,Line4
3940,49,Plant A,2024-08-26,12,5731.69,Evening,Christopher Wilson,Line5
3941,20,Plant B,2024-09-08,9,22850.23,Night,Karen Roth,Line2
3942,111,Plant A,2024-04-04,17,35516.95,Morning,Ryan Shaw,Line2
3943,83,Plant C,2022-10-16,6,19641.57,Morning,Brian Smith,Line1
3944,188,Plant A,2024-10-17,18,23672.84,Morning,Jennifer Callahan,Line5
3945,113,Plant A,2022-10-30,19,33333.05,Morning,Nathaniel Alvarez,Line5
3946,85,Plant A,2025-03-30,10,33683.73,Morning,Dustin Gardner,Line3
3947,141,Plant C,2024-06-14,14,20817.9,Evening,Lisa Avila,Line4
3948,169,Plant A,2023-06-12,10,35744.06,Morning,Andre Burton,Line4
3949,184,Plant A,2023-11-20,14,47350.41,Evening,Ms. Jessica Peterson,Line5
3950,5,Plant C,2023-05-05,7,6118.57,Night,John Orr,Line1
3951,46,Plant C,2023-12-11,4,42125.67,Morning,Sara Morrison,Line4
3952,36,Plant A,2025-02-15,8,28611.84,Morning,Kyle Robinson,Line5
3953,174,Plant A,2022-11-19,18,23956.56,Night,Kelly Green,Line4
3954,177,Plant A,2024-09-13,16,44575.62,Evening,John Schmidt,Line5
3955,79,Plant A,2024-07-08,14,21575.93,Evening,Corey Watson,Line5
3956,52,Plant A,2024-02-10,9,26232.82,Night,Cathy Dixon,Line2
3957,158,Plant B,2024-10-03,8,38589.26,Evening,Stephanie Holland,Line2
3958,2,Plant C,2023-10-25,2,47403.24,Evening,Jeremy Chang,Line3
3959,16,Plant A,2024-01-09,9,17965.03,Evening,Jennifer Harris,Line2
3960,172,Plant A,2024-05-01,11,41541.28,Evening,Laurie Davis,Line1
3961,68,Plant B,2025-08-13,12,13110.45,Evening,Larry Fowler,Line5
3962,163,Plant C,2025-01-23,13,29509.64,Night,Cody Hall,Line4
3963,148,Plant A,2023-08-04,7,27641.59,Night,Jeffrey Johnson,Line1
3964,65,Plant B,2023-06-19,12,34016.49,Night,Eric Roman,Line3
3965,111,Plant B,2025-06-13,17,30110.01,Night,Charles Hampton,Line4
3966,73,Plant C,2023-03-08,10,41003.96,Night,David Wang,Line4
3967,111,Plant B,2024-12-06,8,49418.25,Night,Arthur Mcdonald DVM,Line3
3968,9,Plant A,2025-01-27,20,26897.33,Night,Anthony Obrien,Line2
3969,144,Plant A,2022-10-21,12,44005.81,Evening,Danny Rodriguez,Line4
3970,92,Plant B,2022-11-20,7,42501.68,Morning,David Fields,Line4
3971,49,Plant A,2024-09-20,17,41218.37,Night,Brianna Alvarado,Line2
3972,74,Plant C,2024-08-18,9,18124.09,Evening,John Glenn,Line2
3973,90,Plant A,2023-01-16,4,40932.5,Evening,James Webb,Line5
3974,15,Plant B,2023-07-02,9,5676.11,Night,Thomas Roberts,Line1
3975,189,Plant B,2023-10-17,15,33345.45,Evening,Shane Neal,Line5
3976,21,Plant A,2025-01-29,20,25551.46,Night,Toni Edwards,Line3
3977,113,Plant B,2022-12-13,7,43850.36,Night,Charles Pearson,Line5
3978,162,Plant B,2023-02-12,8,37200.01,Morning,James Snyder,Line3
3979,165,Plant C,2024-11-29,1,29172.22,Night,Tammy Ford,Line5
3980,139,Plant B,2024-11-17,4,47613.16,Evening,Jessica Miller,Line3
3981,153,Plant A,2023-01-22,16,38130.0,Night,Anna Rhodes,Line5
3982,6,Plant A,2023-06-15,12,9682.92,Night,Spencer Manning,Line5
3983,19,Plant A,2024-11-04,13,45040.84,Night,Douglas Wilson,Line4
3984,182,Plant A,2023-10-06,17,34827.87,Evening,William Campbell,Line5
3985,172,Plant A,2023-07-10,6,46535.24,Night,Marilyn Hernandez,Line4
3986,121,Plant B,2025-05-29,18,19938.58,Night,Jonathan Martinez,Line4
3987,14,Plant A,2023-07-18,9,30526.33,Night,Gerald Page,Line1
3988,180,Plant B,2023-01-13,1,45774.83,Night,April Ferguson,Line5
3989,38,Plant C,2024-09-29,2,27318.79,Morning,Brandi Stein,Line2
3990,23,Plant A,2024-12-24,14,41207.59,Morning,Mary Small,Line1
3991,125,Plant A,2025-07-29,12,40946.76,Morning,Dennis Lewis,Line1
3992,157,Plant B,2023-12-22,14,32111.89,Evening,Keith Martinez,Line5
3993,148,Plant A,2024-07-05,19,40400.25,Night,Michael Hall,Line4
3994,169,Plant B,2024-07-04,11,20533.25,Evening,Alyssa Valencia,Line3
3995,23,Plant A,2025-03-17,13,40787.33,Evening,Kenneth Kelley,Line4
3996,3,Plant B,2024-12-04,20,48255.78,Morning,Dan Parker,Line2
3997,157,Plant A,2023-05-30,16,13908.06,Evening,Jonathon Williams DVM,Line1
3998,121,Plant B,2023-05-10,14,16699.41,Evening,Ann Fuller,Line4
3999,116,Plant B,2025-08-30,2,33565.64,Morning,William Boyd,Line3
4000,79,Plant C,2024-05-24,17,41661.91,Morning,Michelle Frazier,Line4
4001,12,Plant C,2023-06-06,16,22816.03,Night,Jessica Roberts,Line5
4002,119,Plant A,2024-02-07,18,15495.29,Night,Joanna Malone,Line1
4003,9,Plant C,2024-08-25,9,41617.11,Morning,Mackenzie Thomas,Line2
4004,10,Plant A,2025-09-23,4,36848.75,Evening,Robert Smith,Line1
4005,175,Plant A,2024-06-10,6,12617.6,Morning,David Watkins DVM,Line5
4006,76,Plant C,2025-05-17,19,29606.88,Night,Scott Brown,Line3
4007,39,Plant A,2024-08-16,10,33201.17,Night,Amanda Bowman,Line3
4008,97,Plant C,2025-07-08,5,38581.48,Night,Gregory Garner,Line4
4009,139,Plant C,2025-06-24,13,14213.76,Evening,Jonathan Green,Line1
4010,66,Plant B,2024-09-02,7,35888.98,Morning,Jennifer Carter,Line2
4011,199,Plant C,2025-09-17,10,20841.85,Evening,Barbara Moore,Line3
4012,128,Plant B,2022-11-10,10,12793.82,Night,Victoria Rodriguez,Line3
4013,9,Plant B,2023-07-08,19,26016.86,Evening,Erin Guerra,Line1
4014,155,Plant A,2025-09-07,6,16019.47,Morning,Zachary Johnson,Line1
4015,136,Plant B,2025-09-04,4,48519.06,Morning,Mrs. Jacqueline Gonzalez MD,Line1
4016,180,Plant B,2025-09-07,9,28780.94,Morning,Brian Hansen,Line2
4017,39,Plant C,2023-12-14,15,44698.03,Night,Katie Middleton,Line5
4018,19,Plant B,2024-05-20,17,30545.98,Night,Jennifer Phillips,Line1
4019,146,Plant B,2024-12-17,7,39131.16,Morning,Jeffrey Pena,Line5
4020,150,Plant C,2022-10-07,19,32774.41,Night,Martin Hernandez,Line3
4021,169,Plant A,2024-01-22,17,16042.37,Morning,Joshua Robertson,Line1
4022,17,Plant A,2024-11-12,9,5143.13,Evening,Andrea Copeland,Line1
4023,6,Plant C,2024-01-15,17,17048.41,Night,Laura Robinson,Line2
4024,48,Plant C,2024-03-05,15,45265.83,Morning,Terry Grant,Line1
4025,97,Plant C,2023-11-23,8,16498.51,Night,Megan Oconnor,Line2
4026,90,Plant A,2025-01-12,8,35446.01,Morning,Charles Delgado,Line2
4027,11,Plant B,2025-09-01,14,45891.09,Evening,Elizabeth Turner,Line1
4028,100,Plant B,2024-02-09,9,43866.39,Night,Audrey Barker,Line3
4029,10,Plant C,2023-05-30,3,10096.95,Evening,Emily Fox,Line2
4030,117,Plant B,2023-09-04,19,26154.27,Night,Brian Snow,Line1
4031,136,Plant A,2025-08-21,10,6062.21,Morning,Dr. Lisa Freeman,Line2
4032,75,Plant B,2025-04-14,3,29141.42,Morning,Nicole Hill,Line4
4033,182,Plant B,2023-09-17,18,23555.21,Night,Claudia Smith,Line4
4034,174,Plant B,2024-11-30,5,17192.92,Morning,Jason Macdonald,Line3
4035,58,Plant A,2024-01-23,5,12949.91,Night,Michael Anderson,Line2
4036,178,Plant A,2024-06-14,1,48862.31,Evening,Austin King,Line1
4037,42,Plant A,2025-01-29,7,26073.43,Evening,Samantha Murphy,Line2
4038,65,Plant A,2024-02-02,6,46525.14,Morning,Garrett Neal,Line1
4039,62,Plant C,2024-02-20,10,35522.78,Morning,Nicholas Lewis,Line3
4040,188,Plant B,2023-02-14,11,36873.78,Evening,Daniel Wolfe,Line3
4041,88,Plant B,2025-07-12,5,12891.97,Night,Cory Woods,Line5
4042,191,Plant B,2023-05-15,15,49564.37,Morning,Denise Merritt,Line2
4043,179,Plant C,2023-03-05,12,20491.68,Evening,Alexander Mitchell,Line1
4044,4,Plant C,2022-12-18,15,12273.52,Night,Abigail Murphy,Line2
4045,85,Plant A,2025-09-16,3,40878.01,Evening,Lisa Steele,Line3
4046,32,Plant C,2025-09-05,13,15890.84,Night,Thomas Griffin,Line4
4047,3,Plant C,2024-04-06,7,40146.22,Night,Amanda Mcintyre,Line3
4048,97,Plant C,2024-09-07,10,39565.92,Evening,Bonnie Cox,Line5
4049,186,Plant C,2025-07-15,9,31264.03,Evening,Shannon Russell,Line1
4050,116,Plant B,2024-02-25,3,49439.42,Evening,Megan Sawyer,Line2
4051,15,Plant B,2023-11-07,8,34283.2,Morning,Stacy Jackson,Line3
4052,50,Plant B,2023-02-17,13,7898.44,Evening,Kyle Pace,Line4
4053,172,Plant A,2025-08-18,14,48107.1,Night,Jennifer Richardson,Line1
4054,106,Plant A,2025-01-08,20,6215.3,Morning,Todd Gutierrez,Line5
4055,129,Plant B,2024-03-03,4,33082.69,Evening,Derek Simpson,Line3
4056,172,Plant B,2025-06-09,7,19918.9,Morning,Ashley Cowan,Line4
4057,47,Plant A,2024-05-05,19,35074.07,Evening,Melanie Nunez,Line4
4058,170,Plant C,2024-09-30,2,24865.41,Evening,Albert Vincent,Line5
4059,95,Plant A,2022-11-21,2,21684.9,Morning,Lorraine Williams,Line3
4060,68,Plant A,2024-10-25,19,40743.41,Evening,Jennifer Lowery,Line5
4061,82,Plant C,2022-11-02,5,20165.46,Morning,William Jones,Line1
4062,37,Plant C,2022-10-07,3,18446.05,Evening,Melinda Cox,Line5
4063,174,Plant A,2023-10-27,1,47836.09,Evening,Mrs. Melissa Walters DDS,Line4
4064,166,Plant C,2024-01-17,14,20912.94,Evening,Paul Espinoza,Line3
4065,129,Plant A,2024-04-22,12,31254.7,Morning,Keith West,Line3
4066,178,Plant A,2024-01-06,7,8122.26,Night,Joel Moore,Line3
4067,181,Plant A,2025-05-17,1,31343.27,Night,Sara Little,Line5
4068,176,Plant A,2022-11-22,8,42844.53,Morning,Eric Stokes,Line3
4069,183,Plant A,2023-01-24,3,38273.01,Morning,Chelsea Hawkins,Line1
4070,88,Plant A,2024-08-04,10,46490.79,Night,Laura Cruz,Line4
4071,45,Plant B,2024-04-16,10,44560.71,Morning,Rhonda Williams,Line5
4072,60,Plant A,2025-02-22,4,33381.67,Morning,Danielle Holt,Line1
4073,107,Plant C,2025-08-16,7,25715.48,Night,Joseph Zimmerman,Line1
4074,132,Plant A,2023-10-21,2,42856.62,Morning,Debra Acevedo,Line3
4075,100,Plant C,2023-08-31,10,22170.55,Evening,Seth Hall,Line1
4076,184,Plant C,2023-11-19,7,32410.15,Evening,Gabrielle Rodriguez,Line4
4077,86,Plant C,2023-12-29,5,39918.39,Night,Phillip Adams,Line3
4078,184,Plant A,2022-12-18,3,34955.47,Evening,Danielle Weiss,Line2
4079,21,Plant C,2025-02-27,4,30775.77,Evening,Mark Freeman,Line4
4080,50,Plant B,2025-02-05,13,10961.58,Evening,Patrick Galvan,Line1
4081,129,Plant B,2025-05-03,4,24322.29,Night,Rachael Newton,Line1
4082,35,Plant C,2025-01-29,7,27100.93,Night,Grace Moran,Line1
4083,147,Plant B,2025-04-12,20,27739.38,Night,Pamela Lamb,Line1
4084,91,Plant C,2023-03-12,6,42395.1,Morning,Christy Marshall,Line4
4085,91,Plant C,2025-08-07,8,37889.93,Evening,Richard Ashley,Line3
4086,182,Plant B,2024-08-03,5,17625.89,Night,Victor Best,Line5
4087,84,Plant A,2024-05-22,7,29553.45,Morning,Lori Bishop,Line2
4088,110,Plant B,2025-10-02,4,16314.35,Evening,James Espinoza,Line4
4089,169,Plant C,2023-03-18,11,41452.76,Night,Ryan Garcia,Line1
4090,71,Plant C,2023-07-03,20,14825.56,Morning,Kevin Wagner,Line4
4091,28,Plant B,2024-09-26,6,37563.16,Night,Charles Morrow,Line2
4092,124,Plant B,2025-07-13,8,10831.43,Night,Julia Thomas,Line1
4093,152,Plant B,2023-05-11,15,39693.0,Evening,Cynthia Bowen,Line1
4094,191,Plant C,2022-12-10,20,6075.47,Night,Walter Wright,Line2
4095,11,Plant B,2024-08-03,18,9421.0,Morning,Deborah Brown,Line1
4096,89,Plant A,2024-02-25,7,36319.37,Morning,Alyssa Patterson,Line3
4097,109,Plant C,2024-07-20,20,45132.39,Morning,Erica Romero,Line1
4098,90,Plant B,2023-06-16,16,13177.25,Night,Daniel Hernandez,Line5
4099,33,Plant B,2024-10-06,10,7307.8,Morning,Cheryl Hill,Line4
4100,108,Plant C,2025-08-20,6,29481.66,Evening,Sean Burns,Line4
4101,97,Plant A,2024-06-23,19,36648.38,Evening,Paul Scott,Line2
4102,159,Plant C,2025-02-11,6,8250.2,Night,Karl Graham,Line4
4103,53,Plant C,2023-09-28,12,13379.07,Evening,William Sanchez,Line2
4104,195,Plant A,2024-06-10,7,41954.03,Evening,Carol Jackson,Line3
4105,24,Plant B,2023-01-02,4,44192.36,Morning,Kyle Gardner,Line4
4106,30,Plant C,2024-08-20,6,17097.12,Morning,Lori Young,Line1
4107,169,Plant A,2025-09-11,3,42036.79,Morning,Dominic Pruitt,Line3
4108,179,Plant B,2024-02-06,16,30932.45,Night,Becky Williams,Line4
4109,92,Plant C,2024-07-22,15,7415.41,Evening,Cesar Green,Line5
4110,198,Plant C,2023-04-15,18,41592.41,Night,Kenneth Walker,Line3
4111,34,Plant A,2023-05-13,12,8500.94,Night,Brenda Fry,Line3
4112,9,Plant B,2024-07-24,14,46624.53,Morning,Andrew Elliott,Line2
4113,187,Plant C,2023-01-17,5,44879.74,Night,Olivia Phillips,Line4
4114,99,Plant B,2025-02-04,7,7894.14,Morning,Cameron Garza,Line1
4115,184,Plant B,2024-12-26,3,49705.5,Evening,Susan Meyer,Line3
4116,57,Plant C,2023-11-18,13,37686.81,Evening,Shawn Young,Line2
4117,24,Plant C,2024-08-23,2,46075.54,Evening,Jacob Davis,Line4
4118,83,Plant C,2025-08-13,8,41819.62,Morning,Richard Rogers,Line5
4119,135,Plant B,2024-06-01,12,45730.94,Evening,Matthew Aguilar,Line3
4120,188,Plant C,2023-07-08,5,18978.46,Evening,Katherine Alexander,Line4
4121,54,Plant A,2024-07-31,17,25073.46,Evening,Jessica Valdez,Line3
4122,36,Plant A,2023-12-02,19,28962.97,Night,Ariel Hernandez,Line4
4123,124,Plant C,2023-09-25,9,12164.34,Evening,Michael Flynn,Line2
4124,60,Plant A,2025-07-23,17,17768.06,Morning,Craig Coleman,Line3
4125,44,Plant A,2023-01-15,13,47960.44,Morning,Benjamin Kennedy,Line5
4126,1,Plant C,2022-12-10,10,22227.52,Evening,Parker Dean,Line1
4127,29,Plant A,2023-05-08,15,43574.19,Evening,Joseph Martinez,Line2
4128,84,Plant C,2023-05-09,19,29112.96,Night,Alexander Turner,Line4
4129,92,Plant A,2025-04-27,20,16477.59,Morning,Brent Todd,Line2
4130,41,Plant A,2023-03-18,16,23565.37,Evening,Donald Rodriguez,Line4
4131,43,Plant A,2024-12-21,12,17615.44,Evening,Lisa Wilson,Line2
4132,98,Plant A,2022-11-13,16,26710.59,Evening,Richard Brown,Line4
4133,191,Plant A,2023-09-04,11,19221.34,Evening,Eric Marshall MD,Line3
4134,124,Plant B,2024-04-07,14,5575.81,Evening,Felicia Jones,Line3
4135,32,Plant C,2025-01-11,6,32915.5,Night,Michelle Clark,Line3
4136,47,Plant B,2024-12-20,1,15771.39,Evening,Ashley Williams,Line1
4137,12,Plant B,2023-08-22,9,21831.67,Evening,Tony Yates,Line4
4138,101,Plant C,2024-11-18,9,21820.03,Evening,Frederick Hunter,Line1
4139,77,Plant A,2023-07-29,20,18796.34,Night,Julie Rodriguez,Line5
4140,88,Plant B,2024-08-22,7,8076.92,Night,Stephanie Day,Line2
4141,43,Plant B,2024-05-07,14,23596.15,Evening,Joanne Ross,Line3
4142,124,Plant B,2024-01-01,6,27684.2,Evening,Sara Rodriguez,Line1
4143,85,Plant B,2024-09-18,15,19793.23,Night,Corey Porter,Line1
4144,29,Plant C,2024-11-23,4,21637.37,Evening,Brittany Anderson,Line5
4145,6,Plant C,2024-08-17,11,6090.43,Morning,Melissa Clark,Line4
4146,134,Plant B,2023-10-31,19,25118.68,Night,Casey Valdez,Line2
4147,109,Plant C,2025-04-27,16,41368.14,Evening,Robert Jones,Line4
4148,94,Plant B,2025-05-28,20,35412.9,Evening,Tonya Lee,Line2
4149,156,Plant C,2022-12-18,17,29317.35,Morning,Manuel Young,Line5
4150,148,Plant C,2024-03-04,9,11743.02,Morning,Austin Shelton,Line1
4151,6,Plant C,2023-10-03,1,46055.47,Morning,Vincent Mcintosh,Line3
4152,181,Plant C,2023-02-27,20,23707.84,Morning,Savannah Kelley,Line4
4153,37,Plant C,2023-07-28,6,32689.88,Morning,Allen Fisher,Line1
4154,190,Plant A,2024-01-04,16,40965.24,Evening,Lisa Watson,Line1
4155,65,Plant B,2025-07-31,10,5090.88,Evening,Ms. Amy Stout,Line4
4156,154,Plant C,2025-06-15,7,35178.02,Night,Michael Tran,Line1
4157,123,Plant C,2023-06-19,1,26959.62,Evening,Gloria Castillo,Line5
4158,82,Plant A,2024-03-30,9,9435.8,Morning,Jane Lewis,Line4
4159,25,Plant C,2025-03-04,15,8932.96,Morning,Amanda Myers,Line3
4160,168,Plant B,2023-01-30,17,47286.94,Evening,Mary Mitchell,Line2
4161,123,Plant A,2023-12-18,16,33663.11,Evening,Thomas Sanchez,Line2
4162,68,Plant C,2024-06-10,15,42589.37,Night,Kevin Williams,Line1
4163,101,Plant C,2024-05-24,15,14672.88,Night,Rhonda Kane,Line3
4164,83,Plant A,2022-10-12,12,36054.81,Night,Charlene Humphrey,Line5
4165,155,Plant B,2024-06-06,17,15887.74,Night,William Rivera,Line1
4166,162,Plant B,2025-10-01,7,44532.01,Night,Mr. Jason Decker MD,Line4
4167,68,Plant B,2023-12-22,5,20822.38,Evening,Benjamin Aguilar,Line1
4168,165,Plant A,2024-08-19,14,29664.32,Evening,Brian Schneider,Line4
4169,26,Plant B,2025-09-16,11,14512.83,Morning,Ashley Smith,Line3
4170,156,Plant A,2024-10-04,6,39260.02,Morning,Ricky Lawson,Line2
4171,54,Plant C,2025-07-19,4,38896.22,Morning,Miss Crystal Barrett,Line1
4172,160,Plant C,2024-05-04,10,25168.83,Evening,Alexandra Gordon,Line2
4173,126,Plant B,2024-01-15,6,9906.74,Evening,Trevor Bruce,Line2
4174,1,Plant A,2024-10-16,10,23662.84,Morning,Jacob Gardner,Line1
4175,158,Plant A,2023-03-15,15,33371.64,Morning,Stephanie Fox,Line5
4176,64,Plant A,2025-07-22,20,47749.56,Evening,Michelle Gutierrez,Line1
4177,87,Plant C,2024-07-15,8,49884.85,Evening,Danielle Taylor,Line1
4178,179,Plant A,2023-05-07,5,14133.73,Evening,Jennifer Brown,Line3
4179,110,Plant B,2024-05-19,13,39920.01,Morning,Gwendolyn Jordan,Line3
4180,23,Plant A,2023-08-31,3,18806.94,Evening,Christopher Mendez,Line4
4181,119,Plant B,2025-03-28,4,35434.15,Morning,Jennifer Williams,Line2
4182,34,Plant C,2024-03-25,15,35217.45,Morning,Eileen Walker,Line1
4183,163,Plant B,2024-03-20,5,19643.14,Evening,Bryan Smith,Line5
4184,167,Plant A,2022-12-22,5,41223.3,Night,Mary Heath,Line2
4185,111,Plant A,2024-04-18,16,25883.99,Morning,Patricia Coleman,Line3
4186,149,Plant A,2024-01-25,3,9905.14,Night,Nicole Hawkins,Line3
4187,189,Plant A,2023-01-27,11,18118.36,Evening,Andrew Johnson,Line4
4188,165,Plant C,2022-10-30,14,44857.84,Morning,Mary Lambert,Line1
4189,47,Plant B,2025-09-14,4,19924.69,Morning,Eric Page,Line1
4190,171,Plant C,2024-10-04,1,35425.03,Evening,Cameron Woodard,Line5
4191,54,Plant C,2023-11-02,11,19157.12,Evening,Derek Gates,Line5
4192,3,Plant A,2024-12-11,12,24283.52,Evening,Claudia Golden,Line4
4193,164,Plant C,2025-08-14,8,18373.65,Morning,Jason Flores,Line2
4194,119,Plant C,2023-11-16,15,31238.12,Night,Victor Koch,Line3
4195,60,Plant B,2025-01-28,11,44143.24,Morning,Andrew Carter,Line1
4196,17,Plant B,2023-03-08,8,7034.89,Night,Melissa Brock,Line2
4197,180,Plant C,2024-12-25,16,44910.24,Morning,Allen Barrett,Line4
4198,98,Plant A,2023-09-22,11,27105.38,Morning,Michelle Anderson,Line5
4199,104,Plant A,2023-10-01,16,33158.34,Morning,Patrick Hanson,Line1
4200,164,Plant B,2024-10-21,20,44567.94,Night,Cody Hanson,Line4
4201,197,Plant C,2023-06-29,16,48821.61,Night,Anthony Young,Line5
4202,118,Plant A,2023-01-11,19,5635.69,Night,Cassie Foster,Line4
4203,166,Plant A,2025-03-09,4,37655.75,Evening,Justin Rivers,Line4
4204,173,Plant B,2024-03-16,15,23743.07,Morning,Samantha Williams,Line4
4205,10,Plant B,2024-06-13,4,17832.13,Evening,Taylor Jones,Line2
4206,137,Plant A,2025-03-06,13,31193.41,Evening,Elizabeth Trujillo,Line2
4207,132,Plant A,2023-03-09,15,19652.69,Morning,Dillon Bowen,Line1
4208,156,Plant B,2023-03-27,5,24073.25,Morning,Richard Richardson,Line5
4209,80,Plant C,2023-04-16,11,37494.58,Morning,Brooke Macias PhD,Line4
4210,157,Plant C,2024-05-19,12,47723.51,Morning,Erica Richardson,Line5
4211,48,Plant C,2023-06-16,7,7353.54,Morning,Justin Shaffer,Line5
4212,179,Plant B,2023-05-13,11,10408.01,Evening,Martha Lee,Line2
4213,181,Plant A,2025-06-19,16,28201.93,Morning,Madeline Estrada,Line5
4214,60,Plant C,2023-06-04,13,38122.9,Morning,Randy Lopez,Line5
4215,96,Plant A,2023-08-28,18,18199.09,Evening,Kevin Hendricks,Line5
4216,146,Plant B,2025-03-11,17,36351.18,Morning,Kimberly Thompson,Line5
4217,74,Plant A,2024-04-14,20,9860.23,Evening,Paul Marshall,Line3
4218,36,Plant B,2023-06-01,11,15370.38,Evening,Rebecca Lindsey,Line4
4219,23,Plant B,2023-10-06,11,5249.2,Night,Anna Mccarthy,Line2
4220,23,Plant B,2024-06-23,17,26700.9,Night,Charles Carter,Line3
4221,49,Plant A,2025-03-11,12,19097.69,Night,Janice Bullock,Line4
4222,120,Plant B,2022-12-18,12,48591.76,Night,Lindsey Collins,Line3
4223,199,Plant C,2024-10-16,19,44952.22,Morning,Robin Cole,Line1
4224,61,Plant A,2023-09-17,19,33698.22,Morning,Jeffrey Orozco,Line2
4225,38,Plant B,2024-04-08,2,46621.4,Night,Francisco Jones,Line4
4226,38,Plant B,2022-10-14,13,25718.88,Evening,Jerry Griffin,Line5
4227,183,Plant A,2025-07-09,14,5794.14,Morning,Traci Wade,Line4
4228,157,Plant A,2024-05-01,2,35124.7,Evening,Jennifer Mason,Line3
4229,30,Plant A,2022-11-17,18,34719.41,Evening,Angelica Dudley DDS,Line5
4230,109,Plant A,2023-08-16,14,14139.73,Night,Joseph Rodriguez,Line2
4231,110,Plant B,2024-01-18,13,34619.62,Night,Kari Wilson,Line3
4232,98,Plant B,2024-06-08,13,48427.13,Night,Timothy Miller,Line5
4233,39,Plant A,2025-01-31,19,33228.29,Evening,Roberto Young,Line3
4234,136,Plant B,2025-04-29,14,40694.88,Morning,Megan Clark,Line5
4235,54,Plant B,2024-01-15,19,32980.2,Morning,Eric Tucker,Line3
4236,131,Plant A,2024-08-25,4,32520.02,Evening,Lindsay Barber,Line2
4237,112,Plant C,2025-09-01,17,9934.29,Morning,Melissa Miller,Line2
4238,144,Plant A,2023-02-15,7,5656.22,Night,Sarah Davis,Line3
4239,103,Plant C,2023-11-16,18,28816.06,Evening,Bianca Jackson,Line3
4240,128,Plant A,2025-01-28,17,45083.39,Morning,Michelle Hutchinson,Line4
4241,44,Plant A,2023-07-13,1,39515.7,Night,Jacob Owens,Line1
4242,10,Plant C,2023-05-21,1,10247.26,Evening,Ryan Higgins Jr.,Line1
4243,8,Plant C,2024-08-08,17,13322.42,Evening,Maria Rodriguez,Line1
4244,134,Plant A,2022-12-07,13,30465.72,Morning,Christopher Garcia,Line5
4245,173,Plant B,2024-10-27,1,40979.5,Evening,Alice Howell,Line3
4246,16,Plant B,2023-06-22,9,43540.62,Morning,Paige Bentley,Line5
4247,72,Plant B,2023-11-09,19,37745.04,Morning,David Gomez,Line4
4248,16,Plant C,2022-11-04,3,23125.13,Night,Dana Gaines,Line4
4249,167,Plant B,2025-09-07,12,20405.95,Evening,Jessica Murray,Line5
4250,167,Plant C,2023-02-26,19,23531.41,Night,Carl Graham DVM,Line2
4251,117,Plant B,2023-03-03,5,34026.07,Evening,Kerry Johnson,Line5
4252,193,Plant C,2024-08-11,6,23621.28,Morning,James Johnson,Line5
4253,119,Plant A,2023-11-19,1,41616.36,Evening,Austin Wright,Line3
4254,160,Plant B,2023-05-28,20,24210.74,Morning,Jane Weaver,Line2
4255,159,Plant B,2025-01-22,10,5586.67,Night,Anthony Zhang,Line2
4256,6,Plant A,2024-10-13,14,43708.53,Evening,Edwin Velez,Line2
4257,135,Plant C,2023-10-05,12,18057.56,Evening,Jeffrey West,Line5
4258,39,Plant C,2024-11-03,6,7169.39,Night,Shawn Chavez,Line4
4259,106,Plant C,2024-07-15,10,6385.62,Night,Felicia Thomas,Line4
4260,116,Plant A,2025-08-13,7,19766.91,Morning,Lauren Collins,Line3
4261,30,Plant A,2024-07-11,7,27433.97,Morning,Monica Gomez,Line1
4262,145,Plant B,2025-06-15,5,12756.89,Morning,Nicholas Rich,Line4
4263,34,Plant C,2025-03-15,15,45418.5,Night,Paula Hood,Line2
4264,116,Plant B,2022-12-27,10,39128.06,Night,James Charles,Line3
4265,114,Plant A,2023-11-04,5,9354.12,Evening,Raymond Rice,Line3
4266,43,Plant A,2025-04-27,8,20681.6,Morning,William Williams,Line4
4267,75,Plant C,2025-02-23,4,34543.6,Evening,Amy Ford,Line3
4268,51,Plant C,2024-08-31,6,8606.07,Evening,Lauren Jones,Line3
4269,41,Plant B,2024-03-09,18,45696.14,Night,Sarah Beard,Line3
4270,122,Plant C,2023-10-04,9,36960.55,Night,Susan Brewer,Line5
4271,194,Plant C,2024-05-24,7,10204.85,Morning,John Pruitt DDS,Line5
4272,48,Plant C,2024-02-04,9,25971.33,Morning,Angela Clark,Line1
4273,14,Plant B,2023-11-18,7,41309.33,Morning,Cassandra Lee,Line2
4274,78,Plant C,2025-05-14,8,26427.72,Morning,Amanda Evans,Line5
4275,75,Plant B,2022-11-12,3,39144.13,Morning,Susan Simmons,Line5
4276,2,Plant A,2023-07-06,7,19788.7,Evening,Lori Burton,Line1
4277,165,Plant A,2022-10-14,16,15423.97,Night,Dylan Parrish,Line4
4278,89,Plant A,2025-01-12,12,48735.27,Morning,Andrea Pierce,Line1
4279,14,Plant A,2025-01-03,4,46828.04,Night,Heather Bennett,Line2
4280,11,Plant A,2024-11-09,8,11205.56,Morning,John Ball,Line4
4281,24,Plant B,2024-03-25,18,41131.07,Night,Jocelyn Snyder,Line1
4282,113,Plant C,2025-04-26,6,43434.14,Night,Charles Gardner,Line3
4283,147,Plant A,2025-02-09,9,13782.19,Morning,Jennifer Medina,Line3
4284,40,Plant A,2025-02-01,12,12406.35,Night,Denise Martinez,Line3
4285,159,Plant A,2023-05-29,2,46253.5,Night,Anne Robles,Line1
4286,12,Plant C,2023-04-30,9,41735.73,Night,William Jones,Line5
4287,94,Plant B,2024-04-29,6,14440.16,Evening,Nicole Delgado,Line2
4288,77,Plant B,2024-04-05,1,48294.08,Night,Jody Washington,Line3
4289,128,Plant A,2024-10-03,6,28200.42,Evening,Howard Wood,Line2
4290,42,Plant C,2023-08-09,18,24431.43,Night,Jon Morris,Line5
4291,82,Plant C,2025-02-20,9,12336.29,Evening,Diane Romero,Line4
4292,49,Plant A,2024-02-29,11,15234.83,Morning,Jacob Ross,Line1
4293,47,Plant C,2022-11-11,1,29090.28,Evening,Brittany Salas,Line3
4294,124,Plant A,2025-01-10,15,49737.59,Morning,Patricia Wilson,Line1
4295,23,Plant B,2024-08-23,19,5547.82,Night,Charles Daniels,Line3
4296,192,Plant A,2024-04-13,8,7356.67,Night,Kimberly Morgan,Line1
4297,165,Plant B,2025-08-22,18,17189.94,Evening,Richard Bates,Line1
4298,163,Plant C,2025-03-24,14,7900.36,Night,Cassandra Allen,Line2
4299,108,Plant C,2023-07-01,17,12090.03,Night,Kim Goodman,Line1
4300,56,Plant C,2023-05-29,14,22502.03,Morning,Roy Carter DDS,Line3
4301,165,Plant B,2023-10-11,8,36870.79,Morning,Matthew Montgomery,Line4
4302,51,Plant A,2023-11-29,3,32971.8,Morning,Jeremy Love,Line3
4303,83,Plant C,2024-07-09,18,11175.05,Night,Edward Cox,Line2
4304,136,Plant C,2025-08-24,15,17548.19,Evening,Brian Brown,Line3
4305,68,Plant A,2025-03-23,11,7539.58,Night,Matthew Underwood,Line2
4306,102,Plant C,2023-10-29,16,23005.74,Night,Mrs. Crystal Avila,Line5
4307,43,Plant C,2025-03-09,12,45633.77,Evening,Amber Mathis,Line5
4308,71,Plant C,2023-01-27,18,24274.77,Night,Taylor Harper,Line3
4309,175,Plant B,2024-11-21,18,47479.25,Night,Eric Shannon,Line5
4310,63,Plant A,2025-07-09,10,31668.08,Morning,Elizabeth Wright,Line5
4311,31,Plant B,2024-05-01,8,30183.08,Night,Jennifer Shaffer,Line2
4312,194,Plant A,2023-05-28,8,29568.85,Night,Aaron Taylor,Line5
4313,131,Plant C,2024-01-19,6,26182.59,Night,Christopher Small,Line1
4314,12,Plant A,2023-04-04,5,19259.35,Morning,Cassidy Wells,Line4
4315,181,Plant A,2025-03-11,20,41677.52,Evening,Alexandra Clayton,Line5
4316,142,Plant A,2023-03-15,13,41091.33,Morning,Nancy Miles,Line1
4317,47,Plant B,2025-07-31,1,33478.17,Evening,Joshua Harrison,Line1
4318,112,Plant C,2023-03-17,2,15606.49,Morning,Zachary Shaw,Line5
4319,145,Plant A,2022-11-11,6,42921.2,Morning,Barbara Velez,Line1
4320,117,Plant C,2023-03-26,2,37614.96,Morning,Raymond Quinn,Line2
4321,170,Plant B,2023-06-30,10,8038.13,Night,Michael Mcfarland,Line5
4322,96,Plant C,2024-03-01,11,39891.33,Night,Taylor Howard,Line3
4323,100,Plant C,2023-06-25,1,18470.64,Night,Andrea Kane,Line1
4324,138,Plant B,2025-06-18,3,40556.1,Night,Charles Guerrero,Line1
4325,129,Plant A,2023-11-17,16,30203.87,Night,Amanda Medina,Line4
4326,85,Plant C,2025-01-31,6,47906.46,Night,Wanda Valdez,Line3
4327,160,Plant C,2025-07-18,16,9419.53,Night,Daniel Solis,Line5
4328,189,Plant C,2025-06-01,14,34053.08,Night,Susan Singh,Line1
4329,63,Plant B,2023-10-20,6,43252.09,Night,Melinda Freeman,Line5
4330,169,Plant B,2023-11-28,16,7487.14,Evening,Scott Frederick,Line1
4331,18,Plant A,2024-11-30,14,28216.2,Morning,David Jackson,Line4
4332,89,Plant C,2023-07-23,2,14598.24,Evening,Matthew Edwards,Line4
4333,118,Plant C,2023-07-08,5,35835.54,Night,Scott Osborne,Line3
4334,58,Plant A,2023-06-22,6,26197.31,Morning,Timothy Collins,Line1
4335,175,Plant A,2024-08-26,9,29192.19,Evening,Don Williams,Line3
4336,142,Plant B,2023-10-18,14,47240.11,Night,Andrew Wilson,Line2
4337,179,Plant C,2023-12-26,19,18194.47,Night,Samantha Mcdaniel,Line4
4338,120,Plant B,2023-08-24,16,30113.67,Morning,Ryan King,Line3
4339,68,Plant A,2023-05-08,10,14958.7,Night,Wendy Phillips,Line5
4340,138,Plant B,2023-09-25,12,11776.45,Evening,Leslie Ferguson,Line4
4341,162,Plant A,2023-05-23,3,27728.27,Morning,Angela Jenkins,Line2
4342,31,Plant B,2025-04-07,7,17280.27,Morning,Isabel Kelly,Line3
4343,200,Plant A,2024-09-17,19,12763.11,Morning,David Mercer,Line1
4344,161,Plant A,2024-01-30,17,23802.03,Morning,Jonathan Summers,Line2
4345,52,Plant C,2023-09-29,10,36722.89,Evening,Lisa Nash,Line2
4346,109,Plant A,2025-05-28,14,37803.83,Night,Shawn Klein,Line5
4347,97,Plant B,2023-07-04,1,49343.96,Night,Helen Lawson,Line2
4348,63,Plant B,2023-02-11,6,48490.38,Night,Cassandra White,Line3
4349,152,Plant A,2024-05-18,3,32950.54,Evening,Andrew Scott,Line1
4350,173,Plant C,2023-07-16,18,18067.13,Morning,Michael Jones,Line4
4351,22,Plant C,2024-10-14,16,37357.99,Night,Christina Lawrence,Line2
4352,200,Plant C,2023-12-26,18,13280.57,Night,Steven Jones,Line1
4353,176,Plant A,2023-06-04,9,40034.74,Evening,Amanda Gomez,Line1
4354,12,Plant B,2023-10-16,1,7067.81,Night,Jeffery Williams,Line2
4355,108,Plant B,2024-10-01,14,21300.71,Morning,Derek Medina,Line4
4356,136,Plant A,2025-10-02,9,17136.17,Night,Henry Fuller,Line4
4357,24,Plant C,2025-05-13,12,21626.54,Evening,John Dillon,Line3
4358,61,Plant C,2024-08-14,1,8403.87,Evening,Shannon Smith,Line1
4359,163,Plant C,2023-05-03,12,12949.5,Night,Jeffrey Jimenez,Line5
4360,18,Plant A,2025-01-08,8,30791.44,Morning,Christopher Franklin,Line4
4361,133,Plant B,2024-06-04,11,45672.66,Morning,Brittany Williams,Line3
4362,83,Plant C,2023-04-04,6,26655.73,Evening,Michele Bell,Line4
4363,168,Plant B,2025-04-10,14,19367.55,Night,Brandon Hall,Line1
4364,161,Plant B,2024-04-03,1,5780.51,Evening,Christopher Crawford,Line5
4365,106,Plant A,2023-08-19,1,19959.65,Morning,Douglas Fleming,Line3
4366,172,Plant C,2023-10-12,14,9341.4,Morning,Devon Lowe,Line3
4367,50,Plant C,2024-02-23,5,26409.88,Evening,Daniel Terry,Line3
4368,79,Plant C,2025-06-30,13,14004.8,Morning,Steven Williams,Line4
4369,150,Plant A,2023-08-13,12,8310.88,Night,Daniel Erickson,Line1
4370,109,Plant C,2023-07-13,8,43111.68,Evening,Alison Edwards,Line2
4371,17,Plant C,2023-11-01,12,12657.24,Night,Scott Cook,Line1
4372,8,Plant A,2024-08-10,13,42179.37,Night,Leah Jones,Line2
4373,98,Plant A,2024-05-13,17,42342.84,Morning,Sheila Castro,Line1
4374,124,Plant C,2023-12-30,7,37480.62,Morning,Alicia Wells,Line3
4375,61,Plant C,2024-11-19,19,49229.21,Night,Kenneth Villa,Line4
4376,109,Plant C,2024-06-06,6,34294.71,Night,Mrs. Christina Johnson,Line2
4377,103,Plant A,2024-09-04,7,39205.17,Night,Alejandro Williams,Line5
4378,6,Plant B,2023-08-30,8,28483.2,Morning,Candice Williams,Line3
4379,196,Plant A,2024-07-24,5,10497.5,Evening,Luis Duncan,Line2
4380,86,Plant A,2023-01-30,17,23046.1,Evening,Keith Villa,Line2
4381,80,Plant B,2022-12-13,4,15201.7,Evening,James Murphy,Line2
4382,147,Plant B,2025-05-20,17,13070.42,Morning,Brian Martinez,Line1
4383,128,Plant A,2024-11-03,18,38192.6,Morning,Joyce Lucas,Line5
4384,199,Plant C,2023-12-16,17,44632.2,Evening,Jonathan Webster,Line5
4385,161,Plant B,2023-11-12,8,41683.08,Morning,Kimberly Hall,Line5
4386,139,Plant B,2024-08-21,12,27972.87,Evening,Joshua Miranda,Line5
4387,92,Plant C,2023-06-05,12,31773.65,Morning,Don Macias,Line1
4388,2,Plant B,2023-02-08,6,38385.02,Night,Diana Olsen,Line1
4389,60,Plant B,2022-10-07,3,26681.15,Night,Robert Robinson,Line2
4390,116,Plant C,2025-08-26,15,43621.22,Night,Jennifer Williams,Line5
4391,106,Plant A,2024-06-10,14,44075.35,Night,Kimberly Patel,Line1
4392,200,Plant A,2023-11-07,9,37108.81,Night,Jeremy Stewart,Line3
4393,106,Plant A,2023-06-14,9,49690.78,Night,Wanda Young,Line5
4394,174,Plant A,2024-02-23,4,43331.05,Evening,Brittany Cruz,Line5
4395,27,Plant A,2025-09-20,19,29560.24,Morning,Troy Russell,Line2
4396,81,Plant C,2024-02-22,16,34758.4,Evening,Savannah Sheppard,Line3
4397,149,Plant C,2023-08-01,7,24216.5,Evening,Stacy Hebert,Line4
4398,123,Plant B,2023-01-10,16,27739.61,Evening,Chad Martinez,Line1
4399,70,Plant A,2024-02-03,2,26568.83,Evening,Samantha Krause,Line2
4400,195,Plant C,2025-01-24,19,49993.81,Night,Angela Oliver,Line5
4401,31,Plant C,2023-11-18,15,22296.97,Evening,Suzanne Moss,Line1
4402,20,Plant A,2025-04-04,11,42748.59,Evening,George Davis,Line5
4403,69,Plant B,2025-01-11,1,40092.01,Night,Julie Collins,Line1
4404,95,Plant B,2023-04-08,19,47443.66,Night,Mia Arnold,Line5
4405,52,Plant B,2023-08-03,19,43098.84,Night,Joshua Ayala,Line3
4406,142,Plant B,2023-12-16,5,31793.5,Night,Bryan Powell,Line1
4407,137,Plant C,2023-09-29,1,17526.47,Morning,Lisa Dawson,Line1
4408,107,Plant A,2023-10-19,6,15488.36,Evening,Nancy Henson,Line4
4409,125,Plant C,2023-03-08,2,11941.04,Night,Lisa Hall,Line5
4410,7,Plant C,2023-08-22,16,10841.26,Morning,John Leonard,Line3
4411,85,Plant C,2024-07-02,16,13826.19,Night,John Herrera,Line4
4412,139,Plant A,2023-09-05,7,5399.87,Morning,Jessica Stevens,Line3
4413,193,Plant C,2025-05-24,10,20832.01,Morning,Beverly Thomas,Line4
4414,7,Plant A,2024-01-12,3,17878.9,Evening,Karen Rodriguez,Line3
4415,7,Plant B,2024-11-07,2,43958.93,Morning,Vanessa Sanchez,Line3
4416,18,Plant A,2025-02-28,10,24213.09,Morning,Kenneth Brown,Line2
4417,79,Plant B,2025-08-31,18,42257.57,Evening,Mark Ryan,Line1
4418,109,Plant B,2023-06-08,8,33187.06,Morning,Jacob Gray,Line1
4419,100,Plant B,2025-05-02,17,15632.15,Morning,Jenny Singh,Line2
4420,166,Plant B,2023-06-12,7,29655.04,Morning,Lisa Rivera,Line1
4421,84,Plant B,2024-03-11,15,25880.12,Night,Daniel Gonzales,Line5
4422,90,Plant C,2025-09-21,13,17372.34,Evening,Garrett Wolfe DDS,Line2
4423,101,Plant B,2023-12-23,12,19517.09,Evening,Brianna Harris,Line2
4424,149,Plant C,2024-11-03,12,26365.71,Morning,Deanna Hurst,Line1
4425,19,Plant C,2023-12-02,18,25833.84,Night,Christina Brown,Line4
4426,48,Plant B,2025-08-30,15,5177.36,Morning,Nicole Tate,Line3
4427,40,Plant C,2024-05-07,1,46007.12,Morning,Jill Jones,Line5
4428,26,Plant C,2023-07-19,14,35549.02,Evening,David Gray,Line2
4429,34,Plant B,2023-03-20,1,5639.81,Morning,Scott White,Line1
4430,157,Plant A,2023-08-08,20,26967.49,Evening,Jackson Reilly,Line5
4431,158,Plant C,2025-09-03,16,32909.03,Morning,Joel Ward,Line5
4432,115,Plant B,2024-09-10,5,42024.84,Evening,Leah Smith,Line4
4433,69,Plant C,2025-07-19,13,33065.42,Night,Jonathan Bishop,Line4
4434,161,Plant C,2024-05-13,3,19212.49,Night,Bryan Sandoval,Line1
4435,60,Plant A,2023-11-22,17,22828.22,Night,Patricia Bernard,Line2
4436,170,Plant B,2025-03-05,20,34981.63,Morning,Tanya Delacruz,Line4
4437,32,Plant A,2023-02-10,20,28106.56,Night,Louis Thomas,Line3
4438,181,Plant B,2023-01-13,15,34475.71,Morning,Mark Andrews,Line2
4439,163,Plant B,2023-06-12,3,31107.44,Evening,Michael Nash,Line2
4440,50,Plant C,2023-08-27,3,33891.1,Evening,Corey Watson,Line3
4441,91,Plant C,2023-10-13,20,43304.7,Morning,Karen Schneider,Line5
4442,137,Plant A,2023-04-07,18,20754.58,Night,Gerald Gray,Line1
4443,183,Plant B,2023-01-29,20,35630.76,Morning,Crystal Davis,Line2
4444,106,Plant B,2023-01-14,1,19820.61,Morning,Jamie Clay,Line1
4445,38,Plant A,2022-12-22,14,30943.7,Morning,Misty Cook,Line1
4446,9,Plant B,2024-12-21,18,45631.85,Morning,Alyssa Johnson,Line3
4447,15,Plant B,2024-07-27,4,40725.7,Evening,Laurie Dixon,Line2
4448,199,Plant B,2024-02-20,14,36264.42,Evening,Julie Jones,Line3
4449,185,Plant A,2023-06-19,17,49594.8,Morning,Mrs. Kathleen Roberts,Line5
4450,193,Plant B,2025-03-08,20,24914.31,Evening,Adam Hutchinson,Line4
4451,37,Plant C,2023-11-12,14,47015.03,Morning,Johnny Miller,Line4
4452,158,Plant A,2025-05-15,7,32457.11,Night,Morgan Wilkinson,Line3
4453,154,Plant B,2025-02-12,8,45083.74,Evening,Jasmin Murray,Line4
4454,120,Plant B,2022-10-30,16,46306.53,Morning,Tiffany Hunter,Line1
4455,7,Plant C,2024-09-22,14,9917.05,Morning,Megan Grant,Line5
4456,67,Plant C,2024-05-07,14,27883.66,Evening,Harry Harris,Line3
4457,138,Plant B,2025-02-14,5,22076.81,Evening,Nicole Young,Line5
4458,36,Plant A,2023-08-18,2,7211.25,Morning,Robin Vasquez,Line5
4459,185,Plant A,2025-09-03,18,10671.1,Evening,Cathy Murray,Line3
4460,114,Plant B,2023-09-04,16,35699.42,Morning,Angela Hanna,Line2
4461,45,Plant A,2024-06-29,3,38303.41,Evening,Nicholas Black,Line4
4462,140,Plant C,2023-06-20,18,33173.65,Evening,Timothy Cole,Line1
4463,93,Plant B,2025-04-24,20,11136.66,Night,Elizabeth Campbell,Line2
4464,67,Plant B,2024-09-21,8,11080.91,Morning,Javier Wilson,Line3
4465,96,Plant A,2025-07-22,1,6357.2,Night,Anthony Mann,Line3
4466,103,Plant C,2025-09-17,18,30568.96,Morning,Victoria Austin,Line2
4467,195,Plant C,2023-02-24,1,27569.25,Morning,Matthew Lawrence,Line4
4468,140,Plant C,2023-08-24,19,11953.91,Evening,Kevin Rodriguez,Line4
4469,175,Plant C,2023-09-25,16,10661.07,Night,Kimberly Roberts,Line2
4470,110,Plant B,2024-05-07,17,28525.17,Night,Deborah Frazier,Line4
4471,2,Plant A,2023-11-07,7,20318.86,Morning,Jeanne Goodman,Line4
4472,38,Plant C,2022-10-26,10,44799.12,Morning,Charles Howard,Line3
4473,88,Plant A,2024-04-29,6,22733.44,Night,Jaime Huerta,Line5
4474,151,Plant A,2023-04-13,7,36349.61,Morning,Anthony Parker,Line5
4475,165,Plant C,2023-08-13,4,40640.43,Night,Daniel Gordon,Line1
4476,157,Plant A,2023-09-02,6,46552.04,Morning,Renee Lee,Line3
4477,78,Plant B,2024-01-11,13,36732.62,Evening,Robert Jensen,Line5
4478,97,Plant B,2023-08-03,19,38168.97,Morning,Tracy Anthony,Line2
4479,79,Plant C,2025-03-19,11,21162.61,Evening,James Garcia,Line3
4480,82,Plant C,2024-05-05,14,41380.19,Night,Luke Singh,Line5
4481,79,Plant A,2023-06-10,11,30605.29,Morning,Adrian Smith,Line1
4482,112,Plant C,2022-11-14,2,28935.42,Morning,Joshua Brewer,Line2
4483,76,Plant B,2022-12-21,7,13159.22,Morning,John Hale,Line5
4484,21,Plant B,2024-06-26,9,29389.73,Night,James Bradshaw,Line2
4485,200,Plant A,2024-02-22,20,48689.3,Evening,Jeffrey Frederick,Line3
4486,47,Plant B,2023-10-07,16,25511.54,Morning,Jerry Murray,Line4
4487,109,Plant C,2023-07-18,13,38626.58,Evening,Samantha Johnson,Line2
4488,35,Plant A,2023-08-18,15,26952.15,Evening,Katrina Clark,Line2
4489,182,Plant C,2023-02-12,8,35251.34,Evening,Randall Shelton,Line3
4490,39,Plant C,2023-04-20,8,33262.25,Evening,Pamela Cole,Line5
4491,73,Plant C,2023-08-14,4,23626.0,Morning,Virginia Price,Line1
4492,93,Plant C,2025-04-23,14,24370.12,Night,Jessica Zuniga,Line2
4493,127,Plant C,2022-12-29,19,24079.78,Evening,Eric Hill,Line2
4494,144,Plant C,2023-02-14,6,12287.12,Evening,John Steele,Line2
4495,173,Plant C,2025-09-21,3,37766.34,Night,Jaime Daniels,Line5
4496,89,Plant C,2025-05-18,11,34199.79,Morning,Meagan Keith,Line5
4497,106,Plant B,2024-09-15,14,47287.54,Evening,Stanley Mathis,Line1
4498,111,Plant A,2024-05-03,5,27510.13,Morning,Donald Mcguire,Line2
4499,191,Plant A,2024-07-12,8,13349.43,Night,Isaac Perry,Line3
4500,170,Plant B,2025-08-08,7,11045.35,Night,Michael Monroe,Line3
4501,97,Plant B,2025-07-18,6,18453.74,Evening,Zachary White,Line4
4502,81,Plant C,2025-03-25,9,21315.99,Morning,Jonathan Chandler,Line1
4503,115,Plant C,2023-07-12,4,13833.13,Night,Michael Munoz,Line1
4504,31,Plant A,2023-01-28,8,7645.29,Evening,Mrs. Susan Carter,Line4
4505,69,Plant B,2024-08-18,15,43016.15,Morning,Michelle Simmons,Line4
4506,178,Plant A,2024-05-09,8,35093.51,Morning,Kelly Peterson,Line1
4507,199,Plant C,2025-08-28,10,39708.55,Night,Ashley Beltran,Line3
4508,158,Plant A,2025-06-20,13,49616.7,Evening,Logan Reynolds,Line2
4509,174,Plant C,2024-08-09,16,49897.6,Night,Jacob Hardy,Line2
4510,15,Plant A,2025-07-05,6,31377.91,Night,John Jones,Line4
4511,148,Plant A,2025-03-18,20,8321.77,Morning,Amanda Clark,Line2
4512,172,Plant B,2024-02-18,8,44351.18,Night,Zachary Brown,Line4
4513,82,Plant A,2025-04-17,6,34396.5,Morning,Victoria Richards,Line5
4514,109,Plant C,2025-03-21,2,8918.33,Night,Jennifer Clarke,Line1
4515,22,Plant C,2024-06-13,18,43212.55,Evening,Barbara Stone,Line2
4516,140,Plant B,2024-06-29,12,10818.89,Morning,James Barber,Line3
4517,155,Plant C,2024-08-05,2,33536.09,Evening,Joseph Davis,Line5
4518,69,Plant B,2024-01-12,13,49525.37,Morning,Emily Carroll,Line3
4519,84,Plant C,2023-12-25,2,10462.73,Night,Miguel White,Line2
4520,144,Plant A,2023-02-14,10,45078.32,Morning,John Garcia,Line4
4521,6,Plant B,2023-05-02,9,37963.22,Evening,Gary Graham,Line5
4522,66,Plant A,2024-06-13,1,15859.77,Morning,Robert Mckay,Line5
4523,105,Plant A,2023-07-18,7,7645.74,Evening,Scott Payne,Line4
4524,170,Plant A,2024-12-13,4,18587.61,Morning,Christopher Henderson,Line1
4525,69,Plant A,2024-03-13,13,20800.41,Morning,Brian Blackwell,Line1
4526,116,Plant B,2024-05-29,10,27419.83,Evening,Susan Jones,Line2
4527,36,Plant B,2025-07-28,17,34757.49,Morning,Jeffrey Mcpherson,Line2
4528,37,Plant B,2022-11-29,20,49829.58,Night,Steven Willis,Line4
4529,53,Plant A,2024-04-29,1,14661.06,Night,Laura Lane,Line2
4530,87,Plant A,2023-02-18,1,20806.71,Evening,Traci Spencer,Line3
4531,138,Plant A,2025-09-06,1,40277.87,Evening,Jennifer Molina,Line3
4532,144,Plant A,2023-04-08,10,24304.58,Night,Daniel Long,Line4
4533,66,Plant A,2023-04-20,17,8650.71,Evening,Ryan Rodriguez,Line5
4534,22,Plant A,2025-07-06,13,32716.26,Night,Terry Johnson,Line1
4535,113,Plant B,2023-10-01,3,7081.42,Night,Jacob Carter,Line2
4536,150,Plant A,2024-02-29,12,16146.39,Evening,Nicole Garza,Line4
4537,36,Plant B,2025-07-01,9,12593.74,Morning,Shannon Hunter,Line3
4538,84,Plant B,2022-12-25,10,24498.35,Night,Sierra Turner,Line5
4539,178,Plant A,2024-01-15,9,25249.4,Evening,Mike Lyons,Line5
4540,177,Plant B,2023-04-27,15,26064.58,Night,Adrian Lee,Line3
4541,195,Plant A,2025-10-03,15,13155.07,Night,Michael Lee,Line2
4542,148,Plant A,2024-05-21,16,13429.42,Evening,Cheryl Johnson,Line4
4543,187,Plant C,2024-10-22,17,47412.69,Evening,Jason Khan,Line4
4544,80,Plant A,2023-04-28,17,22633.1,Night,Sandy Walton,Line1
4545,163,Plant A,2024-03-07,15,5643.75,Night,Kimberly Morse,Line1
4546,6,Plant A,2023-04-08,10,32164.99,Evening,Suzanne Parks,Line5
4547,141,Plant B,2024-12-14,8,45074.85,Morning,Matthew Mann,Line1
4548,37,Plant B,2023-08-18,6,31201.09,Evening,Jacob Taylor,Line5
4549,196,Plant A,2023-01-25,13,12727.56,Morning,Susan Golden,Line1
4550,62,Plant C,2023-08-25,16,7530.6,Morning,Anthony Martinez,Line2
4551,119,Plant C,2022-11-08,5,33380.71,Evening,Elizabeth Rodriguez,Line3
4552,43,Plant C,2023-11-03,18,34614.19,Night,Ashley Black,Line3
4553,181,Plant B,2025-04-18,5,26451.63,Morning,Pamela Mcdonald,Line1
4554,127,Plant A,2023-11-04,15,6601.67,Night,Tyler Maldonado,Line3
4555,195,Plant B,2023-02-21,18,28513.39,Evening,Patricia Austin,Line3
4556,12,Plant B,2025-05-16,17,39461.9,Night,Stephen Harris,Line1
4557,58,Plant B,2024-05-04,1,17001.88,Morning,Mark Orozco,Line4
4558,89,Plant B,2024-06-10,3,5812.3,Evening,Roger Mcgee,Line1
4559,148,Plant A,2022-11-13,2,47550.09,Morning,Crystal Horn,Line5
4560,87,Plant A,2025-04-12,6,49111.63,Morning,Joshua Duncan,Line3
4561,1,Plant C,2025-08-29,15,26319.93,Evening,Tina Kirk,Line5
4562,123,Plant B,2025-04-25,17,30978.13,Morning,Margaret Brooks,Line4
4563,9,Plant A,2023-07-17,12,22256.9,Evening,Cindy Rodriguez,Line5
4564,98,Plant B,2023-08-18,11,32831.16,Night,Corey Sutton,Line3
4565,67,Plant A,2022-12-07,10,41321.02,Night,Adam Brown,Line4
4566,193,Plant A,2022-11-01,15,33457.26,Morning,Adrienne Rogers,Line3
4567,30,Plant A,2025-03-06,6,5401.88,Night,Elizabeth Burgess,Line5
4568,113,Plant C,2025-08-20,9,47447.24,Evening,Edgar White,Line5
4569,60,Plant A,2024-03-02,18,46545.97,Morning,Renee Robinson MD,Line2
4570,72,Plant C,2022-11-13,14,48656.02,Morning,Wanda Nguyen,Line1
4571,171,Plant C,2024-06-16,20,34033.69,Night,Thomas Gordon,Line3
4572,49,Plant C,2025-03-15,19,35817.24,Evening,Mandy Lucas,Line2
4573,190,Plant B,2023-03-16,16,7324.33,Night,Juan Howard,Line4
4574,167,Plant A,2024-04-04,1,7437.09,Evening,Matthew Morris,Line4
4575,50,Plant A,2024-09-14,18,13675.03,Night,Dawn Jones,Line1
4576,104,Plant C,2024-08-24,18,16920.23,Evening,Anna Fitzgerald,Line1
4577,36,Plant B,2024-02-04,3,48079.13,Night,Joseph Taylor,Line3
4578,47,Plant C,2024-02-16,14,8286.23,Evening,Nicholas Blair,Line1
4579,85,Plant C,2023-11-04,6,7647.1,Evening,Mary Washington,Line5
4580,123,Plant C,2025-04-19,13,31986.41,Morning,Benjamin Campbell,Line5
4581,65,Plant A,2025-01-10,17,34441.87,Night,Maria Cherry,Line2
4582,175,Plant A,2024-06-06,7,17870.46,Morning,Erica Peterson,Line4
4583,149,Plant B,2023-04-23,2,19446.82,Morning,Marissa Zamora,Line3
4584,64,Plant C,2023-02-16,14,38322.95,Morning,Megan Curry,Line4
4585,124,Plant B,2025-01-26,20,49670.93,Morning,John Stewart,Line2
4586,26,Plant C,2023-12-23,17,47053.42,Night,Laura Hall,Line4
4587,69,Plant C,2025-08-10,20,49896.11,Night,Wendy Hamilton,Line4
4588,10,Plant B,2024-07-05,4,23254.4,Morning,Jeffrey Smith,Line1
4589,40,Plant B,2023-04-05,15,40447.05,Morning,Jacqueline Stephenson,Line5
4590,78,Plant B,2022-12-08,20,10874.02,Evening,Andrew Kelly,Line5
4591,104,Plant A,2025-01-03,10,31061.4,Morning,Jessica Baker,Line2
4592,71,Plant A,2023-07-10,2,21791.07,Night,Laura Mcdowell,Line4
4593,76,Plant C,2023-08-07,16,37718.58,Evening,Michelle Gardner,Line5
4594,177,Plant A,2024-08-31,20,41680.02,Evening,Adrian Diaz,Line3
4595,194,Plant C,2025-02-11,6,18892.38,Evening,Brenda Koch,Line4
4596,9,Plant B,2022-11-26,19,23568.47,Night,Isabella Stanley,Line2
4597,34,Plant A,2025-05-28,16,6048.25,Night,Allison Warren,Line5
4598,178,Plant B,2024-11-02,8,10834.27,Night,Kim Hernandez,Line4
4599,194,Plant B,2024-10-26,10,29607.98,Night,Patrick Hunt,Line1
4600,186,Plant C,2025-08-03,8,23007.48,Evening,John Rhodes,Line3
4601,196,Plant B,2024-08-25,2,12973.44,Morning,Michael Warren,Line2
4602,50,Plant C,2023-01-07,18,35039.27,Evening,Johnathan Medina,Line1
4603,175,Plant B,2024-09-18,13,10300.95,Night,Teresa Coleman,Line5
4604,44,Plant B,2023-09-28,2,49660.2,Evening,Brian Gonzalez,Line2
4605,92,Plant C,2023-02-03,18,12417.33,Night,Lisa Fox,Line4
4606,145,Plant A,2025-09-01,9,8902.17,Morning,Michelle Steele,Line4
4607,196,Plant C,2024-12-09,10,23195.26,Night,Christopher Carpenter,Line2
4608,19,Plant A,2022-10-21,6,28712.34,Night,Daniel Robertson,Line5
4609,168,Plant B,2024-12-12,1,13715.87,Morning,Catherine Navarro,Line3
4610,94,Plant C,2023-04-21,11,40831.16,Morning,David Medina,Line4
4611,82,Plant B,2024-11-28,1,20235.94,Night,Kathryn Johnson,Line1
4612,36,Plant A,2024-12-13,11,20090.35,Night,Brian Watson,Line4
4613,76,Plant A,2023-01-10,14,9078.69,Evening,Tyler Romero,Line1
4614,79,Plant A,2023-12-28,8,11291.35,Evening,Charles Anderson DVM,Line3
4615,86,Plant A,2023-01-12,4,37501.01,Night,Kimberly Armstrong,Line5
4616,27,Plant C,2024-10-05,14,18906.6,Night,Derrick Dunn,Line2
4617,187,Plant A,2024-05-31,2,6891.26,Night,Daryl Holloway,Line1
4618,14,Plant B,2023-12-08,4,28297.49,Evening,Andrew Parks,Line4
4619,146,Plant B,2025-05-20,9,28657.0,Morning,Kimberly Dominguez,Line2
4620,181,Plant C,2024-09-08,12,10001.8,Night,Eric Delacruz,Line2
4621,51,Plant C,2023-06-05,6,44332.0,Night,Lisa Terrell,Line4
4622,28,Plant C,2025-09-29,7,17282.17,Night,Gerald Briggs,Line5
4623,185,Plant C,2023-10-01,4,24567.83,Night,Charles Chang,Line2
4624,59,Plant B,2023-11-27,6,24102.2,Evening,Guy Webb,Line4
4625,51,Plant C,2022-11-30,13,27608.88,Morning,Lindsay Walker,Line1
4626,37,Plant C,2023-12-24,1,9886.19,Night,Jasmine Mcmahon,Line2
4627,143,Plant C,2023-05-13,14,43140.02,Night,David Wong,Line4
4628,100,Plant B,2023-05-14,4,11051.83,Night,Dr. Katie Watkins,Line5
4629,76,Plant C,2025-07-05,9,9854.25,Morning,Alexis Daniels,Line5
4630,31,Plant A,2025-08-14,14,47306.36,Morning,Samantha Good,Line5
4631,24,Plant B,2024-04-26,9,40340.15,Night,Gail Anderson,Line1
4632,36,Plant C,2023-08-03,10,18865.59,Morning,Alicia Juarez,Line5
4633,81,Plant A,2025-07-27,3,19172.51,Evening,Maria Hernandez,Line2
4634,158,Plant C,2024-02-11,10,16944.33,Evening,Cory Ferguson,Line3
4635,162,Plant A,2023-02-06,11,37719.23,Morning,Mandy Ramos,Line4
4636,142,Plant C,2025-08-18,14,21872.77,Morning,Mrs. Chelsea Martin,Line4
4637,193,Plant B,2024-03-26,4,26496.26,Night,Jacqueline Taylor,Line3
4638,105,Plant A,2023-07-22,9,21694.06,Evening,Craig Jordan,Line2
4639,156,Plant C,2023-07-28,14,13381.58,Morning,Mr. Randall Holt,Line3
4640,181,Plant C,2022-10-16,7,14982.1,Evening,Marcus Ramirez,Line4
4641,30,Plant A,2024-01-22,15,32984.59,Morning,Kathy Doyle MD,Line1
4642,138,Plant B,2022-12-10,4,19492.2,Morning,David Howard MD,Line5
4643,87,Plant A,2023-09-27,12,5269.44,Night,Deborah Johnson,Line1
4644,159,Plant C,2024-11-13,19,32658.81,Night,Judith Rivera,Line3
4645,107,Plant B,2025-04-06,6,49424.99,Morning,Shawn Carter,Line5
4646,20,Plant A,2023-02-15,9,21824.95,Morning,Devon Hunt,Line2
4647,113,Plant A,2024-10-19,14,46623.89,Morning,Gregory Perez,Line2
4648,157,Plant C,2024-10-24,8,36988.16,Evening,Albert Barrett,Line1
4649,193,Plant B,2023-04-23,5,44087.9,Morning,David Dodson,Line5
4650,192,Plant A,2024-06-14,15,13357.51,Morning,David Meadows,Line1
4651,151,Plant A,2025-01-05,20,16564.71,Evening,Joseph Ford,Line2
4652,118,Plant A,2023-04-27,4,16504.16,Night,Rebecca Walters,Line1
4653,193,Plant A,2024-09-11,8,17458.34,Morning,George Carter,Line4
4654,9,Plant C,2025-07-11,20,48761.48,Night,Olivia Andrews,Line2
4655,103,Plant A,2023-08-03,20,45092.48,Morning,Veronica Mejia,Line3
4656,164,Plant C,2024-03-18,12,40851.98,Evening,Michael Thomas,Line1
4657,166,Plant A,2023-08-20,3,45592.54,Evening,Kerry Mckenzie,Line2
4658,19,Plant A,2024-12-18,5,47115.12,Morning,Charles Smith,Line1
4659,195,Plant A,2025-05-16,2,12174.17,Night,Carolyn Becker,Line4
4660,50,Plant B,2023-01-17,19,25889.46,Night,Richard Jordan,Line5
4661,24,Plant C,2024-06-01,9,19277.09,Night,Catherine Gardner,Line3
4662,114,Plant B,2023-10-19,3,27259.46,Evening,Steven Williams,Line5
4663,84,Plant A,2024-08-21,3,39140.24,Morning,Misty Glenn,Line3
4664,21,Plant B,2025-02-16,10,6889.92,Evening,Victoria Stevenson,Line2
4665,178,Plant A,2022-12-13,13,36092.65,Morning,Richard Dennis,Line2
4666,16,Plant A,2023-07-12,20,14864.95,Evening,Samuel Gonzales,Line2
4667,12,Plant C,2024-06-21,6,5545.79,Night,Kathryn Jones,Line1
4668,166,Plant C,2023-08-01,7,46377.75,Night,Tricia Clark,Line2
4669,19,Plant C,2023-11-22,2,42667.87,Morning,Annette Mccormick,Line4
4670,149,Plant C,2024-05-24,20,49285.29,Night,Maria Chavez,Line3
4671,133,Plant A,2022-11-03,18,25041.86,Evening,Philip Jones,Line5
4672,134,Plant C,2025-05-04,6,10815.89,Morning,Alison Garza,Line4
4673,111,Plant C,2024-06-27,20,41676.99,Morning,Sherri Miller,Line3
4674,101,Plant C,2023-08-18,6,40333.88,Night,Jeffrey Jenkins,Line2
4675,46,Plant B,2025-02-12,19,39745.98,Morning,Nathan Fletcher IV,Line2
4676,93,Plant A,2025-03-04,1,35139.48,Evening,James Gomez,Line3
4677,118,Plant C,2025-02-01,18,20511.85,Evening,Aaron Diaz,Line2
4678,13,Plant B,2022-12-23,16,11199.58,Evening,Alex Boyd,Line1
4679,103,Plant C,2025-02-23,17,37150.07,Morning,Susan Cain,Line1
4680,123,Plant C,2023-06-02,12,5709.68,Evening,Keith Bruce,Line3
4681,111,Plant C,2022-11-01,14,23240.92,Evening,Frederick Wright,Line4
4682,115,Plant B,2025-05-25,1,48713.87,Night,Elizabeth Lawson,Line1
4683,8,Plant C,2023-03-25,14,36689.34,Morning,Paul Bush,Line2
4684,131,Plant C,2025-05-05,20,29898.1,Morning,Karen Jacobs,Line4
4685,80,Plant B,2025-05-09,17,39641.64,Evening,Jonathan Sanchez,Line5
4686,73,Plant A,2023-02-15,10,30826.97,Morning,Kelly Hill,Line5
4687,168,Plant B,2024-08-11,5,19470.38,Morning,Zachary Brown,Line3
4688,66,Plant C,2024-01-09,10,42378.39,Morning,Michael Figueroa,Line5
4689,37,Plant C,2023-08-02,3,41746.91,Evening,Lori Tran,Line4
4690,49,Plant C,2023-11-11,11,37994.02,Evening,Ronnie Boone,Line3
4691,19,Plant B,2025-08-01,8,38552.14,Evening,Douglas Evans III,Line2
4692,143,Plant C,2025-05-28,7,43562.59,Morning,Mrs. Amanda Bender,Line4
4693,120,Plant A,2025-08-23,3,40230.98,Night,Jeffrey Avery,Line4
4694,197,Plant C,2024-01-30,19,26377.23,Night,Jennifer Brown,Line4
4695,116,Plant C,2023-11-13,14,33487.05,Evening,Kelly Patton,Line4
4696,86,Plant C,2023-06-29,9,7612.86,Evening,Nicole Bruce,Line1
4697,144,Plant C,2024-12-20,2,29212.69,Morning,Susan Reynolds,Line2
4698,31,Plant C,2025-03-26,15,42892.78,Evening,Gabriel Phillips,Line2
4699,12,Plant A,2025-09-11,9,26228.49,Morning,Michael Moore,Line2
4700,145,Plant B,2023-11-03,20,27633.98,Evening,William Ortiz,Line5
4701,50,Plant C,2024-10-06,15,32594.15,Night,Megan Li,Line4
4702,126,Plant B,2024-08-30,13,5524.05,Morning,Shannon Mcdonald,Line3
4703,64,Plant B,2025-10-04,4,15504.87,Evening,Christopher Gutierrez,Line3
4704,72,Plant B,2024-08-04,14,37332.34,Night,Terry Reed,Line5
4705,4,Plant B,2022-11-01,6,39389.94,Evening,Nicholas Barr,Line3
4706,103,Plant C,2022-12-04,4,45879.36,Night,Barbara Cook,Line5
4707,20,Plant C,2025-09-20,14,20927.68,Evening,Heidi Mcdonald,Line2
4708,14,Plant B,2024-07-16,20,37669.85,Morning,Krystal Nelson,Line3
4709,40,Plant B,2025-01-15,14,47592.14,Night,Shelby Higgins,Line4
4710,182,Plant C,2025-06-07,8,21592.29,Evening,Michelle Jackson,Line5
4711,159,Plant C,2025-03-12,8,10021.48,Morning,Andrew Payne,Line2
4712,21,Plant A,2024-07-28,14,16858.88,Morning,Lindsay Pollard,Line5
4713,158,Plant A,2024-04-29,9,47903.06,Night,Julia Waller,Line5
4714,34,Plant C,2023-05-01,10,25969.31,Morning,Mary Garrison,Line5
4715,39,Plant B,2025-01-02,18,21355.58,Night,Dr. Jennifer Lee,Line2
4716,52,Plant C,2023-12-27,10,6637.93,Night,Thomas Huber,Line2
4717,98,Plant C,2025-09-29,17,17405.95,Morning,Sean Smith,Line5
4718,23,Plant A,2023-09-21,14,40977.55,Night,Lee Estes,Line1
4719,116,Plant C,2025-01-27,14,48205.18,Night,Michael Clark,Line4
4720,51,Plant C,2024-12-26,15,30188.98,Morning,Isaac Carlson,Line3
4721,165,Plant C,2024-06-05,17,15189.24,Evening,Timothy Dominguez,Line4
4722,87,Plant B,2024-06-19,19,24489.67,Morning,Derek Anderson,Line5
4723,70,Plant B,2024-05-22,10,16388.03,Evening,James Mccarthy,Line3
4724,179,Plant C,2025-05-17,12,17854.65,Night,Steven Clark,Line4
4725,125,Plant C,2024-06-05,12,20134.94,Night,Bonnie Ware,Line4
4726,41,Plant B,2023-12-16,4,18971.98,Morning,Andrea Scott,Line3
4727,78,Plant C,2023-01-27,11,38340.67,Morning,Katherine Cook,Line1
4728,81,Plant B,2023-11-22,11,7059.3,Morning,James Bryant,Line5
4729,152,Plant A,2025-04-03,7,44660.54,Morning,Veronica Johnson,Line5
4730,124,Plant A,2025-08-12,1,39192.15,Morning,Melissa Day,Line1
4731,138,Plant B,2023-02-23,1,14208.48,Morning,Zachary Mueller,Line3
4732,121,Plant B,2025-06-15,17,42518.35,Morning,Joseph Jimenez,Line5
4733,7,Plant A,2024-06-05,1,35774.77,Evening,Vicki Robinson,Line3
4734,67,Plant C,2025-03-04,9,34856.93,Morning,Lisa Hill,Line4
4735,25,Plant B,2024-09-15,15,42617.89,Morning,Edward Kelly,Line4
4736,185,Plant B,2024-05-15,13,33540.05,Night,Tina Stephens,Line1
4737,13,Plant C,2023-10-25,3,37157.09,Morning,Yolanda Lindsey,Line4
4738,43,Plant B,2023-06-17,14,33777.69,Night,Joan Turner,Line5
4739,177,Plant A,2024-11-22,8,23824.95,Night,John Phillips,Line4
4740,105,Plant A,2022-12-08,6,37172.94,Evening,Louis Smith,Line4
4741,5,Plant B,2025-06-19,3,6454.74,Morning,Patrick Good,Line2
4742,195,Plant B,2025-08-07,16,33744.82,Evening,James Perry,Line4
4743,47,Plant C,2022-10-19,20,22836.08,Morning,George Adams,Line4
4744,195,Plant A,2024-12-01,13,49495.7,Night,Nicole Campbell,Line5
4745,97,Plant C,2023-02-09,15,13085.76,Evening,Patricia James,Line2
4746,162,Plant B,2025-08-19,4,48206.29,Evening,Alexander Bailey,Line1
4747,191,Plant B,2024-02-24,16,10749.74,Evening,Kristen Garcia,Line4
4748,199,Plant A,2023-02-22,3,44970.39,Night,Joseph Duncan,Line3
4749,100,Plant A,2023-05-12,12,27340.29,Night,Scott Smith,Line2
4750,81,Plant B,2025-06-06,9,32152.63,Morning,Timothy Collins,Line4
4751,42,Plant B,2024-08-19,17,29086.75,Night,Michael Brown,Line5
4752,164,Plant B,2023-10-27,12,40096.98,Evening,Nancy Harris,Line5
4753,29,Plant A,2025-04-04,7,30534.55,Morning,Barbara Greer,Line1
4754,26,Plant B,2023-10-11,5,8484.21,Evening,Karen Baker,Line5
4755,107,Plant B,2022-11-17,2,37719.77,Night,Michele Mclean,Line2
4756,120,Plant A,2022-12-16,9,35326.87,Morning,Sean Ward,Line1
4757,77,Plant A,2023-05-26,12,45085.12,Evening,Daniel Hobbs,Line5
4758,8,Plant B,2025-10-03,18,23920.21,Morning,Jaclyn Malone,Line5
4759,129,Plant C,2024-10-26,19,30087.92,Night,William Ibarra,Line1
4760,200,Plant A,2025-05-16,2,24923.31,Evening,Kayla Novak,Line2
4761,56,Plant A,2023-12-25,3,22285.07,Morning,Danielle Palmer,Line5
4762,160,Plant C,2023-09-04,10,18834.27,Night,Taylor Santana,Line1
4763,73,Plant B,2024-08-24,13,46031.06,Morning,Jennifer Wright,Line4
4764,38,Plant A,2024-03-23,4,32475.53,Night,Mitchell King,Line5
4765,18,Plant C,2022-11-20,1,38192.67,Night,Monique Smith,Line5
4766,172,Plant C,2025-05-22,8,34835.65,Evening,Mark Wilson,Line4
4767,131,Plant B,2024-11-23,15,25492.75,Night,Joshua Rodriguez,Line4
4768,4,Plant A,2023-01-24,3,41430.78,Morning,Kelly Park,Line2
4769,45,Plant C,2025-09-27,3,38897.83,Night,Robert Mcintosh,Line5
4770,134,Plant A,2024-08-15,8,26186.98,Evening,Gina Walker,Line1
4771,195,Plant B,2025-06-02,1,42047.08,Morning,John Carpenter,Line1
4772,163,Plant A,2023-05-22,8,23462.64,Night,Eric Jones,Line1
4773,55,Plant C,2024-08-29,18,17065.59,Night,Martin Mitchell,Line5
4774,75,Plant C,2023-12-09,19,16681.76,Morning,Michael Cervantes,Line2
4775,132,Plant A,2023-06-15,9,28882.51,Morning,Anthony Garza,Line2
4776,115,Plant A,2025-04-10,6,41839.85,Evening,Rachel Davis,Line5
4777,104,Plant B,2025-09-26,4,35902.78,Morning,Jessica Baker,Line1
4778,164,Plant C,2024-06-07,13,25645.77,Evening,Casey Carey,Line1
4779,82,Plant C,2024-01-20,17,38754.68,Morning,Haley Harris,Line3
4780,51,Plant C,2023-04-13,19,43513.48,Morning,Jamie Glover,Line5
4781,197,Plant C,2024-05-08,11,8163.98,Night,Kelly Lane,Line4
4782,37,Plant B,2024-04-14,13,16227.72,Night,Sarah Rhodes,Line2
4783,156,Plant C,2024-10-13,11,29281.88,Evening,Kathryn Jackson,Line5
4784,154,Plant C,2025-09-04,13,19630.96,Evening,Julie Bridges,Line5
4785,194,Plant C,2024-12-27,10,12766.7,Morning,Shannon Horton,Line3
4786,134,Plant A,2025-09-22,1,9753.14,Evening,John Robertson,Line5
4787,122,Plant C,2024-05-03,13,45192.93,Night,Jeffery Lindsey,Line4
4788,195,Plant B,2025-09-15,11,33207.86,Night,Jason Velazquez,Line3
4789,47,Plant C,2023-03-27,11,48171.88,Evening,Jeanne Scott,Line1
4790,32,Plant B,2023-06-04,6,24842.11,Morning,David Hall,Line2
4791,200,Plant B,2025-02-20,5,17969.1,Morning,Jose Thompson,Line5
4792,80,Plant A,2023-03-11,2,17635.15,Morning,Douglas Taylor,Line5
4793,169,Plant B,2025-03-09,7,32662.04,Evening,Daniel Rubio,Line4
4794,18,Plant A,2023-05-19,12,29976.11,Evening,Malik Williams,Line5
4795,45,Plant B,2025-02-17,9,13072.17,Morning,Brenda Morris,Line3
4796,37,Plant C,2025-08-03,15,24324.75,Night,Preston Gutierrez,Line2
4797,166,Plant C,2024-10-03,5,22853.68,Morning,Michael Barrera,Line5
4798,183,Plant C,2024-05-29,12,13622.52,Evening,Jessica Green,Line3
4799,12,Plant A,2023-10-28,12,45291.85,Night,Catherine Shelton,Line1
4800,124,Plant C,2024-09-26,20,7778.21,Night,Dr. Michael Preston,Line5
4801,67,Plant A,2025-08-14,10,35774.61,Night,Gary Farmer,Line5
4802,162,Plant C,2023-11-05,7,29938.14,Morning,Dennis Vaughn,Line1
4803,197,Plant C,2022-12-29,11,44118.6,Morning,Rachel Sanders,Line2
4804,24,Plant A,2025-02-10,2,27366.99,Evening,Casey Brooks,Line2
4805,175,Plant A,2025-04-29,12,25614.63,Evening,Jacqueline Ward,Line2
4806,9,Plant B,2025-02-06,13,24853.67,Night,Danny Lozano,Line5
4807,175,Plant C,2023-07-31,18,42286.34,Evening,Tina Reyes,Line5
4808,88,Plant B,2023-07-22,20,36695.84,Morning,Dr. Damon Thompson,Line2
4809,157,Plant A,2024-01-05,13,36824.86,Morning,Gabrielle Shelton,Line4
4810,160,Plant C,2025-04-10,8,45545.21,Evening,Dr. Elizabeth Guzman,Line3
4811,191,Plant C,2025-06-29,12,37633.11,Morning,Stephanie Huffman,Line2
4812,117,Plant C,2023-12-31,20,48366.61,Night,Diane Wilson,Line4
4813,198,Plant B,2025-09-12,12,45900.43,Night,Melanie Ward,Line2
4814,67,Plant A,2023-09-09,18,19740.45,Morning,Steve Moore,Line5
4815,39,Plant C,2024-01-31,17,5306.0,Morning,Michael Hernandez,Line4
4816,11,Plant C,2025-09-27,1,21534.61,Morning,Veronica Cox,Line2
4817,112,Plant B,2025-10-04,16,43146.52,Night,Luis Walters,Line3
4818,172,Plant C,2023-12-29,12,31994.33,Evening,John Robinson,Line5
4819,73,Plant B,2024-11-27,9,32967.01,Evening,Tara James,Line2
4820,60,Plant B,2024-02-13,8,10626.29,Evening,Patrick Hernandez,Line4
4821,72,Plant A,2025-09-24,20,22355.37,Night,Mrs. Linda Harrison DVM,Line3
4822,88,Plant C,2024-10-01,13,28384.27,Evening,Russell Bailey,Line5
4823,173,Plant B,2025-09-28,18,47817.37,Morning,Andrea Gonzalez,Line2
4824,79,Plant C,2023-11-12,12,7759.2,Evening,Chad Reeves,Line3
4825,161,Plant C,2025-06-03,16,14014.24,Morning,Erik Zavala,Line4
4826,115,Plant B,2024-05-31,14,32360.68,Night,Jeffrey Jenkins,Line4
4827,174,Plant A,2025-05-09,7,38717.46,Night,Carol Johnson,Line3
4828,153,Plant B,2024-10-31,6,41488.48,Night,Timothy Harrell,Line1
4829,127,Plant C,2023-01-19,5,47385.13,Evening,Michelle Black,Line1
4830,28,Plant B,2023-05-18,16,11754.2,Morning,Charles Shepherd,Line5
4831,131,Plant A,2025-07-03,4,15304.52,Evening,Michele Hoover,Line1
4832,19,Plant A,2024-12-14,12,9864.36,Morning,Mark Payne,Line1
4833,105,Plant B,2024-08-13,13,9195.04,Evening,Ryan Cooley,Line3
4834,171,Plant B,2023-04-04,16,33316.5,Morning,Nicholas Dixon,Line3
4835,13,Plant B,2023-08-03,9,7016.43,Evening,Jamie Doyle,Line3
4836,27,Plant B,2025-08-12,10,20635.15,Evening,Adam Russo,Line5
4837,90,Plant A,2023-10-10,11,41681.91,Night,Linda Nguyen,Line1
4838,8,Plant A,2024-12-06,15,46050.04,Morning,William Moore,Line1
4839,27,Plant A,2025-05-28,6,19094.0,Evening,Brian Allen,Line1
4840,57,Plant B,2023-12-15,2,8115.11,Evening,Alexandra Welch,Line3
4841,111,Plant C,2024-01-15,6,25655.61,Evening,Jessica Fernandez,Line3
4842,14,Plant A,2025-09-02,14,14440.53,Morning,Russell Jordan,Line3
4843,7,Plant C,2025-02-03,19,21427.83,Evening,Margaret Peters,Line1
4844,7,Plant B,2022-12-24,12,13477.66,Evening,Janet Todd,Line1
4845,113,Plant C,2023-05-01,14,6998.78,Morning,Carrie Holland,Line4
4846,119,Plant A,2025-01-23,1,44139.54,Morning,Tracey Powell,Line2
4847,53,Plant C,2025-09-17,14,36338.33,Morning,Mark Marquez,Line3
4848,150,Plant B,2024-07-18,19,12507.32,Night,Diana Sanchez,Line2
4849,142,Plant A,2025-04-15,12,28816.15,Evening,Vanessa Jones,Line1
4850,79,Plant C,2023-11-02,19,15563.88,Morning,Donna Hamilton,Line2
4851,182,Plant B,2024-01-16,10,24737.65,Night,Jill Hall,Line3
4852,15,Plant A,2023-01-14,4,26125.15,Evening,John Dyer,Line3
4853,45,Plant C,2024-01-25,7,45474.86,Evening,Beverly Curry,Line5
4854,34,Plant A,2024-08-18,18,32764.48,Night,Carrie Jones,Line3
4855,8,Plant B,2023-08-08,1,16615.25,Evening,Max Ramirez,Line3
4856,3,Plant B,2023-08-24,12,45423.6,Night,Alexandra Fox,Line1
4857,42,Plant B,2024-04-21,10,30100.49,Morning,Stephanie Hutchinson,Line3
4858,82,Plant C,2024-09-21,15,9961.29,Night,Rodney Logan,Line3
4859,7,Plant C,2025-03-25,10,30420.25,Morning,Nicole Gardner,Line5
4860,154,Plant B,2022-10-21,2,37245.14,Evening,Amy King,Line4
4861,191,Plant C,2024-01-18,20,14241.7,Evening,Jeffrey Jackson,Line3
4862,179,Plant B,2023-03-23,7,34893.27,Night,Wayne Franco,Line5
4863,78,Plant C,2023-04-10,15,20991.5,Evening,Christine Kirk,Line2
4864,198,Plant C,2025-08-27,14,17770.36,Morning,Mr. Tyrone Harmon,Line3
4865,160,Plant C,2022-11-24,10,21454.09,Evening,Aaron Dyer,Line5
4866,147,Plant B,2025-01-20,13,35427.24,Night,Paul Harris,Line1
4867,50,Plant B,2024-03-25,13,23850.61,Evening,Jody Cooper,Line1
4868,128,Plant A,2025-01-01,16,15343.54,Night,Isaac Williams,Line4
4869,124,Plant B,2023-08-18,15,17440.03,Evening,Crystal Holt,Line2
4870,48,Plant B,2024-11-07,9,15013.12,Morning,Angela Jackson,Line3
4871,118,Plant B,2024-08-20,9,47875.2,Evening,Bryan Evans,Line2
4872,150,Plant C,2025-07-17,15,47613.59,Night,Anthony Hooper,Line4
4873,79,Plant C,2024-06-05,19,45089.23,Morning,David Stone,Line1
4874,152,Plant A,2023-03-03,19,36165.02,Evening,Christina West,Line1
4875,64,Plant B,2022-11-07,18,47263.12,Evening,Rebecca White,Line3
4876,114,Plant C,2024-08-24,20,45165.65,Night,Kyle Mcneil,Line5
4877,179,Plant A,2025-04-14,14,6325.01,Evening,Kendra Mcintyre,Line1
4878,157,Plant B,2025-01-27,11,27010.93,Evening,Tony Hart,Line1
4879,14,Plant B,2024-09-11,19,8369.19,Night,Timothy James,Line1
4880,159,Plant C,2022-12-05,8,36557.75,Night,Calvin Davis,Line3
4881,54,Plant C,2023-07-17,3,22127.71,Morning,John Johnson,Line4
4882,184,Plant B,2024-02-18,19,11625.18,Evening,Jonathon Rowe,Line4
4883,115,Plant B,2024-08-15,19,37730.4,Night,Monica Cunningham,Line1
4884,1,Plant C,2022-11-01,10,34482.3,Night,Kenneth Chan,Line4
4885,170,Plant C,2024-06-28,19,42237.05,Evening,Brian Day,Line1
4886,132,Plant B,2023-12-10,5,29799.26,Night,Elizabeth Craig,Line5
4887,101,Plant A,2023-11-21,16,18776.07,Evening,Edwin Barton,Line1
4888,97,Plant C,2023-07-05,3,22943.76,Evening,Scott Mendez,Line3
4889,96,Plant C,2024-07-30,9,16234.87,Night,Alexander Cook,Line1
4890,101,Plant C,2024-07-12,8,27362.32,Night,Troy Boyer,Line5
4891,133,Plant C,2025-04-09,7,46905.62,Night,Michael Russell MD,Line4
4892,90,Plant B,2024-10-25,6,6936.7,Evening,Jason Young,Line5
4893,69,Plant A,2024-09-30,14,19364.76,Evening,Rachel Richards,Line5
4894,27,Plant A,2023-10-16,16,13563.54,Morning,Patrick Donovan,Line3
4895,87,Plant C,2025-10-04,19,10770.52,Morning,Isabella Morgan,Line5
4896,121,Plant A,2023-07-27,12,9689.64,Evening,Kayla Warren,Line1
4897,21,Plant A,2022-12-29,14,22267.04,Evening,Jessica Allison,Line5
4898,128,Plant A,2024-02-04,10,6331.04,Morning,Tara Newton,Line4
4899,194,Plant C,2022-11-26,1,44977.58,Morning,Scott Hernandez,Line1
4900,188,Plant C,2024-12-14,6,43843.74,Evening,Vincent Clark,Line4
4901,98,Plant A,2023-09-01,1,33409.46,Night,Mallory Rhodes,Line3
4902,6,Plant A,2023-05-05,18,17347.9,Evening,Adriana White,Line4
4903,142,Plant A,2025-10-01,5,15442.86,Evening,Timothy Nguyen,Line1
4904,8,Plant C,2024-02-11,15,28123.83,Night,Michael Good,Line1
4905,7,Plant C,2025-03-05,16,17621.22,Night,John Welch,Line2
4906,99,Plant A,2025-02-04,6,18073.99,Evening,Vincent Williams,Line5
4907,156,Plant C,2023-10-02,20,6516.25,Evening,Kayla Evans,Line2
4908,51,Plant B,2023-03-16,15,40855.46,Morning,Shane Freeman,Line2
4909,55,Plant A,2025-06-09,20,18482.68,Morning,Thomas Oliver,Line1
4910,134,Plant C,2023-09-12,14,22938.84,Morning,Brett Farmer,Line1
4911,196,Plant B,2023-10-25,10,38742.42,Evening,Jennifer Hicks,Line5
4912,28,Plant A,2024-10-03,10,16630.04,Night,John Pugh,Line4
4913,41,Plant C,2025-07-26,13,17392.01,Night,Maria Berger,Line4
4914,46,Plant B,2023-09-11,20,30759.68,Evening,Julie Miller,Line2
4915,154,Plant B,2025-03-14,11,25492.44,Morning,Christopher Moss,Line4
4916,141,Plant C,2025-01-04,13,19583.38,Evening,Angel Kemp,Line5
4917,84,Plant A,2024-01-01,3,39223.68,Evening,Courtney Blake,Line3
4918,142,Plant C,2025-06-19,13,47698.37,Morning,Gregory Le,Line2
4919,53,Plant C,2024-07-12,2,13436.42,Night,Charles Simon,Line5
4920,120,Plant B,2023-04-09,19,22628.92,Morning,Melanie Craig,Line2
4921,146,Plant C,2024-01-01,15,37174.58,Morning,Jennifer Thomas,Line1
4922,20,Plant A,2025-06-11,13,42285.86,Evening,Alexander Spencer,Line2
4923,92,Plant B,2024-03-18,4,6820.62,Evening,Kristina Nguyen,Line1
4924,59,Plant B,2025-06-11,17,37503.88,Evening,Christina Jones PhD,Line1
4925,22,Plant B,2025-01-16,15,44641.96,Morning,Samuel Marquez,Line2
4926,137,Plant B,2025-05-12,5,35050.01,Evening,Jason Walter,Line5
4927,152,Plant A,2023-09-16,17,9811.11,Morning,Lindsey Mendez,Line5
4928,4,Plant A,2024-11-12,2,47945.46,Morning,Erica Hall,Line3
4929,77,Plant B,2022-12-12,11,17413.79,Night,Dustin Mathis,Line3
4930,57,Plant A,2023-06-09,13,15268.14,Morning,William Leonard,Line5
4931,85,Plant B,2025-07-04,13,20857.95,Evening,Erin Murray,Line4
4932,135,Plant B,2024-11-05,6,5307.67,Evening,Christopher Bowers,Line4
4933,162,Plant C,2025-04-26,3,49199.91,Evening,Brian Ferrell,Line1
4934,193,Plant C,2023-02-10,19,19049.04,Morning,Jeffrey Mueller,Line2
4935,102,Plant C,2023-01-17,4,33028.2,Morning,Dustin Beck,Line5
4936,29,Plant A,2024-03-11,12,9684.15,Night,Larry Lopez,Line5
4937,74,Plant C,2024-06-20,7,44124.29,Night,Robert Williams,Line2
4938,55,Plant C,2025-04-21,19,34841.46,Morning,Timothy Kelley,Line5
4939,124,Plant A,2023-10-11,9,47716.38,Night,Anthony Mora,Line1
4940,113,Plant C,2025-05-27,13,34909.82,Evening,Thomas Boyd,Line4
4941,8,Plant A,2023-04-09,10,44613.23,Evening,Erin Gomez,Line3
4942,13,Plant C,2024-07-22,14,42208.16,Night,Paul Miller,Line3
4943,187,Plant C,2025-01-20,12,42728.7,Evening,Jasmine Roman,Line2
4944,1,Plant A,2024-06-01,5,12579.77,Evening,Mike Fernandez,Line4
4945,106,Plant B,2024-09-14,15,43929.4,Night,Daniel Sharp,Line2
4946,197,Plant B,2023-01-27,11,46616.86,Evening,Nathan Parks,Line3
4947,181,Plant C,2022-11-23,10,19108.95,Night,Hannah Watkins,Line5
4948,22,Plant B,2025-09-02,7,24260.57,Evening,Michelle Murphy,Line1
4949,117,Plant B,2023-03-19,10,19205.51,Evening,Alexandra Flores,Line1
4950,101,Plant B,2023-08-07,1,16434.84,Night,Paula Romero,Line5
4951,67,Plant A,2025-04-30,2,37954.19,Morning,Jennifer Blevins,Line5
4952,186,Plant B,2025-05-17,19,10542.07,Evening,Dr. Alexandria Hill PhD,Line5
4953,163,Plant B,2024-07-03,14,8603.13,Morning,Jennifer Brown,Line5
4954,37,Plant B,2025-03-28,13,29559.76,Evening,Allison Robinson,Line2
4955,42,Plant C,2025-09-01,2,15721.35,Evening,Anthony Adams,Line1
4956,26,Plant B,2024-06-12,10,7362.84,Evening,Mark Lopez,Line2
4957,157,Plant B,2023-09-28,13,19237.41,Evening,Thomas Clark,Line2
4958,99,Plant B,2024-05-13,6,33121.54,Evening,Jay Castro,Line1
4959,134,Plant C,2022-10-29,16,44226.11,Morning,Emily Hahn,Line2
4960,63,Plant B,2025-04-06,15,22363.54,Morning,Ian Butler,Line5
4961,181,Plant A,2022-11-19,1,38153.97,Night,Susan Martin,Line1
4962,145,Plant A,2022-11-22,15,32462.38,Evening,Trevor Davis,Line1
4963,165,Plant A,2024-01-21,19,39564.15,Morning,Hunter Montgomery,Line4
4964,20,Plant C,2023-06-07,12,34296.27,Morning,Nathaniel Willis,Line2
4965,197,Plant B,2024-07-17,16,7211.18,Morning,Melinda Carter,Line3
4966,197,Plant C,2024-09-05,6,14233.29,Evening,David Stokes,Line2
4967,144,Plant A,2023-06-19,19,13566.09,Evening,Kevin Hernandez,Line4
4968,193,Plant C,2024-05-13,15,8920.01,Night,Bruce Price,Line5
4969,106,Plant C,2023-12-16,3,5905.55,Evening,Aaron Stark,Line2
4970,86,Plant B,2025-09-20,17,34389.1,Night,Kelly Monroe,Line5
4971,64,Plant C,2024-10-11,10,7507.15,Evening,Joel Elliott,Line2
4972,101,Plant C,2023-08-03,13,19385.24,Evening,Kimberly Nelson,Line4
4973,176,Plant A,2023-03-22,7,49407.84,Night,Patricia Pollard,Line4
4974,4,Plant B,2024-08-28,20,48449.53,Morning,Kenneth Mcdowell,Line3
4975,62,Plant C,2023-03-26,17,36983.15,Evening,Cheryl Jenkins,Line2
4976,190,Plant A,2023-03-15,17,45344.66,Morning,Stephanie Harris,Line4
4977,159,Plant C,2025-03-02,11,34490.46,Night,Tanya Dixon,Line3
4978,137,Plant B,2024-10-11,14,20734.91,Morning,Nicole Juarez,Line1
4979,61,Plant B,2023-11-18,10,37532.84,Morning,Bradley Ross,Line4
4980,62,Plant B,2022-11-21,9,38736.42,Evening,John Butler,Line4
4981,143,Plant C,2023-06-10,18,26920.11,Morning,Alex Brady,Line4
4982,168,Plant C,2024-10-16,1,47337.63,Evening,Jason Galvan,Line5
4983,155,Plant C,2024-03-26,20,46375.47,Morning,Kevin Singleton,Line3
4984,74,Plant B,2023-09-23,11,40332.22,Morning,Wanda Walker,Line2
4985,76,Plant A,2024-01-15,9,28649.42,Night,Gregory Castillo,Line5
4986,132,Plant C,2023-03-13,6,30677.05,Morning,Sara Dorsey,Line1
4987,50,Plant A,2022-12-02,5,28400.29,Evening,Anthony Collins,Line3
4988,56,Plant B,2024-11-13,19,29123.74,Night,Rebecca Gonzalez,Line3
4989,112,Plant C,2023-06-15,3,47056.89,Night,Karen Boyd,Line3
4990,109,Plant C,2024-04-24,16,42782.95,Morning,Jesse Russell,Line4
4991,184,Plant A,2025-06-23,20,38710.54,Morning,Jennifer Hansen,Line3
4992,122,Plant B,2023-08-25,3,44804.66,Evening,Kenneth Garcia,Line3
4993,16,Plant C,2023-03-22,17,49843.2,Morning,Sarah Reed,Line4
4994,12,Plant A,2023-05-20,15,10632.67,Morning,Katherine Stanley,Line5
4995,148,Plant C,2024-09-05,4,48455.07,Evening,Alisha Perez,Line5
4996,125,Plant A,2025-03-27,4,32406.82,Morning,Amy Lewis,Line3
4997,139,Plant B,2025-01-25,14,9141.59,Evening,David Ferrell,Line2
4998,126,Plant C,2025-02-02,19,41824.87,Evening,Ruben Newman,Line3
4999,42,Plant A,2025-09-19,14,35293.06,Morning,Michael Sanchez,Line3
5000,75,Plant C,2024-06-12,17,27775.08,Night,Danielle Bird,Line2
