SaleID,TruckID,CustomerID,SaleDate,SalePrice,DealerID,Region,PaymentType,Financing,SalesChannel
1,131,69,2025-07-26,55865.05,16,East,Financing,Yes,Dealer
2,85,87,2025-01-01,69735.26,4,East,Cash,No,Dealer
3,168,100,2025-06-04,108274.05,19,North,Financing,Yes,Dealer
4,38,88,2024-10-20,103033.18,8,North,Cash,Yes,Dealer
5,81,54,2024-03-25,80815.13,5,South,Financing,No,Online
6,181,18,2025-08-02,91249.27,17,East,Financing,No,Dealer
7,45,59,2022-11-15,142224.74,30,East,Financing,No,Online
8,64,36,2023-12-17,80966.28,18,East,Financing,Yes,Dealer
9,82,62,2024-11-10,144543.91,12,East,Financing,Yes,Dealer
10,102,45,2025-07-12,85038.2,25,East,Cash,No,Online
11,89,57,2023-04-24,61899.85,21,West,Cash,Yes,Dealer
12,144,90,2023-02-05,114956.75,9,South,Cash,Yes,Online
13,164,30,2025-08-14,139568.53,2,East,Financing,Yes,Online
14,2,71,2023-01-12,135555.3,30,West,Financing,Yes,Dealer
15,83,37,2024-03-15,80174.32,21,North,Cash,Yes,Online
16,107,23,2024-08-09,93659.15,30,West,Financing,Yes,Dealer
17,10,2,2024-06-03,88537.13,10,North,Financing,No,Dealer
18,165,70,2023-01-30,91005.05,17,South,Financing,No,Online
19,29,43,2025-03-01,82492.74,6,East,Cash,Yes,Dealer
20,76,73,2024-05-05,133138.03,22,South,Financing,No,Dealer
21,23,52,2024-09-12,132882.54,22,South,Financing,No,Online
22,2,34,2025-02-04,137175.38,13,East,Financing,No,Online
23,67,84,2024-10-25,84721.6,12,North,Cash,No,Dealer
24,41,52,2025-09-14,55343.93,22,East,Cash,No,Dealer
25,158,29,2022-12-23,109556.69,8,West,Cash,No,Dealer
26,107,90,2023-04-09,93570.85,18,South,Cash,Yes,Dealer
27,136,91,2024-02-28,75286.83,12,North,Cash,Yes,Online
28,43,42,2023-06-24,117763.35,28,North,Cash,No,Online
29,131,58,2024-01-21,50683.95,26,South,Financing,No,Online
30,144,60,2025-03-05,126853.62,22,North,Financing,No,Online
31,191,28,2022-12-06,119251.48,19,West,Financing,Yes,Online
32,18,61,2024-11-27,135134.08,2,South,Cash,No,Dealer
33,98,58,2025-07-19,120756.04,28,West,Financing,Yes,Online
34,168,45,2023-01-19,102020.4,4,West,Cash,Yes,Online
35,194,3,2023-10-08,78712.07,10,West,Financing,Yes,Online
36,118,45,2024-12-17,115113.58,5,North,Cash,No,Online
37,62,27,2023-07-07,72840.87,3,North,Financing,Yes,Online
38,190,6,2024-09-07,86450.74,13,South,Cash,Yes,Dealer
39,60,94,2022-11-24,107825.08,19,East,Cash,No,Online
40,170,67,2025-06-07,75251.7,8,East,Cash,Yes,Dealer
41,143,64,2024-10-28,159350.95,2,West,Financing,No,Dealer
42,39,39,2025-01-14,95489.07,13,West,Cash,Yes,Dealer
43,182,19,2025-03-25,60666.25,26,North,Financing,No,Online
44,100,32,2024-02-11,50020.34,9,North,Financing,No,Online
45,138,93,2025-02-22,134025.42,27,East,Financing,Yes,Online
46,49,98,2025-02-09,143225.54,19,South,Financing,Yes,Dealer
47,78,2,2024-09-01,69619.42,7,North,Financing,Yes,Online
48,102,31,2025-02-22,79283.95,18,East,Financing,No,Dealer
49,79,34,2024-10-25,93949.84,12,West,Financing,Yes,Dealer
50,195,41,2023-10-17,123043.3,30,East,Financing,Yes,Online
51,190,19,2023-05-07,84176.1,1,West,Financing,Yes,Online
52,85,30,2025-01-15,65824.68,13,South,Financing,No,Dealer
53,196,63,2024-10-12,114369.63,24,West,Financing,Yes,Dealer
54,44,18,2023-03-11,154394.45,24,South,Cash,Yes,Online
55,172,7,2024-07-21,141457.54,25,South,Cash,Yes,Online
56,3,28,2024-05-01,74614.29,17,North,Financing,No,Online
57,2,69,2023-11-15,140846.92,18,North,Financing,No,Online
58,129,90,2025-03-08,56228.77,22,South,Cash,Yes,Online
59,62,25,2025-09-16,77658.56,20,East,Financing,No,Online
60,96,52,2025-01-28,79684.3,15,South,Financing,Yes,Online
61,24,52,2025-10-04,63252.34,13,West,Cash,Yes,Online
62,22,64,2024-03-12,83658.97,28,East,Cash,Yes,Online
63,55,89,2023-06-02,141239.09,29,East,Cash,Yes,Dealer
64,140,73,2024-08-06,59802.47,22,East,Cash,Yes,Online
65,193,92,2023-04-27,59065.71,27,North,Financing,Yes,Online
66,146,50,2023-01-16,89401.69,22,East,Financing,Yes,Online
67,129,96,2023-01-28,53095.77,12,West,Cash,Yes,Dealer
68,155,99,2025-03-03,137263.32,20,West,Financing,Yes,Dealer
69,116,63,2024-01-21,119338.13,8,West,Financing,Yes,Dealer
70,22,99,2024-04-30,81946.41,20,South,Cash,Yes,Dealer
71,40,49,2022-11-05,116904.15,23,South,Financing,No,Dealer
72,28,12,2022-10-08,123453.56,1,West,Financing,No,Online
73,34,12,2023-07-10,132718.07,6,West,Cash,Yes,Online
74,91,71,2023-06-12,148538.35,3,East,Financing,Yes,Dealer
75,106,50,2022-10-15,117891.4,25,South,Cash,No,Online
76,36,35,2024-07-01,138878.45,10,South,Cash,Yes,Dealer
77,71,54,2023-01-29,97704.18,10,North,Financing,No,Online
78,185,81,2023-04-28,121572.68,16,South,Financing,Yes,Online
79,78,1,2024-08-08,63826.72,13,West,Financing,No,Dealer
80,111,84,2025-10-06,104516.15,20,East,Cash,No,Dealer
81,46,51,2022-10-09,79747.51,11,West,Cash,No,Dealer
82,72,51,2024-02-20,71949.48,12,South,Cash,Yes,Dealer
83,182,27,2023-02-12,63653.52,15,North,Financing,No,Online
84,163,39,2023-07-07,113376.84,8,South,Financing,No,Online
85,115,77,2023-03-11,68158.94,16,West,Cash,No,Online
86,28,99,2025-06-22,118612.01,8,East,Cash,Yes,Dealer
87,193,43,2023-10-09,59347.88,26,North,Cash,No,Online
88,131,96,2025-05-09,54669.18,17,South,Financing,No,Dealer
89,119,99,2023-09-14,146233.74,22,South,Financing,Yes,Dealer
90,27,38,2022-12-04,56692.81,14,North,Cash,Yes,Dealer
91,80,44,2024-03-09,94964.15,15,West,Financing,No,Online
92,113,93,2025-10-06,96749.74,23,North,Financing,Yes,Online
93,6,44,2024-10-14,57666.94,21,South,Cash,Yes,Online
94,85,72,2023-08-21,69530.87,14,South,Financing,Yes,Online
95,164,85,2024-05-04,145976.58,14,South,Financing,No,Dealer
96,2,91,2022-12-05,136554.4,7,North,Cash,Yes,Dealer
97,84,26,2023-12-09,136063.14,15,West,Financing,No,Dealer
98,151,15,2024-06-19,95951.28,12,West,Cash,No,Online
99,173,18,2023-09-01,49821.96,11,East,Cash,Yes,Dealer
100,178,19,2022-12-04,82891.02,17,South,Financing,No,Online
101,125,82,2024-04-01,157780.29,18,South,Cash,No,Dealer
102,36,24,2023-04-10,150944.62,11,North,Financing,Yes,Dealer
103,35,25,2023-09-18,143719.54,27,West,Financing,No,Dealer
104,182,57,2024-09-09,58026.1,16,North,Cash,No,Online
105,71,29,2023-08-02,94901.54,18,West,Financing,Yes,Online
106,69,100,2025-08-16,84138.88,18,East,Cash,No,Online
107,109,14,2023-12-12,147500.19,24,South,Financing,Yes,Dealer
108,68,45,2023-10-06,101007.42,28,West,Cash,Yes,Online
109,189,76,2023-01-22,52761.92,23,West,Cash,Yes,Online
110,53,8,2023-10-16,62909.09,19,East,Cash,No,Dealer
111,75,74,2025-02-03,101279.76,9,North,Cash,No,Online
112,71,84,2023-04-26,100816.85,5,South,Cash,Yes,Dealer
113,64,98,2025-03-21,85577.95,27,West,Cash,No,Dealer
114,97,58,2023-03-03,85934.46,3,North,Financing,No,Dealer
115,117,63,2025-01-17,124785.1,11,North,Financing,No,Online
116,137,51,2024-02-25,113747.35,7,South,Financing,No,Dealer
117,73,44,2025-06-16,99993.93,18,West,Financing,Yes,Online
118,26,81,2023-05-03,93936.84,26,North,Cash,Yes,Dealer
119,117,1,2022-11-11,117934.62,14,South,Financing,Yes,Dealer
120,24,84,2025-06-26,62057.33,12,East,Cash,Yes,Dealer
121,161,40,2023-06-15,65783.38,24,South,Financing,Yes,Online
122,1,28,2025-07-24,119398.77,16,South,Financing,Yes,Online
123,179,44,2023-04-09,101490.24,27,West,Cash,No,Online
124,59,50,2023-12-07,120953.06,3,North,Cash,No,Dealer
125,77,18,2024-08-30,61560.83,13,South,Cash,Yes,Online
126,157,84,2024-06-07,83995.89,6,South,Cash,No,Dealer
127,56,12,2025-09-01,125674.77,29,North,Financing,No,Dealer
128,81,18,2024-07-06,79186.05,8,North,Cash,No,Online
129,169,39,2025-02-11,60804.05,7,South,Financing,No,Online
130,62,64,2025-05-24,72974.99,13,West,Cash,Yes,Dealer
131,82,17,2023-05-23,150840.91,13,West,Financing,Yes,Dealer
132,198,10,2024-09-26,52707.67,1,North,Financing,Yes,Online
133,16,51,2023-12-06,98653.45,17,West,Financing,No,Online
134,164,69,2024-02-23,150759.32,18,East,Cash,No,Online
135,131,27,2025-07-04,51475.21,26,East,Financing,Yes,Dealer
136,179,56,2024-10-16,114586.84,24,South,Cash,Yes,Online
137,112,15,2023-10-19,64433.04,15,North,Financing,Yes,Online
138,4,91,2025-10-02,110264.83,5,South,Financing,No,Dealer
139,43,48,2023-07-27,121705.62,5,East,Cash,Yes,Dealer
140,110,35,2024-05-01,140626.34,17,North,Financing,No,Dealer
141,15,64,2024-07-14,129070.03,28,East,Cash,No,Online
142,147,87,2022-11-18,99744.72,24,North,Cash,Yes,Online
143,12,61,2024-04-24,72497.41,12,South,Cash,Yes,Dealer
144,58,42,2023-07-28,53017.8,8,East,Financing,Yes,Dealer
145,31,65,2024-11-22,92716.16,22,South,Cash,Yes,Dealer
146,18,60,2023-06-11,135036.43,28,East,Financing,Yes,Dealer
147,3,48,2024-08-14,72807.39,7,East,Cash,No,Dealer
148,152,64,2023-10-26,114308.0,25,South,Cash,Yes,Dealer
149,7,30,2025-01-03,62605.31,18,North,Financing,Yes,Dealer
150,189,94,2022-12-23,50814.66,10,South,Financing,No,Online
151,37,92,2025-02-18,88973.68,9,South,Financing,No,Dealer
152,192,11,2023-12-27,91963.55,19,South,Financing,Yes,Online
153,112,85,2023-11-05,60949.38,5,East,Financing,No,Dealer
154,82,58,2023-04-24,137690.24,9,South,Cash,Yes,Online
155,28,22,2023-05-15,115362.13,15,West,Cash,No,Online
156,116,40,2023-06-15,117718.15,15,North,Cash,Yes,Dealer
157,181,90,2024-09-21,88919.28,20,East,Cash,Yes,Online
158,92,51,2024-01-21,113982.59,17,East,Financing,Yes,Online
159,104,58,2022-11-05,101307.95,18,South,Cash,No,Online
160,36,16,2023-11-30,134529.39,1,South,Cash,Yes,Dealer
161,96,88,2024-12-16,83987.98,21,North,Financing,Yes,Online
162,17,26,2025-04-28,114782.84,29,South,Cash,No,Online
163,11,60,2024-08-15,119864.25,2,West,Financing,No,Online
164,98,88,2025-09-28,108359.61,14,South,Cash,No,Dealer
165,115,20,2025-03-13,68472.97,2,South,Financing,No,Dealer
166,141,62,2024-11-05,49636.13,2,West,Cash,No,Online
167,165,68,2023-03-04,92829.11,8,North,Financing,No,Dealer
168,140,63,2023-03-12,68066.81,12,East,Financing,No,Online
169,7,41,2023-06-29,61411.23,20,East,Cash,No,Dealer
170,197,75,2024-08-07,55647.43,8,North,Cash,Yes,Dealer
171,137,95,2023-06-29,110568.07,2,South,Financing,No,Online
172,46,31,2024-03-21,80067.18,19,East,Cash,No,Online
173,145,25,2024-06-21,132211.4,27,West,Financing,Yes,Dealer
174,10,12,2025-08-21,84235.06,2,South,Cash,No,Online
175,85,79,2024-10-19,68081.31,7,East,Cash,No,Online
176,6,19,2024-09-04,62995.62,19,South,Cash,No,Online
177,96,91,2024-05-27,77727.45,22,North,Financing,No,Dealer
178,35,21,2023-04-12,155802.64,24,West,Financing,Yes,Dealer
179,58,86,2024-01-29,56145.63,19,West,Financing,No,Online
180,46,94,2023-02-19,87660.4,1,West,Cash,Yes,Dealer
181,157,29,2025-09-23,85551.58,21,West,Cash,No,Online
182,61,45,2025-09-06,125450.31,11,North,Financing,No,Online
183,68,27,2023-03-26,99262.02,8,East,Financing,Yes,Online
184,13,50,2024-02-03,60009.63,15,South,Financing,No,Dealer
185,90,70,2023-02-07,64455.96,13,West,Cash,Yes,Dealer
186,19,5,2024-11-28,58281.64,10,East,Cash,Yes,Dealer
187,44,49,2024-05-23,158555.96,6,North,Financing,No,Online
188,111,84,2024-08-05,112128.42,6,West,Cash,Yes,Online
189,85,27,2023-12-25,64294.14,7,East,Financing,No,Online
190,25,7,2024-11-13,151673.65,13,West,Cash,Yes,Dealer
191,1,55,2025-03-06,123432.77,3,West,Cash,Yes,Online
192,53,22,2024-11-04,62353.76,21,North,Financing,Yes,Dealer
193,102,61,2024-03-05,86113.54,16,East,Cash,No,Online
194,95,49,2024-02-16,111058.8,12,North,Financing,No,Dealer
195,68,29,2024-12-14,93263.59,27,North,Cash,Yes,Online
196,172,45,2024-08-01,153396.4,26,South,Cash,No,Dealer
197,138,88,2025-05-01,149348.79,28,South,Financing,No,Online
198,102,92,2025-05-18,81434.18,2,South,Cash,No,Online
199,43,28,2025-07-06,112134.09,26,North,Financing,Yes,Dealer
200,52,81,2025-08-14,150938.64,5,East,Financing,Yes,Online
201,100,72,2024-07-10,52688.82,13,East,Financing,Yes,Dealer
202,29,54,2025-07-06,75685.9,5,North,Cash,Yes,Dealer
203,138,45,2023-05-12,138553.5,29,West,Financing,No,Online
204,45,36,2024-05-09,134161.71,13,West,Cash,No,Dealer
205,177,31,2024-06-06,143064.57,2,East,Financing,Yes,Dealer
206,78,40,2022-11-06,68716.31,9,North,Cash,Yes,Dealer
207,191,57,2025-07-02,133264.38,25,East,Financing,Yes,Online
208,114,28,2023-04-20,60146.07,30,West,Financing,Yes,Online
209,17,40,2023-06-25,112493.68,23,South,Cash,Yes,Online
210,52,8,2025-06-01,134069.66,8,North,Financing,Yes,Dealer
211,95,60,2023-08-23,114642.01,17,North,Cash,Yes,Dealer
212,126,77,2023-05-11,81384.03,15,West,Financing,No,Online
213,67,96,2024-08-22,84674.36,27,East,Cash,No,Online
214,42,74,2023-06-20,157062.7,25,South,Cash,Yes,Dealer
215,167,53,2024-08-23,82962.19,17,North,Financing,Yes,Online
216,154,2,2024-11-04,109362.36,8,East,Financing,No,Dealer
217,90,59,2024-10-04,65625.73,9,East,Financing,Yes,Online
218,131,85,2023-03-11,56901.42,27,East,Financing,Yes,Dealer
219,17,44,2025-06-28,114694.16,9,East,Financing,No,Online
220,39,67,2023-05-14,96315.77,25,North,Financing,No,Online
221,185,4,2025-07-11,119880.26,21,East,Financing,No,Dealer
222,100,95,2024-11-07,52925.81,2,South,Financing,Yes,Dealer
223,172,46,2023-06-27,148013.31,17,South,Cash,No,Online
224,121,17,2024-01-24,89239.84,24,South,Financing,Yes,Online
225,91,29,2024-08-18,154421.96,24,West,Financing,No,Dealer
226,150,38,2023-06-06,61844.07,15,West,Cash,Yes,Dealer
227,50,65,2024-03-15,143586.17,4,West,Financing,No,Online
228,39,18,2024-03-29,97815.65,7,West,Cash,No,Online
229,200,11,2024-02-25,95965.3,16,South,Financing,Yes,Online
230,116,36,2023-09-10,126570.37,7,South,Cash,No,Online
231,34,79,2023-10-27,136691.35,14,West,Financing,No,Dealer
232,2,5,2025-02-10,136421.37,18,East,Cash,No,Online
233,5,87,2023-06-19,96321.22,1,South,Cash,No,Dealer
234,34,14,2025-03-20,134137.74,13,East,Cash,Yes,Online
235,77,38,2025-08-22,61165.59,15,East,Financing,Yes,Dealer
236,126,46,2022-12-05,81519.55,25,West,Cash,Yes,Online
237,187,17,2023-02-08,104123.03,7,South,Cash,No,Online
238,97,82,2023-04-29,87631.97,9,North,Cash,Yes,Online
239,13,89,2024-03-20,57327.52,4,West,Cash,No,Dealer
240,180,20,2024-03-28,116542.8,7,North,Financing,No,Online
241,170,67,2024-08-22,77585.44,9,South,Financing,Yes,Online
242,73,15,2023-04-03,93169.69,26,South,Cash,No,Online
243,92,91,2023-08-02,118383.11,14,North,Financing,Yes,Dealer
244,85,31,2024-11-02,60513.02,1,North,Cash,No,Online
245,24,100,2025-04-23,60404.59,17,North,Financing,Yes,Dealer
246,76,34,2023-06-06,119859.13,15,South,Cash,No,Dealer
247,174,41,2022-11-13,66485.35,14,North,Cash,Yes,Online
248,170,83,2023-02-24,74304.78,6,West,Financing,Yes,Dealer
249,88,24,2024-09-09,54572.37,4,West,Financing,No,Dealer
250,108,84,2025-09-12,157681.21,29,North,Cash,Yes,Online
251,27,54,2022-11-18,54115.28,30,West,Cash,No,Dealer
252,157,4,2024-06-09,87026.21,28,South,Financing,No,Online
253,106,57,2024-09-28,117498.98,2,East,Cash,Yes,Dealer
254,133,67,2025-01-26,105337.3,23,North,Financing,Yes,Dealer
255,89,85,2023-06-22,65515.91,22,South,Cash,Yes,Online
256,130,61,2022-10-18,72070.76,28,South,Cash,No,Dealer
257,62,43,2025-09-11,72268.65,9,South,Financing,No,Online
258,21,59,2023-09-14,118680.79,15,West,Cash,No,Dealer
259,81,16,2024-11-21,84795.57,16,North,Cash,No,Dealer
260,10,72,2023-11-28,81252.89,18,North,Financing,Yes,Dealer
261,88,47,2022-10-30,51764.36,27,South,Financing,No,Dealer
262,184,85,2024-07-31,130988.68,12,North,Cash,Yes,Online
263,88,46,2023-12-17,56459.63,27,East,Financing,Yes,Online
264,43,64,2023-07-08,122943.83,5,West,Cash,No,Online
265,49,16,2025-03-26,145820.89,30,South,Financing,Yes,Dealer
266,28,97,2023-01-22,108243.74,14,North,Financing,No,Online
267,128,1,2023-08-16,87302.6,17,West,Financing,Yes,Online
268,188,17,2024-10-10,73204.89,4,East,Financing,No,Online
269,71,51,2024-03-27,104672.89,11,West,Cash,Yes,Dealer
270,155,90,2023-12-16,133375.46,29,East,Financing,Yes,Online
271,54,80,2023-07-27,115944.98,23,East,Cash,Yes,Dealer
272,182,15,2023-09-20,59677.33,25,West,Financing,No,Dealer
273,4,67,2023-12-02,99665.56,4,South,Cash,Yes,Online
274,69,97,2025-01-31,76351.79,26,East,Financing,Yes,Online
275,177,38,2023-11-06,143223.1,7,North,Financing,No,Online
276,158,87,2025-01-17,103613.91,24,South,Financing,Yes,Dealer
277,178,86,2022-10-25,89525.73,2,West,Financing,No,Online
278,4,96,2025-08-20,102452.66,9,West,Cash,No,Online
279,199,93,2023-01-05,99438.74,7,South,Cash,Yes,Online
280,189,66,2024-06-11,52971.64,4,West,Financing,No,Online
281,42,75,2025-09-09,141785.2,28,East,Financing,Yes,Online
282,40,42,2024-10-17,104863.66,20,East,Financing,No,Online
283,182,41,2025-07-13,58496.6,17,South,Cash,Yes,Dealer
284,140,69,2025-02-06,60357.11,13,South,Cash,No,Dealer
285,93,38,2025-06-17,141618.82,7,West,Cash,Yes,Dealer
286,115,31,2023-08-11,68750.49,29,South,Cash,No,Dealer
287,30,50,2025-05-27,100285.84,9,East,Cash,No,Dealer
288,125,6,2023-01-06,162380.0,10,South,Financing,Yes,Online
289,43,99,2024-11-04,117984.39,18,North,Cash,Yes,Dealer
290,27,27,2024-08-07,55975.36,18,West,Cash,Yes,Online
291,118,92,2025-01-19,110972.28,11,North,Cash,Yes,Dealer
292,143,10,2023-11-18,156064.5,19,East,Financing,No,Dealer
293,162,52,2023-09-20,117185.33,14,West,Cash,Yes,Online
294,194,96,2024-12-02,73876.92,19,North,Financing,Yes,Dealer
295,176,39,2024-12-19,52324.73,20,West,Financing,No,Online
296,122,21,2024-03-07,53067.23,18,West,Financing,Yes,Dealer
297,174,94,2024-09-11,63050.0,21,North,Cash,Yes,Online
298,2,74,2025-03-17,140486.55,20,North,Financing,Yes,Dealer
299,55,53,2025-04-29,142859.17,29,South,Cash,Yes,Online
300,158,33,2024-11-16,96892.93,7,North,Financing,Yes,Dealer
301,172,9,2023-10-24,143506.27,9,West,Financing,No,Online
302,172,84,2025-06-08,143547.39,8,North,Cash,No,Dealer
303,116,43,2022-12-01,124754.72,20,South,Financing,No,Dealer
304,44,1,2024-03-10,147653.68,11,South,Financing,No,Dealer
305,35,87,2025-07-27,142598.82,24,West,Financing,No,Dealer
306,199,40,2024-11-23,103302.17,16,South,Cash,No,Online
307,138,26,2024-05-27,145182.12,9,North,Cash,Yes,Online
308,149,75,2024-05-14,80327.24,13,South,Cash,No,Dealer
309,168,100,2023-09-23,104955.54,5,South,Financing,Yes,Dealer
310,129,66,2025-02-15,55947.89,3,North,Cash,Yes,Online
311,115,21,2024-03-16,68002.36,6,South,Financing,No,Online
312,57,98,2024-02-15,133789.17,16,East,Financing,Yes,Online
313,172,27,2023-06-06,161569.1,17,East,Financing,No,Dealer
314,12,6,2024-02-20,71861.54,21,East,Financing,Yes,Dealer
315,168,49,2024-05-11,108431.42,12,North,Financing,No,Online
316,133,52,2025-04-12,107084.31,12,East,Financing,No,Online
317,129,18,2023-12-27,54026.08,15,North,Financing,Yes,Online
318,48,21,2023-07-31,80347.62,12,North,Cash,No,Dealer
319,185,15,2025-01-15,123001.67,16,West,Cash,Yes,Dealer
320,6,32,2023-04-23,57832.73,2,South,Cash,Yes,Online
321,15,22,2023-12-30,135720.87,9,West,Cash,No,Online
322,56,58,2024-07-13,143104.75,20,West,Cash,Yes,Dealer
323,154,19,2024-10-09,114846.58,26,South,Financing,Yes,Dealer
324,117,77,2025-03-19,115526.08,19,West,Financing,Yes,Online
325,5,26,2023-12-17,99544.44,17,West,Cash,Yes,Online
326,122,79,2022-11-23,51602.89,20,North,Cash,No,Online
327,155,70,2025-01-27,119302.45,27,West,Financing,No,Online
328,179,68,2024-07-03,103202.61,14,West,Financing,No,Online
329,109,18,2024-08-19,140233.09,9,South,Cash,No,Dealer
330,66,25,2025-03-01,124368.6,1,North,Cash,Yes,Dealer
331,168,27,2025-02-17,111825.02,23,West,Financing,Yes,Online
332,110,84,2024-01-16,144797.74,19,West,Financing,No,Dealer
333,194,27,2024-12-22,79743.99,14,West,Cash,No,Dealer
334,65,40,2023-06-03,90389.25,19,West,Cash,Yes,Online
335,115,90,2024-10-20,63408.76,6,West,Financing,Yes,Online
336,100,82,2023-06-08,54619.6,1,South,Financing,No,Online
337,17,34,2023-07-06,110257.66,8,North,Financing,No,Dealer
338,183,77,2024-06-15,155369.67,2,South,Financing,No,Online
339,52,85,2024-02-03,150302.7,30,East,Cash,Yes,Online
340,158,22,2023-04-11,95712.39,22,South,Cash,Yes,Online
341,71,100,2024-03-12,95825.3,13,West,Financing,Yes,Online
342,189,91,2022-11-28,57249.92,3,East,Financing,No,Dealer
343,58,78,2022-12-26,53320.23,7,West,Cash,No,Online
344,105,65,2024-02-05,64049.23,4,East,Financing,Yes,Dealer
345,138,74,2023-08-22,144373.66,9,West,Financing,Yes,Dealer
346,199,59,2025-03-26,101937.54,22,North,Financing,Yes,Dealer
347,18,49,2022-11-03,145371.88,21,South,Cash,No,Dealer
348,91,67,2023-02-19,135952.68,18,East,Cash,No,Online
349,103,87,2025-01-04,113054.64,24,North,Cash,No,Dealer
350,91,28,2022-12-23,148040.84,29,South,Cash,No,Online
351,61,95,2025-05-25,139051.49,8,South,Cash,Yes,Online
352,159,46,2024-02-22,139140.84,5,North,Cash,No,Online
353,196,70,2025-04-28,117752.6,2,East,Financing,No,Dealer
354,126,24,2023-09-26,90614.04,25,East,Financing,Yes,Online
355,14,68,2024-12-30,97177.38,26,North,Financing,No,Online
356,118,16,2023-07-02,119338.35,23,East,Cash,Yes,Online
357,98,75,2023-05-06,110901.64,4,East,Cash,No,Online
358,69,61,2025-02-27,78493.42,20,South,Financing,No,Online
359,108,90,2024-03-14,148291.43,25,West,Financing,No,Online
360,147,17,2023-01-15,108571.68,19,North,Financing,Yes,Dealer
361,98,26,2025-08-31,118806.12,5,South,Financing,Yes,Online
362,108,64,2024-03-01,162074.29,5,East,Financing,No,Dealer
363,144,73,2025-01-12,119595.97,2,South,Cash,Yes,Dealer
364,122,81,2024-09-16,54929.66,4,East,Financing,No,Dealer
365,144,72,2024-12-13,126908.7,30,East,Cash,No,Online
366,90,87,2022-10-20,65432.9,20,South,Financing,No,Dealer
367,173,66,2025-04-23,54895.01,16,West,Cash,No,Dealer
368,119,81,2022-12-09,152142.04,5,East,Financing,No,Online
369,21,21,2023-06-19,109148.47,11,East,Financing,No,Dealer
370,70,57,2023-08-02,141033.14,25,East,Financing,No,Online
371,48,3,2023-06-15,81804.48,5,East,Cash,Yes,Online
372,102,14,2024-12-19,76212.37,4,West,Cash,Yes,Dealer
373,135,98,2025-01-11,133186.27,3,South,Cash,No,Dealer
374,59,32,2025-06-27,113306.47,24,South,Cash,Yes,Online
375,9,85,2022-12-09,147451.15,12,East,Financing,No,Dealer
376,141,57,2023-03-19,56452.79,5,South,Financing,No,Dealer
377,89,62,2024-05-15,61624.48,18,North,Financing,No,Dealer
378,106,34,2023-07-06,121911.84,5,North,Cash,No,Dealer
379,121,69,2023-02-17,95049.08,1,West,Financing,No,Online
380,197,56,2023-08-07,50460.97,26,South,Cash,No,Online
381,106,72,2024-10-26,123586.69,14,South,Financing,No,Online
382,68,11,2023-05-12,98303.48,14,East,Financing,No,Dealer
383,49,9,2025-07-21,131299.32,6,North,Financing,No,Dealer
384,180,80,2024-05-10,108129.36,16,North,Cash,Yes,Online
385,48,14,2025-07-04,76491.76,10,West,Cash,Yes,Online
386,39,2,2024-12-21,95977.11,16,West,Financing,No,Dealer
387,119,90,2023-07-17,134469.57,26,North,Cash,Yes,Dealer
388,199,51,2023-11-29,103174.93,3,South,Cash,No,Dealer
389,4,16,2024-12-22,110471.46,25,West,Financing,Yes,Online
390,51,59,2022-12-25,132271.7,24,South,Financing,No,Dealer
391,83,21,2024-06-01,88565.81,21,North,Financing,No,Dealer
392,51,47,2024-12-02,118886.72,29,South,Cash,Yes,Dealer
393,84,2,2024-11-26,150423.01,6,North,Financing,Yes,Online
394,11,75,2024-04-30,129502.36,26,South,Financing,Yes,Online
395,41,64,2025-07-06,56828.96,3,East,Cash,Yes,Dealer
396,166,20,2025-03-26,142760.38,23,North,Cash,No,Online
397,82,72,2025-08-05,146308.48,26,East,Financing,Yes,Online
398,177,49,2025-01-17,142633.09,12,East,Cash,No,Dealer
399,144,38,2024-04-18,124901.53,18,South,Cash,No,Dealer
400,188,60,2025-01-24,78436.02,9,South,Cash,Yes,Dealer
401,76,34,2024-11-25,125811.94,18,North,Financing,Yes,Online
402,159,47,2025-05-20,136035.31,25,East,Cash,No,Online
403,135,88,2023-11-25,146878.96,16,South,Financing,No,Dealer
404,165,42,2023-07-21,85704.42,4,North,Cash,Yes,Online
405,9,26,2024-05-03,139764.71,4,North,Cash,No,Dealer
406,135,80,2024-03-30,143249.26,23,North,Financing,Yes,Online
407,4,27,2023-11-15,106971.79,21,North,Financing,Yes,Dealer
408,143,96,2024-08-17,147216.07,29,East,Cash,No,Online
409,188,10,2025-03-02,72295.36,27,South,Cash,Yes,Online
410,137,50,2023-10-29,101673.71,7,South,Cash,No,Online
411,197,82,2024-10-27,50956.28,19,West,Financing,Yes,Online
412,47,71,2024-12-20,147591.61,13,South,Financing,No,Dealer
413,141,42,2025-03-03,51831.49,28,West,Financing,Yes,Online
414,97,99,2023-01-06,89542.56,18,East,Financing,No,Dealer
415,102,1,2025-08-04,75865.34,24,East,Cash,Yes,Dealer
416,2,39,2023-10-30,136743.14,8,East,Cash,No,Online
417,25,5,2024-01-22,146926.61,15,South,Financing,No,Online
418,60,33,2024-08-09,107523.58,26,West,Cash,Yes,Dealer
419,124,23,2025-01-27,135639.69,16,North,Financing,Yes,Dealer
420,21,100,2023-08-25,120687.09,2,East,Financing,No,Dealer
421,31,99,2024-10-20,90739.37,8,North,Financing,Yes,Dealer
422,135,6,2024-05-11,142207.09,11,South,Financing,Yes,Online
423,13,87,2024-09-02,62258.39,24,West,Cash,Yes,Dealer
424,75,51,2023-03-05,89877.95,5,North,Financing,Yes,Dealer
425,68,11,2025-07-20,96558.82,13,South,Cash,No,Online
426,125,51,2024-08-20,155038.59,21,South,Cash,Yes,Dealer
427,199,56,2023-06-20,105298.68,11,North,Cash,No,Dealer
428,94,45,2024-04-05,56788.18,7,North,Financing,Yes,Dealer
429,158,57,2024-01-11,97361.71,20,North,Cash,Yes,Dealer
430,40,97,2025-08-30,118035.43,24,North,Cash,Yes,Online
431,74,2,2024-04-18,108688.45,11,North,Financing,No,Dealer
432,6,43,2025-09-21,63311.73,7,South,Cash,No,Dealer
433,160,94,2023-11-14,156024.49,5,North,Financing,Yes,Dealer
434,44,8,2024-12-12,146633.07,10,East,Cash,No,Online
435,18,50,2023-12-12,134811.98,22,East,Cash,Yes,Dealer
436,167,50,2024-06-09,95494.44,8,North,Financing,No,Online
437,48,26,2024-02-25,84573.57,17,North,Cash,Yes,Dealer
438,86,63,2024-11-25,101356.47,13,North,Financing,No,Dealer
439,161,39,2023-03-12,68557.29,8,East,Cash,No,Dealer
440,8,72,2023-12-13,105993.93,9,East,Financing,Yes,Online
441,187,49,2023-05-11,107460.44,17,South,Financing,Yes,Online
442,110,40,2023-04-17,152529.77,30,West,Cash,Yes,Online
443,149,70,2022-11-27,80676.76,22,South,Financing,Yes,Dealer
444,198,19,2024-04-21,55340.25,21,South,Financing,Yes,Online
445,48,41,2024-09-29,83563.88,27,North,Financing,No,Dealer
446,78,57,2025-06-29,69586.94,24,East,Cash,Yes,Online
447,34,24,2023-08-09,139221.58,1,East,Cash,Yes,Online
448,176,4,2025-01-01,52267.44,12,West,Cash,No,Dealer
449,48,50,2025-09-04,78862.7,16,South,Cash,Yes,Online
450,105,98,2025-09-11,67458.06,1,West,Cash,Yes,Online
451,17,23,2025-03-02,119859.96,30,West,Financing,No,Dealer
452,64,55,2023-07-09,86798.58,13,West,Financing,No,Online
453,134,14,2023-02-25,75751.6,15,North,Cash,No,Online
454,143,50,2023-06-19,154833.0,17,North,Cash,No,Dealer
455,102,39,2024-12-02,85312.27,25,West,Cash,No,Dealer
456,157,7,2023-12-24,84949.14,23,South,Financing,No,Online
457,185,65,2023-12-02,114306.29,4,South,Financing,No,Dealer
458,116,4,2024-02-16,121084.18,6,South,Financing,Yes,Dealer
459,83,89,2023-08-23,90809.88,21,South,Cash,Yes,Online
460,181,58,2023-08-28,93420.08,21,West,Cash,No,Dealer
461,12,99,2023-07-11,78210.51,6,South,Cash,Yes,Online
462,197,92,2024-10-04,51425.52,2,East,Financing,No,Online
463,31,17,2023-01-01,81203.54,7,East,Cash,No,Dealer
464,128,70,2024-04-10,78282.03,26,West,Cash,Yes,Dealer
465,117,53,2023-12-06,115716.67,15,North,Cash,No,Online
466,13,24,2023-06-28,54255.57,5,East,Cash,Yes,Online
467,171,74,2024-08-23,74494.23,27,East,Cash,Yes,Online
468,107,23,2025-08-15,90462.55,6,South,Financing,No,Online
469,24,99,2022-10-15,62740.07,10,West,Cash,No,Online
470,75,61,2025-05-29,89736.63,5,East,Financing,No,Online
471,179,27,2023-09-22,100508.83,20,North,Financing,No,Dealer
472,156,41,2023-10-22,132573.37,9,East,Cash,No,Dealer
473,127,24,2023-03-05,121072.71,29,East,Cash,Yes,Online
474,7,60,2025-02-03,66825.78,21,South,Financing,No,Online
475,86,45,2025-01-04,102239.37,18,South,Cash,Yes,Dealer
476,66,9,2023-07-09,117148.15,10,East,Cash,Yes,Dealer
477,88,51,2023-12-16,55934.99,24,North,Cash,Yes,Dealer
478,87,87,2023-09-24,56479.01,16,North,Cash,No,Online
479,161,59,2023-07-03,67334.09,29,East,Financing,No,Online
480,134,39,2025-03-01,78742.11,19,East,Cash,Yes,Dealer
481,91,9,2025-08-25,141755.47,5,North,Financing,No,Online
482,147,78,2025-02-25,100859.08,13,North,Financing,No,Online
483,70,53,2025-06-04,133864.97,3,South,Financing,No,Dealer
484,56,68,2023-10-24,127130.95,10,East,Cash,Yes,Online
485,114,65,2025-05-08,59936.45,1,South,Cash,No,Dealer
486,188,68,2023-05-22,77432.52,10,South,Cash,Yes,Online
487,186,5,2024-11-19,110936.55,15,North,Cash,No,Online
488,176,77,2023-07-13,52329.38,28,West,Cash,Yes,Dealer
489,6,74,2023-06-25,59481.97,25,South,Financing,Yes,Online
490,74,36,2025-08-16,102893.81,18,West,Cash,No,Online
491,41,36,2025-02-09,51398.98,4,North,Cash,No,Dealer
492,70,19,2025-08-18,139880.68,23,South,Cash,Yes,Dealer
493,157,44,2024-02-11,84039.89,18,South,Cash,No,Online
494,28,50,2024-06-15,108915.94,2,West,Cash,No,Dealer
495,80,43,2024-10-14,87144.01,27,North,Financing,Yes,Online
496,179,60,2025-07-18,106758.08,4,West,Financing,Yes,Online
497,37,79,2024-09-19,100324.38,9,West,Cash,No,Dealer
498,117,63,2023-12-14,115463.32,1,North,Financing,No,Dealer
499,44,37,2025-06-02,149952.59,25,South,Cash,No,Online
500,84,72,2023-02-27,135155.02,21,East,Financing,No,Dealer
501,62,80,2025-03-12,77901.88,8,West,Financing,Yes,Dealer
502,54,89,2022-12-21,118405.5,19,West,Financing,Yes,Online
503,170,86,2023-03-16,78885.6,3,West,Cash,No,Dealer
504,143,13,2025-04-29,147854.36,27,East,Financing,Yes,Online
505,176,77,2023-03-07,58301.97,25,East,Financing,Yes,Online
506,56,18,2022-12-30,135056.78,29,North,Cash,Yes,Dealer
507,137,38,2024-04-29,108254.98,13,West,Cash,Yes,Dealer
508,77,73,2023-04-17,62771.33,26,East,Financing,No,Online
509,150,2,2023-05-22,63007.93,20,West,Cash,No,Online
510,95,71,2024-08-31,107894.95,2,East,Cash,No,Online
511,61,56,2024-02-10,133598.73,23,East,Financing,No,Dealer
512,112,70,2023-03-15,64898.65,7,West,Cash,Yes,Dealer
513,93,54,2024-02-10,128750.44,5,South,Cash,Yes,Online
514,166,3,2025-05-11,146604.61,5,West,Financing,Yes,Online
515,36,83,2024-12-19,141980.28,26,West,Financing,Yes,Dealer
516,131,55,2025-07-06,56748.25,18,West,Financing,Yes,Online
517,109,78,2023-12-30,142308.58,1,South,Financing,No,Dealer
518,9,5,2023-03-18,139721.62,19,East,Cash,No,Online
519,37,94,2025-06-03,94973.89,24,East,Financing,Yes,Online
520,63,61,2023-03-17,131280.99,21,North,Financing,Yes,Dealer
521,137,100,2022-12-27,105969.53,1,West,Financing,No,Dealer
522,76,38,2023-01-12,119582.1,6,East,Financing,Yes,Dealer
523,149,22,2024-05-07,72211.65,19,East,Cash,No,Dealer
524,22,17,2024-05-12,79245.03,17,East,Financing,Yes,Dealer
525,71,33,2024-03-26,101390.14,1,South,Cash,No,Dealer
526,45,34,2024-04-25,145697.22,26,West,Cash,Yes,Dealer
527,22,19,2024-04-24,89840.54,20,South,Financing,No,Dealer
528,61,85,2024-03-11,136219.86,15,South,Cash,No,Online
529,165,34,2024-05-09,95345.44,25,North,Cash,No,Dealer
530,122,39,2024-03-28,57329.04,16,South,Financing,No,Dealer
531,68,19,2024-06-10,101763.9,17,North,Financing,No,Dealer
532,174,41,2024-05-23,65962.04,17,North,Cash,No,Dealer
533,157,84,2023-01-11,81918.65,28,East,Financing,Yes,Dealer
534,168,75,2022-10-30,106448.44,13,South,Cash,No,Online
535,81,71,2025-02-08,83927.83,1,North,Cash,No,Online
536,135,14,2025-05-03,140262.5,22,South,Financing,No,Online
537,9,4,2024-07-13,131700.5,20,South,Cash,Yes,Online
538,155,17,2025-03-21,131642.16,13,South,Cash,Yes,Dealer
539,76,60,2022-12-30,136497.16,22,West,Financing,No,Dealer
540,66,21,2025-06-10,113151.97,25,North,Financing,No,Dealer
541,16,34,2022-11-10,98328.23,27,West,Cash,No,Online
542,157,51,2023-10-09,86542.81,6,North,Cash,No,Online
543,158,83,2023-12-27,108884.21,4,East,Cash,Yes,Online
544,19,74,2024-12-12,60396.25,24,West,Cash,No,Online
545,168,82,2024-06-20,113839.9,1,West,Financing,Yes,Dealer
546,101,74,2023-02-16,129252.2,1,West,Financing,No,Dealer
547,187,100,2024-06-14,104878.9,26,South,Cash,No,Dealer
548,32,73,2025-09-19,65242.89,18,East,Financing,No,Dealer
549,15,81,2022-11-26,120162.26,21,East,Cash,No,Dealer
550,166,26,2025-03-14,143136.98,6,West,Cash,No,Dealer
551,28,81,2025-04-07,113550.2,23,North,Financing,Yes,Online
552,10,25,2023-01-30,90484.29,1,South,Financing,No,Online
553,139,83,2024-10-22,127576.39,10,West,Cash,Yes,Dealer
554,15,44,2024-03-24,131952.99,26,West,Cash,Yes,Dealer
555,174,69,2025-03-11,66508.96,5,South,Cash,Yes,Online
556,126,84,2025-01-10,85054.37,1,North,Cash,Yes,Online
557,45,81,2024-04-18,149920.34,2,North,Financing,Yes,Online
558,28,15,2025-04-13,117549.5,16,South,Cash,Yes,Dealer
559,87,95,2025-09-03,52473.36,22,North,Cash,No,Online
560,196,6,2025-10-04,106691.78,19,North,Cash,No,Online
561,194,54,2023-10-27,81413.94,6,South,Financing,Yes,Online
562,35,13,2023-04-16,153634.7,26,West,Cash,Yes,Dealer
563,21,1,2024-06-29,108336.62,1,North,Financing,No,Dealer
564,178,17,2022-11-19,79865.13,7,East,Financing,No,Online
565,45,79,2024-04-09,131961.35,23,South,Financing,Yes,Dealer
566,90,54,2025-06-07,69026.46,1,South,Cash,Yes,Dealer
567,195,70,2023-04-09,123347.28,17,South,Financing,Yes,Online
568,29,20,2023-06-07,83808.32,22,West,Financing,Yes,Online
569,172,6,2023-09-15,155703.81,2,East,Cash,No,Dealer
570,86,79,2024-05-24,103442.81,26,West,Cash,Yes,Online
571,138,23,2024-09-30,146249.33,6,West,Cash,Yes,Online
572,185,57,2024-08-21,121326.2,19,West,Cash,No,Online
573,200,15,2025-05-28,94455.88,11,South,Financing,Yes,Dealer
574,57,10,2025-02-12,140989.9,16,North,Financing,Yes,Online
575,157,59,2024-03-21,83341.51,6,South,Financing,Yes,Dealer
576,70,26,2023-01-19,126616.63,11,North,Financing,Yes,Online
577,120,59,2023-09-30,129203.5,14,East,Cash,No,Online
578,164,79,2025-08-12,141081.41,29,South,Cash,No,Dealer
579,56,76,2023-09-21,140061.68,16,East,Cash,No,Online
580,64,42,2025-01-20,84396.54,14,South,Cash,No,Online
581,11,61,2024-11-13,130937.77,24,North,Financing,No,Dealer
582,179,13,2024-04-28,107382.39,15,North,Cash,No,Online
583,34,46,2024-09-17,128952.59,10,North,Cash,No,Dealer
584,42,91,2024-06-20,154760.09,15,North,Financing,No,Online
585,181,52,2023-12-05,99376.0,6,East,Financing,Yes,Online
586,99,89,2024-04-21,73322.57,11,East,Financing,No,Online
587,176,11,2024-02-04,58799.0,20,North,Financing,Yes,Online
588,99,47,2023-07-16,74264.85,15,East,Financing,Yes,Online
589,144,91,2023-08-11,116154.88,25,East,Cash,Yes,Dealer
590,189,97,2022-10-27,56870.65,19,South,Cash,No,Dealer
591,69,65,2024-11-10,79432.0,22,North,Cash,No,Dealer
592,116,63,2025-06-04,122386.57,17,North,Financing,No,Dealer
593,159,48,2025-05-25,137074.31,26,North,Cash,No,Online
594,21,51,2024-03-04,108326.62,29,North,Cash,Yes,Dealer
595,29,90,2024-10-30,79751.05,5,South,Cash,No,Dealer
596,175,70,2022-11-06,123942.61,30,East,Financing,No,Online
597,75,25,2024-04-22,88346.71,3,South,Financing,No,Dealer
598,168,83,2023-02-21,104336.5,26,West,Financing,No,Online
599,79,22,2023-02-06,90480.54,26,West,Financing,No,Online
600,38,46,2024-11-20,109902.53,10,South,Cash,No,Online
601,45,91,2025-07-21,149921.35,23,South,Cash,Yes,Online
602,11,41,2025-01-22,119098.83,19,East,Financing,Yes,Online
603,144,91,2024-11-12,124342.18,2,East,Cash,No,Dealer
604,139,21,2023-04-05,123877.29,18,North,Financing,No,Online
605,118,41,2024-07-24,110387.18,5,East,Financing,No,Dealer
606,194,74,2025-04-19,75053.22,22,West,Financing,Yes,Dealer
607,11,18,2024-04-06,126925.04,22,East,Cash,No,Online
608,115,46,2023-09-20,65637.05,3,South,Cash,No,Online
609,6,11,2025-09-18,64291.28,18,North,Financing,Yes,Dealer
610,82,78,2023-06-19,143517.95,20,North,Financing,No,Online
611,184,55,2024-12-19,124860.34,12,North,Financing,No,Dealer
612,79,58,2025-05-05,94611.52,28,South,Financing,No,Dealer
613,74,21,2024-04-10,109217.5,26,West,Financing,Yes,Online
614,37,27,2023-08-29,94256.78,10,East,Cash,No,Online
615,2,53,2025-05-26,151352.42,21,West,Cash,No,Online
616,52,24,2024-01-30,141412.87,27,West,Cash,No,Dealer
617,127,72,2023-04-09,118527.45,24,North,Cash,Yes,Dealer
618,77,82,2023-06-06,60374.97,27,North,Financing,No,Online
619,126,89,2023-07-14,82223.58,21,North,Financing,No,Online
620,154,96,2025-08-23,114820.34,12,West,Financing,No,Online
621,96,66,2024-11-01,79802.83,24,East,Cash,Yes,Online
622,82,60,2024-04-23,147328.26,29,East,Cash,Yes,Dealer
623,93,54,2025-06-13,140876.01,21,East,Cash,No,Dealer
624,136,82,2024-09-27,75271.85,30,South,Cash,Yes,Online
625,140,42,2025-02-22,62463.78,28,East,Financing,No,Online
626,137,75,2024-04-22,111491.34,12,North,Cash,No,Dealer
627,200,63,2024-07-28,96075.91,14,South,Cash,Yes,Online
628,129,29,2025-09-18,54215.71,27,North,Financing,No,Online
629,30,17,2024-01-01,92657.31,30,East,Financing,No,Online
630,114,77,2024-09-26,59638.67,17,East,Cash,No,Online
631,191,16,2024-01-14,120288.02,8,South,Cash,No,Online
632,54,17,2023-02-05,118294.46,3,North,Cash,Yes,Dealer
633,194,56,2022-12-31,75623.81,2,North,Cash,No,Online
634,65,6,2022-10-10,89811.12,3,North,Cash,Yes,Online
635,151,26,2023-08-17,100524.22,6,North,Cash,Yes,Dealer
636,149,45,2023-01-24,73443.69,12,South,Cash,Yes,Online
637,136,28,2024-10-31,76618.97,23,East,Cash,Yes,Online
638,55,65,2024-07-18,144124.66,28,East,Cash,No,Online
639,47,46,2024-03-11,145851.93,13,South,Financing,Yes,Dealer
640,32,60,2024-09-18,61514.91,4,West,Financing,No,Online
641,22,42,2025-04-26,79725.43,16,East,Financing,No,Dealer
642,58,71,2024-10-31,52030.69,14,West,Cash,Yes,Dealer
643,174,48,2025-09-14,59662.26,6,West,Cash,No,Dealer
644,134,85,2024-02-15,71602.76,22,South,Financing,No,Online
645,190,22,2022-11-10,85490.11,3,South,Financing,Yes,Dealer
646,32,30,2023-08-06,60661.96,27,West,Financing,No,Dealer
647,92,61,2024-02-08,123880.43,22,West,Financing,No,Online
648,197,59,2023-03-30,49160.79,4,West,Financing,Yes,Online
649,8,13,2022-11-12,103202.56,24,North,Financing,Yes,Online
650,98,78,2022-10-29,110926.95,22,East,Cash,Yes,Dealer
651,120,26,2023-10-15,138954.39,10,West,Financing,No,Online
652,196,5,2023-07-03,118279.19,14,North,Financing,No,Dealer
653,97,57,2023-02-20,78562.75,15,South,Financing,Yes,Dealer
654,111,18,2024-07-03,113879.75,10,West,Cash,No,Dealer
655,122,72,2025-08-29,52552.57,28,North,Financing,No,Dealer
656,152,49,2025-04-16,112709.8,20,East,Financing,Yes,Online
657,152,6,2023-11-26,115289.59,5,East,Cash,No,Dealer
658,25,55,2022-11-05,160903.0,12,West,Financing,Yes,Online
659,64,31,2022-11-29,81132.32,21,North,Cash,No,Online
660,87,22,2024-03-20,53536.08,1,North,Financing,No,Dealer
661,69,3,2023-07-26,79981.87,23,North,Financing,No,Dealer
662,83,74,2024-10-29,89570.29,4,North,Cash,No,Dealer
663,129,98,2023-11-13,55472.0,22,East,Financing,No,Online
664,128,82,2024-12-06,90240.37,28,North,Cash,No,Dealer
665,13,39,2024-10-16,57202.27,19,South,Cash,Yes,Dealer
666,70,9,2025-06-14,139825.47,19,West,Financing,Yes,Dealer
667,20,84,2024-01-03,146493.64,27,East,Financing,No,Online
668,107,52,2025-06-24,89854.0,9,West,Cash,Yes,Online
669,148,64,2023-03-20,117471.16,7,West,Financing,No,Online
670,134,26,2025-03-04,75813.92,12,South,Cash,No,Dealer
671,106,41,2024-11-26,131585.6,28,North,Cash,No,Dealer
672,74,83,2025-06-23,101923.99,6,South,Financing,Yes,Online
673,39,25,2023-03-04,96393.2,1,East,Financing,No,Dealer
674,109,83,2022-10-08,131170.31,29,South,Financing,Yes,Online
675,67,36,2025-04-25,83008.6,22,North,Financing,Yes,Online
676,22,41,2023-04-06,81978.55,20,North,Financing,No,Online
677,102,93,2025-05-13,77126.95,27,North,Cash,No,Dealer
678,24,31,2022-11-20,60849.76,20,East,Financing,No,Online
679,109,28,2023-04-11,132607.76,5,South,Financing,No,Dealer
680,66,76,2024-08-03,120504.82,2,East,Cash,No,Dealer
681,122,88,2024-10-27,59087.62,8,South,Financing,No,Dealer
682,79,3,2024-06-01,100179.94,21,North,Cash,Yes,Dealer
683,142,50,2024-01-12,87700.28,10,East,Cash,Yes,Dealer
684,100,2,2024-07-23,55816.25,30,East,Financing,Yes,Online
685,77,27,2025-01-04,62572.46,28,West,Financing,No,Online
686,71,11,2024-05-27,101935.12,27,West,Financing,No,Dealer
687,184,55,2022-10-21,134753.99,29,North,Cash,No,Online
688,91,54,2023-02-12,151374.13,20,East,Financing,Yes,Online
689,165,83,2024-02-14,92821.14,6,South,Cash,No,Online
690,161,40,2024-12-21,64626.95,11,North,Cash,Yes,Online
691,153,88,2023-09-09,82783.93,14,East,Financing,No,Online
692,67,23,2025-03-02,83518.83,22,East,Financing,Yes,Online
693,107,48,2024-09-25,86864.98,6,West,Cash,Yes,Online
694,143,83,2025-03-06,151811.32,20,North,Financing,Yes,Dealer
695,180,22,2024-09-22,111665.27,2,West,Financing,Yes,Online
696,95,22,2023-07-24,109879.51,19,West,Financing,No,Online
697,58,92,2024-02-12,51244.84,7,East,Financing,No,Dealer
698,34,56,2024-09-16,128315.79,28,South,Financing,Yes,Dealer
699,47,53,2024-06-30,139848.37,26,East,Financing,Yes,Dealer
700,64,48,2025-02-27,85676.02,19,West,Cash,Yes,Dealer
701,35,42,2024-03-24,144010.75,23,South,Financing,No,Dealer
702,19,13,2024-04-13,58636.41,18,East,Cash,No,Dealer
703,156,86,2024-02-17,133981.32,26,North,Cash,No,Dealer
704,78,51,2022-11-18,64197.15,22,North,Cash,No,Online
705,129,64,2025-01-13,55468.99,30,West,Cash,Yes,Dealer
706,182,68,2023-11-13,57798.86,14,North,Financing,Yes,Online
707,128,36,2025-04-13,82664.0,24,West,Financing,No,Dealer
708,133,41,2025-08-24,108214.0,14,East,Financing,Yes,Dealer
709,14,25,2023-10-23,91875.76,5,South,Cash,No,Dealer
710,42,91,2023-11-16,145689.33,15,West,Cash,No,Dealer
711,182,72,2024-10-23,60619.25,16,North,Cash,Yes,Dealer
712,24,27,2023-03-25,62375.24,28,South,Financing,Yes,Online
713,135,99,2025-07-19,134771.95,19,North,Cash,No,Online
714,85,4,2025-01-01,66888.1,10,North,Financing,No,Online
715,83,20,2023-05-24,80448.99,1,West,Financing,No,Online
716,85,6,2023-06-21,66326.01,21,West,Financing,Yes,Online
717,13,83,2025-04-17,56532.55,10,North,Cash,No,Online
718,103,33,2024-03-06,103873.7,6,West,Cash,Yes,Online
719,42,50,2024-11-03,144956.9,25,South,Cash,No,Dealer
720,111,95,2024-01-21,117207.37,26,South,Financing,Yes,Dealer
721,132,26,2022-10-29,106994.64,16,West,Financing,No,Dealer
722,24,97,2025-05-28,67341.52,14,South,Financing,No,Online
723,11,66,2023-08-26,134711.16,11,South,Cash,No,Online
724,75,60,2023-02-24,89141.11,14,West,Financing,Yes,Online
725,176,39,2023-08-20,53646.32,27,West,Financing,Yes,Online
726,12,66,2025-08-05,73875.53,4,West,Cash,No,Dealer
727,91,33,2025-04-26,137496.88,19,North,Cash,No,Online
728,47,51,2022-11-08,138496.09,2,East,Financing,No,Dealer
729,160,34,2025-06-02,162054.85,11,South,Cash,Yes,Online
730,192,78,2023-11-26,103064.54,9,North,Financing,Yes,Online
731,102,15,2024-04-26,77498.36,1,West,Financing,No,Dealer
732,78,80,2023-12-12,69971.44,27,East,Financing,No,Online
733,33,18,2024-07-14,92833.24,1,North,Cash,Yes,Online
734,124,84,2024-06-16,132305.74,5,West,Cash,Yes,Dealer
735,198,60,2023-03-17,51844.22,5,North,Cash,Yes,Online
736,190,90,2023-08-28,93151.32,15,West,Cash,No,Online
737,52,38,2025-01-14,150840.56,19,West,Cash,No,Online
738,27,81,2024-11-24,55071.45,28,West,Financing,No,Online
739,125,52,2024-12-05,153736.81,16,West,Cash,Yes,Online
740,109,74,2024-12-16,141800.35,11,East,Financing,No,Online
741,127,80,2025-06-05,116492.57,21,West,Cash,Yes,Dealer
742,186,25,2024-12-05,110214.56,16,South,Cash,No,Dealer
743,34,38,2024-04-01,138219.72,24,West,Financing,No,Online
744,160,27,2023-08-13,155927.4,10,North,Financing,Yes,Online
745,52,21,2024-08-30,143738.12,20,West,Financing,No,Online
746,54,72,2024-09-16,128349.74,2,East,Financing,No,Online
747,45,65,2023-03-08,147893.64,2,East,Financing,Yes,Online
748,31,72,2025-08-04,87390.78,8,East,Financing,Yes,Dealer
749,39,89,2024-05-02,100346.28,28,North,Cash,No,Dealer
750,194,15,2024-06-28,82402.51,4,North,Cash,Yes,Online
751,162,16,2024-04-01,115228.91,28,East,Cash,No,Dealer
752,196,65,2024-02-10,115859.42,16,North,Cash,No,Dealer
753,36,16,2024-11-08,137479.17,28,West,Cash,Yes,Dealer
754,88,37,2023-08-27,52712.4,17,East,Financing,No,Dealer
755,162,86,2023-11-14,114281.25,8,West,Cash,Yes,Dealer
756,106,53,2024-09-15,124762.31,29,East,Cash,No,Online
757,198,2,2025-08-27,54374.68,23,North,Cash,No,Dealer
758,103,99,2025-05-02,106939.19,6,West,Cash,Yes,Online
759,162,92,2024-03-15,123246.73,26,East,Financing,No,Dealer
760,185,96,2023-05-31,127108.45,11,North,Financing,Yes,Dealer
761,115,83,2023-11-14,71168.28,7,West,Financing,No,Online
762,78,11,2025-01-20,65791.79,2,West,Cash,No,Online
763,24,66,2023-02-25,62640.44,18,East,Cash,Yes,Online
764,139,76,2023-12-07,122752.95,9,East,Financing,Yes,Online
765,96,34,2023-07-15,79020.07,21,North,Cash,Yes,Dealer
766,77,74,2025-07-06,54906.08,24,East,Cash,Yes,Dealer
767,77,37,2023-04-05,61658.96,22,South,Financing,Yes,Online
768,84,67,2024-10-22,137721.92,19,East,Financing,Yes,Online
769,183,55,2023-10-30,143978.75,27,North,Cash,No,Online
770,122,28,2025-01-13,51919.0,15,West,Financing,No,Dealer
771,163,55,2024-04-28,120888.27,15,West,Financing,Yes,Online
772,130,17,2025-02-03,74343.07,16,South,Cash,Yes,Dealer
773,122,5,2023-05-06,52556.85,24,East,Cash,No,Online
774,31,48,2023-06-28,84869.22,19,South,Cash,No,Dealer
775,96,39,2025-06-30,78770.87,10,South,Cash,No,Online
776,79,37,2023-05-31,89424.82,7,West,Cash,Yes,Dealer
777,18,6,2023-04-17,139095.7,14,East,Financing,No,Dealer
778,122,93,2022-10-11,56191.76,27,South,Financing,No,Dealer
779,39,94,2024-09-24,94103.54,11,West,Financing,Yes,Dealer
780,87,70,2025-09-22,56805.57,2,West,Financing,Yes,Online
781,182,4,2023-07-23,62157.69,19,East,Cash,Yes,Online
782,159,70,2025-02-12,138723.68,19,South,Financing,Yes,Online
783,169,69,2023-02-06,64750.16,6,East,Cash,Yes,Dealer
784,22,69,2025-06-30,82256.11,20,North,Financing,Yes,Dealer
785,112,24,2024-12-14,58976.07,14,East,Financing,No,Online
786,30,13,2023-09-26,94857.15,18,South,Cash,No,Online
787,40,40,2023-10-22,115174.84,14,North,Financing,Yes,Online
788,183,8,2025-09-26,143506.75,10,East,Cash,No,Dealer
789,67,49,2025-05-19,87214.42,27,North,Cash,Yes,Online
790,127,66,2024-11-15,119241.91,25,North,Financing,Yes,Dealer
791,119,71,2023-04-17,135181.96,14,North,Financing,Yes,Online
792,69,71,2023-01-06,82396.69,19,South,Cash,No,Dealer
793,115,11,2023-06-12,68686.77,28,South,Cash,No,Online
794,63,69,2025-03-26,135357.01,14,West,Cash,Yes,Dealer
795,159,38,2024-02-26,142919.4,21,North,Cash,No,Dealer
796,154,33,2024-02-25,116463.2,27,East,Cash,No,Online
797,42,95,2023-05-24,148414.95,18,East,Cash,No,Online
798,36,93,2023-04-21,154243.92,18,West,Cash,No,Dealer
799,163,34,2025-02-18,121210.81,25,East,Cash,No,Dealer
800,54,59,2025-03-08,116607.99,20,South,Cash,No,Online
801,3,87,2024-04-26,74143.41,6,West,Financing,Yes,Online
802,138,4,2024-04-04,147206.51,29,West,Cash,No,Dealer
803,154,46,2025-05-31,108113.53,13,North,Cash,No,Dealer
804,50,57,2024-12-17,130705.24,1,North,Financing,No,Online
805,24,79,2023-04-14,62554.91,21,South,Cash,No,Dealer
806,10,36,2024-03-26,92854.7,16,South,Cash,Yes,Dealer
807,29,36,2025-07-29,79797.73,19,South,Cash,Yes,Online
808,151,17,2025-07-08,91833.02,24,East,Cash,No,Online
809,174,3,2024-03-10,65913.7,23,East,Financing,Yes,Dealer
810,165,87,2024-10-31,85112.67,21,East,Financing,No,Dealer
811,32,88,2024-04-06,61037.91,17,East,Cash,Yes,Online
812,72,54,2023-01-18,75687.71,18,North,Financing,Yes,Dealer
813,21,74,2025-03-28,105774.22,26,South,Financing,Yes,Online
814,51,22,2024-06-07,123703.66,11,North,Cash,No,Dealer
815,7,76,2024-12-21,65228.39,26,East,Financing,Yes,Online
816,122,31,2023-06-30,58028.43,11,East,Cash,Yes,Dealer
817,196,13,2025-03-10,111168.31,21,North,Cash,Yes,Online
818,97,41,2024-09-13,88574.85,29,North,Cash,Yes,Dealer
819,15,39,2025-05-03,130179.24,20,North,Cash,Yes,Online
820,76,49,2024-05-18,120718.17,13,West,Cash,Yes,Dealer
821,99,60,2025-01-29,72224.33,26,North,Financing,Yes,Dealer
822,133,43,2025-08-28,97728.2,19,North,Cash,Yes,Online
823,147,17,2024-08-29,105832.18,21,East,Financing,No,Dealer
824,48,32,2023-09-24,82606.8,5,North,Cash,No,Dealer
825,132,84,2024-10-21,105610.43,25,South,Cash,No,Dealer
826,155,44,2023-02-06,126226.26,10,North,Cash,Yes,Online
827,130,72,2023-03-13,67414.32,28,East,Cash,Yes,Online
828,18,44,2025-07-04,142906.23,7,West,Financing,No,Dealer
829,108,43,2024-12-03,142376.67,6,North,Financing,Yes,Online
830,164,29,2025-09-09,142390.39,23,South,Cash,No,Dealer
831,190,49,2024-03-16,85957.35,7,North,Financing,Yes,Online
832,92,4,2023-06-09,115165.56,18,East,Financing,Yes,Dealer
833,12,4,2023-09-14,70498.81,7,South,Cash,No,Online
834,87,71,2025-05-24,50732.39,8,North,Cash,No,Online
835,6,87,2024-03-29,60079.7,5,North,Financing,Yes,Dealer
836,117,31,2023-01-29,128890.88,12,South,Financing,Yes,Online
837,37,17,2024-08-01,90311.32,26,West,Financing,No,Dealer
838,163,32,2024-06-02,109822.22,30,South,Financing,Yes,Dealer
839,64,7,2023-07-28,87035.4,21,South,Financing,Yes,Online
840,121,85,2023-04-02,86616.53,20,West,Financing,No,Dealer
841,46,42,2025-04-17,80739.79,23,West,Financing,No,Dealer
842,149,52,2025-03-10,82046.13,21,North,Cash,Yes,Online
843,116,31,2023-09-02,116890.09,13,West,Financing,Yes,Dealer
844,66,71,2023-12-01,114217.44,3,North,Financing,No,Dealer
845,59,75,2025-04-11,116406.93,2,East,Financing,No,Dealer
846,111,53,2023-07-01,115314.04,12,East,Financing,No,Online
847,46,57,2025-01-09,79436.65,8,North,Financing,Yes,Dealer
848,129,66,2023-05-27,58000.13,18,East,Cash,Yes,Online
849,19,47,2023-01-11,63106.31,2,East,Cash,No,Dealer
850,78,96,2025-04-17,68004.23,27,East,Cash,Yes,Dealer
851,3,99,2023-09-04,72700.24,10,East,Financing,No,Online
852,121,84,2025-06-19,99130.74,17,South,Financing,Yes,Online
853,186,96,2024-05-18,112370.11,7,West,Financing,No,Online
854,81,25,2024-11-01,85093.75,14,West,Cash,No,Dealer
855,143,4,2024-07-21,141174.06,12,South,Financing,Yes,Dealer
856,169,46,2025-07-14,58210.23,11,West,Financing,No,Dealer
857,151,3,2024-12-07,102171.28,19,South,Cash,No,Dealer
858,98,27,2025-08-30,106542.59,13,West,Cash,No,Online
859,85,73,2025-01-24,66484.66,15,East,Cash,Yes,Online
860,173,71,2024-06-16,49159.32,6,West,Cash,Yes,Online
861,18,50,2023-07-26,133476.68,10,East,Cash,No,Online
862,95,67,2023-08-19,110807.43,1,West,Financing,Yes,Online
863,34,69,2024-06-27,133645.56,14,North,Financing,Yes,Online
864,53,40,2024-04-17,67305.1,14,West,Cash,No,Online
865,129,92,2024-04-13,56464.72,22,South,Cash,Yes,Dealer
866,17,52,2023-09-10,117440.19,20,East,Financing,No,Dealer
867,148,6,2024-01-15,107902.62,24,West,Financing,No,Dealer
868,157,23,2025-04-03,81627.78,14,West,Financing,No,Online
869,179,73,2023-06-24,105782.59,4,North,Cash,Yes,Dealer
870,161,69,2022-12-24,65476.72,10,North,Cash,No,Dealer
871,196,71,2023-09-20,120167.98,4,North,Cash,No,Dealer
872,116,22,2022-11-08,116689.89,9,North,Financing,Yes,Online
873,164,89,2023-08-07,153659.56,22,West,Financing,No,Online
874,102,5,2025-10-04,78437.98,1,South,Financing,No,Dealer
875,119,9,2024-01-06,145385.28,3,South,Financing,Yes,Dealer
876,72,21,2024-10-05,80035.94,6,North,Cash,No,Online
877,137,95,2022-10-29,101289.44,13,North,Financing,Yes,Dealer
878,92,23,2023-01-01,125867.21,7,South,Financing,Yes,Online
879,100,89,2023-06-21,51861.86,10,North,Cash,No,Online
880,64,48,2022-11-01,80234.26,30,North,Cash,No,Online
881,4,44,2024-07-13,102281.25,27,North,Cash,Yes,Online
882,186,22,2023-08-11,111400.24,2,North,Financing,No,Online
883,160,27,2023-03-01,152619.84,30,West,Cash,Yes,Online
884,28,46,2023-11-20,110400.54,11,West,Financing,Yes,Dealer
885,55,59,2023-08-13,130988.83,8,East,Financing,Yes,Online
886,56,53,2025-05-22,138705.2,10,West,Cash,Yes,Dealer
887,25,77,2024-01-31,160671.71,11,West,Cash,No,Online
888,163,98,2022-11-17,120864.3,29,West,Cash,No,Online
889,156,75,2024-03-02,129808.91,15,South,Cash,Yes,Online
890,158,98,2023-11-08,97034.69,29,South,Financing,Yes,Online
891,16,18,2025-02-02,101816.39,12,South,Cash,No,Online
892,165,5,2023-08-22,96730.11,8,West,Financing,Yes,Dealer
893,82,83,2025-09-27,148737.48,26,West,Financing,Yes,Online
894,188,43,2023-05-07,71623.78,11,North,Cash,Yes,Dealer
895,134,42,2022-11-19,75589.4,6,North,Cash,No,Online
896,50,7,2025-05-22,146069.02,21,South,Cash,Yes,Online
897,152,71,2023-02-08,114619.08,27,South,Cash,Yes,Dealer
898,186,60,2025-06-21,107248.59,10,South,Cash,No,Online
899,156,32,2023-10-22,127933.63,10,West,Cash,No,Dealer
900,21,47,2023-03-23,111635.33,13,West,Financing,No,Dealer
901,195,20,2023-11-10,137173.27,27,West,Cash,No,Dealer
902,22,98,2022-11-02,89687.13,30,South,Cash,No,Dealer
903,119,40,2024-06-29,139782.56,15,West,Cash,No,Online
904,184,61,2023-04-28,120560.7,7,South,Cash,Yes,Dealer
905,126,52,2023-08-04,84361.89,30,West,Financing,No,Dealer
906,79,83,2023-09-26,87890.0,19,North,Cash,No,Online
907,50,98,2023-08-01,145372.79,14,East,Financing,No,Online
908,167,50,2024-08-01,88237.45,30,South,Cash,No,Online
909,93,81,2022-11-21,136293.6,23,South,Financing,No,Online
910,66,32,2022-12-08,122058.58,20,South,Cash,Yes,Online
911,165,92,2024-06-07,89544.59,30,North,Cash,No,Online
912,110,33,2023-07-05,145865.8,23,West,Financing,No,Online
913,28,82,2022-12-18,120632.55,19,East,Cash,No,Online
914,192,51,2024-08-08,95003.63,23,South,Financing,Yes,Online
915,18,100,2023-06-30,137802.89,23,West,Financing,No,Online
916,46,48,2023-09-21,84714.27,6,South,Financing,Yes,Online
917,116,73,2024-06-30,116782.68,27,South,Cash,Yes,Online
918,67,53,2023-08-23,83926.6,15,North,Cash,Yes,Dealer
919,22,49,2023-09-10,81716.26,4,East,Cash,Yes,Dealer
920,125,87,2025-10-06,144473.41,25,North,Financing,Yes,Online
921,25,28,2023-01-25,156506.42,17,West,Financing,No,Dealer
922,194,44,2025-09-06,78323.5,20,East,Financing,No,Online
923,93,86,2023-05-20,130499.66,13,North,Financing,No,Online
924,1,59,2023-10-05,130952.07,28,South,Cash,Yes,Dealer
925,180,97,2023-03-31,109136.65,27,West,Financing,No,Online
926,1,82,2023-01-10,123947.41,27,East,Cash,No,Dealer
927,60,78,2023-01-23,109142.24,16,North,Financing,No,Dealer
928,169,90,2024-03-19,57100.53,29,West,Financing,Yes,Online
929,134,74,2024-01-17,80212.89,26,North,Cash,No,Online
930,78,87,2023-12-12,70098.77,18,West,Cash,No,Online
931,124,85,2023-08-08,124559.63,18,South,Cash,Yes,Online
932,112,92,2022-12-22,60239.37,1,East,Financing,No,Online
933,185,33,2025-05-31,119510.46,22,North,Cash,No,Online
934,178,43,2022-10-21,80860.53,28,North,Financing,No,Dealer
935,168,83,2023-10-06,108027.54,26,West,Cash,Yes,Dealer
936,30,38,2024-09-11,94028.82,3,East,Cash,Yes,Dealer
937,33,41,2023-06-14,98327.35,13,North,Financing,Yes,Online
938,100,55,2023-01-18,54366.4,11,South,Cash,Yes,Dealer
939,3,69,2025-02-09,74664.77,28,South,Financing,Yes,Dealer
940,175,59,2023-07-05,132941.86,5,South,Cash,No,Dealer
941,129,89,2023-06-01,54922.62,4,West,Cash,No,Dealer
942,181,49,2023-06-01,102044.61,2,East,Cash,Yes,Online
943,180,95,2023-03-30,120322.8,2,South,Financing,No,Dealer
944,169,21,2023-04-24,61072.02,1,East,Financing,No,Dealer
945,194,51,2022-12-06,74181.59,13,East,Financing,Yes,Dealer
946,25,17,2022-11-27,155638.34,11,North,Financing,No,Online
947,148,18,2023-01-20,118061.52,15,East,Cash,Yes,Online
948,192,26,2024-11-12,99912.11,24,East,Cash,Yes,Dealer
949,110,87,2025-05-09,142920.23,27,North,Cash,No,Dealer
950,46,7,2024-09-15,88039.46,4,East,Financing,Yes,Dealer
951,63,5,2025-03-05,121987.79,4,West,Financing,Yes,Dealer
952,199,89,2023-11-14,105088.6,26,North,Financing,No,Dealer
953,162,84,2023-03-08,118082.65,15,North,Cash,Yes,Online
954,126,83,2023-05-25,90519.94,22,South,Cash,No,Dealer
955,178,96,2022-11-09,87896.21,4,South,Financing,No,Dealer
956,77,74,2022-12-31,55722.31,5,North,Cash,No,Online
957,101,72,2023-11-10,129649.16,27,West,Cash,Yes,Online
958,169,16,2023-03-29,63859.34,6,South,Cash,No,Dealer
959,32,6,2023-07-19,62011.78,5,South,Cash,No,Online
960,22,16,2022-12-12,81985.95,17,South,Financing,Yes,Online
961,77,6,2025-01-05,62696.96,17,East,Financing,Yes,Dealer
962,178,41,2023-03-19,89332.1,17,East,Cash,Yes,Online
963,61,5,2025-01-20,124944.35,7,South,Cash,Yes,Dealer
964,72,17,2024-01-22,77623.38,24,North,Financing,No,Dealer
965,167,21,2025-06-18,88655.66,13,East,Financing,Yes,Online
966,19,81,2023-12-08,60568.74,24,South,Financing,Yes,Dealer
967,40,41,2023-12-21,111150.89,26,North,Cash,Yes,Dealer
968,32,69,2025-01-04,62989.28,4,West,Cash,No,Online
969,93,43,2023-03-29,128454.55,25,South,Financing,Yes,Online
970,97,29,2024-01-07,89858.77,13,North,Cash,No,Dealer
971,25,68,2025-06-21,154500.29,12,East,Financing,Yes,Online
972,44,41,2025-07-14,150871.52,25,East,Financing,No,Online
973,67,2,2024-03-15,82560.75,22,South,Cash,Yes,Dealer
974,146,95,2022-12-13,78969.3,9,East,Cash,No,Dealer
975,47,57,2025-05-31,153932.46,12,East,Financing,No,Online
976,79,82,2025-06-02,88105.56,28,East,Financing,No,Online
977,163,11,2024-05-21,121592.96,3,North,Cash,Yes,Online
978,191,37,2025-04-07,135195.93,18,North,Financing,Yes,Dealer
979,128,66,2025-02-12,90534.86,22,North,Financing,Yes,Online
980,191,1,2025-03-08,125802.85,23,East,Cash,Yes,Dealer
981,44,87,2023-09-26,161920.96,30,South,Cash,Yes,Dealer
982,35,66,2023-11-13,155883.73,12,West,Financing,No,Online
983,96,15,2025-07-29,83716.18,11,South,Cash,No,Dealer
984,124,38,2023-07-10,124032.24,9,West,Cash,No,Online
985,119,80,2025-04-11,144114.28,28,East,Cash,No,Dealer
986,77,46,2025-03-04,54905.57,4,South,Financing,No,Online
987,26,56,2022-12-15,85563.04,16,South,Financing,Yes,Dealer
988,2,20,2023-11-08,145969.34,25,South,Financing,No,Dealer
989,77,47,2025-09-14,62589.33,14,East,Cash,No,Dealer
990,42,18,2023-07-10,152374.94,12,North,Financing,Yes,Online
991,49,37,2023-03-16,131239.58,2,West,Financing,Yes,Online
992,171,26,2025-08-12,78321.85,16,East,Cash,No,Dealer
993,141,64,2023-08-06,54227.99,26,South,Financing,No,Dealer
994,34,15,2023-04-05,139815.4,4,South,Cash,No,Online
995,197,88,2024-06-24,48626.57,8,East,Financing,Yes,Dealer
996,123,38,2024-01-15,149537.33,10,West,Cash,Yes,Online
997,64,36,2025-03-11,78726.23,25,East,Cash,No,Online
998,122,91,2025-01-08,57845.7,26,South,Cash,Yes,Online
999,31,17,2024-12-24,81649.92,13,South,Cash,No,Online
1000,158,26,2025-09-01,108159.03,3,West,Financing,No,Online
1001,57,44,2024-01-09,138831.84,14,West,Cash,No,Online
1002,69,47,2024-02-27,85546.35,9,West,Cash,No,Online
1003,47,6,2023-01-12,137823.54,1,East,Cash,No,Dealer
1004,72,78,2023-04-01,75487.35,4,East,Financing,No,Dealer
1005,78,15,2023-09-10,67051.12,4,South,Financing,No,Dealer
1006,191,100,2023-03-29,127736.59,19,East,Cash,No,Online
1007,150,50,2025-02-04,62153.78,3,South,Cash,Yes,Online
1008,50,91,2023-06-10,144742.76,15,North,Financing,No,Dealer
1009,195,26,2023-02-10,132787.46,18,North,Cash,Yes,Dealer
1010,141,92,2022-11-08,55850.18,9,East,Financing,No,Online
1011,112,9,2025-07-03,62639.91,16,North,Cash,No,Online
1012,75,6,2024-08-23,88885.47,19,South,Financing,No,Online
1013,43,57,2023-01-11,117573.26,25,West,Financing,No,Online
1014,48,1,2024-03-24,79998.64,6,North,Financing,No,Dealer
1015,57,38,2022-11-25,134538.4,23,North,Cash,Yes,Online
1016,137,31,2025-02-16,99274.14,10,South,Financing,Yes,Dealer
1017,14,83,2025-08-21,105323.21,8,South,Cash,Yes,Dealer
1018,162,78,2023-01-10,117329.08,12,East,Cash,No,Dealer
1019,84,8,2024-10-06,150877.41,21,East,Cash,No,Online
1020,66,3,2025-04-17,123453.28,18,North,Financing,No,Online
1021,114,29,2024-05-25,55480.67,11,West,Cash,No,Online
1022,187,93,2023-11-12,98739.11,14,West,Cash,No,Online
1023,118,24,2024-10-19,125332.62,27,South,Financing,Yes,Dealer
1024,6,40,2022-12-12,64611.73,6,West,Cash,Yes,Online
1025,19,55,2025-03-03,62271.52,8,West,Cash,Yes,Online
1026,155,13,2025-05-03,126511.79,13,North,Cash,Yes,Online
1027,64,99,2024-10-21,80589.73,3,North,Cash,Yes,Dealer
1028,182,11,2025-04-08,57775.96,7,West,Cash,No,Dealer
1029,123,20,2024-09-23,140106.83,8,East,Cash,Yes,Online
1030,27,70,2025-04-26,50299.87,10,West,Cash,Yes,Online
1031,7,30,2024-08-27,62970.45,14,East,Financing,Yes,Dealer
1032,176,92,2025-06-17,58968.26,27,West,Cash,Yes,Online
1033,27,37,2024-08-11,50094.5,12,East,Cash,No,Online
1034,12,78,2023-05-06,70285.55,5,East,Cash,No,Online
1035,171,88,2025-06-11,74724.83,10,East,Financing,Yes,Dealer
1036,128,85,2025-05-20,89731.27,12,North,Cash,Yes,Online
1037,82,19,2025-01-04,142158.01,13,West,Cash,Yes,Dealer
1038,187,36,2025-04-29,94640.53,5,South,Cash,No,Dealer
1039,82,64,2022-10-16,142883.33,14,West,Financing,Yes,Online
1040,99,54,2024-01-13,72961.34,18,West,Cash,No,Online
1041,149,92,2024-08-14,77587.42,14,South,Cash,Yes,Dealer
1042,1,27,2023-01-17,118266.77,28,West,Cash,Yes,Online
1043,90,47,2024-09-16,71947.56,28,South,Financing,No,Online
1044,142,54,2025-01-20,82314.06,8,South,Cash,Yes,Online
1045,179,91,2024-09-20,105529.56,5,North,Financing,No,Online
1046,180,14,2025-05-28,114659.41,22,West,Cash,Yes,Online
1047,94,19,2025-05-22,56142.19,3,North,Financing,Yes,Online
1048,121,96,2025-06-23,95865.9,5,East,Financing,No,Dealer
1049,114,83,2025-05-01,53332.88,23,North,Cash,Yes,Online
1050,155,97,2023-02-03,128758.74,6,North,Financing,No,Dealer
1051,142,92,2024-02-22,82909.23,27,East,Cash,No,Online
1052,70,12,2023-07-13,131523.07,17,South,Cash,No,Online
1053,57,51,2024-04-20,145828.11,6,North,Financing,No,Dealer
1054,168,83,2023-02-25,112184.83,13,South,Cash,No,Dealer
1055,50,35,2022-11-08,128369.83,4,East,Financing,Yes,Online
1056,73,21,2024-11-11,93172.6,18,South,Cash,No,Online
1057,142,26,2025-03-09,91351.2,21,South,Financing,Yes,Online
1058,145,62,2025-09-03,115237.31,2,North,Financing,Yes,Dealer
1059,193,37,2025-06-18,59959.99,13,East,Financing,No,Online
1060,180,87,2024-06-27,110509.27,4,North,Cash,Yes,Dealer
1061,123,76,2023-09-21,157565.37,28,East,Cash,Yes,Dealer
1062,21,81,2025-05-06,121201.88,3,South,Cash,Yes,Online
1063,129,67,2023-04-11,57709.87,24,East,Financing,Yes,Dealer
1064,75,47,2025-03-30,99939.07,20,West,Cash,No,Online
1065,54,79,2024-02-22,112171.44,20,South,Financing,Yes,Online
1066,37,99,2023-03-07,91971.36,28,North,Financing,Yes,Dealer
1067,81,22,2024-05-07,79409.35,30,North,Financing,No,Dealer
1068,23,10,2024-01-05,145600.25,6,West,Financing,No,Dealer
1069,196,57,2025-06-10,119001.24,21,North,Financing,Yes,Dealer
1070,74,52,2023-10-26,111212.75,14,South,Financing,No,Dealer
1071,96,11,2024-04-29,77930.73,22,West,Financing,Yes,Online
1072,190,32,2024-01-09,91330.58,23,North,Cash,Yes,Dealer
1073,97,21,2025-08-04,83043.89,19,North,Cash,No,Dealer
1074,172,12,2023-12-21,151710.18,12,West,Cash,Yes,Online
1075,188,14,2025-01-03,79436.88,30,West,Financing,Yes,Dealer
1076,85,9,2025-09-28,63656.63,11,West,Cash,No,Online
1077,72,59,2024-10-17,76761.5,2,West,Cash,Yes,Dealer
1078,146,5,2025-08-14,87889.13,20,North,Financing,No,Dealer
1079,55,7,2025-03-10,147405.13,7,West,Financing,No,Online
1080,22,19,2023-05-23,81680.94,3,North,Financing,No,Dealer
1081,135,28,2023-05-15,149513.59,22,South,Cash,Yes,Dealer
1082,88,97,2023-05-16,52657.88,10,East,Financing,No,Dealer
1083,138,89,2025-07-13,133413.36,26,West,Financing,No,Online
1084,144,77,2025-04-29,113900.31,7,South,Financing,No,Online
1085,39,59,2023-10-05,94955.86,30,East,Cash,No,Dealer
1086,134,93,2022-10-11,81679.19,1,South,Financing,Yes,Online
1087,56,96,2022-12-30,131919.86,7,South,Financing,Yes,Dealer
1088,54,25,2024-07-25,120955.62,22,North,Financing,No,Online
1089,78,40,2024-12-21,68488.46,17,North,Financing,No,Dealer
1090,106,46,2024-06-14,131548.33,12,West,Financing,Yes,Online
1091,118,55,2025-04-17,113393.5,12,South,Financing,No,Dealer
1092,169,89,2025-07-20,60091.77,22,East,Cash,Yes,Online
1093,23,84,2023-01-26,143649.1,1,West,Cash,No,Online
1094,163,57,2024-06-27,119032.79,17,North,Financing,No,Online
1095,58,100,2022-11-05,54080.82,15,North,Cash,No,Online
1096,90,60,2025-10-06,72535.19,14,West,Cash,No,Online
1097,130,37,2023-09-10,76120.85,9,East,Financing,No,Online
1098,2,54,2024-05-12,132581.37,2,South,Financing,No,Dealer
1099,44,74,2024-07-24,147556.2,14,West,Cash,No,Online
1100,148,55,2023-07-28,122150.19,5,West,Cash,No,Dealer
1101,133,21,2022-10-19,98304.59,14,South,Cash,No,Dealer
1102,142,21,2022-11-20,82226.32,11,North,Cash,No,Online
1103,161,99,2024-10-30,60672.52,19,North,Financing,Yes,Online
1104,117,82,2023-08-07,128315.28,21,South,Cash,Yes,Dealer
1105,50,69,2025-04-30,131178.5,27,West,Financing,Yes,Dealer
1106,22,19,2024-12-26,78580.9,21,North,Cash,No,Online
1107,28,19,2024-12-15,111899.93,10,South,Cash,Yes,Dealer
1108,93,27,2023-06-23,125098.99,13,North,Financing,Yes,Dealer
1109,161,10,2023-08-31,65670.15,7,West,Financing,No,Online
1110,47,39,2025-01-17,156202.43,1,North,Cash,No,Dealer
1111,124,79,2024-11-03,130349.36,20,South,Financing,Yes,Online
1112,156,4,2024-12-02,122863.31,18,South,Cash,No,Online
1113,56,4,2025-01-15,126419.0,11,North,Cash,No,Dealer
1114,124,26,2024-04-09,126599.27,3,East,Financing,No,Dealer
1115,132,52,2025-01-04,103011.01,30,South,Cash,No,Dealer
1116,27,75,2023-04-10,55488.45,26,East,Cash,Yes,Dealer
1117,111,58,2025-05-17,111950.91,14,East,Financing,Yes,Dealer
1118,110,26,2025-02-17,146980.22,19,North,Financing,Yes,Online
1119,131,33,2025-04-01,53493.62,19,East,Financing,Yes,Online
1120,47,42,2025-03-16,153769.02,14,East,Cash,Yes,Online
1121,169,48,2024-05-26,57496.21,12,East,Cash,Yes,Dealer
1122,177,2,2024-12-15,134639.64,23,West,Financing,Yes,Online
1123,99,37,2023-06-13,69917.8,20,South,Cash,No,Online
1124,147,83,2023-05-05,108511.67,14,West,Financing,No,Online
1125,51,7,2024-02-15,127113.23,26,North,Financing,No,Online
1126,32,58,2023-06-27,62248.3,6,West,Cash,Yes,Dealer
1127,5,83,2023-09-02,99496.16,26,North,Financing,No,Online
1128,104,5,2025-09-14,98237.68,29,North,Financing,Yes,Online
1129,121,13,2023-01-23,96602.43,27,East,Financing,No,Dealer
1130,103,11,2024-07-23,112320.45,18,West,Cash,No,Dealer
1131,179,59,2024-02-04,112939.52,16,North,Financing,Yes,Online
1132,58,7,2023-07-15,49829.78,27,North,Financing,No,Online
1133,44,12,2025-06-15,158379.19,7,East,Cash,Yes,Dealer
1134,12,15,2024-10-03,78587.14,2,North,Financing,No,Dealer
1135,70,90,2023-01-24,142249.26,6,West,Cash,Yes,Dealer
1136,38,97,2025-07-16,116893.55,19,West,Financing,Yes,Online
1137,148,62,2025-07-01,114604.1,22,East,Financing,No,Online
1138,24,34,2023-04-30,62489.46,25,North,Financing,Yes,Online
1139,178,10,2024-11-06,90084.12,3,North,Cash,Yes,Online
1140,120,50,2023-09-06,135489.23,7,East,Cash,No,Dealer
1141,182,59,2025-05-14,57907.79,21,North,Cash,Yes,Dealer
1142,99,58,2024-05-20,74279.21,28,South,Financing,Yes,Online
1143,72,55,2023-09-16,78337.09,6,North,Cash,No,Online
1144,191,15,2024-10-25,118200.84,8,West,Cash,No,Online
1145,122,85,2023-06-03,54952.22,17,East,Cash,Yes,Dealer
1146,111,28,2024-10-26,108729.51,5,West,Financing,Yes,Dealer
1147,70,48,2023-03-09,125086.43,4,West,Financing,Yes,Dealer
1148,49,52,2024-12-22,140582.17,6,West,Financing,Yes,Online
1149,166,32,2022-11-28,136177.44,4,North,Cash,No,Online
1150,17,69,2024-10-21,108689.1,4,West,Financing,No,Online
1151,57,94,2022-10-18,146990.17,27,East,Financing,Yes,Online
1152,53,45,2023-05-04,62317.82,21,East,Cash,Yes,Online
1153,129,90,2023-11-03,56612.71,20,East,Cash,Yes,Dealer
1154,175,9,2025-02-01,125003.06,6,West,Cash,Yes,Dealer
1155,110,43,2023-12-04,143124.49,1,East,Cash,Yes,Online
1156,153,46,2025-01-29,80350.31,16,West,Cash,No,Online
1157,12,3,2025-06-10,75704.02,19,East,Cash,Yes,Online
1158,199,13,2024-03-27,99595.15,4,East,Financing,No,Dealer
1159,140,33,2023-07-30,64063.37,22,East,Financing,Yes,Dealer
1160,78,91,2025-08-11,69180.98,11,West,Cash,No,Online
1161,38,53,2023-12-20,106087.56,28,South,Financing,No,Online
1162,63,74,2024-06-25,130429.66,24,West,Financing,Yes,Online
1163,50,49,2022-11-21,128440.25,21,East,Financing,Yes,Dealer
1164,174,45,2025-07-16,62655.75,29,West,Financing,No,Online
1165,11,75,2025-08-15,129706.72,17,North,Financing,No,Dealer
1166,74,15,2025-06-27,105674.42,1,South,Financing,Yes,Dealer
1167,160,72,2025-01-26,144204.24,22,West,Financing,Yes,Dealer
1168,4,59,2023-07-15,102675.83,2,North,Cash,No,Dealer
1169,2,56,2023-08-21,146044.93,12,North,Cash,No,Online
1170,90,37,2025-04-09,72044.53,26,South,Cash,No,Online
1171,188,26,2022-11-07,75359.61,14,North,Financing,Yes,Online
1172,122,46,2023-11-29,57859.92,8,West,Financing,No,Online
1173,67,39,2023-07-16,80115.01,20,West,Financing,Yes,Online
1174,65,18,2024-03-04,93230.83,14,East,Financing,Yes,Dealer
1175,146,81,2024-08-24,85065.13,15,West,Financing,Yes,Online
1176,135,57,2024-10-26,137517.32,23,East,Financing,No,Dealer
1177,120,54,2022-11-28,134965.59,14,North,Financing,Yes,Online
1178,158,39,2022-10-26,98816.72,26,East,Cash,No,Online
1179,194,51,2024-10-18,78016.46,5,North,Financing,No,Online
1180,22,8,2024-02-26,88554.27,9,North,Financing,Yes,Dealer
1181,145,62,2025-09-11,120352.5,23,North,Cash,Yes,Online
1182,133,19,2023-10-01,105933.99,18,West,Cash,Yes,Online
1183,78,81,2024-05-18,67531.76,10,North,Financing,Yes,Online
1184,18,1,2023-12-31,141598.46,5,North,Cash,Yes,Online
1185,27,61,2024-09-11,56006.44,1,West,Financing,Yes,Online
1186,77,52,2024-09-05,63373.28,16,South,Financing,No,Online
1187,111,19,2024-07-26,102666.9,21,South,Cash,Yes,Online
1188,122,62,2024-11-06,53630.71,10,North,Financing,No,Dealer
1189,101,50,2024-08-05,134620.89,23,West,Financing,No,Online
1190,8,37,2025-05-19,104289.73,15,West,Cash,No,Online
1191,166,84,2023-11-03,145271.54,29,West,Cash,No,Online
1192,120,93,2025-09-01,131303.14,15,South,Financing,Yes,Dealer
1193,181,68,2024-03-15,95514.16,13,South,Cash,No,Dealer
1194,118,92,2024-08-19,124014.87,28,East,Financing,No,Online
1195,166,62,2024-04-15,151617.37,13,South,Financing,Yes,Dealer
1196,151,75,2024-08-01,99288.36,12,West,Cash,Yes,Online
1197,188,21,2025-03-07,70036.67,8,North,Financing,No,Dealer
1198,195,30,2024-06-19,134439.96,25,South,Cash,Yes,Dealer
1199,194,54,2023-04-02,74095.27,30,East,Cash,Yes,Online
1200,114,98,2024-05-12,58318.85,12,North,Cash,No,Online
1201,179,58,2025-09-08,101688.74,13,South,Cash,No,Dealer
1202,113,87,2024-07-24,93513.94,10,South,Financing,Yes,Online
1203,150,4,2024-02-01,62779.05,21,North,Cash,Yes,Online
1204,2,47,2024-08-21,140777.77,25,North,Financing,Yes,Dealer
1205,49,27,2023-09-06,145321.28,19,East,Financing,Yes,Online
1206,113,55,2025-02-20,95661.46,21,North,Cash,Yes,Dealer
1207,26,16,2024-03-27,85995.76,16,East,Cash,Yes,Dealer
1208,65,50,2023-08-17,90572.64,23,South,Financing,Yes,Online
1209,133,79,2024-06-16,99521.65,17,North,Cash,No,Dealer
1210,168,4,2025-09-08,104520.41,2,East,Cash,No,Online
1211,36,27,2023-10-25,150414.01,18,East,Cash,Yes,Dealer
1212,19,73,2023-05-17,63693.18,29,North,Financing,Yes,Dealer
1213,154,95,2024-12-20,120604.16,20,West,Cash,No,Online
1214,27,5,2023-08-29,53465.45,16,East,Financing,No,Dealer
1215,59,3,2023-03-17,109388.59,30,South,Financing,Yes,Dealer
1216,14,50,2023-02-25,96516.51,25,South,Financing,No,Online
1217,30,57,2023-10-12,105493.17,4,East,Financing,Yes,Dealer
1218,112,8,2023-04-11,60905.42,8,North,Cash,No,Online
1219,4,93,2025-07-02,112006.58,8,North,Cash,Yes,Dealer
1220,47,37,2023-11-09,143478.43,2,South,Financing,Yes,Dealer
1221,123,85,2025-03-03,153279.7,4,North,Financing,Yes,Dealer
1222,181,95,2023-12-01,93336.58,27,South,Financing,No,Dealer
1223,200,71,2023-01-22,103686.64,10,South,Financing,No,Online
1224,14,45,2023-01-05,96999.86,29,West,Financing,Yes,Online
1225,36,67,2022-12-26,139646.97,8,South,Cash,No,Online
1226,10,31,2023-08-16,86899.06,23,West,Cash,Yes,Dealer
1227,9,35,2025-08-23,141873.26,9,East,Cash,Yes,Dealer
1228,157,50,2025-01-22,78772.05,16,West,Financing,No,Online
1229,58,27,2024-03-15,51196.78,13,West,Cash,No,Online
1230,139,98,2024-09-19,135745.51,12,East,Financing,Yes,Online
1231,88,93,2025-02-07,56361.32,27,West,Cash,Yes,Dealer
1232,185,87,2023-11-11,126218.36,10,West,Financing,No,Online
1233,98,60,2023-12-29,122013.46,24,South,Cash,Yes,Dealer
1234,175,36,2025-04-30,140558.98,3,East,Financing,No,Online
1235,158,36,2023-09-21,99208.95,12,East,Cash,Yes,Dealer
1236,146,85,2023-05-01,88653.25,11,South,Financing,No,Online
1237,113,2,2023-02-24,90826.47,15,East,Financing,Yes,Dealer
1238,15,75,2023-11-14,123637.28,3,East,Cash,No,Online
1239,67,99,2025-03-02,79697.9,26,West,Cash,Yes,Online
1240,38,80,2023-03-18,103324.71,21,North,Cash,Yes,Dealer
1241,149,41,2023-07-23,77886.7,2,South,Cash,No,Dealer
1242,5,87,2023-04-23,99515.36,28,East,Cash,Yes,Dealer
1243,28,10,2023-04-05,114984.75,17,North,Cash,Yes,Dealer
1244,147,48,2025-06-29,110685.8,27,West,Cash,No,Dealer
1245,37,4,2022-10-23,96089.24,11,East,Financing,No,Dealer
1246,121,38,2024-09-02,86160.1,20,East,Cash,No,Online
1247,152,4,2023-07-07,111625.28,4,East,Financing,Yes,Dealer
1248,150,5,2023-04-12,60768.47,22,West,Cash,Yes,Online
1249,145,65,2023-03-05,125752.25,19,West,Cash,Yes,Dealer
1250,169,68,2024-11-29,60123.05,17,East,Cash,No,Online
1251,85,32,2024-02-26,67711.31,26,East,Cash,No,Dealer
1252,192,15,2023-10-03,94044.45,23,West,Financing,Yes,Dealer
1253,144,65,2025-01-10,128767.37,3,West,Cash,No,Dealer
1254,59,73,2024-03-30,122597.14,27,South,Cash,No,Online
1255,156,34,2023-05-06,127963.25,26,East,Cash,Yes,Dealer
1256,108,65,2025-02-19,152796.18,5,South,Cash,No,Online
1257,43,16,2022-10-25,113348.04,14,West,Cash,Yes,Online
1258,111,4,2024-12-03,105013.91,23,North,Cash,No,Dealer
1259,91,17,2023-05-07,150681.77,13,South,Financing,Yes,Dealer
1260,87,76,2023-12-30,54145.42,20,North,Cash,No,Dealer
1261,105,81,2025-09-15,65741.24,15,West,Financing,No,Online
1262,188,24,2023-04-29,77328.2,24,North,Cash,Yes,Dealer
1263,173,84,2024-04-09,51841.6,15,West,Cash,No,Online
1264,60,39,2025-02-05,108185.14,16,West,Financing,No,Dealer
1265,82,97,2025-07-21,152784.56,6,North,Cash,No,Dealer
1266,148,79,2025-05-28,108043.09,11,East,Cash,Yes,Dealer
1267,71,63,2025-05-29,93969.48,15,South,Financing,No,Online
1268,60,86,2024-03-06,104941.52,9,South,Cash,Yes,Online
1269,139,69,2025-07-10,121890.23,26,West,Cash,No,Online
1270,73,74,2023-08-06,102224.29,14,South,Financing,No,Online
1271,184,91,2025-06-17,133382.6,30,West,Financing,No,Dealer
1272,23,18,2025-04-13,146033.89,9,North,Financing,Yes,Online
1273,187,10,2025-03-29,95617.03,11,East,Financing,No,Online
1274,181,89,2023-01-16,100804.78,11,North,Financing,Yes,Dealer
1275,49,72,2024-02-14,145525.42,22,North,Cash,Yes,Online
1276,151,49,2025-03-22,104436.17,28,South,Financing,No,Online
1277,125,24,2023-06-21,153363.41,24,South,Cash,Yes,Online
1278,1,56,2024-10-24,127085.57,3,South,Cash,Yes,Dealer
1279,177,34,2025-01-29,135678.82,20,South,Financing,No,Online
1280,77,30,2024-09-14,57391.3,29,West,Financing,No,Dealer
1281,140,62,2025-05-29,60400.2,10,North,Financing,No,Dealer
1282,84,32,2024-04-18,142624.57,22,South,Financing,No,Online
1283,89,90,2023-08-28,66111.58,13,West,Financing,No,Online
1284,8,38,2025-01-10,110549.59,9,West,Cash,No,Dealer
1285,173,41,2024-10-05,51934.31,14,West,Financing,No,Dealer
1286,14,35,2023-10-02,101564.28,16,East,Cash,No,Dealer
1287,105,29,2023-07-15,66995.13,19,South,Cash,No,Online
1288,155,70,2024-12-30,137177.07,1,North,Financing,Yes,Dealer
1289,91,99,2023-06-26,147594.64,25,North,Cash,No,Online
1290,41,69,2022-10-08,58235.89,13,South,Financing,Yes,Dealer
1291,85,53,2022-11-04,65664.11,7,South,Cash,Yes,Online
1292,194,68,2025-06-27,79157.9,4,West,Cash,Yes,Dealer
1293,78,4,2025-09-26,66693.07,8,South,Cash,No,Online
1294,97,84,2024-12-20,79737.15,13,East,Cash,Yes,Online
1295,130,93,2023-01-21,74883.77,23,West,Cash,Yes,Online
1296,25,95,2023-01-21,156524.73,19,South,Financing,No,Dealer
1297,132,96,2024-01-23,104733.01,1,West,Cash,Yes,Dealer
1298,168,74,2025-01-16,105124.15,16,West,Cash,Yes,Dealer
1299,144,36,2025-09-21,117571.02,16,South,Financing,Yes,Dealer
1300,187,51,2025-02-11,104544.74,12,North,Financing,Yes,Online
1301,102,99,2025-09-24,80778.75,8,West,Cash,No,Dealer
1302,37,81,2023-08-24,89006.38,3,South,Cash,No,Online
1303,22,19,2023-05-08,85916.07,13,West,Cash,Yes,Dealer
1304,65,53,2025-02-02,95751.6,10,South,Cash,No,Dealer
1305,2,35,2024-03-29,136626.23,23,West,Financing,No,Online
1306,83,60,2024-02-27,85490.01,23,North,Cash,No,Online
1307,97,17,2024-05-27,78286.99,25,North,Cash,Yes,Dealer
1308,30,5,2025-01-31,98592.59,29,South,Financing,Yes,Dealer
1309,103,2,2024-09-04,101938.0,10,East,Financing,No,Dealer
1310,145,84,2024-12-29,116925.2,6,South,Financing,No,Dealer
1311,119,27,2023-06-11,140774.46,30,South,Cash,No,Online
1312,82,54,2025-07-23,135944.47,6,North,Cash,No,Online
1313,52,89,2023-12-10,144697.27,4,East,Cash,Yes,Dealer
1314,153,21,2023-07-25,77646.92,3,South,Financing,Yes,Online
1315,71,37,2025-07-09,103827.62,27,West,Financing,No,Dealer
1316,66,72,2024-02-11,123175.7,18,South,Cash,Yes,Online
1317,188,28,2023-09-22,70927.5,9,North,Cash,No,Dealer
1318,148,99,2024-03-22,116318.37,28,East,Financing,Yes,Online
1319,1,30,2024-06-25,119648.31,7,South,Cash,Yes,Dealer
1320,1,42,2024-08-03,134632.87,3,North,Cash,No,Dealer
1321,171,61,2025-08-29,71264.64,11,North,Cash,No,Dealer
1322,199,50,2025-02-12,102143.96,23,East,Financing,Yes,Online
1323,43,82,2022-12-29,113594.79,27,South,Financing,No,Dealer
1324,178,33,2024-05-08,79583.38,22,West,Financing,Yes,Online
1325,94,60,2022-10-28,59769.24,25,West,Cash,Yes,Dealer
1326,96,23,2022-11-07,81793.86,30,North,Cash,No,Dealer
1327,135,25,2024-10-10,143164.17,1,East,Cash,No,Dealer
1328,129,2,2024-12-17,54919.09,20,East,Financing,No,Online
1329,179,91,2023-06-01,103905.34,9,North,Cash,No,Dealer
1330,126,23,2024-11-01,88538.22,16,North,Cash,No,Online
1331,157,92,2024-01-14,87288.8,5,South,Cash,Yes,Dealer
1332,31,8,2023-01-10,89327.21,15,North,Financing,Yes,Dealer
1333,50,84,2025-08-26,140993.06,20,East,Financing,Yes,Dealer
1334,133,2,2025-04-08,100883.44,22,North,Cash,Yes,Online
1335,187,35,2024-05-23,95850.66,3,North,Financing,Yes,Dealer
1336,45,82,2025-06-02,148624.98,24,North,Financing,No,Dealer
1337,31,44,2024-05-16,88439.11,15,North,Financing,Yes,Online
1338,24,24,2025-06-16,60511.75,24,East,Cash,Yes,Online
1339,56,82,2024-08-06,132704.58,12,South,Financing,Yes,Online
1340,80,7,2024-01-15,93918.71,13,South,Financing,Yes,Dealer
1341,106,29,2025-06-21,119793.41,27,South,Cash,No,Dealer
1342,179,57,2025-04-10,101047.07,9,East,Financing,No,Dealer
1343,162,88,2024-09-23,114613.67,27,West,Cash,Yes,Dealer
1344,89,83,2024-11-04,65897.4,26,East,Cash,No,Dealer
1345,24,66,2023-12-03,61683.43,25,South,Financing,No,Online
1346,30,67,2024-09-24,101611.73,22,West,Cash,No,Dealer
1347,96,73,2024-06-27,80762.06,13,North,Financing,Yes,Dealer
1348,3,21,2023-04-27,74828.44,14,East,Cash,Yes,Dealer
1349,79,21,2024-10-06,94415.9,15,North,Financing,No,Dealer
1350,188,52,2024-01-19,78070.41,16,East,Financing,No,Dealer
1351,174,52,2024-02-04,59919.33,10,South,Cash,No,Dealer
1352,199,35,2024-09-21,101037.75,19,North,Cash,Yes,Dealer
1353,153,90,2023-09-26,75881.21,17,South,Cash,No,Online
1354,24,40,2025-01-13,66915.74,26,East,Financing,No,Online
1355,118,1,2025-07-04,112881.35,22,South,Financing,No,Online
1356,48,31,2025-07-24,75728.61,28,North,Cash,Yes,Dealer
1357,2,62,2023-12-30,139455.57,6,West,Financing,Yes,Dealer
1358,172,49,2025-03-13,151656.77,27,South,Cash,No,Online
1359,82,98,2023-10-21,135591.74,30,East,Financing,No,Dealer
1360,137,10,2025-05-20,106272.39,12,North,Cash,Yes,Online
1361,95,47,2025-05-04,116422.27,11,North,Financing,Yes,Online
1362,36,64,2024-06-05,134162.9,7,East,Financing,Yes,Dealer
1363,99,84,2024-07-24,72198.75,6,East,Financing,No,Dealer
1364,9,34,2024-06-20,133495.58,14,West,Cash,No,Online
1365,89,88,2024-09-16,60443.53,24,West,Cash,Yes,Dealer
1366,33,74,2025-03-14,95582.16,17,West,Cash,No,Dealer
1367,109,99,2024-04-16,136646.45,2,East,Cash,No,Dealer
1368,200,61,2025-05-18,96000.34,23,East,Cash,Yes,Dealer
1369,137,98,2023-11-14,112223.53,13,North,Cash,Yes,Dealer
1370,182,76,2024-02-17,58297.1,9,West,Financing,Yes,Dealer
1371,73,6,2025-05-18,104189.19,4,West,Financing,Yes,Dealer
1372,65,55,2025-06-25,94864.79,11,North,Financing,Yes,Dealer
1373,92,54,2023-09-29,121087.33,1,East,Cash,Yes,Dealer
1374,188,5,2023-05-22,77031.11,18,South,Cash,Yes,Online
1375,33,94,2025-05-31,99124.23,5,West,Financing,No,Dealer
1376,177,80,2023-10-19,146561.32,8,West,Cash,Yes,Dealer
1377,96,5,2023-05-08,80196.61,5,North,Financing,Yes,Dealer
1378,164,96,2024-04-15,146561.17,10,North,Cash,No,Online
1379,111,15,2024-03-17,105413.08,26,East,Financing,Yes,Online
1380,96,74,2022-12-20,75643.76,16,West,Financing,Yes,Dealer
1381,129,86,2023-09-25,57675.65,2,South,Financing,No,Online
1382,105,27,2022-11-13,66125.54,1,South,Financing,No,Dealer
1383,154,82,2025-01-30,106784.41,11,South,Cash,No,Online
1384,17,79,2025-01-07,116134.34,10,West,Financing,No,Dealer
1385,122,72,2023-01-30,54063.96,1,East,Financing,No,Online
1386,119,96,2022-12-13,138249.04,16,South,Financing,No,Dealer
1387,9,85,2024-11-05,141526.31,28,North,Financing,No,Online
1388,54,96,2025-03-10,117321.0,17,East,Financing,No,Dealer
1389,8,20,2025-03-16,111801.19,20,East,Financing,No,Online
1390,193,37,2024-06-08,62099.49,18,South,Financing,Yes,Dealer
1391,156,16,2025-02-16,130067.51,4,South,Cash,No,Online
1392,41,99,2024-03-16,59245.15,25,West,Financing,No,Online
1393,108,77,2024-10-16,147121.44,9,East,Cash,No,Dealer
1394,58,52,2023-05-14,55692.98,16,East,Financing,Yes,Online
1395,103,37,2023-11-04,108497.17,1,East,Financing,Yes,Online
1396,99,75,2023-08-24,72117.45,21,West,Financing,Yes,Online
1397,159,29,2024-06-14,135830.06,5,North,Financing,Yes,Dealer
1398,157,32,2024-12-22,85598.16,6,West,Cash,No,Online
1399,191,77,2023-02-07,132595.31,29,West,Cash,Yes,Dealer
1400,95,93,2023-03-29,111957.03,28,West,Cash,No,Online
1401,76,9,2024-04-16,119498.8,29,West,Financing,Yes,Dealer
1402,62,23,2022-10-15,77361.49,15,North,Financing,Yes,Online
1403,119,93,2023-09-23,133944.5,3,North,Financing,No,Dealer
1404,19,54,2023-06-11,66200.74,9,North,Cash,No,Dealer
1405,186,8,2023-12-13,117936.38,10,North,Financing,No,Dealer
1406,110,16,2023-07-31,142431.35,4,East,Cash,Yes,Dealer
1407,106,85,2022-12-10,118943.02,11,South,Financing,Yes,Dealer
1408,25,43,2024-07-21,154352.26,21,West,Financing,Yes,Dealer
1409,88,38,2023-07-15,54928.08,23,West,Financing,No,Online
1410,195,18,2023-07-02,129041.64,5,North,Cash,No,Dealer
1411,183,38,2023-06-17,155349.95,10,South,Financing,No,Dealer
1412,173,38,2023-02-12,54655.51,5,South,Cash,No,Dealer
1413,66,82,2024-08-07,112339.76,8,South,Financing,Yes,Online
1414,67,47,2024-01-15,82500.78,24,West,Financing,Yes,Dealer
1415,165,20,2025-02-14,95786.38,19,East,Financing,No,Dealer
1416,166,22,2023-03-08,142529.37,28,South,Financing,No,Online
1417,172,9,2024-09-28,146331.6,11,South,Cash,Yes,Dealer
1418,156,100,2024-02-27,137674.0,24,South,Financing,No,Dealer
1419,146,82,2023-08-18,78466.47,30,South,Cash,No,Online
1420,103,81,2024-06-20,115123.98,4,North,Financing,Yes,Online
1421,115,73,2023-10-06,64864.4,17,East,Cash,Yes,Online
1422,177,92,2025-07-14,131579.14,15,East,Financing,Yes,Online
1423,188,9,2025-01-11,78822.39,29,East,Cash,Yes,Online
1424,63,75,2025-04-22,128304.38,25,West,Cash,Yes,Dealer
1425,163,10,2024-06-25,117260.79,7,West,Cash,No,Online
1426,26,70,2025-08-02,85791.65,19,West,Financing,Yes,Dealer
1427,29,93,2024-04-27,79124.14,29,South,Financing,Yes,Dealer
1428,194,53,2024-11-15,76485.39,20,South,Financing,No,Dealer
1429,166,39,2025-01-15,149637.04,9,South,Financing,No,Dealer
1430,161,57,2024-07-14,68381.76,4,South,Financing,Yes,Dealer
1431,131,61,2024-12-27,51536.72,16,North,Financing,No,Online
1432,114,44,2022-10-12,58994.71,21,South,Cash,Yes,Online
1433,55,40,2023-01-10,135888.47,17,West,Cash,No,Online
1434,147,87,2025-08-27,102968.64,5,South,Financing,Yes,Online
1435,157,85,2023-10-04,82577.02,6,West,Financing,No,Online
1436,68,61,2024-11-26,101565.56,30,East,Financing,Yes,Dealer
1437,86,94,2024-02-28,102571.43,12,East,Financing,No,Dealer
1438,145,51,2023-03-24,121902.2,25,West,Cash,No,Dealer
1439,166,18,2023-04-22,147554.51,15,North,Cash,Yes,Dealer
1440,76,48,2024-03-02,124961.98,1,West,Financing,Yes,Online
1441,159,65,2025-01-26,140656.33,15,North,Cash,Yes,Online
1442,84,93,2025-04-19,153527.48,16,West,Cash,No,Dealer
1443,64,36,2025-07-22,84477.7,20,North,Cash,Yes,Dealer
1444,71,69,2025-01-16,97043.41,12,East,Cash,No,Online
1445,192,10,2024-09-19,104574.59,11,West,Cash,Yes,Dealer
1446,147,26,2023-10-13,99322.02,18,South,Financing,No,Dealer
1447,177,3,2025-03-03,143597.11,5,North,Financing,No,Dealer
1448,192,28,2022-10-22,95191.98,6,South,Financing,No,Dealer
1449,51,87,2023-09-20,122739.6,23,North,Cash,Yes,Dealer
1450,110,51,2023-09-29,149913.61,26,North,Cash,No,Online
1451,145,56,2024-03-11,131701.83,2,East,Financing,No,Dealer
1452,163,9,2023-08-16,110327.6,24,North,Cash,Yes,Online
1453,147,60,2023-08-17,108017.36,20,South,Cash,No,Dealer
1454,120,58,2023-08-16,143293.54,29,South,Financing,Yes,Online
1455,166,74,2023-04-17,141049.96,11,West,Cash,No,Dealer
1456,2,80,2024-03-21,140400.22,27,North,Cash,No,Dealer
1457,39,34,2025-01-03,96060.65,28,East,Financing,Yes,Dealer
1458,184,74,2022-12-27,121194.77,5,South,Cash,No,Online
1459,26,4,2024-10-04,90860.91,18,North,Cash,No,Online
1460,84,41,2025-08-20,138514.34,30,South,Cash,No,Online
1461,109,35,2023-08-29,149687.58,8,South,Financing,Yes,Online
1462,113,16,2023-03-14,103815.39,27,North,Financing,Yes,Dealer
1463,13,58,2022-12-10,57178.07,15,South,Financing,Yes,Online
1464,45,65,2025-05-02,143160.48,30,North,Cash,Yes,Online
1465,126,95,2025-07-07,83644.04,20,East,Financing,Yes,Online
1466,24,65,2024-07-05,64202.56,12,North,Financing,Yes,Online
1467,98,54,2023-10-14,121496.42,13,North,Financing,No,Dealer
1468,17,56,2025-06-12,114881.77,28,South,Cash,No,Dealer
1469,5,36,2023-10-15,96607.32,24,East,Cash,Yes,Online
1470,46,73,2024-08-08,77779.34,1,South,Cash,No,Online
1471,16,77,2023-01-09,97510.98,26,East,Financing,No,Online
1472,108,23,2023-11-30,160763.56,6,South,Cash,No,Online
1473,42,4,2025-09-19,140688.95,16,West,Financing,No,Dealer
1474,8,4,2025-08-10,102808.97,11,West,Cash,Yes,Dealer
1475,12,70,2023-01-18,76594.07,13,South,Cash,Yes,Online
1476,90,29,2024-04-16,67645.86,3,North,Cash,No,Dealer
1477,107,69,2024-01-24,83519.31,15,North,Financing,No,Dealer
1478,66,17,2025-02-01,123436.62,11,East,Cash,No,Dealer
1479,192,74,2025-08-29,92396.35,7,South,Cash,Yes,Online
1480,191,13,2024-10-10,125409.33,23,North,Cash,Yes,Dealer
1481,48,94,2023-01-22,76861.48,22,West,Financing,Yes,Dealer
1482,109,48,2023-03-17,133398.59,22,North,Financing,Yes,Online
1483,47,2,2024-05-02,150396.19,5,South,Cash,No,Dealer
1484,3,74,2024-05-12,74920.2,16,East,Cash,No,Dealer
1485,55,59,2024-01-10,135016.91,20,West,Cash,No,Dealer
1486,87,24,2022-11-03,51997.93,9,West,Financing,Yes,Dealer
1487,196,67,2024-01-20,104882.7,9,East,Financing,Yes,Online
1488,25,30,2024-03-29,157347.51,15,North,Financing,Yes,Dealer
1489,79,58,2023-08-24,94505.38,14,North,Cash,No,Online
1490,37,88,2025-03-25,98428.29,8,South,Financing,Yes,Online
1491,137,47,2024-08-07,102254.86,18,South,Financing,Yes,Online
1492,175,22,2024-02-21,133571.55,21,South,Cash,No,Online
1493,72,7,2022-10-28,73987.35,13,West,Financing,No,Dealer
1494,35,93,2024-03-13,135512.43,10,East,Financing,Yes,Online
1495,16,97,2024-06-16,96474.9,14,West,Cash,Yes,Dealer
1496,41,83,2025-07-19,54441.04,14,South,Cash,No,Online
1497,58,36,2023-10-20,56759.76,5,North,Cash,Yes,Dealer
1498,37,87,2024-08-07,98216.09,9,North,Cash,No,Online
1499,198,81,2024-03-30,51822.28,20,West,Financing,Yes,Dealer
1500,40,10,2023-04-20,120108.81,29,East,Financing,Yes,Dealer
1501,66,15,2023-03-28,120083.94,21,South,Financing,No,Online
1502,134,14,2022-12-08,81783.68,3,East,Cash,No,Dealer
1503,108,8,2023-05-28,142384.23,21,East,Financing,No,Dealer
1504,108,86,2024-06-07,145614.24,27,East,Cash,Yes,Online
1505,183,63,2024-10-22,147687.01,8,South,Financing,No,Online
1506,200,91,2024-10-14,99248.25,16,West,Financing,Yes,Online
1507,152,83,2023-02-24,111088.05,4,North,Cash,No,Dealer
1508,101,92,2025-08-14,120278.0,24,West,Financing,Yes,Dealer
1509,161,96,2025-01-01,63279.89,25,North,Cash,Yes,Online
1510,162,43,2024-04-04,116760.14,4,West,Cash,No,Dealer
1511,92,88,2023-05-30,119401.57,12,South,Financing,No,Online
1512,84,59,2023-10-26,154571.73,23,East,Cash,Yes,Dealer
1513,190,52,2023-08-28,85296.45,25,South,Financing,Yes,Dealer
1514,91,79,2024-04-22,151601.92,18,South,Financing,No,Online
1515,185,12,2022-12-23,118277.79,21,West,Cash,No,Online
1516,68,91,2023-03-19,94422.44,16,West,Financing,Yes,Online
1517,83,3,2023-09-04,81812.63,4,East,Financing,Yes,Dealer
1518,159,90,2025-09-28,127787.78,3,North,Financing,No,Online
1519,184,44,2024-06-03,124259.9,18,South,Financing,Yes,Dealer
1520,158,73,2023-06-30,100036.77,3,South,Financing,Yes,Online
1521,141,20,2023-04-06,56631.63,22,North,Financing,Yes,Online
1522,63,29,2025-04-02,129540.64,15,South,Cash,Yes,Dealer
1523,63,3,2022-12-13,128878.68,28,West,Financing,Yes,Dealer
1524,48,67,2024-07-31,78002.73,19,West,Financing,No,Dealer
1525,111,48,2024-09-08,116857.65,12,South,Financing,No,Online
1526,178,18,2025-07-31,88705.18,11,South,Cash,Yes,Dealer
1527,138,41,2024-07-30,146696.4,4,South,Financing,Yes,Dealer
1528,69,74,2024-08-25,75085.19,27,West,Financing,No,Online
1529,44,3,2025-05-25,152193.43,18,North,Financing,No,Online
1530,17,88,2023-01-21,105234.64,12,East,Financing,Yes,Dealer
1531,111,91,2023-11-01,117547.41,25,West,Cash,No,Dealer
1532,138,90,2023-03-28,136371.13,22,South,Financing,Yes,Dealer
1533,2,79,2023-07-12,147127.91,2,East,Cash,Yes,Online
1534,136,53,2024-12-03,76262.69,24,South,Cash,Yes,Online
1535,8,84,2024-12-09,110347.39,30,North,Financing,Yes,Online
1536,104,74,2025-10-06,104182.8,23,West,Financing,No,Dealer
1537,36,44,2023-09-21,135248.72,6,East,Cash,No,Dealer
1538,128,12,2024-07-06,81428.02,6,South,Cash,No,Online
1539,87,58,2025-03-27,50073.96,25,East,Cash,Yes,Online
1540,175,48,2024-10-22,124642.05,4,North,Cash,No,Dealer
1541,79,4,2024-02-18,99333.77,26,East,Cash,Yes,Online
1542,163,80,2023-07-11,112156.4,16,South,Financing,Yes,Online
1543,154,48,2022-10-29,108109.24,19,West,Cash,Yes,Dealer
1544,8,80,2023-11-30,117463.05,2,North,Financing,No,Online
1545,90,88,2025-08-01,69350.96,6,South,Cash,No,Online
1546,155,20,2022-11-10,136606.79,20,West,Financing,No,Online
1547,172,71,2025-05-22,148864.53,3,East,Cash,Yes,Dealer
1548,49,52,2023-12-17,135798.38,2,West,Cash,Yes,Dealer
1549,135,73,2025-03-11,145564.56,19,West,Cash,No,Dealer
1550,35,58,2025-02-12,139742.06,25,West,Financing,No,Dealer
1551,22,63,2025-02-13,84367.7,1,East,Financing,No,Dealer
1552,128,99,2022-10-10,87730.23,10,North,Cash,Yes,Online
1553,79,76,2024-07-20,99266.96,24,South,Financing,Yes,Online
1554,13,39,2023-01-18,55386.6,13,North,Financing,Yes,Dealer
1555,175,90,2023-08-02,138869.24,2,North,Financing,Yes,Online
1556,183,41,2024-04-11,150424.48,3,West,Cash,Yes,Online
1557,98,27,2024-03-11,116963.28,29,East,Cash,Yes,Dealer
1558,46,50,2025-04-12,78988.21,27,West,Cash,Yes,Online
1559,154,32,2023-03-03,116272.81,20,West,Financing,Yes,Dealer
1560,105,89,2023-01-17,62722.67,1,West,Financing,No,Online
1561,200,63,2023-10-09,99816.31,9,West,Cash,No,Online
1562,170,89,2023-08-06,71425.64,8,North,Cash,Yes,Dealer
1563,18,24,2023-10-27,135956.42,18,East,Financing,No,Dealer
1564,73,73,2025-03-19,93201.93,9,North,Financing,Yes,Online
1565,143,64,2023-03-15,140915.91,7,North,Financing,No,Online
1566,29,30,2024-10-30,83683.52,2,South,Cash,Yes,Online
1567,112,79,2025-08-19,62817.14,12,South,Financing,Yes,Online
1568,197,27,2024-08-07,50651.34,24,North,Cash,No,Dealer
1569,45,45,2025-04-27,135338.14,15,North,Financing,No,Online
1570,75,65,2023-07-06,91171.4,3,South,Financing,No,Online
1571,113,9,2024-12-30,93803.08,27,East,Cash,Yes,Dealer
1572,15,15,2025-08-11,119684.61,22,North,Cash,No,Dealer
1573,10,19,2024-04-25,82582.28,29,South,Cash,No,Online
1574,145,8,2025-06-15,121367.73,27,North,Cash,Yes,Online
1575,6,84,2023-04-09,64840.5,27,West,Financing,No,Dealer
1576,192,31,2023-10-23,97613.69,22,East,Financing,No,Dealer
1577,40,59,2023-07-24,118473.67,18,South,Cash,No,Online
1578,100,33,2024-11-08,49691.14,29,North,Financing,No,Online
1579,11,59,2024-11-19,129869.89,14,South,Financing,Yes,Dealer
1580,54,52,2023-07-08,126325.59,14,West,Financing,No,Dealer
1581,119,47,2022-12-03,140686.45,11,West,Cash,Yes,Online
1582,56,92,2023-06-18,134814.93,7,East,Financing,No,Dealer
1583,165,40,2025-05-13,89657.65,7,West,Cash,No,Dealer
1584,199,80,2023-11-13,95788.4,14,South,Financing,Yes,Dealer
1585,133,56,2023-08-03,108970.68,6,North,Cash,No,Online
1586,70,96,2024-02-12,135164.53,22,South,Financing,Yes,Online
1587,106,41,2024-05-07,120848.76,15,South,Financing,No,Online
1588,174,13,2023-11-01,60156.52,26,North,Cash,Yes,Dealer
1589,24,41,2023-11-11,68197.48,30,South,Cash,Yes,Dealer
1590,17,47,2025-06-09,119112.43,20,West,Financing,No,Online
1591,75,39,2024-12-12,99193.74,4,South,Cash,Yes,Dealer
1592,31,69,2024-06-25,89081.31,30,South,Financing,No,Online
1593,30,85,2023-01-02,105668.81,5,North,Cash,Yes,Dealer
1594,122,49,2025-07-15,52667.13,16,North,Financing,No,Online
1595,115,3,2022-11-08,71750.02,16,East,Financing,Yes,Dealer
1596,18,23,2025-02-11,142011.6,5,West,Cash,Yes,Online
1597,163,42,2023-02-21,121273.72,10,North,Financing,No,Online
1598,160,76,2023-08-11,162609.43,14,East,Financing,Yes,Dealer
1599,134,4,2024-10-15,74208.36,16,South,Cash,Yes,Dealer
1600,68,58,2023-04-08,94237.71,14,East,Financing,Yes,Dealer
1601,142,5,2023-04-26,90632.2,5,North,Cash,No,Dealer
1602,52,61,2025-07-09,141552.44,13,East,Financing,No,Dealer
1603,132,55,2023-08-27,111127.44,14,South,Financing,No,Online
1604,126,37,2025-07-11,80205.59,9,West,Cash,No,Online
1605,6,17,2022-11-18,63509.09,26,South,Cash,Yes,Dealer
1606,17,20,2025-01-21,117339.73,19,North,Cash,Yes,Online
1607,189,44,2023-10-23,57168.88,28,North,Cash,No,Dealer
1608,171,14,2025-04-09,69325.34,20,South,Cash,Yes,Online
1609,24,92,2024-07-03,59733.4,3,South,Cash,Yes,Online
1610,100,42,2024-11-24,52514.96,21,West,Cash,No,Online
1611,121,37,2023-06-11,94891.9,24,North,Financing,Yes,Online
1612,21,23,2023-08-15,109731.41,7,South,Cash,Yes,Online
1613,48,42,2025-09-17,84865.39,25,South,Financing,No,Dealer
1614,130,82,2023-05-12,69141.39,10,East,Financing,Yes,Online
1615,168,88,2024-06-15,103633.72,9,South,Cash,Yes,Online
1616,127,45,2023-04-29,123226.54,29,West,Cash,No,Online
1617,191,87,2022-11-04,123818.9,3,East,Cash,No,Dealer
1618,116,46,2022-11-24,127458.34,24,East,Financing,No,Dealer
1619,81,70,2023-08-30,78147.67,24,South,Cash,No,Dealer
1620,120,60,2023-02-06,144145.8,11,West,Financing,No,Dealer
1621,40,19,2025-05-27,116356.55,24,West,Cash,Yes,Dealer
1622,98,81,2024-07-29,112133.81,5,North,Financing,Yes,Online
1623,152,24,2025-03-10,103357.67,7,West,Financing,Yes,Dealer
1624,87,26,2023-01-06,53215.93,1,South,Financing,No,Online
1625,49,63,2023-01-11,143213.85,20,West,Financing,Yes,Dealer
1626,171,8,2023-04-26,78340.54,12,North,Financing,No,Dealer
1627,37,31,2025-04-04,100746.33,17,South,Financing,No,Online
1628,79,81,2024-02-14,91558.8,6,East,Financing,Yes,Online
1629,136,37,2025-01-05,82880.22,11,South,Financing,No,Online
1630,5,58,2024-07-09,93419.33,12,South,Financing,Yes,Dealer
1631,163,61,2025-05-02,113856.27,26,East,Financing,Yes,Online
1632,83,81,2025-03-26,91612.23,19,South,Cash,Yes,Dealer
1633,145,61,2025-07-08,114719.91,29,North,Financing,Yes,Dealer
1634,21,68,2023-03-10,113048.8,16,East,Cash,No,Dealer
1635,200,25,2023-01-29,102261.04,26,South,Financing,Yes,Dealer
1636,64,29,2024-02-23,77359.26,21,East,Financing,Yes,Dealer
1637,82,63,2023-04-20,145472.41,11,South,Cash,Yes,Dealer
1638,188,8,2023-02-02,78622.39,24,East,Cash,No,Dealer
1639,180,2,2024-01-09,109343.09,10,South,Financing,Yes,Online
1640,167,83,2025-06-13,88203.27,25,East,Financing,Yes,Dealer
1641,161,49,2025-04-22,60709.28,18,West,Financing,Yes,Dealer
1642,117,36,2025-08-23,127028.82,7,West,Financing,Yes,Online
1643,83,3,2023-06-07,80089.79,4,East,Financing,No,Online
1644,81,93,2023-07-30,82458.28,13,West,Financing,No,Online
1645,84,79,2025-06-05,149708.45,27,East,Financing,Yes,Online
1646,186,92,2023-07-30,106715.57,23,North,Cash,Yes,Online
1647,27,67,2023-06-21,56845.8,6,South,Cash,No,Dealer
1648,87,11,2024-10-08,52018.11,14,North,Financing,No,Online
1649,135,54,2023-04-12,147375.4,21,South,Cash,Yes,Dealer
1650,41,15,2022-10-07,58654.47,25,East,Cash,Yes,Online
1651,166,88,2025-05-16,132117.74,18,South,Financing,Yes,Online
1652,57,98,2025-04-12,148425.63,8,South,Financing,No,Dealer
1653,194,82,2024-09-23,77933.84,22,East,Financing,Yes,Dealer
1654,141,9,2024-11-10,50505.03,2,North,Cash,Yes,Dealer
1655,2,45,2023-12-22,133940.78,23,East,Cash,No,Online
1656,39,69,2022-10-09,106204.27,1,East,Financing,No,Dealer
1657,41,26,2023-11-13,56194.82,25,East,Cash,No,Dealer
1658,101,16,2023-03-22,124911.5,21,North,Financing,No,Online
1659,48,15,2022-11-30,77861.8,2,North,Cash,Yes,Dealer
1660,177,87,2023-09-23,145912.13,7,East,Financing,No,Online
1661,166,81,2025-07-02,143394.07,8,East,Cash,Yes,Dealer
1662,4,28,2025-09-12,102105.19,27,East,Cash,No,Dealer
1663,185,42,2023-07-11,128424.69,15,South,Financing,No,Dealer
1664,171,32,2025-08-29,74634.75,3,North,Cash,Yes,Online
1665,71,1,2024-08-30,97142.81,10,South,Cash,Yes,Dealer
1666,56,83,2023-11-05,142678.22,7,East,Cash,No,Dealer
1667,168,3,2023-07-18,111294.79,10,North,Financing,Yes,Dealer
1668,117,27,2024-09-17,130874.34,4,North,Financing,Yes,Online
1669,29,12,2024-03-29,76697.17,24,East,Financing,Yes,Dealer
1670,17,94,2025-03-28,106679.96,23,North,Financing,No,Online
1671,10,64,2023-06-25,91904.63,14,West,Cash,Yes,Online
1672,169,9,2023-02-02,63986.9,25,East,Financing,Yes,Dealer
1673,7,86,2024-02-08,68385.88,9,South,Cash,No,Online
1674,167,6,2023-06-10,90054.74,28,West,Financing,Yes,Online
1675,74,47,2024-11-25,107207.54,3,West,Financing,Yes,Dealer
1676,169,48,2025-02-10,61099.37,24,South,Financing,No,Dealer
1677,45,75,2024-05-17,138889.6,13,East,Financing,Yes,Dealer
1678,173,70,2025-08-12,51694.51,14,West,Cash,No,Online
1679,86,46,2024-02-28,97377.73,21,South,Cash,No,Online
1680,154,44,2023-11-24,115677.73,18,South,Cash,Yes,Dealer
1681,21,54,2024-10-21,107213.24,29,North,Cash,Yes,Dealer
1682,141,86,2025-09-22,54676.15,6,East,Financing,Yes,Dealer
1683,188,48,2025-10-04,79190.5,18,West,Cash,No,Dealer
1684,177,97,2025-09-11,132556.96,4,West,Cash,Yes,Online
1685,130,14,2025-08-19,68361.47,16,North,Financing,Yes,Dealer
1686,78,27,2024-02-09,66757.16,18,South,Cash,Yes,Online
1687,76,16,2024-04-11,122405.89,7,North,Cash,No,Dealer
1688,31,55,2023-04-27,89636.13,12,North,Financing,No,Dealer
1689,96,27,2023-04-17,78107.81,10,West,Cash,No,Online
1690,128,41,2025-08-25,78594.33,12,West,Financing,Yes,Dealer
1691,177,76,2023-10-06,145790.55,20,West,Cash,No,Online
1692,125,98,2023-04-23,144159.49,29,East,Cash,Yes,Online
1693,186,92,2024-02-18,119762.76,21,West,Financing,No,Online
1694,155,61,2025-02-12,125360.71,2,West,Cash,No,Online
1695,3,88,2023-05-11,76124.52,5,North,Financing,Yes,Online
1696,119,36,2023-08-05,145736.43,23,North,Financing,Yes,Dealer
1697,45,58,2024-11-07,148861.75,10,North,Financing,No,Dealer
1698,29,88,2024-01-01,85265.43,5,North,Cash,No,Dealer
1699,64,1,2025-08-06,86792.79,13,South,Financing,Yes,Dealer
1700,47,29,2024-04-13,155380.67,11,West,Cash,No,Online
1701,26,22,2023-11-17,84704.31,5,North,Financing,No,Dealer
1702,179,56,2025-08-06,110733.83,1,East,Cash,No,Dealer
1703,9,36,2025-03-13,141238.69,14,West,Cash,Yes,Online
1704,68,86,2025-04-08,96174.6,12,South,Cash,Yes,Online
1705,42,12,2024-06-21,140316.95,19,South,Financing,No,Dealer
1706,123,9,2024-04-25,153272.52,26,West,Cash,Yes,Online
1707,52,19,2024-05-17,136178.58,10,West,Cash,No,Online
1708,131,2,2024-04-24,54403.97,4,East,Cash,No,Online
1709,82,32,2022-10-16,142864.47,28,South,Cash,No,Dealer
1710,123,28,2025-02-09,142662.45,4,North,Cash,Yes,Online
1711,195,9,2024-08-01,128883.62,16,North,Cash,Yes,Dealer
1712,161,47,2023-04-10,66985.67,8,West,Cash,No,Online
1713,83,100,2023-11-08,79779.28,13,East,Financing,No,Online
1714,192,17,2022-10-25,99392.24,16,West,Cash,Yes,Dealer
1715,128,99,2024-07-01,83554.98,3,North,Financing,Yes,Online
1716,181,100,2025-01-17,99139.66,5,North,Financing,No,Dealer
1717,72,60,2023-07-17,79682.34,21,East,Financing,No,Dealer
1718,121,66,2024-01-04,90965.1,16,South,Financing,No,Online
1719,178,63,2024-06-25,84670.19,11,North,Financing,No,Dealer
1720,74,77,2025-06-05,101481.56,17,East,Cash,Yes,Dealer
1721,79,25,2024-11-12,91509.64,27,West,Financing,No,Dealer
1722,172,85,2025-02-11,158458.42,7,South,Financing,Yes,Dealer
1723,183,70,2024-03-21,142038.29,18,West,Cash,Yes,Dealer
1724,164,32,2023-10-23,150370.66,7,East,Cash,No,Dealer
1725,63,51,2025-04-07,130823.69,16,West,Financing,Yes,Dealer
1726,156,10,2024-01-25,124823.11,9,West,Financing,Yes,Online
1727,49,33,2024-01-26,138573.22,30,East,Financing,Yes,Dealer
1728,14,55,2024-11-02,105210.46,21,North,Financing,No,Dealer
1729,81,16,2024-02-17,78037.69,5,East,Cash,Yes,Online
1730,72,14,2022-12-10,76651.48,18,South,Cash,No,Online
1731,11,85,2023-03-08,117871.05,19,North,Financing,No,Dealer
1732,111,31,2025-02-28,105878.25,8,East,Financing,Yes,Online
1733,6,71,2025-01-10,59522.92,19,South,Cash,No,Online
1734,139,79,2023-10-17,136067.56,1,North,Financing,No,Online
1735,25,32,2025-05-17,148041.28,28,South,Financing,Yes,Online
1736,57,36,2025-08-31,129130.93,4,East,Financing,No,Dealer
1737,55,30,2025-01-29,146980.63,4,West,Financing,No,Online
1738,190,50,2025-07-22,88698.59,28,West,Cash,No,Online
1739,173,63,2025-07-26,55009.64,14,East,Financing,Yes,Dealer
1740,130,79,2024-04-22,75684.07,13,South,Financing,Yes,Online
1741,154,90,2025-03-01,111442.66,22,West,Cash,Yes,Dealer
1742,91,52,2025-07-22,141076.16,9,East,Cash,No,Dealer
1743,7,88,2023-09-19,64638.04,30,North,Financing,Yes,Dealer
1744,147,45,2022-12-21,103853.46,12,West,Financing,No,Dealer
1745,23,56,2023-07-03,138108.88,9,East,Financing,No,Dealer
1746,41,22,2024-06-04,58186.69,8,South,Cash,No,Dealer
1747,13,98,2024-12-27,54552.04,8,South,Cash,Yes,Dealer
1748,21,68,2023-10-12,109596.4,30,South,Financing,Yes,Dealer
1749,72,24,2024-09-29,75248.04,8,South,Cash,Yes,Online
1750,159,7,2023-03-23,136708.78,19,South,Financing,No,Dealer
1751,43,31,2024-05-19,122701.38,1,South,Cash,Yes,Online
1752,69,23,2023-06-25,75919.16,18,West,Financing,Yes,Online
1753,137,24,2024-09-23,110924.17,8,East,Cash,No,Online
1754,129,65,2025-07-02,53121.99,29,South,Cash,Yes,Dealer
1755,40,17,2025-05-23,118182.02,8,East,Financing,No,Online
1756,117,23,2024-11-23,116266.52,23,South,Cash,Yes,Online
1757,97,18,2023-03-22,81661.46,1,West,Financing,No,Dealer
1758,166,67,2023-09-15,147956.33,12,West,Financing,No,Online
1759,129,64,2024-04-09,59340.06,5,South,Cash,No,Dealer
1760,30,78,2023-05-25,98420.88,29,West,Financing,No,Online
1761,81,63,2025-05-01,84856.33,7,South,Financing,Yes,Dealer
1762,152,98,2023-06-13,104081.2,24,East,Financing,Yes,Online
1763,5,30,2023-10-15,93724.14,29,West,Financing,No,Dealer
1764,96,27,2025-08-08,74664.27,15,North,Cash,Yes,Online
1765,76,48,2025-05-26,125501.05,2,West,Financing,Yes,Dealer
1766,91,66,2023-11-19,145970.29,18,West,Cash,No,Dealer
1767,50,40,2023-12-20,136392.13,30,North,Cash,Yes,Dealer
1768,16,4,2022-11-24,97643.14,17,East,Cash,No,Dealer
1769,86,79,2023-05-04,95664.58,15,East,Financing,No,Online
1770,133,75,2023-08-13,108077.14,4,West,Financing,Yes,Online
1771,40,49,2024-01-28,114879.3,11,West,Financing,Yes,Online
1772,196,26,2024-09-12,113962.66,3,East,Financing,Yes,Online
1773,12,39,2023-06-04,78656.38,1,South,Financing,Yes,Dealer
1774,39,55,2022-11-07,101119.88,18,South,Cash,Yes,Online
1775,10,34,2025-09-16,87442.85,24,North,Cash,No,Online
1776,173,64,2023-04-26,49529.33,4,West,Financing,No,Dealer
1777,67,74,2024-01-19,82975.07,18,East,Financing,Yes,Dealer
1778,153,100,2024-10-21,76425.3,29,North,Financing,No,Dealer
1779,85,66,2024-09-14,65148.47,10,West,Cash,No,Dealer
1780,28,19,2022-10-18,111248.93,18,South,Cash,No,Online
1781,26,90,2023-12-12,89602.16,18,West,Financing,No,Dealer
1782,77,11,2024-09-12,56268.07,8,West,Cash,No,Online
1783,112,52,2025-03-02,62762.02,27,West,Financing,Yes,Dealer
1784,95,16,2024-04-09,111895.14,10,West,Financing,Yes,Dealer
1785,111,31,2022-11-06,106246.57,10,South,Financing,Yes,Dealer
1786,152,49,2025-04-14,103165.24,28,North,Cash,Yes,Online
1787,139,55,2023-09-09,134986.69,16,South,Cash,Yes,Dealer
1788,46,5,2023-08-27,79747.2,5,East,Financing,Yes,Online
1789,43,40,2024-08-20,110540.33,11,North,Cash,Yes,Online
1790,44,51,2025-08-26,164424.31,27,North,Financing,No,Online
1791,157,37,2024-09-14,79343.65,5,East,Cash,Yes,Dealer
1792,156,29,2022-12-27,127901.62,23,West,Financing,Yes,Dealer
1793,116,46,2023-01-16,118456.58,17,West,Financing,Yes,Dealer
1794,171,42,2024-02-08,70600.12,7,South,Cash,Yes,Online
1795,16,76,2024-11-14,96138.32,29,North,Financing,Yes,Online
1796,186,10,2024-03-10,117254.75,10,East,Cash,No,Dealer
1797,105,16,2023-01-25,64845.49,30,East,Cash,No,Online
1798,94,21,2025-01-05,55685.12,13,North,Cash,Yes,Dealer
1799,100,24,2025-03-20,52272.25,27,West,Financing,No,Online
1800,84,96,2025-09-03,142571.46,23,East,Cash,Yes,Online
1801,65,54,2024-12-25,92318.64,3,East,Cash,Yes,Online
1802,62,66,2025-01-15,77306.5,20,East,Cash,Yes,Dealer
1803,10,99,2024-05-18,89352.76,1,East,Financing,No,Online
1804,27,62,2024-10-12,55940.77,25,South,Cash,Yes,Dealer
1805,175,85,2023-06-11,135531.38,28,East,Financing,Yes,Dealer
1806,198,94,2024-01-25,48534.6,26,East,Financing,Yes,Dealer
1807,86,3,2023-10-22,99135.79,14,North,Financing,No,Dealer
1808,156,74,2025-04-03,140260.54,8,South,Financing,No,Dealer
1809,167,5,2024-01-04,85696.8,27,East,Financing,No,Online
1810,136,30,2023-10-11,76974.22,2,West,Cash,No,Online
1811,111,7,2025-02-23,115279.9,3,East,Financing,Yes,Dealer
1812,197,77,2023-07-07,48620.15,22,South,Financing,Yes,Online
1813,100,72,2022-12-22,50978.79,24,South,Cash,No,Online
1814,85,83,2025-05-12,69417.55,8,North,Cash,Yes,Dealer
1815,44,85,2024-12-09,157205.57,10,West,Cash,No,Online
1816,187,21,2023-07-06,94745.98,12,East,Financing,Yes,Online
1817,40,16,2023-03-14,119420.74,28,South,Cash,No,Online
1818,30,98,2023-06-09,97328.33,15,West,Cash,No,Dealer
1819,22,46,2023-04-15,79432.54,26,South,Financing,Yes,Dealer
1820,186,3,2025-05-07,119623.6,30,North,Cash,Yes,Online
1821,88,21,2024-07-09,57930.94,17,South,Financing,No,Online
1822,88,50,2024-11-20,57457.18,26,North,Financing,Yes,Online
1823,49,80,2023-03-19,138337.16,21,North,Cash,No,Dealer
1824,100,42,2023-03-16,51287.05,21,North,Cash,No,Online
1825,1,74,2025-08-14,118266.15,12,East,Financing,No,Online
1826,81,60,2024-12-28,77474.37,3,North,Cash,Yes,Dealer
1827,127,71,2024-06-27,123104.29,18,East,Cash,Yes,Dealer
1828,63,40,2023-12-03,132774.31,18,East,Cash,Yes,Online
1829,77,86,2025-08-30,60889.04,5,West,Cash,No,Dealer
1830,106,10,2024-11-23,123017.86,17,West,Financing,No,Dealer
1831,6,4,2022-12-08,59621.7,10,North,Cash,Yes,Dealer
1832,30,13,2022-11-10,103608.9,9,East,Cash,Yes,Online
1833,150,11,2025-08-12,54939.35,8,East,Cash,No,Dealer
1834,26,52,2024-11-08,95169.48,25,East,Financing,Yes,Dealer
1835,69,95,2022-11-07,76069.12,2,North,Cash,Yes,Dealer
1836,11,61,2022-12-07,123425.13,26,North,Financing,Yes,Online
1837,21,43,2024-09-03,108431.71,6,North,Cash,No,Online
1838,187,91,2025-02-18,95803.29,5,South,Financing,Yes,Dealer
1839,148,94,2024-05-09,120511.75,25,West,Cash,Yes,Dealer
1840,55,79,2024-11-25,137588.58,22,East,Financing,Yes,Dealer
1841,152,53,2023-09-03,111131.56,30,East,Cash,Yes,Dealer
1842,66,83,2025-05-07,120634.07,20,North,Financing,Yes,Dealer
1843,177,17,2024-04-05,131719.13,19,North,Cash,Yes,Online
1844,60,32,2024-05-08,103410.77,24,North,Financing,Yes,Online
1845,71,15,2023-02-23,90804.92,19,South,Cash,Yes,Dealer
1846,28,44,2023-01-24,115040.09,7,South,Cash,No,Dealer
1847,106,49,2024-09-11,125866.51,22,East,Financing,Yes,Online
1848,53,50,2022-10-10,61376.73,12,South,Financing,No,Dealer
1849,112,7,2023-09-04,58781.26,9,West,Cash,Yes,Online
1850,192,59,2023-05-27,94731.45,17,West,Cash,No,Online
1851,73,36,2022-11-30,97797.92,6,North,Financing,Yes,Dealer
1852,90,39,2022-10-25,65686.9,21,South,Financing,No,Dealer
1853,70,21,2024-02-09,128446.22,16,South,Cash,Yes,Dealer
1854,99,29,2024-05-11,73095.88,18,South,Cash,No,Dealer
1855,134,33,2025-04-27,71757.03,23,East,Financing,Yes,Online
1856,146,14,2023-09-08,89429.52,8,East,Cash,Yes,Dealer
1857,136,1,2023-06-24,85626.4,5,East,Financing,No,Online
1858,124,25,2024-07-04,122050.43,6,East,Financing,No,Dealer
1859,151,26,2024-02-24,96668.46,21,East,Cash,No,Dealer
1860,160,26,2024-06-06,146030.72,29,North,Financing,No,Dealer
1861,195,31,2024-07-31,125496.11,18,South,Financing,Yes,Online
1862,27,73,2025-02-01,50568.95,29,West,Cash,Yes,Dealer
1863,106,69,2024-10-17,117669.22,24,West,Cash,Yes,Online
1864,56,48,2025-09-22,124427.57,4,North,Financing,Yes,Dealer
1865,165,76,2023-08-29,90417.54,29,South,Cash,No,Online
1866,157,16,2024-02-07,88526.1,3,South,Cash,No,Dealer
1867,139,22,2024-05-08,132386.72,22,North,Financing,Yes,Dealer
1868,85,13,2024-04-01,65194.48,3,South,Financing,Yes,Dealer
1869,179,45,2025-07-27,105206.23,30,West,Cash,Yes,Online
1870,161,74,2024-07-07,65482.72,1,South,Cash,Yes,Online
1871,189,6,2023-04-13,51410.19,24,South,Cash,Yes,Dealer
1872,118,8,2023-06-24,118141.09,22,South,Cash,Yes,Online
1873,94,81,2023-06-06,61562.53,25,East,Financing,Yes,Online
1874,41,61,2022-10-14,51337.18,13,East,Cash,Yes,Dealer
1875,28,11,2023-04-10,110127.6,25,North,Cash,No,Online
1876,112,30,2023-07-24,66291.2,23,East,Financing,No,Online
1877,153,69,2024-09-25,80166.0,22,West,Financing,Yes,Dealer
1878,72,41,2024-08-04,77444.48,9,North,Cash,No,Dealer
1879,97,99,2025-04-03,83852.89,18,North,Cash,Yes,Online
1880,59,95,2024-04-11,117576.2,23,North,Financing,No,Online
1881,14,67,2024-07-29,98843.61,6,South,Cash,Yes,Online
1882,131,78,2024-07-10,57258.74,18,South,Cash,No,Online
1883,67,34,2025-03-20,82986.91,11,South,Cash,No,Dealer
1884,53,18,2025-03-31,67042.82,26,North,Cash,No,Online
1885,109,93,2024-05-25,141665.9,21,East,Financing,Yes,Dealer
1886,87,4,2022-11-27,55305.07,2,North,Cash,Yes,Online
1887,83,22,2024-10-27,88740.91,25,North,Cash,Yes,Dealer
1888,26,57,2023-10-19,94691.37,26,East,Cash,Yes,Online
1889,91,41,2023-02-11,150151.29,13,East,Financing,No,Online
1890,22,70,2023-03-10,80123.76,27,West,Financing,No,Online
1891,39,23,2022-12-12,103977.6,27,North,Financing,No,Dealer
1892,11,65,2024-04-21,125382.85,14,North,Cash,Yes,Dealer
1893,63,49,2023-03-03,129332.31,12,North,Financing,No,Online
1894,104,49,2023-05-31,92364.64,19,West,Cash,No,Online
1895,83,48,2024-12-22,80046.83,22,East,Cash,No,Online
1896,142,92,2022-11-28,87525.04,2,North,Financing,Yes,Online
1897,106,78,2024-07-07,127617.84,28,West,Financing,Yes,Online
1898,33,9,2023-11-21,93929.01,2,North,Cash,No,Dealer
1899,136,16,2023-01-12,80896.16,29,North,Financing,No,Online
1900,141,61,2022-11-20,55764.12,16,South,Cash,No,Online
1901,136,83,2023-09-30,79063.32,3,South,Cash,Yes,Online
1902,179,52,2025-04-21,110254.12,20,South,Financing,No,Dealer
1903,41,3,2023-03-26,58395.57,8,South,Financing,No,Online
1904,27,40,2025-01-24,51466.6,25,West,Cash,No,Dealer
1905,162,50,2023-09-21,117859.77,6,East,Financing,Yes,Online
1906,104,30,2023-05-12,100273.22,24,East,Cash,No,Online
1907,187,3,2025-04-14,94554.49,22,West,Financing,No,Dealer
1908,75,66,2025-07-08,101385.05,19,North,Cash,Yes,Dealer
1909,62,72,2022-10-24,77370.04,23,South,Financing,No,Online
1910,120,79,2024-07-03,139651.55,27,East,Cash,No,Online
1911,75,31,2025-04-11,100780.55,7,South,Financing,Yes,Dealer
1912,151,41,2025-03-02,101073.6,29,West,Cash,Yes,Online
1913,24,13,2024-08-09,65351.35,23,West,Cash,Yes,Online
1914,62,76,2024-03-12,78840.65,3,South,Financing,Yes,Online
1915,104,83,2025-06-28,104904.02,11,North,Financing,Yes,Online
1916,22,97,2025-07-05,87706.94,20,West,Financing,No,Online
1917,119,65,2024-01-11,142401.61,28,North,Cash,Yes,Online
1918,7,4,2024-10-06,60358.95,19,West,Cash,Yes,Online
1919,63,89,2023-01-30,123713.39,13,West,Financing,No,Online
1920,186,54,2024-07-03,104589.7,30,South,Financing,No,Dealer
1921,35,8,2023-04-10,142163.74,3,North,Cash,No,Online
1922,139,38,2024-09-18,122566.42,8,West,Financing,Yes,Online
1923,194,53,2025-09-30,75325.59,7,South,Cash,Yes,Online
1924,62,58,2023-02-14,75493.28,9,West,Cash,Yes,Dealer
1925,10,90,2022-12-25,92248.78,24,East,Cash,No,Online
1926,94,81,2024-01-13,60690.77,1,East,Cash,No,Dealer
1927,110,56,2024-08-05,155571.89,26,North,Cash,Yes,Dealer
1928,200,3,2025-08-03,104764.59,2,North,Cash,No,Dealer
1929,102,78,2023-10-08,85199.71,3,North,Financing,Yes,Dealer
1930,19,42,2023-12-18,60050.02,24,South,Cash,No,Dealer
1931,92,7,2022-11-21,120784.14,27,South,Financing,Yes,Dealer
1932,161,63,2023-02-14,66378.39,14,South,Cash,No,Dealer
1933,192,6,2022-12-25,94059.52,4,North,Financing,Yes,Dealer
1934,77,31,2024-06-27,62335.0,16,South,Financing,Yes,Online
1935,60,83,2023-03-02,112616.5,12,North,Cash,Yes,Dealer
1936,116,89,2023-07-12,113312.35,23,North,Financing,Yes,Dealer
1937,74,74,2023-04-15,112418.56,6,West,Financing,Yes,Dealer
1938,194,77,2024-03-26,79983.53,23,West,Financing,No,Dealer
1939,23,67,2024-11-14,133911.83,10,East,Financing,Yes,Online
1940,85,73,2024-04-15,63198.77,4,East,Cash,Yes,Online
1941,28,24,2023-10-21,120694.37,27,South,Financing,Yes,Dealer
1942,104,73,2025-08-27,104348.72,18,North,Financing,Yes,Dealer
1943,40,51,2023-10-17,105961.89,21,West,Cash,No,Online
1944,192,28,2023-11-07,98630.72,10,South,Cash,No,Dealer
1945,167,32,2025-07-23,95106.26,29,South,Cash,No,Online
1946,89,53,2024-03-12,65724.24,29,South,Financing,No,Online
1947,141,19,2023-10-21,53522.81,13,East,Cash,No,Dealer
1948,24,71,2023-01-23,65097.4,13,East,Financing,Yes,Online
1949,4,72,2022-11-22,111945.77,16,North,Cash,Yes,Dealer
1950,147,44,2025-06-24,109567.94,30,East,Cash,No,Dealer
1951,139,20,2025-09-29,129218.03,8,East,Financing,Yes,Online
1952,43,62,2023-10-06,112666.9,25,North,Financing,No,Dealer
1953,17,8,2023-10-23,117870.17,4,West,Cash,Yes,Online
1954,172,25,2024-02-19,154968.14,27,North,Cash,Yes,Dealer
1955,136,8,2023-07-01,81982.25,20,North,Financing,Yes,Dealer
1956,14,59,2023-09-25,102218.23,14,South,Financing,No,Online
1957,13,94,2024-08-06,55660.68,12,East,Financing,Yes,Dealer
1958,113,57,2025-08-01,94312.44,20,South,Cash,No,Online
1959,186,52,2023-03-09,118784.04,25,South,Cash,No,Online
1960,143,12,2023-07-12,157173.19,24,West,Financing,Yes,Online
1961,145,90,2025-03-02,125237.12,30,East,Cash,No,Dealer
1962,18,25,2023-04-09,133410.84,7,South,Cash,Yes,Dealer
1963,92,92,2024-07-21,116166.73,30,East,Financing,Yes,Dealer
1964,140,11,2024-08-16,59593.36,15,South,Cash,Yes,Online
1965,1,49,2024-09-18,122023.39,4,West,Cash,No,Online
1966,120,64,2022-10-17,137193.33,18,East,Financing,Yes,Online
1967,56,58,2023-04-30,141124.53,3,East,Financing,No,Online
1968,186,22,2024-07-14,114092.83,28,North,Cash,No,Dealer
1969,131,6,2023-02-18,50992.39,27,East,Financing,Yes,Online
1970,116,27,2023-05-29,117452.64,22,North,Financing,No,Online
1971,37,60,2023-12-16,98636.32,24,South,Cash,Yes,Online
1972,42,82,2025-01-22,155196.09,3,South,Cash,Yes,Dealer
1973,133,54,2025-04-18,103419.52,6,East,Financing,No,Online
1974,195,55,2025-02-23,134774.62,28,South,Cash,Yes,Dealer
1975,105,4,2025-04-15,60985.01,11,West,Cash,No,Dealer
1976,104,88,2024-11-26,104832.84,30,West,Financing,Yes,Dealer
1977,128,31,2024-04-09,83213.45,29,South,Cash,No,Online
1978,97,70,2024-02-10,79159.39,5,South,Cash,Yes,Dealer
1979,84,87,2024-08-19,135477.18,6,West,Financing,Yes,Dealer
1980,139,58,2022-10-23,120205.55,30,East,Financing,Yes,Online
1981,134,84,2025-07-28,81108.32,25,North,Cash,No,Dealer
1982,117,97,2023-09-11,131514.66,20,East,Cash,No,Dealer
1983,140,3,2025-09-22,60685.21,6,North,Financing,Yes,Online
1984,170,70,2024-02-02,81513.84,14,East,Financing,Yes,Dealer
1985,156,44,2022-10-23,136633.14,28,North,Cash,No,Dealer
1986,116,81,2024-05-26,122044.96,18,North,Financing,Yes,Dealer
1987,46,31,2025-03-22,82787.29,29,West,Financing,No,Online
1988,139,99,2025-05-22,121733.93,22,West,Financing,No,Online
1989,158,9,2025-06-25,104604.69,24,West,Financing,No,Dealer
1990,139,20,2023-11-03,129890.74,28,West,Financing,Yes,Online
1991,82,67,2024-05-14,136904.86,19,North,Financing,Yes,Dealer
1992,165,24,2024-05-04,92755.07,22,South,Financing,Yes,Dealer
1993,8,85,2024-12-31,116372.14,29,West,Financing,No,Dealer
1994,146,5,2023-07-27,86637.8,1,South,Financing,Yes,Dealer
1995,96,35,2024-05-29,75266.58,9,West,Financing,No,Online
1996,36,46,2022-10-27,150381.71,27,East,Cash,Yes,Online
1997,175,69,2023-08-24,132454.7,24,East,Financing,Yes,Online
1998,140,74,2024-02-16,60461.91,30,West,Cash,No,Online
1999,176,88,2024-09-19,54292.06,30,East,Financing,Yes,Dealer
2000,100,22,2023-07-06,49779.45,19,South,Cash,No,Dealer
2001,27,29,2025-07-09,57246.79,28,North,Financing,No,Dealer
2002,7,83,2025-06-20,64222.15,16,West,Financing,Yes,Dealer
2003,194,63,2025-03-31,81226.41,25,East,Cash,Yes,Online
2004,79,81,2023-07-03,88558.91,20,North,Cash,No,Dealer
2005,43,7,2025-07-24,117783.99,7,East,Cash,No,Online
2006,23,47,2024-01-28,139065.92,7,North,Financing,No,Dealer
2007,28,42,2023-07-20,113015.84,27,North,Cash,Yes,Dealer
2008,159,28,2024-12-15,132108.65,27,North,Cash,No,Dealer
2009,82,6,2023-07-30,152916.37,1,East,Cash,Yes,Dealer
2010,198,12,2023-08-18,54146.86,2,South,Financing,No,Online
2011,179,76,2024-09-30,107030.18,17,North,Cash,No,Online
2012,70,47,2024-05-07,128729.3,5,East,Financing,Yes,Online
2013,85,72,2025-03-18,69096.34,26,West,Financing,Yes,Dealer
2014,198,75,2023-10-11,51398.86,17,West,Financing,No,Dealer
2015,43,18,2025-06-23,120955.18,16,East,Financing,No,Dealer
2016,94,41,2024-05-08,60133.11,26,East,Cash,Yes,Dealer
2017,158,16,2024-07-22,107378.65,3,West,Financing,Yes,Online
2018,2,6,2025-09-08,135513.57,2,East,Financing,Yes,Online
2019,19,31,2024-04-08,63992.67,5,North,Financing,No,Online
2020,54,1,2025-07-25,116808.8,11,North,Cash,No,Online
2021,175,13,2023-05-23,127225.23,10,West,Financing,No,Online
2022,128,89,2025-04-07,80953.57,30,West,Financing,No,Dealer
2023,39,96,2023-04-19,94695.79,1,South,Financing,No,Online
2024,18,68,2024-11-27,145713.34,7,South,Cash,Yes,Online
2025,17,17,2024-02-22,114134.74,7,North,Financing,Yes,Online
2026,97,95,2024-08-20,89040.98,1,South,Financing,No,Dealer
2027,41,27,2024-06-02,55750.56,23,East,Cash,Yes,Dealer
2028,104,67,2023-12-06,91851.76,23,West,Cash,Yes,Dealer
2029,123,60,2023-04-24,144590.48,11,East,Financing,No,Online
2030,98,20,2025-04-02,114995.15,28,North,Financing,Yes,Online
2031,131,100,2025-09-29,55556.02,28,West,Financing,Yes,Online
2032,101,7,2024-12-09,135926.4,18,West,Cash,No,Online
2033,17,59,2023-09-15,107695.9,22,West,Cash,Yes,Online
2034,84,24,2023-12-09,136933.4,6,South,Financing,Yes,Online
2035,188,55,2024-03-20,72546.43,26,North,Financing,Yes,Online
2036,61,22,2023-01-02,134817.41,11,South,Cash,No,Dealer
2037,69,54,2023-09-30,80209.99,4,West,Financing,Yes,Online
2038,101,38,2022-11-28,137301.6,8,East,Financing,No,Dealer
2039,157,92,2023-02-14,79982.74,24,West,Financing,Yes,Online
2040,147,23,2023-11-13,99041.71,15,North,Financing,Yes,Dealer
2041,195,68,2023-03-20,128588.39,30,North,Cash,No,Dealer
2042,36,75,2023-08-16,153128.62,18,South,Cash,Yes,Online
2043,173,97,2024-11-04,49952.13,4,East,Financing,Yes,Online
2044,45,5,2023-08-06,132103.11,29,West,Financing,No,Dealer
2045,176,27,2023-04-06,57650.87,23,East,Financing,Yes,Online
2046,164,69,2024-12-14,157446.59,13,North,Cash,Yes,Dealer
2047,78,31,2024-10-14,64359.45,30,North,Financing,Yes,Dealer
2048,18,45,2025-06-09,147069.5,27,South,Cash,Yes,Online
2049,165,74,2025-05-07,94808.12,6,East,Cash,Yes,Dealer
2050,51,62,2025-07-07,130088.84,9,South,Cash,Yes,Online
2051,148,54,2025-09-02,107760.61,16,West,Cash,Yes,Online
2052,102,7,2025-06-11,77250.51,21,South,Cash,Yes,Online
2053,31,88,2022-10-16,90133.55,30,West,Financing,No,Online
2054,14,15,2025-02-22,102185.47,20,North,Cash,Yes,Dealer
2055,104,14,2023-03-18,103671.43,5,North,Cash,Yes,Dealer
2056,35,93,2022-12-19,149662.65,11,West,Cash,Yes,Online
2057,10,38,2022-11-30,83719.6,19,West,Financing,Yes,Online
2058,170,23,2025-09-26,77895.83,15,East,Cash,Yes,Dealer
2059,46,13,2024-05-20,79663.27,3,West,Cash,No,Online
2060,148,86,2024-08-15,122865.55,11,South,Financing,No,Online
2061,5,76,2025-09-18,97344.48,7,East,Financing,No,Online
2062,190,95,2023-06-30,80863.0,21,South,Financing,Yes,Dealer
2063,5,100,2024-09-14,90815.66,4,West,Cash,Yes,Dealer
2064,49,55,2023-04-08,135812.48,30,East,Financing,No,Dealer
2065,196,17,2025-09-26,117725.24,7,East,Cash,Yes,Online
2066,37,62,2024-06-05,88430.79,30,North,Financing,Yes,Dealer
2067,60,72,2025-04-18,107160.96,16,South,Cash,No,Online
2068,111,55,2023-01-08,111861.78,28,West,Cash,Yes,Online
2069,73,68,2023-04-10,105306.94,21,North,Financing,No,Dealer
2070,41,88,2023-02-25,56473.51,21,South,Financing,Yes,Online
2071,16,16,2024-10-07,103566.13,1,West,Financing,No,Dealer
2072,109,40,2023-06-07,131744.35,20,West,Financing,No,Dealer
2073,109,23,2024-05-23,135582.45,8,North,Cash,No,Dealer
2074,112,1,2023-03-28,59162.23,4,North,Cash,Yes,Online
2075,54,4,2025-04-12,126813.01,26,West,Cash,Yes,Dealer
2076,103,36,2022-11-27,114984.62,25,West,Cash,No,Online
2077,140,2,2024-06-23,60408.61,17,East,Financing,Yes,Online
2078,152,4,2024-06-28,113406.09,28,East,Cash,No,Online
2079,51,66,2024-08-21,125524.19,2,North,Cash,Yes,Dealer
2080,183,30,2023-04-21,136884.92,11,North,Financing,No,Dealer
2081,126,39,2022-10-22,89176.83,7,South,Cash,Yes,Online
2082,5,73,2025-09-02,90163.31,14,East,Financing,No,Dealer
2083,153,33,2023-01-08,73920.48,16,North,Cash,No,Online
2084,172,100,2024-02-02,154858.2,7,South,Financing,No,Dealer
2085,101,56,2024-05-23,122336.01,27,East,Cash,Yes,Online
2086,180,61,2025-06-15,105547.55,1,East,Financing,No,Dealer
2087,26,40,2025-02-10,91187.34,11,North,Cash,Yes,Online
2088,115,76,2025-03-26,68989.71,16,North,Financing,Yes,Online
2089,192,84,2024-09-14,98972.67,9,North,Financing,Yes,Dealer
2090,64,86,2023-02-20,78125.06,23,South,Cash,No,Online
2091,151,39,2023-06-23,102813.89,21,West,Financing,No,Online
2092,166,9,2025-08-25,141241.16,7,West,Cash,No,Dealer
2093,155,72,2023-01-24,124790.87,24,West,Financing,Yes,Online
2094,56,63,2023-02-28,142318.92,10,West,Financing,No,Online
2095,60,23,2023-06-11,107880.45,25,South,Cash,No,Online
2096,157,58,2025-04-05,78720.12,26,East,Cash,No,Online
2097,7,28,2025-04-27,59836.3,15,West,Cash,Yes,Online
2098,106,8,2025-09-30,119244.43,27,North,Financing,Yes,Online
2099,61,48,2024-03-20,135753.24,22,West,Cash,Yes,Online
2100,114,3,2025-03-31,60249.52,24,East,Cash,Yes,Dealer
2101,67,39,2025-04-03,78035.04,18,North,Financing,No,Online
2102,147,57,2023-02-23,103742.54,17,North,Cash,Yes,Online
2103,67,70,2024-09-25,81417.91,2,East,Financing,Yes,Online
2104,49,49,2023-09-13,130254.28,19,West,Cash,Yes,Online
2105,131,64,2025-09-24,56725.02,22,East,Cash,No,Online
2106,119,93,2023-10-06,142082.75,25,West,Cash,No,Online
2107,151,46,2025-06-20,101138.24,8,East,Cash,No,Online
2108,91,55,2023-12-31,146339.96,2,South,Cash,No,Dealer
2109,173,89,2024-09-06,53222.56,18,East,Financing,No,Online
2110,200,59,2022-12-10,102662.96,19,West,Cash,No,Online
2111,155,54,2025-09-23,131326.87,23,West,Financing,Yes,Dealer
2112,157,55,2023-02-05,81832.52,1,East,Cash,Yes,Dealer
2113,3,20,2024-02-07,73317.57,18,West,Cash,Yes,Dealer
2114,149,98,2024-05-31,80964.19,8,West,Financing,Yes,Online
2115,129,74,2025-01-12,59122.48,26,East,Financing,Yes,Online
2116,112,18,2025-09-12,62418.98,9,South,Financing,Yes,Dealer
2117,6,80,2023-12-20,57255.62,27,East,Cash,Yes,Online
2118,151,97,2025-01-14,94462.92,24,South,Cash,No,Online
2119,60,28,2024-11-07,114321.76,16,North,Financing,Yes,Online
2120,12,33,2024-11-04,74368.21,11,North,Financing,No,Online
2121,43,47,2025-04-11,125251.6,30,East,Financing,Yes,Dealer
2122,32,79,2025-08-06,60699.78,4,North,Cash,No,Dealer
2123,8,73,2024-02-05,108845.93,14,North,Financing,No,Online
2124,198,67,2025-10-01,53566.99,5,North,Cash,No,Dealer
2125,142,19,2024-10-07,83078.34,4,West,Financing,No,Online
2126,58,42,2025-06-14,51198.99,20,West,Financing,No,Dealer
2127,158,85,2023-10-18,104448.23,18,South,Financing,No,Dealer
2128,130,49,2023-05-14,70134.38,19,North,Financing,No,Dealer
2129,81,85,2023-05-03,77193.66,2,South,Cash,Yes,Dealer
2130,93,32,2025-02-03,141199.62,23,North,Financing,Yes,Online
2131,122,11,2023-03-16,56815.76,14,North,Cash,No,Online
2132,108,41,2025-03-19,149142.39,8,South,Cash,No,Dealer
2133,96,77,2025-02-23,77535.55,2,North,Cash,Yes,Dealer
2134,35,39,2024-12-11,156285.78,17,East,Cash,Yes,Dealer
2135,97,49,2025-08-13,88790.61,22,West,Financing,No,Dealer
2136,13,42,2024-07-17,57489.13,26,South,Cash,No,Dealer
2137,109,47,2025-07-03,145980.5,16,East,Cash,No,Dealer
2138,197,41,2023-10-19,49694.6,8,North,Financing,Yes,Online
2139,95,34,2025-10-05,114769.67,26,West,Cash,Yes,Dealer
2140,87,90,2022-12-18,49763.61,10,West,Financing,No,Online
2141,14,2,2022-11-18,104494.46,23,West,Cash,Yes,Online
2142,45,20,2023-03-06,134932.06,10,West,Financing,No,Dealer
2143,80,52,2023-11-25,94691.15,5,North,Financing,Yes,Online
2144,21,23,2023-08-07,117148.41,9,North,Cash,No,Dealer
2145,137,67,2024-10-16,104713.51,21,North,Cash,Yes,Online
2146,122,76,2024-08-25,59238.75,17,West,Financing,Yes,Online
2147,21,23,2024-08-15,115258.45,19,East,Financing,Yes,Dealer
2148,115,18,2023-03-28,66447.02,23,East,Cash,No,Online
2149,38,94,2023-10-06,117407.07,4,North,Cash,No,Online
2150,189,98,2024-11-25,53773.05,29,South,Financing,No,Dealer
2151,193,69,2024-02-03,59617.69,2,East,Cash,No,Dealer
2152,132,23,2024-01-13,101982.89,10,South,Financing,No,Dealer
2153,193,35,2023-04-01,55846.74,2,West,Financing,No,Dealer
2154,74,84,2024-04-05,103193.71,15,South,Cash,Yes,Online
2155,36,25,2024-01-16,152894.07,5,West,Financing,No,Online
2156,116,57,2023-12-14,126790.89,29,South,Cash,No,Online
2157,126,22,2022-12-13,81559.58,1,West,Cash,Yes,Dealer
2158,91,92,2023-04-16,149784.28,1,North,Cash,No,Online
2159,11,33,2023-12-21,129944.97,11,South,Cash,No,Online
2160,84,93,2024-10-22,144274.4,18,South,Financing,Yes,Dealer
2161,59,40,2023-07-04,109053.12,1,North,Cash,No,Dealer
2162,122,65,2024-06-03,55450.63,10,North,Financing,No,Online
2163,72,33,2024-11-21,80909.68,9,East,Financing,No,Dealer
2164,14,69,2024-11-02,102876.89,7,East,Cash,No,Online
2165,116,91,2023-12-23,122846.65,26,North,Financing,Yes,Online
2166,38,69,2023-10-03,118067.91,15,East,Financing,No,Online
2167,196,89,2025-06-17,104846.68,20,East,Financing,Yes,Dealer
2168,27,36,2024-11-23,53010.66,27,South,Financing,No,Online
2169,10,12,2025-09-16,90601.81,28,West,Financing,Yes,Dealer
2170,34,27,2024-10-15,135185.67,27,South,Financing,Yes,Online
2171,61,73,2023-05-18,124202.13,26,North,Financing,Yes,Dealer
2172,41,73,2024-10-19,59237.24,7,North,Cash,Yes,Online
2173,32,6,2024-02-04,57899.68,27,South,Cash,Yes,Online
2174,5,9,2023-07-21,94872.74,23,West,Financing,No,Online
2175,12,4,2024-05-23,77444.36,17,West,Financing,Yes,Online
2176,141,11,2025-04-08,51242.08,27,East,Financing,Yes,Dealer
2177,16,93,2024-03-14,107762.8,8,East,Financing,Yes,Online
2178,151,66,2023-04-08,91579.2,25,West,Financing,No,Online
2179,50,41,2022-11-20,134437.0,10,East,Cash,Yes,Online
2180,51,94,2024-01-28,136434.58,25,West,Financing,Yes,Online
2181,95,36,2023-01-03,124105.2,11,West,Financing,Yes,Dealer
2182,6,89,2024-08-29,60589.79,2,West,Financing,No,Online
2183,19,2,2023-04-22,64035.37,29,East,Financing,Yes,Online
2184,181,29,2025-09-27,88378.76,10,West,Financing,Yes,Dealer
2185,158,76,2025-06-20,106777.69,9,West,Cash,Yes,Dealer
2186,198,72,2023-04-18,49716.76,25,West,Cash,No,Online
2187,97,69,2025-08-27,85118.41,24,West,Cash,No,Dealer
2188,4,68,2024-02-24,107732.46,8,North,Financing,No,Online
2189,94,4,2023-03-12,60902.7,12,West,Cash,No,Dealer
2190,20,73,2025-07-27,159629.04,15,North,Cash,Yes,Online
2191,23,17,2023-06-27,149125.02,14,East,Financing,Yes,Dealer
2192,4,39,2024-03-09,107941.87,3,North,Financing,Yes,Online
2193,119,47,2025-09-25,144583.92,11,North,Financing,No,Dealer
2194,75,91,2023-04-14,97367.52,3,South,Financing,No,Dealer
2195,155,24,2024-12-19,120685.37,26,South,Financing,Yes,Dealer
2196,36,56,2022-10-30,136956.11,9,South,Financing,No,Online
2197,116,7,2025-07-28,125605.91,26,East,Financing,No,Online
2198,27,71,2023-05-09,54820.74,12,East,Financing,Yes,Dealer
2199,112,100,2025-07-23,59925.66,17,South,Cash,No,Dealer
2200,1,91,2023-07-23,118283.67,19,North,Cash,No,Online
2201,181,44,2024-08-11,92194.7,14,North,Financing,Yes,Online
2202,35,36,2024-06-27,154001.64,28,South,Cash,No,Dealer
2203,2,8,2024-03-15,142395.08,3,South,Cash,No,Dealer
2204,62,12,2023-05-08,82947.99,5,North,Financing,No,Online
2205,124,9,2024-10-30,134893.12,2,North,Cash,Yes,Dealer
2206,1,79,2023-08-20,133662.36,6,North,Cash,No,Online
2207,110,11,2024-03-16,158569.3,24,East,Cash,No,Online
2208,146,18,2024-01-21,78857.83,7,West,Cash,No,Dealer
2209,175,2,2024-02-15,139757.19,1,East,Cash,No,Dealer
2210,179,38,2025-03-19,112342.84,8,South,Financing,No,Online
2211,106,45,2023-10-02,127268.26,5,East,Financing,Yes,Dealer
2212,188,12,2025-07-09,77623.12,20,South,Financing,Yes,Dealer
2213,138,11,2024-03-16,148636.64,7,North,Cash,No,Dealer
2214,12,20,2024-12-13,76725.55,12,West,Cash,Yes,Online
2215,120,38,2025-02-23,145086.82,7,East,Financing,No,Online
2216,87,20,2025-01-08,53470.04,14,West,Financing,No,Online
2217,191,55,2024-04-05,121498.75,15,South,Financing,No,Online
2218,141,39,2023-02-20,51415.61,6,South,Financing,No,Dealer
2219,36,70,2023-08-05,140192.01,2,North,Financing,No,Dealer
2220,181,7,2024-03-03,93380.5,13,East,Financing,Yes,Dealer
2221,102,21,2024-11-26,82178.42,7,North,Cash,No,Dealer
2222,28,6,2023-11-16,118125.79,16,East,Cash,Yes,Online
2223,26,11,2023-07-19,89036.92,4,West,Cash,Yes,Online
2224,85,38,2025-02-26,69377.98,23,West,Cash,Yes,Online
2225,163,4,2024-02-20,121371.47,13,East,Cash,No,Dealer
2226,179,11,2025-05-13,102379.23,22,North,Cash,Yes,Online
2227,113,41,2024-10-14,101617.88,26,East,Cash,Yes,Online
2228,107,98,2023-06-25,90818.26,26,North,Cash,No,Online
2229,87,28,2023-08-09,54946.66,28,South,Financing,No,Dealer
2230,163,80,2023-08-08,109577.69,11,East,Cash,No,Online
2231,196,57,2023-12-25,106983.9,23,South,Financing,Yes,Dealer
2232,182,96,2023-04-01,62550.11,19,North,Cash,Yes,Online
2233,3,51,2023-04-08,80124.45,10,South,Financing,Yes,Online
2234,177,75,2023-04-22,128054.07,4,East,Cash,Yes,Online
2235,110,6,2023-10-31,152666.19,17,East,Cash,Yes,Dealer
2236,161,79,2025-02-21,60118.27,30,South,Financing,Yes,Dealer
2237,89,98,2025-09-08,61779.5,25,East,Financing,Yes,Online
2238,93,50,2025-03-28,123788.23,3,West,Financing,Yes,Online
2239,102,74,2023-04-02,86685.71,14,North,Cash,No,Dealer
2240,123,34,2023-07-15,155948.5,2,South,Financing,No,Online
2241,184,28,2023-12-11,121287.64,22,East,Financing,No,Online
2242,6,1,2023-05-11,61080.87,13,West,Cash,No,Dealer
2243,3,28,2023-06-29,76558.12,6,North,Cash,No,Online
2244,98,41,2024-03-30,107646.79,9,West,Cash,No,Online
2245,118,69,2023-10-30,113513.25,9,North,Cash,Yes,Online
2246,57,40,2024-08-18,146510.94,11,North,Cash,Yes,Online
2247,165,54,2024-12-13,93442.44,27,East,Cash,Yes,Dealer
2248,131,33,2025-06-05,50353.22,8,North,Cash,No,Dealer
2249,114,29,2023-09-29,54365.43,26,North,Financing,No,Dealer
2250,86,97,2025-03-27,104959.96,29,West,Financing,Yes,Online
2251,44,76,2025-01-09,155450.33,24,West,Financing,Yes,Dealer
2252,12,30,2022-12-18,70956.97,27,South,Cash,Yes,Dealer
2253,95,46,2024-02-14,111058.04,17,East,Financing,No,Online
2254,178,77,2024-04-09,78114.15,5,West,Cash,Yes,Dealer
2255,42,29,2023-03-06,152479.17,23,North,Cash,Yes,Dealer
2256,180,22,2025-05-15,115744.29,4,South,Cash,No,Online
2257,134,74,2024-08-14,76107.84,30,North,Financing,Yes,Dealer
2258,28,99,2024-01-26,115991.21,4,South,Financing,No,Online
2259,187,76,2023-02-28,97918.6,29,West,Financing,Yes,Online
2260,98,72,2024-02-04,106221.94,17,North,Financing,Yes,Dealer
2261,137,98,2023-02-14,109560.35,26,South,Cash,No,Online
2262,131,75,2024-06-07,57376.1,16,East,Financing,No,Online
2263,169,13,2025-03-09,57434.64,17,West,Cash,Yes,Online
2264,46,71,2025-03-21,83642.85,7,South,Cash,Yes,Online
2265,16,33,2024-02-03,98518.38,3,West,Financing,Yes,Online
2266,192,68,2023-02-05,92165.66,24,West,Financing,Yes,Online
2267,173,17,2025-09-07,53756.33,24,North,Cash,Yes,Online
2268,13,36,2023-01-12,59855.14,30,South,Cash,Yes,Online
2269,184,57,2024-09-02,124359.79,16,South,Cash,Yes,Dealer
2270,184,25,2023-03-09,134381.7,2,South,Cash,No,Dealer
2271,13,53,2023-05-01,57150.0,9,North,Cash,No,Online
2272,113,59,2025-09-13,95372.61,15,North,Cash,Yes,Online
2273,176,3,2023-07-02,52939.23,21,North,Financing,Yes,Dealer
2274,77,49,2023-06-29,60128.6,28,South,Cash,Yes,Online
2275,68,32,2025-01-19,103107.12,27,East,Cash,No,Dealer
2276,42,20,2024-06-25,138043.71,19,South,Cash,No,Dealer
2277,4,65,2023-10-30,105020.16,2,East,Financing,No,Dealer
2278,193,6,2025-02-23,57622.95,13,West,Cash,Yes,Dealer
2279,93,47,2023-06-27,129036.76,2,East,Financing,No,Online
2280,113,56,2023-04-16,104267.11,13,East,Cash,Yes,Dealer
2281,89,2,2025-02-02,65570.57,10,West,Cash,No,Online
2282,34,22,2024-01-12,126904.76,13,North,Cash,No,Online
2283,66,28,2024-09-26,119102.23,26,South,Financing,No,Dealer
2284,173,20,2023-08-25,54156.95,4,North,Financing,Yes,Dealer
2285,38,82,2023-05-07,114247.77,8,North,Financing,No,Online
2286,52,72,2024-10-11,150325.61,11,South,Financing,No,Online
2287,94,86,2025-01-23,57163.11,2,South,Cash,Yes,Dealer
2288,52,5,2024-09-15,147893.86,26,North,Cash,No,Dealer
2289,104,4,2022-12-14,104627.83,12,East,Financing,No,Dealer
2290,177,73,2025-09-17,133420.88,22,East,Financing,No,Dealer
2291,185,99,2023-10-23,127230.52,29,East,Cash,No,Online
2292,112,48,2024-11-30,63133.28,19,East,Financing,No,Dealer
2293,17,56,2022-11-20,119058.15,7,South,Cash,Yes,Dealer
2294,74,48,2023-03-16,106239.89,1,North,Financing,No,Online
2295,88,24,2023-02-15,54558.78,25,South,Financing,No,Dealer
2296,102,39,2024-09-01,80773.97,28,North,Cash,Yes,Dealer
2297,71,18,2024-03-04,96037.62,8,North,Financing,Yes,Dealer
2298,32,37,2023-03-03,65805.29,2,East,Cash,Yes,Online
2299,107,15,2023-05-16,91814.07,10,East,Cash,Yes,Dealer
2300,146,53,2025-03-12,86449.52,8,West,Cash,Yes,Online
2301,8,69,2024-07-08,113438.58,21,North,Financing,No,Online
2302,37,16,2023-06-16,92785.7,3,West,Cash,No,Dealer
2303,41,27,2023-06-12,57879.03,12,East,Cash,No,Dealer
2304,67,35,2023-04-15,84570.97,28,West,Cash,Yes,Dealer
2305,50,83,2023-08-12,143629.95,6,North,Financing,No,Online
2306,57,57,2025-09-06,138297.32,15,West,Financing,No,Dealer
2307,49,25,2024-09-17,128595.82,15,East,Cash,Yes,Dealer
2308,40,57,2025-07-22,112849.0,30,North,Financing,No,Online
2309,10,4,2025-03-12,83200.52,30,South,Cash,Yes,Dealer
2310,48,41,2024-01-15,81049.08,15,South,Cash,No,Online
2311,155,39,2024-04-17,137504.41,8,North,Cash,No,Online
2312,127,22,2025-03-14,111057.22,30,North,Cash,No,Dealer
2313,90,91,2023-05-06,68629.66,5,West,Cash,Yes,Online
2314,148,93,2023-06-01,120748.65,21,South,Financing,Yes,Dealer
2315,158,46,2023-08-17,108593.32,27,South,Cash,Yes,Online
2316,39,82,2024-06-11,104089.38,23,West,Cash,Yes,Online
2317,1,37,2025-05-17,133830.41,12,South,Financing,Yes,Online
2318,59,55,2024-06-10,109932.24,14,East,Cash,No,Dealer
2319,24,7,2025-01-24,68898.01,18,North,Cash,No,Dealer
2320,31,98,2024-04-22,91498.59,17,South,Financing,Yes,Online
2321,4,63,2024-02-17,101714.15,4,North,Financing,Yes,Online
2322,181,12,2025-07-26,95234.44,28,West,Financing,No,Dealer
2323,123,26,2024-02-22,148587.54,11,East,Cash,Yes,Online
2324,56,89,2025-05-18,126478.95,5,South,Cash,Yes,Dealer
2325,65,20,2023-02-22,93311.09,12,South,Cash,Yes,Dealer
2326,104,8,2025-05-14,93224.41,13,East,Cash,No,Online
2327,100,32,2023-09-04,55329.12,27,West,Cash,Yes,Online
2328,137,8,2024-12-12,104847.1,9,West,Financing,Yes,Online
2329,2,63,2025-04-21,138840.44,22,East,Cash,No,Online
2330,4,85,2024-10-05,102713.86,3,West,Cash,No,Online
2331,131,37,2025-02-27,53410.23,22,West,Financing,No,Online
2332,81,94,2023-07-26,85340.8,9,North,Financing,No,Dealer
2333,146,10,2023-05-19,80470.68,26,North,Financing,Yes,Dealer
2334,185,35,2024-04-28,112511.28,3,East,Financing,No,Dealer
2335,5,73,2023-09-19,96927.91,30,West,Cash,No,Dealer
2336,141,64,2025-09-03,55179.71,12,North,Financing,Yes,Online
2337,5,33,2025-01-31,93662.85,6,South,Cash,Yes,Dealer
2338,25,18,2023-08-29,153647.52,24,South,Financing,Yes,Online
2339,147,32,2024-11-08,109042.52,25,West,Financing,No,Dealer
2340,10,73,2024-01-26,87338.96,17,North,Cash,No,Dealer
2341,124,30,2025-08-15,135112.68,3,South,Cash,No,Dealer
2342,173,98,2022-11-21,52467.22,1,East,Financing,No,Dealer
2343,61,82,2023-09-16,126224.43,30,East,Cash,Yes,Online
2344,162,99,2023-09-12,117404.05,13,South,Cash,No,Online
2345,60,16,2022-10-22,103396.45,5,North,Cash,No,Online
2346,199,45,2023-05-31,107141.41,16,East,Financing,No,Dealer
2347,123,1,2024-09-17,139976.71,23,South,Financing,No,Dealer
2348,79,40,2025-07-26,96043.49,18,West,Financing,No,Dealer
2349,147,58,2024-07-30,104923.32,19,East,Cash,No,Online
2350,99,45,2023-11-11,75028.52,14,North,Financing,No,Online
2351,6,53,2023-04-14,59847.7,8,South,Financing,Yes,Online
2352,151,95,2023-05-01,104893.86,13,West,Cash,No,Dealer
2353,21,15,2024-04-24,115914.94,29,East,Cash,No,Online
2354,83,27,2022-10-26,88145.46,2,West,Cash,Yes,Dealer
2355,90,15,2024-10-22,68739.03,6,West,Financing,Yes,Dealer
2356,77,31,2022-12-04,62252.64,3,East,Financing,No,Dealer
2357,73,53,2023-05-15,97920.5,22,East,Financing,No,Dealer
2358,191,29,2024-07-08,131090.45,10,North,Financing,Yes,Dealer
2359,146,78,2025-04-06,81340.08,19,South,Financing,No,Dealer
2360,73,29,2024-10-30,104377.57,19,West,Financing,Yes,Online
2361,38,29,2022-12-06,112126.63,2,West,Cash,No,Online
2362,148,86,2024-03-11,115327.57,27,East,Cash,Yes,Online
2363,27,2,2022-12-29,55439.99,29,West,Cash,Yes,Online
2364,30,62,2023-01-08,93036.25,25,East,Financing,No,Online
2365,74,81,2025-07-18,110089.35,23,East,Financing,No,Online
2366,200,17,2024-06-29,94695.61,2,North,Financing,No,Dealer
2367,78,49,2022-12-09,61259.22,30,South,Cash,Yes,Online
2368,189,46,2024-01-06,51070.51,4,North,Cash,No,Dealer
2369,101,46,2025-02-20,132868.08,17,West,Cash,No,Dealer
2370,161,87,2024-10-17,63649.89,27,North,Financing,Yes,Online
2371,18,34,2022-11-14,136632.41,23,East,Cash,No,Dealer
2372,102,50,2024-08-07,76460.77,8,South,Financing,Yes,Online
2373,76,24,2022-11-28,134481.14,7,South,Cash,Yes,Online
2374,50,40,2023-11-04,132125.67,15,East,Financing,Yes,Online
2375,5,39,2024-07-27,96827.72,8,West,Financing,Yes,Online
2376,142,84,2024-10-31,88603.5,11,South,Financing,No,Online
2377,40,84,2023-07-07,114649.62,3,West,Financing,No,Online
2378,120,34,2022-11-27,145538.25,7,East,Cash,No,Online
2379,40,30,2024-04-28,117069.2,18,East,Cash,Yes,Online
2380,144,79,2023-07-24,120017.42,9,East,Cash,No,Dealer
2381,187,97,2023-04-26,104486.92,30,South,Cash,Yes,Online
2382,160,30,2023-12-02,143620.08,1,South,Financing,No,Online
2383,56,27,2024-08-24,123906.9,29,North,Cash,Yes,Dealer
2384,105,60,2024-10-18,59487.05,15,North,Financing,No,Dealer
2385,3,57,2023-03-09,74294.03,28,West,Financing,No,Online
2386,192,8,2025-04-10,94572.97,6,East,Cash,Yes,Online
2387,45,30,2022-10-14,143231.27,24,East,Financing,Yes,Online
2388,8,28,2023-03-13,113931.15,9,South,Cash,Yes,Dealer
2389,118,9,2024-02-18,120441.29,26,North,Cash,No,Online
2390,42,85,2025-08-01,139146.48,26,North,Financing,Yes,Dealer
2391,185,53,2023-05-26,125741.19,30,West,Cash,No,Dealer
2392,83,34,2024-04-23,80760.13,14,South,Financing,Yes,Dealer
2393,93,82,2024-01-08,127562.82,18,West,Cash,No,Online
2394,87,65,2024-03-26,56595.65,28,South,Cash,No,Online
2395,150,89,2024-02-24,57833.32,11,East,Financing,Yes,Online
2396,125,32,2023-06-01,146422.82,21,North,Cash,Yes,Online
2397,22,12,2023-02-27,79768.74,2,West,Cash,Yes,Dealer
2398,177,71,2025-08-26,144309.33,14,North,Cash,No,Online
2399,125,38,2025-02-25,143019.38,23,South,Cash,No,Online
2400,151,80,2023-05-02,94513.64,20,East,Cash,No,Online
2401,127,14,2022-12-28,113505.98,6,West,Financing,No,Online
2402,57,72,2025-07-20,132771.0,15,North,Financing,No,Online
2403,37,15,2024-07-31,90124.5,13,East,Financing,No,Online
2404,50,95,2023-07-17,126318.13,24,South,Cash,No,Dealer
2405,78,57,2023-08-24,69309.97,29,North,Financing,No,Dealer
2406,4,35,2023-11-26,99595.61,15,South,Cash,No,Dealer
2407,197,65,2023-03-30,50890.76,22,East,Cash,No,Dealer
2408,66,80,2022-11-03,127805.64,23,West,Financing,Yes,Online
2409,154,95,2024-12-22,112047.96,11,East,Cash,No,Dealer
2410,122,41,2025-08-12,52667.44,26,East,Cash,Yes,Dealer
2411,21,52,2022-10-31,114380.36,12,South,Cash,Yes,Dealer
2412,147,93,2022-12-22,100399.53,30,East,Cash,Yes,Dealer
2413,197,53,2024-08-07,48550.43,7,East,Financing,No,Online
2414,112,32,2024-11-07,64953.27,15,South,Financing,Yes,Dealer
2415,171,98,2023-04-27,68474.44,6,West,Cash,No,Dealer
2416,160,66,2025-08-31,154941.97,1,East,Cash,Yes,Online
2417,186,14,2024-11-02,115345.56,8,North,Cash,No,Online
2418,181,21,2024-08-28,99781.46,3,North,Cash,Yes,Online
2419,45,10,2025-09-23,146699.9,12,North,Financing,Yes,Dealer
2420,140,54,2024-05-28,64185.58,18,West,Financing,Yes,Online
2421,196,75,2023-04-30,112551.92,4,East,Cash,No,Dealer
2422,79,97,2025-05-20,98400.97,5,North,Cash,No,Online
2423,146,65,2025-01-07,89845.77,30,West,Financing,Yes,Dealer
2424,134,42,2023-01-19,78873.58,25,West,Financing,No,Dealer
2425,192,40,2025-01-12,101258.43,25,West,Cash,Yes,Dealer
2426,169,24,2024-02-12,61627.36,4,West,Cash,Yes,Online
2427,50,24,2022-11-02,132382.56,1,North,Cash,No,Online
2428,157,33,2025-07-24,81228.77,18,North,Financing,No,Online
2429,24,61,2025-02-09,65494.08,28,South,Financing,No,Online
2430,167,21,2023-09-03,91818.83,17,North,Cash,Yes,Online
2431,111,55,2024-03-27,102655.25,14,South,Cash,Yes,Online
2432,90,26,2023-04-28,65055.62,24,East,Cash,No,Online
2433,25,1,2023-02-05,152992.43,11,East,Cash,No,Online
2434,136,31,2023-03-25,82704.41,18,East,Cash,No,Online
2435,169,100,2025-03-30,63018.89,19,North,Cash,No,Dealer
2436,137,90,2025-05-07,101220.28,14,West,Financing,Yes,Online
2437,46,72,2023-03-30,78728.64,29,West,Cash,Yes,Dealer
2438,105,96,2025-05-22,63556.94,3,North,Financing,Yes,Dealer
2439,117,14,2025-02-09,122116.24,8,East,Cash,Yes,Online
2440,49,20,2024-10-18,138792.11,22,South,Cash,Yes,Online
2441,26,87,2024-11-09,94099.91,18,South,Financing,Yes,Dealer
2442,189,77,2022-11-07,56752.3,24,West,Financing,Yes,Dealer
2443,124,64,2023-11-08,121794.75,13,North,Financing,No,Online
2444,2,82,2024-08-07,151768.44,29,North,Financing,Yes,Online
2445,160,17,2024-09-13,154062.7,15,West,Cash,No,Online
2446,91,76,2023-09-18,148166.07,14,South,Financing,No,Dealer
2447,46,95,2023-05-11,76439.39,22,South,Financing,No,Dealer
2448,179,52,2025-09-16,105639.82,18,South,Financing,Yes,Online
2449,83,58,2023-03-03,83295.82,7,South,Financing,No,Online
2450,155,35,2023-08-05,127475.41,22,North,Financing,No,Online
2451,149,78,2023-10-11,76661.23,1,West,Cash,No,Dealer
2452,152,39,2025-07-20,114124.45,3,West,Financing,Yes,Online
2453,142,77,2024-11-07,83524.81,15,West,Financing,No,Dealer
2454,104,36,2023-05-31,104248.3,3,South,Financing,Yes,Dealer
2455,119,32,2024-05-23,151521.74,10,East,Cash,No,Online
2456,98,38,2025-01-06,115212.68,25,North,Financing,No,Dealer
2457,3,78,2022-10-11,76887.79,6,West,Cash,No,Online
2458,31,5,2025-07-22,86264.47,6,West,Cash,No,Dealer
2459,75,71,2023-08-03,100575.45,20,North,Cash,No,Dealer
2460,92,67,2023-04-14,126863.04,4,North,Cash,Yes,Dealer
2461,124,40,2023-06-22,135433.14,22,South,Financing,No,Online
2462,142,45,2025-02-20,92043.6,14,South,Cash,Yes,Dealer
2463,95,2,2024-09-13,107891.35,2,North,Financing,No,Dealer
2464,27,76,2025-08-04,56293.37,29,East,Cash,Yes,Dealer
2465,100,38,2025-03-20,52734.0,4,South,Financing,No,Dealer
2466,115,73,2024-02-10,67374.51,2,West,Cash,Yes,Dealer
2467,42,54,2025-04-24,150129.23,29,North,Cash,Yes,Online
2468,110,48,2023-12-19,154344.72,29,North,Cash,No,Dealer
2469,78,33,2023-05-27,66404.82,5,North,Financing,No,Dealer
2470,171,44,2025-03-25,74014.62,14,West,Financing,Yes,Dealer
2471,10,49,2024-03-03,91352.29,5,South,Cash,No,Dealer
2472,157,77,2023-11-04,89354.81,14,South,Financing,No,Online
2473,48,24,2024-09-08,80428.35,4,East,Cash,Yes,Dealer
2474,113,4,2024-07-23,97412.11,9,West,Financing,No,Dealer
2475,176,42,2023-01-05,56487.85,12,West,Financing,Yes,Online
2476,60,69,2022-12-01,107721.93,8,West,Cash,Yes,Dealer
2477,86,94,2023-06-06,93820.61,12,South,Cash,Yes,Online
2478,101,17,2023-04-01,123013.94,22,North,Cash,No,Online
2479,200,82,2024-03-30,100293.95,5,West,Financing,Yes,Dealer
2480,198,35,2025-08-18,53127.88,18,South,Financing,No,Dealer
2481,142,42,2024-02-18,81939.31,6,East,Cash,No,Online
2482,183,41,2024-11-26,143851.27,4,East,Financing,No,Online
2483,115,9,2025-06-03,65731.88,2,North,Cash,No,Dealer
2484,154,12,2024-11-13,112614.59,9,East,Financing,No,Online
2485,196,47,2024-06-22,107370.23,21,South,Financing,No,Dealer
2486,29,60,2024-02-28,78117.17,4,East,Financing,Yes,Dealer
2487,75,78,2024-01-24,88549.81,7,South,Financing,Yes,Online
2488,50,16,2025-07-27,130630.52,17,North,Cash,Yes,Online
2489,165,67,2024-08-19,92430.83,30,South,Financing,Yes,Dealer
2490,130,69,2024-09-26,68685.74,29,North,Financing,Yes,Dealer
2491,140,61,2023-09-27,59583.98,7,West,Cash,No,Online
2492,81,24,2023-10-19,81200.99,4,East,Financing,No,Online
2493,84,94,2025-04-11,143843.66,8,North,Cash,Yes,Dealer
2494,109,88,2023-05-09,134279.27,16,East,Financing,No,Online
2495,189,62,2024-03-25,55853.74,15,South,Financing,Yes,Dealer
2496,58,27,2024-09-21,52859.11,27,East,Financing,No,Dealer
2497,88,7,2023-03-20,56085.88,20,North,Cash,Yes,Online
2498,137,77,2024-02-16,103966.35,18,South,Cash,Yes,Dealer
2499,42,13,2022-12-29,138126.01,23,West,Financing,No,Online
2500,167,38,2023-10-06,86316.56,13,East,Financing,No,Dealer
2501,44,72,2024-03-15,161806.75,30,West,Financing,No,Online
2502,133,95,2025-05-21,107463.95,4,North,Cash,Yes,Online
2503,113,96,2025-05-21,96896.79,19,North,Cash,No,Online
2504,164,78,2023-03-26,156048.99,30,North,Financing,Yes,Dealer
2505,193,75,2025-01-01,58196.63,17,East,Financing,Yes,Dealer
2506,53,55,2024-06-05,66765.37,16,South,Financing,Yes,Online
2507,47,93,2024-11-14,150473.13,7,South,Financing,No,Online
2508,199,11,2024-07-03,98712.31,19,West,Cash,No,Dealer
2509,148,2,2024-07-08,120162.83,29,South,Cash,No,Dealer
2510,148,7,2024-01-22,111673.58,12,West,Financing,Yes,Online
2511,96,12,2025-01-25,82734.48,21,East,Cash,No,Online
2512,197,86,2023-03-04,49716.47,11,West,Cash,Yes,Online
2513,148,31,2025-03-09,116189.43,26,North,Cash,Yes,Dealer
2514,79,18,2023-04-25,98798.5,21,East,Cash,Yes,Dealer
2515,11,74,2025-06-07,129490.07,2,East,Cash,Yes,Online
2516,73,42,2024-11-23,104354.46,2,East,Cash,No,Online
2517,103,9,2023-12-03,105504.02,29,West,Cash,No,Dealer
2518,36,57,2025-03-28,137797.72,3,East,Financing,Yes,Online
2519,91,31,2023-01-30,149004.68,26,North,Financing,No,Dealer
2520,24,47,2023-04-19,68704.8,21,West,Cash,Yes,Dealer
2521,99,49,2023-11-02,73897.93,8,South,Financing,No,Online
2522,26,49,2025-09-28,86199.17,10,North,Cash,Yes,Dealer
2523,125,24,2023-11-05,142842.42,15,South,Financing,No,Dealer
2524,2,44,2022-10-15,137464.66,30,South,Cash,No,Dealer
2525,66,9,2025-06-01,124291.72,27,West,Cash,Yes,Online
2526,160,90,2025-02-17,161881.25,15,East,Cash,No,Dealer
2527,105,34,2023-06-16,67921.59,2,North,Cash,Yes,Online
2528,35,63,2023-09-27,135681.86,7,South,Financing,No,Online
2529,109,18,2023-07-15,148059.11,30,North,Financing,No,Dealer
2530,117,15,2022-10-09,127907.26,17,South,Financing,Yes,Online
2531,148,53,2024-12-27,119763.46,19,West,Financing,No,Dealer
2532,178,97,2023-01-06,89414.23,28,North,Cash,Yes,Dealer
2533,158,66,2024-07-06,106670.02,15,East,Financing,Yes,Online
2534,197,43,2022-12-08,53931.22,18,West,Cash,No,Online
2535,117,35,2023-04-30,117830.46,29,West,Cash,Yes,Dealer
2536,70,100,2024-03-11,139129.35,24,North,Cash,No,Online
2537,152,65,2025-09-14,110237.35,25,North,Financing,Yes,Dealer
2538,114,84,2023-10-10,56239.93,24,South,Cash,Yes,Dealer
2539,73,98,2024-10-22,98135.82,16,East,Cash,Yes,Online
2540,155,2,2024-05-03,136477.69,20,East,Cash,No,Online
2541,48,70,2025-01-03,77959.65,5,East,Financing,Yes,Online
2542,68,9,2024-04-07,101440.46,21,South,Cash,Yes,Dealer
2543,116,60,2025-08-12,113120.9,5,East,Cash,Yes,Online
2544,182,89,2023-09-05,62687.53,16,East,Cash,Yes,Online
2545,70,48,2025-03-08,128830.98,25,North,Cash,No,Dealer
2546,26,82,2023-08-20,84867.34,30,East,Financing,Yes,Dealer
2547,39,96,2022-12-31,107197.12,13,West,Cash,Yes,Online
2548,96,11,2024-05-25,82883.76,16,South,Cash,No,Online
2549,68,89,2023-07-23,98983.34,21,South,Financing,Yes,Online
2550,137,80,2024-12-10,99217.36,2,East,Financing,No,Online
2551,177,49,2025-01-13,129009.1,7,North,Cash,No,Dealer
2552,178,84,2025-06-13,78792.31,6,South,Cash,Yes,Dealer
2553,200,31,2023-07-04,104036.35,13,West,Cash,Yes,Dealer
2554,51,53,2025-02-22,128778.81,18,North,Financing,No,Dealer
2555,155,41,2024-08-18,120408.59,1,West,Cash,Yes,Dealer
2556,145,2,2025-06-07,128789.77,1,South,Financing,Yes,Online
2557,193,100,2023-10-14,61312.4,2,South,Cash,Yes,Online
2558,53,70,2025-01-07,63190.11,27,North,Financing,Yes,Dealer
2559,127,19,2025-08-20,112537.22,6,East,Financing,No,Dealer
2560,29,64,2023-04-02,80605.25,4,North,Financing,Yes,Dealer
2561,66,40,2023-03-04,119033.83,8,South,Cash,No,Dealer
2562,34,24,2022-11-02,127091.85,12,West,Cash,Yes,Dealer
2563,47,28,2024-02-15,149383.52,30,North,Cash,Yes,Dealer
2564,79,95,2024-02-25,93033.98,27,West,Cash,No,Online
2565,54,87,2023-06-25,118222.02,6,East,Financing,Yes,Online
2566,34,61,2022-10-28,125810.21,14,West,Financing,Yes,Online
2567,70,45,2024-07-03,137686.42,27,East,Cash,No,Online
2568,34,14,2024-10-05,135543.26,4,North,Financing,Yes,Online
2569,111,70,2024-06-17,108853.51,29,East,Financing,No,Dealer
2570,143,55,2023-02-24,157311.91,26,West,Cash,Yes,Dealer
2571,98,8,2025-04-29,105642.59,30,East,Financing,No,Dealer
2572,7,66,2024-08-21,61520.9,24,North,Cash,Yes,Dealer
2573,75,80,2024-03-27,95925.83,28,North,Financing,No,Online
2574,13,52,2023-08-14,60046.94,19,South,Financing,Yes,Online
2575,84,30,2025-03-22,145061.39,9,West,Financing,No,Online
2576,130,21,2023-09-02,69202.0,4,West,Financing,No,Dealer
2577,48,19,2023-12-08,83286.36,23,South,Cash,Yes,Online
2578,191,94,2025-04-19,130667.58,16,South,Cash,No,Dealer
2579,1,27,2023-08-23,122003.52,25,North,Cash,Yes,Dealer
2580,64,38,2023-07-10,86042.89,24,West,Financing,Yes,Online
2581,157,1,2025-05-25,84939.08,1,North,Cash,No,Online
2582,104,1,2025-04-29,98898.31,1,North,Financing,Yes,Online
2583,36,88,2022-10-18,137471.83,16,West,Financing,Yes,Dealer
2584,3,70,2023-05-06,77659.0,26,East,Cash,No,Dealer
2585,67,50,2025-04-04,76858.04,8,North,Financing,Yes,Online
2586,112,16,2024-04-22,59650.72,29,South,Financing,Yes,Online
2587,134,11,2025-06-23,71685.99,11,East,Financing,No,Online
2588,195,74,2023-02-20,125037.12,26,North,Cash,No,Online
2589,18,47,2023-01-28,135886.28,7,South,Financing,No,Dealer
2590,8,58,2023-11-12,108409.55,11,East,Financing,No,Dealer
2591,111,57,2022-12-28,113886.06,5,North,Cash,Yes,Dealer
2592,165,93,2023-04-25,95219.91,1,North,Cash,Yes,Online
2593,132,58,2023-02-21,114523.5,20,East,Cash,Yes,Dealer
2594,37,5,2023-02-03,92485.13,17,North,Financing,No,Dealer
2595,35,60,2025-08-10,152400.22,8,East,Cash,No,Dealer
2596,41,29,2023-08-28,59337.14,12,North,Cash,No,Online
2597,41,80,2024-07-29,59310.79,4,South,Financing,Yes,Online
2598,176,54,2025-01-02,56740.96,3,East,Financing,Yes,Dealer
2599,171,51,2025-04-17,77502.13,4,North,Financing,Yes,Online
2600,15,34,2023-10-21,126105.49,14,North,Cash,Yes,Online
2601,134,19,2024-03-03,71621.28,15,North,Cash,Yes,Online
2602,146,95,2025-06-13,86070.65,30,North,Financing,Yes,Online
2603,8,84,2023-09-08,106622.71,29,East,Cash,No,Dealer
2604,112,97,2024-06-28,60834.5,11,East,Financing,No,Online
2605,79,84,2022-10-30,99178.55,6,West,Financing,Yes,Dealer
2606,99,4,2024-03-19,74295.89,4,East,Cash,Yes,Dealer
2607,128,93,2025-01-19,88072.39,24,South,Financing,No,Online
2608,67,31,2023-06-15,83100.58,12,West,Cash,No,Dealer
2609,137,22,2024-11-15,113312.28,6,North,Cash,No,Online
2610,101,58,2022-10-24,129139.06,1,West,Financing,No,Dealer
2611,40,17,2025-05-29,120183.91,9,West,Financing,No,Dealer
2612,160,38,2024-06-21,150963.31,16,North,Cash,Yes,Online
2613,93,2,2024-08-07,131167.45,2,North,Financing,No,Dealer
2614,38,17,2025-03-09,107592.23,8,East,Cash,No,Online
2615,79,93,2023-02-03,98970.94,14,West,Cash,Yes,Online
2616,23,44,2025-01-08,144081.89,26,East,Financing,Yes,Dealer
2617,66,74,2024-02-25,114883.87,26,West,Financing,No,Online
2618,197,16,2024-05-14,53336.95,4,West,Cash,Yes,Online
2619,119,32,2024-01-25,151907.9,1,West,Cash,No,Online
2620,87,87,2024-01-20,55487.96,19,South,Cash,No,Dealer
2621,138,3,2025-09-27,138435.61,13,North,Financing,Yes,Online
2622,12,24,2023-09-15,70101.29,3,East,Financing,Yes,Dealer
2623,22,93,2025-06-25,81349.99,6,North,Cash,No,Online
2624,80,79,2025-03-06,97189.51,24,West,Cash,Yes,Dealer
2625,37,13,2024-10-29,97792.38,23,West,Cash,Yes,Online
2626,42,8,2024-02-03,140636.61,23,West,Cash,Yes,Online
2627,71,5,2024-02-28,93772.04,1,West,Cash,Yes,Online
2628,193,89,2024-09-27,62130.08,16,West,Financing,Yes,Online
2629,162,97,2025-04-26,127189.68,13,South,Financing,Yes,Dealer
2630,26,75,2025-08-24,86707.45,21,West,Financing,No,Online
2631,161,16,2025-03-22,61168.12,3,West,Financing,Yes,Dealer
2632,136,22,2025-08-11,75771.53,23,West,Cash,No,Online
2633,121,18,2025-08-28,92073.67,25,North,Cash,No,Online
2634,107,14,2023-02-08,82138.69,14,North,Financing,Yes,Online
2635,52,87,2023-09-13,151886.44,20,West,Financing,No,Dealer
2636,199,16,2023-10-04,97995.18,18,East,Cash,Yes,Dealer
2637,108,72,2024-12-30,142403.08,28,North,Cash,No,Online
2638,173,93,2022-12-28,53151.92,23,East,Financing,Yes,Online
2639,44,84,2025-04-25,157145.4,9,East,Cash,Yes,Online
2640,102,24,2023-01-23,87011.82,6,North,Financing,Yes,Dealer
2641,155,86,2025-08-29,126482.34,25,East,Financing,No,Dealer
2642,171,61,2025-02-02,72192.25,1,West,Financing,Yes,Dealer
2643,159,89,2025-05-02,128712.9,4,East,Cash,Yes,Dealer
2644,15,95,2024-06-16,134154.92,4,East,Cash,No,Online
2645,2,62,2023-03-21,132458.5,30,South,Financing,Yes,Dealer
2646,41,37,2025-04-19,52990.88,28,North,Cash,Yes,Dealer
2647,139,38,2025-06-15,119478.48,17,North,Cash,No,Online
2648,190,55,2022-11-08,91179.1,20,North,Cash,No,Online
2649,12,19,2024-06-01,72338.97,4,North,Financing,No,Dealer
2650,196,92,2022-11-20,120067.06,18,East,Financing,Yes,Online
2651,171,79,2023-11-27,71559.29,28,East,Cash,Yes,Online
2652,84,3,2025-04-21,136158.88,27,East,Financing,No,Dealer
2653,197,20,2025-08-14,52080.3,16,West,Cash,No,Dealer
2654,64,71,2024-07-19,81240.39,11,North,Cash,Yes,Dealer
2655,127,43,2025-06-13,112162.81,26,South,Financing,No,Online
2656,88,47,2025-03-11,52578.71,9,North,Financing,Yes,Online
2657,188,50,2023-01-11,70657.19,1,East,Financing,No,Dealer
2658,109,99,2025-01-19,140056.47,15,North,Financing,Yes,Dealer
2659,27,4,2024-04-29,51089.3,15,West,Cash,No,Dealer
2660,68,97,2025-02-02,96260.2,21,South,Financing,Yes,Online
2661,26,63,2024-05-07,86995.68,11,South,Cash,Yes,Dealer
2662,76,10,2025-07-30,124583.98,27,East,Financing,Yes,Dealer
2663,13,21,2023-10-06,55255.12,19,East,Financing,No,Online
2664,116,24,2024-11-28,122199.46,18,East,Cash,No,Dealer
2665,110,33,2023-06-09,139448.37,5,West,Cash,Yes,Dealer
2666,18,91,2023-03-09,148523.92,7,South,Financing,No,Dealer
2667,178,18,2025-09-21,85545.77,12,South,Financing,No,Online
2668,105,86,2022-12-08,59138.44,23,East,Financing,Yes,Online
2669,15,89,2025-07-09,133059.59,11,South,Financing,Yes,Dealer
2670,7,88,2024-02-19,68202.19,17,South,Financing,Yes,Dealer
2671,191,11,2022-12-24,123985.94,29,West,Financing,No,Online
2672,81,25,2023-01-24,83729.4,22,East,Financing,No,Online
2673,189,61,2024-12-06,54693.92,17,West,Financing,No,Dealer
2674,66,21,2025-01-31,126865.51,14,North,Cash,No,Online
2675,47,62,2024-06-26,155267.31,7,South,Financing,Yes,Online
2676,16,91,2024-11-22,96998.56,6,South,Financing,Yes,Online
2677,195,10,2023-09-05,127968.84,27,East,Financing,No,Online
2678,126,14,2022-12-02,81219.01,14,East,Cash,No,Online
2679,74,35,2022-12-05,106502.84,27,South,Cash,No,Online
2680,27,55,2024-08-28,49559.72,19,South,Cash,Yes,Online
2681,192,53,2025-05-14,101964.48,19,North,Cash,No,Online
2682,174,51,2024-11-01,64200.02,9,North,Cash,No,Online
2683,19,58,2025-06-07,66202.4,15,North,Cash,Yes,Dealer
2684,50,58,2023-07-17,141812.18,29,East,Cash,Yes,Dealer
2685,150,26,2023-09-20,56107.19,7,West,Cash,No,Dealer
2686,97,74,2025-06-16,88638.0,8,West,Cash,No,Dealer
2687,111,31,2023-11-14,111286.56,30,South,Cash,No,Dealer
2688,67,8,2024-03-31,86991.04,6,East,Cash,Yes,Online
2689,33,60,2022-12-01,92366.55,23,West,Cash,Yes,Online
2690,147,16,2024-06-30,103956.26,27,East,Cash,No,Dealer
2691,16,17,2023-07-16,100798.84,27,West,Financing,No,Dealer
2692,44,59,2023-03-21,145859.03,28,East,Financing,Yes,Dealer
2693,68,80,2023-12-02,98321.54,24,East,Cash,No,Online
2694,130,70,2024-12-28,70018.32,14,North,Financing,No,Dealer
2695,193,53,2024-03-26,63213.71,28,South,Cash,Yes,Online
2696,145,22,2024-10-22,115208.57,20,South,Cash,No,Dealer
2697,61,80,2023-02-17,127603.89,2,North,Cash,Yes,Online
2698,90,25,2024-05-29,65506.34,8,North,Cash,Yes,Dealer
2699,18,6,2023-11-07,145799.12,5,East,Financing,Yes,Online
2700,159,94,2024-05-22,143256.45,8,East,Financing,Yes,Online
2701,104,75,2025-06-10,102239.01,17,East,Cash,Yes,Online
2702,50,21,2023-03-05,143233.31,10,West,Cash,No,Online
2703,2,69,2025-05-25,139499.59,1,South,Cash,Yes,Dealer
2704,193,35,2022-10-07,56989.66,3,North,Financing,No,Dealer
2705,81,79,2023-01-09,83232.87,20,North,Cash,Yes,Online
2706,128,52,2024-04-06,79140.33,7,West,Financing,No,Dealer
2707,41,9,2022-10-21,51395.99,30,South,Financing,Yes,Online
2708,115,44,2025-03-15,72138.14,20,North,Cash,Yes,Dealer
2709,115,10,2024-01-16,64678.2,23,West,Financing,Yes,Dealer
2710,33,55,2024-04-07,103647.28,28,West,Financing,Yes,Dealer
2711,65,50,2025-08-30,97873.88,4,South,Cash,No,Online
2712,115,99,2024-12-07,62681.11,8,South,Financing,No,Online
2713,70,8,2023-10-18,127381.04,7,North,Cash,No,Online
2714,85,46,2025-08-19,63421.78,1,East,Cash,Yes,Online
2715,149,82,2023-06-20,75015.23,4,North,Financing,No,Dealer
2716,164,18,2022-11-24,147507.2,9,South,Financing,No,Online
2717,40,12,2023-07-26,112984.45,17,East,Financing,Yes,Online
2718,189,1,2024-10-16,56085.45,10,West,Financing,Yes,Dealer
2719,127,82,2024-06-18,124911.14,13,South,Cash,Yes,Online
2720,151,76,2023-09-23,97070.97,18,North,Financing,Yes,Online
2721,88,60,2023-11-07,55724.13,23,East,Financing,No,Online
2722,134,43,2025-06-04,76270.97,21,East,Cash,Yes,Dealer
2723,180,56,2023-01-11,118176.78,23,South,Financing,Yes,Online
2724,190,66,2023-03-23,85926.54,9,South,Cash,No,Dealer
2725,56,100,2023-07-19,140802.14,21,East,Cash,No,Online
2726,143,21,2024-07-09,142147.24,6,East,Cash,Yes,Online
2727,91,94,2024-07-10,149969.32,26,West,Cash,No,Dealer
2728,45,71,2024-07-12,135090.7,14,East,Cash,Yes,Online
2729,44,21,2025-01-03,162821.48,8,North,Financing,Yes,Online
2730,4,78,2022-11-11,109537.94,23,West,Cash,No,Online
2731,35,53,2024-03-23,135510.14,13,East,Cash,No,Dealer
2732,50,24,2022-12-30,135803.82,3,East,Cash,Yes,Online
2733,158,10,2024-09-06,106250.21,2,North,Cash,Yes,Dealer
2734,196,26,2025-05-19,114000.58,18,South,Cash,No,Dealer
2735,24,12,2025-07-23,61791.55,19,North,Cash,No,Online
2736,136,19,2025-04-10,80074.88,15,North,Financing,No,Dealer
2737,103,15,2023-05-05,110905.75,30,West,Cash,No,Dealer
2738,34,51,2022-11-25,128546.97,10,East,Cash,Yes,Dealer
2739,59,60,2023-10-26,111863.24,6,West,Cash,No,Dealer
2740,169,19,2024-10-13,58187.51,28,North,Cash,Yes,Dealer
2741,30,2,2023-07-02,106072.54,21,East,Financing,Yes,Dealer
2742,77,18,2024-06-16,61058.04,7,West,Financing,No,Dealer
2743,30,96,2024-06-06,99111.77,7,West,Financing,No,Dealer
2744,123,54,2024-09-25,159024.93,29,North,Financing,Yes,Dealer
2745,155,38,2023-07-27,131025.94,6,North,Financing,No,Online
2746,122,42,2025-07-06,54041.53,28,West,Cash,Yes,Dealer
2747,159,79,2025-08-05,127595.39,19,East,Cash,Yes,Online
2748,74,72,2025-02-02,104844.92,8,East,Financing,Yes,Dealer
2749,44,29,2025-09-15,149879.32,9,East,Cash,No,Dealer
2750,115,73,2024-04-03,72250.98,25,South,Financing,No,Dealer
2751,191,29,2023-02-02,133566.75,13,South,Financing,Yes,Dealer
2752,177,60,2023-11-06,131992.0,6,West,Financing,Yes,Online
2753,1,77,2022-12-19,122177.32,11,East,Financing,No,Dealer
2754,45,12,2025-04-26,146222.05,13,South,Financing,Yes,Online
2755,149,100,2024-02-02,77022.05,8,North,Financing,No,Online
2756,79,63,2024-05-16,95798.7,28,West,Cash,No,Online
2757,117,65,2025-07-26,123713.14,30,East,Cash,No,Online
2758,102,94,2023-05-18,76433.51,13,West,Financing,No,Dealer
2759,107,60,2025-03-19,90557.42,5,West,Cash,No,Online
2760,95,85,2023-06-20,122908.94,10,North,Financing,Yes,Online
2761,39,58,2023-08-04,106340.56,16,South,Cash,Yes,Dealer
2762,86,6,2023-03-18,97203.98,23,West,Cash,No,Online
2763,94,53,2024-08-11,61580.76,25,North,Financing,Yes,Online
2764,181,32,2024-07-24,92081.7,15,West,Cash,Yes,Online
2765,102,62,2025-03-31,80694.71,21,South,Cash,No,Dealer
2766,180,16,2024-04-08,120486.26,18,South,Cash,No,Dealer
2767,122,74,2022-11-29,53563.98,21,North,Cash,No,Dealer
2768,85,28,2025-01-02,67637.74,17,North,Financing,No,Online
2769,147,54,2023-04-04,102673.43,7,South,Financing,No,Online
2770,190,41,2025-07-19,93539.26,26,East,Cash,No,Online
2771,36,16,2024-06-20,142812.4,23,East,Financing,Yes,Dealer
2772,175,93,2025-05-17,121981.73,15,West,Cash,Yes,Online
2773,196,9,2024-08-08,116358.78,13,North,Financing,Yes,Online
2774,197,66,2022-11-09,52919.09,27,South,Financing,Yes,Online
2775,108,90,2023-06-27,161415.58,11,South,Cash,No,Online
2776,118,95,2023-12-20,126372.5,30,West,Financing,No,Online
2777,104,76,2023-07-29,92862.39,10,South,Cash,Yes,Online
2778,84,39,2023-07-17,154542.0,22,North,Cash,No,Dealer
2779,199,73,2024-09-01,109704.69,20,West,Cash,No,Online
2780,17,79,2024-09-16,117636.89,11,West,Cash,Yes,Dealer
2781,67,78,2025-01-20,78326.43,17,East,Cash,No,Online
2782,14,90,2024-12-04,102349.91,5,North,Financing,Yes,Dealer
2783,121,65,2024-01-30,98293.41,28,West,Financing,No,Online
2784,174,15,2023-03-06,67843.74,11,North,Cash,No,Dealer
2785,198,75,2023-01-07,53738.49,30,South,Cash,No,Online
2786,52,58,2024-09-01,134349.96,25,West,Cash,Yes,Dealer
2787,162,39,2023-10-19,119473.83,2,North,Cash,Yes,Online
2788,133,82,2024-09-17,107817.1,29,North,Financing,Yes,Dealer
2789,39,68,2024-01-07,101595.36,6,West,Cash,No,Dealer
2790,135,42,2023-07-29,150619.53,25,North,Financing,Yes,Dealer
2791,145,24,2024-05-17,126050.6,21,East,Cash,Yes,Dealer
2792,139,1,2025-01-28,135742.43,14,North,Financing,Yes,Online
2793,121,52,2025-03-12,87531.12,13,North,Cash,Yes,Online
2794,160,16,2025-09-09,141855.83,15,South,Financing,Yes,Dealer
2795,72,35,2023-03-14,74317.31,7,West,Cash,No,Dealer
2796,134,88,2025-01-29,80416.4,27,North,Cash,Yes,Online
2797,189,96,2025-03-20,56392.09,10,South,Financing,Yes,Dealer
2798,56,53,2023-03-22,124075.02,20,North,Cash,Yes,Dealer
2799,94,32,2023-03-26,55609.6,1,East,Financing,No,Online
2800,64,79,2024-06-10,85245.76,13,West,Cash,Yes,Dealer
2801,63,49,2024-12-21,119985.69,11,East,Cash,No,Dealer
2802,57,90,2023-05-11,137725.65,25,North,Financing,No,Dealer
2803,174,3,2024-02-29,67756.08,8,East,Cash,Yes,Dealer
2804,184,73,2023-11-26,136231.84,15,South,Financing,No,Dealer
2805,106,20,2023-08-18,133983.01,7,South,Financing,Yes,Dealer
2806,104,60,2025-06-25,101699.71,20,West,Financing,Yes,Online
2807,96,75,2022-12-23,79706.77,10,West,Cash,Yes,Online
2808,66,24,2024-12-29,121106.6,20,South,Cash,No,Online
2809,3,50,2025-03-15,73978.48,14,West,Financing,Yes,Online
2810,89,49,2025-06-13,68745.92,20,South,Cash,Yes,Dealer
2811,193,71,2024-04-27,59760.31,24,West,Financing,No,Dealer
2812,157,24,2025-03-25,89901.96,12,West,Cash,No,Online
2813,64,33,2023-01-10,79430.02,17,East,Cash,Yes,Dealer
2814,52,78,2023-10-08,149083.93,17,North,Cash,Yes,Dealer
2815,3,4,2024-09-16,79458.59,1,East,Financing,Yes,Dealer
2816,103,19,2022-12-19,109828.87,27,North,Financing,Yes,Online
2817,73,94,2024-11-25,99792.67,30,South,Financing,Yes,Online
2818,53,67,2024-07-11,65018.21,26,East,Cash,No,Online
2819,9,76,2025-04-06,140887.47,20,East,Financing,No,Online
2820,191,86,2025-04-15,120413.07,23,North,Financing,Yes,Online
2821,133,24,2025-02-06,99889.97,8,South,Cash,No,Dealer
2822,110,78,2023-03-05,141471.19,26,East,Financing,Yes,Online
2823,167,48,2023-02-28,89672.62,13,North,Cash,No,Dealer
2824,63,81,2024-02-13,117570.13,30,West,Financing,Yes,Dealer
2825,147,43,2024-03-31,100326.32,16,East,Cash,No,Online
2826,79,63,2024-10-09,88566.29,9,South,Financing,Yes,Online
2827,169,25,2025-02-23,62070.77,16,East,Financing,Yes,Online
2828,14,64,2023-08-09,98222.89,16,South,Cash,No,Dealer
2829,16,29,2023-02-21,95668.04,14,South,Cash,Yes,Dealer
2830,160,96,2025-06-12,153555.0,27,North,Cash,No,Online
2831,54,59,2024-11-29,114182.29,2,South,Financing,No,Dealer
2832,115,37,2022-10-16,68421.99,18,East,Financing,No,Online
2833,114,96,2025-01-10,56717.57,18,South,Cash,No,Online
2834,2,89,2023-03-24,142081.03,27,East,Cash,Yes,Dealer
2835,162,5,2023-11-15,123734.87,30,East,Cash,No,Online
2836,169,22,2024-10-08,60985.67,28,East,Cash,No,Dealer
2837,99,25,2023-09-09,68047.04,9,North,Financing,Yes,Dealer
2838,89,70,2023-04-03,60233.57,24,North,Financing,No,Dealer
2839,70,92,2023-08-28,136257.94,26,East,Cash,Yes,Dealer
2840,13,83,2023-01-11,60762.72,16,North,Cash,No,Online
2841,151,32,2023-05-27,102795.85,29,North,Financing,No,Dealer
2842,31,70,2022-11-13,93776.83,9,South,Cash,Yes,Online
2843,139,4,2025-02-05,122149.26,22,West,Financing,Yes,Online
2844,62,66,2023-07-07,82061.04,12,West,Financing,Yes,Dealer
2845,137,70,2024-04-17,101026.14,1,East,Cash,No,Online
2846,98,37,2025-03-11,112765.22,23,South,Cash,Yes,Dealer
2847,185,54,2024-04-02,114662.84,5,South,Financing,No,Dealer
2848,6,65,2023-04-21,61228.13,30,North,Financing,No,Online
2849,130,93,2022-10-09,72730.92,20,North,Cash,Yes,Online
2850,154,90,2023-07-03,106709.83,20,East,Cash,Yes,Online
2851,52,88,2022-12-18,152546.71,28,West,Financing,Yes,Online
2852,86,69,2023-07-01,98623.47,9,North,Financing,Yes,Dealer
2853,62,24,2025-04-25,73049.27,22,West,Cash,No,Dealer
2854,176,87,2023-07-19,52815.68,6,East,Cash,No,Online
2855,122,62,2025-02-01,54229.22,9,East,Financing,No,Online
2856,137,87,2025-05-23,109241.72,29,South,Cash,Yes,Dealer
2857,193,9,2025-08-09,58996.44,10,North,Financing,Yes,Dealer
2858,108,63,2022-12-19,148627.04,26,West,Cash,No,Online
2859,64,42,2024-12-06,86587.73,23,West,Cash,No,Online
2860,4,18,2023-07-22,105294.06,24,East,Cash,Yes,Dealer
2861,125,72,2025-01-07,152278.82,30,South,Financing,No,Online
2862,85,7,2025-06-01,62646.63,13,West,Financing,Yes,Dealer
2863,3,48,2023-06-09,71023.4,2,North,Financing,No,Online
2864,160,70,2025-07-12,143273.57,19,South,Cash,Yes,Online
2865,16,95,2025-02-15,103908.26,8,South,Financing,Yes,Online
2866,156,34,2024-03-20,125473.54,11,South,Financing,No,Dealer
2867,179,77,2023-05-05,103230.58,12,North,Cash,No,Online
2868,13,80,2024-11-23,58318.38,23,North,Cash,No,Dealer
2869,127,38,2024-04-15,116055.14,22,East,Cash,Yes,Dealer
2870,74,96,2024-07-21,112846.73,18,East,Financing,No,Online
2871,132,12,2023-12-06,108762.36,4,North,Financing,No,Dealer
2872,136,28,2022-12-25,84777.33,10,East,Financing,No,Dealer
2873,41,22,2024-12-24,57705.42,20,East,Cash,Yes,Dealer
2874,158,64,2022-11-05,99902.44,2,West,Financing,Yes,Online
2875,105,14,2023-01-31,62760.88,26,South,Financing,No,Online
2876,115,2,2024-11-05,66844.81,10,South,Financing,No,Online
2877,34,26,2022-11-20,139954.0,12,North,Financing,No,Online
2878,19,48,2025-09-05,64343.5,7,North,Financing,Yes,Online
2879,109,64,2023-11-18,132341.63,26,West,Cash,No,Dealer
2880,147,8,2023-01-16,99955.31,12,East,Financing,Yes,Online
2881,63,76,2025-09-22,123226.1,11,East,Cash,No,Dealer
2882,188,96,2025-03-28,71313.84,12,East,Financing,Yes,Dealer
2883,186,59,2024-11-23,113991.53,4,North,Financing,No,Dealer
2884,184,52,2023-03-24,121677.17,19,East,Financing,Yes,Online
2885,50,42,2024-03-04,138397.23,23,East,Financing,No,Online
2886,96,88,2025-03-08,73725.87,15,South,Cash,No,Dealer
2887,188,12,2025-05-23,71875.51,18,North,Cash,Yes,Online
2888,7,78,2025-03-02,63411.92,12,South,Cash,Yes,Online
2889,177,91,2023-02-27,142111.76,20,South,Cash,Yes,Dealer
2890,75,34,2022-10-09,90626.58,2,South,Financing,Yes,Online
2891,102,59,2024-10-29,82806.74,13,South,Financing,Yes,Dealer
2892,122,31,2025-09-19,58842.55,20,South,Cash,No,Online
2893,12,18,2025-04-28,75768.4,8,North,Cash,No,Online
2894,17,55,2023-08-17,107265.51,20,South,Financing,No,Online
2895,55,39,2024-07-23,143143.92,16,South,Cash,No,Dealer
2896,83,11,2025-09-21,90001.91,11,East,Cash,No,Online
2897,114,42,2024-07-26,57998.35,14,North,Cash,Yes,Online
2898,8,1,2025-01-28,115799.27,23,East,Cash,Yes,Online
2899,48,100,2025-09-08,78383.64,25,South,Cash,No,Dealer
2900,120,60,2022-11-29,129850.08,7,North,Financing,Yes,Dealer
2901,103,39,2024-10-19,107635.59,24,West,Cash,Yes,Dealer
2902,14,31,2024-03-10,102562.21,13,East,Financing,Yes,Dealer
2903,35,81,2023-09-20,137319.51,10,North,Financing,No,Online
2904,34,64,2023-02-11,124625.14,9,West,Financing,No,Online
2905,110,59,2023-11-30,142249.7,14,North,Financing,Yes,Online
2906,11,32,2023-07-04,124231.0,23,East,Financing,No,Dealer
2907,187,10,2022-11-07,101759.88,10,East,Financing,No,Online
2908,27,67,2024-03-07,51198.83,30,West,Financing,Yes,Dealer
2909,154,91,2025-06-22,112266.07,17,East,Financing,Yes,Dealer
2910,153,90,2024-12-28,81264.36,26,South,Financing,No,Dealer
2911,56,17,2024-11-11,138270.7,5,East,Financing,Yes,Online
2912,26,21,2023-11-02,90155.15,23,North,Cash,No,Dealer
2913,144,44,2024-08-05,116985.72,8,North,Cash,Yes,Dealer
2914,112,95,2023-05-12,67915.67,23,South,Cash,Yes,Dealer
2915,128,39,2023-10-11,88420.15,6,South,Financing,No,Dealer
2916,192,65,2025-01-28,97629.9,23,South,Cash,Yes,Dealer
2917,135,83,2023-11-11,144462.32,18,North,Financing,No,Online
2918,100,67,2023-12-26,51406.04,2,North,Cash,No,Dealer
2919,103,40,2022-11-02,111893.48,15,East,Financing,Yes,Dealer
2920,132,55,2025-04-09,106969.08,22,East,Financing,Yes,Online
2921,1,80,2025-04-06,135049.57,28,South,Cash,No,Online
2922,13,70,2023-03-26,58662.21,2,South,Financing,Yes,Dealer
2923,103,17,2022-10-29,101643.65,1,East,Financing,No,Dealer
2924,176,65,2024-04-30,59371.46,14,East,Financing,No,Dealer
2925,84,97,2023-08-09,141223.46,25,West,Financing,Yes,Online
2926,66,61,2024-10-21,116694.52,14,North,Cash,No,Dealer
2927,87,67,2024-10-18,55646.43,26,South,Financing,Yes,Dealer
2928,19,54,2024-02-02,61334.71,13,East,Cash,Yes,Online
2929,66,39,2022-11-20,113058.62,9,West,Financing,Yes,Online
2930,52,26,2023-04-05,141934.43,17,West,Cash,Yes,Dealer
2931,121,6,2023-02-28,86598.26,24,North,Cash,No,Online
2932,12,80,2024-08-09,77105.58,10,East,Cash,Yes,Dealer
2933,16,23,2025-05-18,106266.16,2,East,Cash,Yes,Online
2934,156,100,2024-01-03,127791.06,28,North,Cash,No,Online
2935,150,99,2023-08-15,60008.48,14,West,Financing,No,Online
2936,70,44,2023-12-25,135005.29,5,North,Cash,No,Dealer
2937,157,35,2023-05-02,78701.79,17,East,Cash,No,Online
2938,91,97,2024-12-19,143838.38,25,West,Financing,Yes,Dealer
2939,128,82,2025-08-22,89983.92,21,East,Cash,No,Online
2940,36,85,2024-09-10,133255.0,14,East,Financing,Yes,Online
2941,60,12,2022-12-25,117427.91,12,South,Financing,No,Online
2942,120,25,2025-09-30,132003.83,28,North,Cash,Yes,Dealer
2943,171,59,2023-12-11,71083.62,16,West,Financing,No,Dealer
2944,30,85,2024-11-19,93376.81,10,West,Financing,Yes,Online
2945,1,65,2023-08-02,132000.68,17,South,Financing,No,Dealer
2946,28,74,2024-10-25,110155.41,14,South,Cash,No,Online
2947,189,83,2023-12-27,55697.95,12,West,Financing,Yes,Dealer
2948,108,62,2024-06-07,160582.23,10,South,Cash,No,Online
2949,180,1,2023-06-26,111695.45,13,South,Cash,No,Online
2950,136,98,2023-08-05,79873.91,3,South,Financing,Yes,Dealer
2951,93,44,2024-12-14,129215.88,19,North,Financing,Yes,Online
2952,35,59,2023-08-03,138594.63,24,West,Cash,No,Online
2953,39,22,2024-09-15,99703.63,8,North,Cash,No,Dealer
2954,70,92,2024-08-15,136425.17,18,West,Cash,No,Dealer
2955,115,75,2023-02-02,69351.72,11,North,Financing,No,Dealer
2956,81,41,2025-05-28,82976.04,7,North,Cash,No,Online
2957,119,66,2023-10-16,141251.18,3,North,Financing,No,Online
2958,143,75,2025-02-12,146204.88,10,West,Cash,No,Online
2959,130,34,2024-08-28,72238.47,18,West,Cash,Yes,Online
2960,5,88,2024-12-20,93164.59,16,South,Cash,No,Online
2961,47,15,2024-09-08,150330.7,30,North,Financing,Yes,Online
2962,40,73,2024-07-17,116989.91,21,West,Cash,Yes,Online
2963,167,63,2023-03-21,94653.71,1,West,Cash,Yes,Online
2964,117,76,2023-01-06,118243.69,5,South,Cash,No,Online
2965,58,36,2025-05-20,55297.18,29,West,Financing,No,Online
2966,63,92,2025-05-18,118339.46,11,West,Financing,No,Dealer
2967,133,94,2025-05-02,98219.48,28,South,Financing,No,Dealer
2968,4,63,2023-11-26,102970.5,15,North,Cash,Yes,Online
2969,83,43,2024-10-30,87360.39,11,East,Financing,Yes,Dealer
2970,33,83,2024-09-19,97585.73,3,South,Financing,No,Dealer
2971,12,40,2023-02-27,78961.82,12,South,Cash,Yes,Dealer
2972,17,40,2025-06-30,112108.87,29,North,Cash,Yes,Online
2973,166,42,2024-08-14,132637.15,28,West,Financing,Yes,Dealer
2974,161,97,2023-12-16,66902.98,13,North,Cash,No,Dealer
2975,159,58,2022-12-30,124947.5,18,South,Cash,No,Dealer
2976,92,55,2024-03-15,118321.88,17,West,Financing,No,Online
2977,195,30,2025-03-28,133754.68,27,West,Financing,Yes,Online
2978,111,28,2025-02-16,112222.74,5,West,Cash,No,Online
2979,31,46,2023-02-06,93266.7,19,East,Financing,Yes,Online
2980,170,57,2024-08-31,71804.15,8,West,Cash,Yes,Online
2981,145,12,2025-07-02,124468.05,11,East,Cash,Yes,Online
2982,45,39,2024-07-03,138968.42,3,East,Cash,No,Dealer
2983,138,32,2023-03-08,139004.86,19,West,Cash,No,Online
2984,77,38,2025-04-16,58189.83,26,West,Financing,No,Online
2985,187,16,2025-07-25,104254.65,12,East,Financing,Yes,Dealer
2986,69,95,2025-08-28,85315.33,30,North,Financing,Yes,Dealer
2987,1,44,2023-11-07,135607.82,1,South,Cash,Yes,Dealer
2988,145,71,2025-01-13,126026.85,3,East,Cash,Yes,Dealer
2989,71,86,2023-05-25,96305.05,16,North,Financing,Yes,Dealer
2990,116,37,2023-04-04,126119.91,1,South,Cash,No,Dealer
2991,171,82,2024-05-20,78444.22,8,North,Cash,No,Dealer
2992,192,4,2025-05-16,100981.68,19,West,Cash,Yes,Online
2993,107,49,2023-10-10,87719.65,15,West,Financing,No,Dealer
2994,20,1,2025-08-03,161849.89,5,West,Cash,No,Online
2995,9,18,2024-04-17,147218.73,26,South,Cash,Yes,Dealer
2996,158,76,2025-09-27,95765.84,18,South,Financing,No,Online
2997,108,63,2024-05-08,153706.97,12,North,Cash,No,Dealer
2998,158,10,2023-12-20,97420.34,11,East,Financing,No,Online
2999,71,38,2024-07-22,99603.78,1,South,Cash,No,Online
3000,118,39,2023-01-10,117200.28,28,East,Financing,No,Online
3001,97,7,2023-07-06,84897.84,4,South,Financing,Yes,Dealer
3002,56,9,2023-05-07,135130.78,19,East,Financing,No,Dealer
3003,150,98,2023-07-22,60020.44,6,West,Financing,No,Dealer
3004,24,39,2024-12-25,60121.18,20,South,Financing,Yes,Online
3005,191,43,2023-12-29,119074.94,11,South,Financing,No,Dealer
3006,141,52,2023-05-08,50045.52,16,South,Cash,No,Dealer
3007,194,31,2025-02-16,74115.36,8,East,Financing,No,Online
3008,96,88,2023-02-18,76535.53,16,South,Cash,No,Online
3009,30,34,2025-04-28,103808.33,23,West,Financing,No,Online
3010,17,18,2025-07-13,115477.15,28,East,Cash,No,Dealer
3011,63,57,2025-04-12,129591.42,16,West,Cash,Yes,Online
3012,179,68,2025-03-29,105474.76,26,North,Cash,Yes,Dealer
3013,63,11,2023-01-30,121343.45,10,North,Financing,Yes,Online
3014,65,30,2024-02-09,92244.02,14,West,Cash,Yes,Online
3015,125,71,2025-07-30,154532.51,3,North,Cash,No,Dealer
3016,109,39,2024-09-07,137217.1,5,West,Cash,No,Online
3017,37,55,2023-08-14,95690.76,27,South,Cash,Yes,Dealer
3018,68,23,2025-09-19,99966.52,23,North,Financing,Yes,Online
3019,48,25,2025-06-01,75516.57,2,West,Financing,No,Online
3020,173,42,2024-04-12,55329.02,30,South,Financing,Yes,Online
3021,75,20,2024-10-01,93652.47,1,West,Cash,Yes,Dealer
3022,20,33,2023-04-22,156134.99,11,South,Cash,Yes,Dealer
3023,109,32,2024-04-13,147885.93,7,South,Cash,Yes,Online
3024,72,5,2023-04-10,81740.23,2,South,Cash,Yes,Online
3025,13,48,2023-12-21,54975.54,13,North,Cash,Yes,Online
3026,30,98,2025-02-22,96139.18,7,East,Cash,Yes,Online
3027,50,30,2025-09-28,129763.84,21,South,Financing,Yes,Online
3028,41,32,2023-09-07,56114.56,24,East,Financing,No,Dealer
3029,33,28,2025-01-21,92760.23,10,West,Financing,No,Dealer
3030,110,1,2023-05-11,145019.24,6,West,Financing,Yes,Dealer
3031,45,96,2023-01-24,146295.99,2,East,Cash,No,Dealer
3032,163,86,2024-12-03,119787.98,16,South,Financing,No,Online
3033,160,61,2023-07-08,145745.89,27,West,Cash,No,Online
3034,99,52,2024-04-05,76347.17,12,North,Financing,No,Dealer
3035,41,48,2024-03-24,53269.44,26,North,Financing,No,Dealer
3036,27,35,2025-09-15,55615.9,16,East,Cash,Yes,Dealer
3037,149,90,2025-06-23,73428.95,12,West,Financing,No,Dealer
3038,185,41,2025-07-23,115246.17,22,South,Financing,Yes,Dealer
3039,192,32,2025-07-15,94739.5,5,West,Financing,Yes,Dealer
3040,27,44,2025-07-03,50137.54,16,West,Financing,Yes,Online
3041,83,35,2023-04-02,91224.06,7,East,Financing,No,Dealer
3042,64,86,2024-02-17,77641.05,19,North,Financing,Yes,Dealer
3043,145,61,2023-11-14,125907.39,19,North,Financing,Yes,Dealer
3044,58,87,2023-07-08,50402.46,17,West,Cash,No,Online
3045,8,32,2025-01-25,110381.77,1,South,Financing,Yes,Dealer
3046,16,61,2025-03-29,96858.54,23,North,Cash,No,Dealer
3047,124,71,2025-02-08,133477.37,29,South,Financing,No,Online
3048,31,17,2023-03-19,93704.22,4,West,Cash,No,Dealer
3049,102,24,2024-12-14,83106.16,11,South,Cash,No,Dealer
3050,89,97,2023-06-28,61417.7,13,South,Cash,No,Online
3051,192,75,2023-10-07,102133.45,28,East,Cash,Yes,Dealer
3052,147,34,2024-06-12,111053.73,17,North,Cash,Yes,Dealer
3053,180,50,2024-10-06,109859.5,23,West,Cash,No,Dealer
3054,173,4,2025-02-19,54178.19,14,South,Cash,No,Online
3055,154,15,2024-01-27,106912.8,2,West,Cash,Yes,Dealer
3056,198,74,2024-08-25,49099.43,1,South,Financing,Yes,Online
3057,50,29,2023-07-09,131715.31,8,East,Cash,No,Dealer
3058,124,85,2025-08-25,123881.66,26,East,Cash,No,Online
3059,145,70,2024-10-23,126854.37,26,North,Cash,Yes,Dealer
3060,127,77,2025-09-21,111102.83,7,East,Cash,Yes,Dealer
3061,3,37,2024-06-28,76795.17,19,North,Cash,Yes,Dealer
3062,168,21,2024-03-24,113510.23,29,South,Financing,No,Online
3063,104,70,2024-04-28,101306.68,2,North,Cash,Yes,Dealer
3064,37,16,2024-10-24,98342.41,28,East,Financing,No,Dealer
3065,40,8,2025-05-18,109272.21,7,North,Financing,Yes,Dealer
3066,145,86,2025-05-28,123139.91,4,North,Cash,No,Online
3067,21,42,2024-06-23,113345.94,26,North,Financing,Yes,Online
3068,35,91,2023-08-17,147977.73,4,East,Cash,Yes,Dealer
3069,119,86,2023-01-26,133890.1,28,North,Financing,Yes,Online
3070,34,69,2022-11-16,140960.67,15,East,Financing,Yes,Dealer
3071,179,10,2025-01-28,114209.56,25,South,Financing,No,Dealer
3072,126,49,2023-06-13,89916.31,10,South,Cash,Yes,Online
3073,10,82,2023-12-22,85120.8,16,North,Financing,Yes,Dealer
3074,44,32,2024-08-30,145534.69,21,East,Financing,Yes,Online
3075,182,31,2023-07-28,64746.06,3,South,Financing,Yes,Dealer
3076,153,85,2023-11-02,84795.67,14,South,Financing,Yes,Dealer
3077,141,33,2024-10-21,51620.26,27,South,Financing,Yes,Dealer
3078,190,40,2022-10-27,81805.29,29,South,Financing,No,Dealer
3079,185,9,2025-08-01,123569.55,30,East,Financing,No,Dealer
3080,155,37,2023-01-04,130019.04,17,South,Cash,Yes,Dealer
3081,28,76,2023-10-07,119344.2,21,East,Financing,No,Dealer
3082,170,52,2025-01-19,74717.0,7,East,Cash,Yes,Dealer
3083,164,93,2025-04-29,147280.43,3,West,Financing,Yes,Dealer
3084,104,47,2023-07-16,94310.97,1,North,Financing,Yes,Online
3085,22,38,2024-06-14,90644.0,28,East,Cash,Yes,Online
3086,97,66,2025-06-19,89907.34,21,West,Cash,No,Online
3087,180,66,2024-09-11,117916.36,15,North,Cash,Yes,Dealer
3088,105,70,2024-06-29,59405.95,20,East,Cash,No,Online
3089,138,19,2023-08-20,139803.03,1,South,Cash,Yes,Online
3090,90,85,2024-07-14,64842.39,6,South,Cash,Yes,Online
3091,143,20,2023-04-21,138430.55,10,East,Financing,No,Online
3092,135,25,2023-12-02,151724.31,12,East,Cash,Yes,Dealer
3093,24,5,2024-04-27,66778.94,24,East,Financing,Yes,Online
3094,96,14,2022-10-12,74491.55,23,South,Financing,Yes,Dealer
3095,50,41,2024-11-05,145105.24,25,South,Cash,Yes,Online
3096,112,38,2024-11-07,64685.92,4,East,Financing,Yes,Dealer
3097,135,31,2025-02-26,133676.56,1,North,Cash,Yes,Dealer
3098,27,80,2023-06-28,56610.64,10,East,Cash,No,Online
3099,157,43,2025-06-11,87951.18,28,North,Financing,No,Dealer
3100,143,53,2023-04-23,148048.84,26,South,Cash,Yes,Online
3101,165,66,2023-07-18,91825.53,22,South,Cash,No,Online
3102,194,45,2022-10-17,84715.18,16,North,Cash,No,Online
3103,171,19,2023-01-02,70398.63,4,West,Financing,Yes,Dealer
3104,153,74,2024-02-17,77280.79,1,East,Financing,No,Dealer
3105,96,76,2024-08-26,76693.21,19,North,Financing,Yes,Online
3106,108,78,2025-03-06,152584.48,14,North,Financing,No,Online
3107,134,78,2024-07-08,76714.6,26,North,Financing,Yes,Online
3108,100,43,2023-09-14,51982.08,14,South,Financing,No,Dealer
3109,114,6,2023-03-02,56575.47,3,South,Financing,No,Online
3110,58,54,2022-11-04,54147.99,22,East,Cash,Yes,Dealer
3111,57,82,2024-02-20,139500.94,1,South,Financing,No,Online
3112,164,79,2024-05-23,146024.03,28,East,Financing,No,Dealer
3113,47,42,2024-09-12,155615.37,26,North,Financing,Yes,Online
3114,191,19,2025-03-11,122555.61,29,South,Financing,Yes,Online
3115,71,11,2024-08-23,100931.67,15,East,Cash,No,Dealer
3116,64,51,2023-12-08,78640.68,20,East,Financing,No,Dealer
3117,150,4,2024-04-27,56015.67,13,West,Financing,Yes,Online
3118,72,22,2023-07-26,75724.72,12,South,Cash,Yes,Online
3119,159,44,2023-12-27,135635.95,22,East,Cash,Yes,Online
3120,83,82,2025-02-27,90991.24,18,South,Financing,Yes,Online
3121,72,3,2024-07-14,79920.36,30,West,Financing,Yes,Online
3122,114,21,2024-07-15,57300.69,4,South,Cash,Yes,Online
3123,78,12,2025-03-23,65088.73,14,South,Cash,No,Online
3124,152,23,2025-03-27,108362.6,29,South,Financing,Yes,Dealer
3125,57,17,2023-05-06,136299.88,27,North,Cash,Yes,Online
3126,151,21,2024-01-05,91547.53,17,East,Cash,Yes,Online
3127,12,54,2023-05-14,75610.95,4,North,Cash,Yes,Online
3128,55,48,2025-09-01,134257.27,20,West,Cash,Yes,Online
3129,15,83,2024-09-27,121904.46,1,East,Financing,Yes,Dealer
3130,38,24,2022-12-02,108034.24,27,East,Financing,Yes,Dealer
3131,91,77,2023-06-14,135796.95,10,West,Cash,Yes,Online
3132,74,100,2023-10-11,109201.35,12,South,Cash,Yes,Online
3133,99,84,2024-01-13,72658.2,21,North,Financing,No,Dealer
3134,75,57,2024-05-29,92043.06,24,South,Financing,Yes,Online
3135,158,38,2023-12-11,100471.16,25,North,Cash,No,Dealer
3136,110,54,2022-11-16,148631.01,23,North,Financing,Yes,Dealer
3137,166,98,2024-01-24,133004.5,14,North,Cash,Yes,Dealer
3138,123,71,2024-06-10,147801.69,2,North,Cash,Yes,Online
3139,63,9,2025-08-30,119631.64,22,West,Financing,Yes,Dealer
3140,162,62,2025-03-18,119144.49,21,East,Cash,Yes,Online
3141,51,88,2024-09-26,120208.95,16,East,Cash,Yes,Online
3142,97,82,2023-10-27,87005.52,17,East,Financing,Yes,Dealer
3143,22,11,2023-02-07,88750.94,10,East,Cash,Yes,Online
3144,8,96,2025-02-25,109678.04,8,East,Cash,Yes,Online
3145,180,90,2024-07-01,108450.87,3,East,Financing,No,Dealer
3146,98,79,2024-02-08,107593.53,7,West,Financing,Yes,Dealer
3147,169,71,2023-10-25,63321.9,7,West,Financing,No,Online
3148,88,27,2024-11-29,55569.27,30,North,Cash,Yes,Dealer
3149,171,4,2024-07-07,72180.45,27,East,Cash,No,Dealer
3150,75,24,2024-04-27,94227.99,14,South,Financing,Yes,Online
3151,125,24,2025-05-22,149303.61,9,East,Cash,Yes,Dealer
3152,94,87,2023-05-15,56730.8,13,West,Financing,No,Dealer
3153,136,57,2024-06-28,77816.21,17,West,Cash,Yes,Dealer
3154,148,37,2025-02-02,112546.71,23,North,Cash,No,Dealer
3155,161,18,2023-10-04,59295.31,11,West,Cash,No,Dealer
3156,99,69,2024-12-07,71217.01,30,North,Cash,Yes,Dealer
3157,197,17,2024-10-26,51636.68,25,West,Financing,Yes,Online
3158,190,41,2024-04-22,81125.31,23,West,Cash,No,Dealer
3159,36,10,2022-12-17,145339.25,5,East,Financing,No,Online
3160,48,19,2025-07-10,75642.43,26,West,Financing,Yes,Dealer
3161,89,64,2023-09-11,64819.24,24,South,Financing,Yes,Dealer
3162,179,84,2025-07-14,106811.09,2,South,Cash,Yes,Online
3163,75,58,2024-11-23,97501.95,18,South,Cash,Yes,Dealer
3164,166,94,2022-12-25,134857.43,29,North,Financing,No,Online
3165,184,51,2023-04-11,125122.13,16,West,Cash,No,Online
3166,105,81,2025-09-08,65092.61,8,West,Cash,Yes,Online
3167,18,18,2024-12-01,145476.37,29,South,Cash,Yes,Dealer
3168,129,35,2025-05-11,55872.35,5,East,Cash,Yes,Online
3169,109,58,2024-12-22,142273.97,22,North,Cash,No,Dealer
3170,186,95,2024-10-03,105955.09,21,South,Financing,Yes,Dealer
3171,164,87,2024-12-19,150554.15,9,East,Financing,Yes,Online
3172,144,48,2023-09-07,119967.36,30,North,Cash,Yes,Online
3173,67,80,2025-07-05,85575.67,12,North,Cash,No,Online
3174,168,1,2024-06-15,100920.7,3,East,Financing,No,Online
3175,122,45,2024-06-10,58571.9,26,North,Cash,Yes,Online
3176,74,33,2025-03-27,99011.42,21,East,Cash,No,Online
3177,17,45,2024-07-29,110489.99,13,East,Cash,Yes,Dealer
3178,49,67,2024-11-28,141809.55,21,East,Cash,No,Dealer
3179,118,41,2022-12-04,119120.29,12,South,Cash,Yes,Online
3180,104,67,2024-08-18,95151.75,30,East,Financing,Yes,Dealer
3181,116,71,2024-12-24,113634.15,9,North,Cash,No,Online
3182,104,78,2024-03-17,100533.07,17,South,Financing,Yes,Dealer
3183,24,14,2025-04-22,64560.54,12,West,Financing,No,Online
3184,22,73,2023-03-24,84105.41,19,West,Financing,No,Online
3185,170,26,2024-07-16,75254.64,6,West,Cash,No,Online
3186,86,69,2023-06-12,96065.53,7,East,Financing,Yes,Dealer
3187,109,42,2024-07-30,144937.02,15,East,Cash,No,Online
3188,64,75,2024-12-25,84565.02,21,South,Financing,Yes,Dealer
3189,103,85,2025-03-11,101569.51,5,West,Financing,Yes,Online
3190,175,43,2023-03-02,137023.56,18,West,Financing,No,Online
3191,2,100,2024-06-11,132391.97,7,East,Cash,Yes,Dealer
3192,46,62,2024-11-22,80864.62,25,South,Financing,No,Online
3193,164,48,2024-01-16,153419.11,26,North,Cash,No,Online
3194,133,48,2025-09-12,101232.32,10,South,Cash,No,Online
3195,2,69,2025-07-18,144041.23,30,West,Cash,Yes,Dealer
3196,196,29,2023-10-08,118031.65,18,South,Financing,No,Dealer
3197,117,96,2023-02-07,116376.18,25,East,Cash,No,Online
3198,178,94,2024-01-01,86146.71,16,West,Cash,Yes,Online
3199,3,57,2024-07-05,70514.33,30,North,Cash,Yes,Dealer
3200,37,25,2025-03-06,97033.04,10,West,Cash,Yes,Dealer
3201,190,85,2023-03-20,91682.02,16,West,Financing,Yes,Dealer
3202,31,87,2023-11-26,88623.52,19,West,Cash,No,Dealer
3203,182,79,2024-05-12,59656.16,14,West,Financing,No,Dealer
3204,76,6,2024-12-25,130361.29,20,West,Cash,Yes,Dealer
3205,200,35,2023-12-24,91428.1,1,East,Cash,Yes,Dealer
3206,36,87,2023-11-25,147582.24,13,East,Cash,No,Online
3207,178,24,2025-09-19,88431.96,5,North,Financing,Yes,Online
3208,118,3,2022-12-10,122387.75,12,West,Cash,No,Online
3209,196,15,2025-07-21,111928.89,11,North,Cash,No,Online
3210,191,90,2025-07-15,118708.43,4,West,Cash,No,Online
3211,8,65,2023-06-30,104522.82,2,East,Cash,No,Dealer
3212,87,77,2023-08-29,56068.86,15,South,Cash,No,Dealer
3213,130,65,2024-01-30,69022.75,23,West,Cash,Yes,Online
3214,73,74,2024-07-29,98461.16,13,North,Financing,No,Online
3215,182,65,2022-11-09,60221.2,30,West,Financing,Yes,Online
3216,6,27,2023-11-03,65123.34,3,West,Cash,No,Dealer
3217,94,19,2024-02-07,58475.5,25,East,Financing,No,Dealer
3218,152,22,2024-04-06,109840.88,24,South,Financing,Yes,Online
3219,9,89,2023-04-21,144874.0,29,South,Cash,No,Online
3220,23,39,2023-09-27,146336.69,22,North,Financing,Yes,Online
3221,144,99,2025-06-26,117488.95,11,South,Financing,Yes,Dealer
3222,167,26,2025-05-25,83444.91,24,South,Cash,No,Dealer
3223,168,28,2024-08-04,108597.39,13,South,Cash,Yes,Online
3224,15,93,2023-12-24,129489.9,2,South,Cash,No,Online
3225,187,1,2025-01-27,107164.41,26,North,Cash,Yes,Dealer
3226,179,36,2023-08-21,104863.47,3,South,Cash,Yes,Online
3227,68,91,2023-08-01,98416.97,8,West,Financing,Yes,Online
3228,198,54,2024-12-29,49532.05,13,North,Cash,Yes,Online
3229,173,82,2025-08-03,52926.97,14,East,Financing,No,Dealer
3230,197,59,2023-04-13,48258.8,28,East,Cash,Yes,Online
3231,10,45,2025-04-28,88287.2,22,South,Cash,Yes,Dealer
3232,128,26,2024-09-09,83741.74,20,East,Cash,Yes,Online
3233,192,40,2024-04-05,100141.38,5,South,Financing,No,Dealer
3234,166,4,2023-02-24,146752.86,25,West,Financing,No,Dealer
3235,177,13,2024-05-13,138001.89,17,West,Cash,Yes,Dealer
3236,61,56,2024-07-29,132359.91,18,East,Cash,Yes,Dealer
3237,199,82,2025-09-21,101925.08,6,West,Cash,Yes,Online
3238,109,56,2024-01-25,139547.66,14,North,Cash,No,Dealer
3239,22,51,2024-12-15,82310.92,27,South,Cash,No,Dealer
3240,149,75,2025-03-21,80770.84,8,North,Cash,No,Dealer
3241,160,62,2024-12-22,150913.85,16,West,Financing,No,Dealer
3242,76,4,2023-10-18,134664.98,18,East,Cash,No,Online
3243,19,91,2024-02-21,60766.05,30,West,Cash,No,Dealer
3244,124,71,2025-04-24,123566.25,19,North,Cash,No,Dealer
3245,90,12,2025-06-17,68777.7,18,North,Cash,No,Dealer
3246,11,8,2023-04-03,128778.47,28,North,Cash,Yes,Dealer
3247,70,77,2025-07-24,136638.98,23,West,Financing,No,Dealer
3248,13,81,2023-03-12,59245.07,8,South,Cash,Yes,Online
3249,27,94,2023-03-04,50670.0,29,North,Cash,No,Online
3250,127,36,2024-06-05,120413.78,6,North,Financing,No,Online
3251,47,21,2023-08-13,155065.9,8,West,Cash,Yes,Online
3252,99,22,2023-09-21,68098.4,29,West,Cash,Yes,Online
3253,67,23,2025-09-03,81009.22,29,West,Cash,No,Dealer
3254,94,31,2022-11-08,62117.48,16,East,Cash,No,Dealer
3255,177,12,2023-11-17,140967.86,26,East,Financing,No,Dealer
3256,105,87,2025-05-16,67298.98,25,East,Cash,No,Dealer
3257,54,47,2023-02-21,116178.64,21,East,Cash,No,Dealer
3258,186,9,2024-06-30,110824.79,9,West,Financing,No,Online
3259,171,96,2023-07-19,70889.94,28,South,Financing,Yes,Dealer
3260,168,71,2023-04-23,109094.17,14,West,Financing,Yes,Dealer
3261,101,39,2025-01-07,125436.31,17,South,Cash,No,Dealer
3262,94,68,2025-01-26,54089.93,16,East,Cash,Yes,Dealer
3263,198,79,2024-10-03,49897.99,18,East,Financing,Yes,Dealer
3264,153,89,2025-08-22,83642.19,11,North,Financing,Yes,Dealer
3265,82,8,2023-01-14,153644.47,12,North,Cash,No,Dealer
3266,119,22,2025-08-20,151180.25,24,North,Financing,Yes,Dealer
3267,45,98,2023-09-28,146892.62,20,North,Financing,No,Online
3268,190,63,2023-02-06,82658.35,30,East,Financing,No,Online
3269,62,72,2024-06-22,72022.16,30,West,Cash,No,Dealer
3270,29,46,2023-01-29,81855.92,2,North,Financing,No,Online
3271,169,24,2024-10-06,57045.13,18,South,Financing,Yes,Online
3272,36,60,2024-01-11,138803.07,20,South,Cash,No,Dealer
3273,49,11,2024-07-20,143169.64,26,North,Cash,Yes,Online
3274,169,46,2022-11-27,56468.06,19,South,Financing,No,Online
3275,118,34,2023-08-18,119915.84,5,West,Cash,No,Online
3276,178,7,2024-01-13,82582.91,17,South,Cash,No,Dealer
3277,75,44,2024-09-20,91648.33,3,West,Cash,Yes,Online
3278,83,13,2023-10-11,85410.25,3,East,Financing,No,Dealer
3279,194,88,2023-02-22,81325.25,8,North,Financing,Yes,Dealer
3280,48,70,2024-12-20,74620.27,28,West,Cash,Yes,Dealer
3281,65,50,2025-03-09,99232.74,4,South,Cash,No,Dealer
3282,96,55,2025-04-24,81496.82,24,South,Financing,No,Online
3283,45,97,2023-08-11,131777.54,14,East,Cash,No,Dealer
3284,41,2,2024-10-10,56306.69,19,North,Financing,Yes,Online
3285,155,56,2024-09-05,119659.86,8,South,Financing,Yes,Dealer
3286,191,64,2023-07-20,123676.8,2,North,Financing,Yes,Online
3287,174,91,2024-11-20,63479.1,24,South,Cash,Yes,Online
3288,72,30,2023-05-28,79331.79,27,North,Financing,No,Online
3289,169,38,2022-11-24,57560.24,21,South,Financing,Yes,Dealer
3290,77,47,2023-12-06,62301.98,2,South,Cash,Yes,Online
3291,64,33,2024-04-12,83076.94,5,East,Financing,No,Dealer
3292,48,78,2024-07-07,74113.65,20,East,Financing,Yes,Dealer
3293,161,34,2022-12-16,67615.41,7,South,Financing,Yes,Dealer
3294,158,48,2023-06-04,108925.42,8,North,Cash,Yes,Dealer
3295,124,16,2024-11-15,132168.89,22,East,Cash,No,Online
3296,175,75,2025-03-08,139598.89,4,West,Cash,No,Dealer
3297,17,58,2023-01-28,118257.03,7,North,Financing,Yes,Online
3298,191,7,2024-11-25,127262.99,24,South,Cash,Yes,Online
3299,152,71,2023-09-06,108217.09,8,North,Financing,No,Online
3300,174,59,2023-01-26,66856.46,14,North,Cash,No,Online
3301,145,66,2023-09-19,122517.94,22,North,Financing,No,Dealer
3302,153,95,2023-10-08,83339.75,20,North,Financing,Yes,Online
3303,66,36,2025-06-12,112747.94,11,South,Cash,Yes,Dealer
3304,191,67,2023-01-22,128324.79,8,North,Cash,No,Dealer
3305,15,22,2023-04-29,124381.05,20,West,Financing,No,Online
3306,61,84,2024-08-09,123127.72,25,North,Cash,No,Dealer
3307,176,89,2023-11-04,57157.27,15,East,Cash,Yes,Online
3308,109,70,2025-01-26,132390.41,17,North,Cash,Yes,Dealer
3309,45,10,2024-03-06,149230.29,2,East,Cash,Yes,Online
3310,72,49,2023-10-20,71800.63,2,East,Cash,Yes,Online
3311,26,31,2024-12-16,91589.5,18,South,Financing,Yes,Online
3312,9,99,2024-12-06,144988.68,18,North,Financing,Yes,Dealer
3313,57,54,2025-01-11,129250.54,27,North,Financing,Yes,Dealer
3314,154,2,2024-06-11,117610.48,15,East,Financing,No,Dealer
3315,48,6,2024-08-22,73641.1,2,South,Cash,No,Online
3316,200,7,2023-04-08,104325.17,16,West,Cash,No,Online
3317,69,72,2024-09-06,84704.13,12,North,Financing,Yes,Online
3318,56,59,2025-02-11,134047.26,1,North,Cash,Yes,Dealer
3319,165,39,2022-11-18,87880.96,12,East,Financing,No,Online
3320,158,51,2023-05-02,100256.09,12,North,Cash,No,Dealer
3321,128,11,2025-02-12,83634.63,8,North,Financing,Yes,Dealer
3322,62,75,2024-09-07,76235.94,12,South,Financing,No,Dealer
3323,140,29,2023-08-09,62990.25,1,West,Cash,No,Online
3324,51,70,2025-05-16,133781.22,28,West,Financing,Yes,Online
3325,187,18,2024-07-13,103435.21,7,East,Financing,Yes,Dealer
3326,77,51,2023-03-07,58163.52,29,West,Financing,Yes,Online
3327,1,38,2024-10-12,120004.24,22,West,Financing,Yes,Dealer
3328,45,81,2025-03-20,133300.33,22,South,Financing,Yes,Online
3329,154,51,2024-10-19,117411.8,18,South,Financing,No,Dealer
3330,7,33,2024-11-22,62293.86,13,West,Financing,Yes,Online
3331,97,71,2022-10-08,87732.62,18,South,Cash,Yes,Dealer
3332,139,29,2023-12-29,130997.34,16,South,Financing,Yes,Online
3333,196,45,2022-11-06,119843.53,19,South,Cash,Yes,Dealer
3334,15,50,2023-05-02,129657.83,11,East,Cash,Yes,Dealer
3335,13,49,2025-02-16,61742.65,24,South,Cash,Yes,Dealer
3336,44,17,2022-10-27,145649.73,17,West,Cash,Yes,Online
3337,23,69,2024-09-04,140137.03,4,West,Cash,No,Dealer
3338,174,58,2023-01-23,65303.43,17,East,Financing,No,Dealer
3339,160,77,2023-07-31,147603.3,2,South,Cash,No,Online
3340,29,36,2025-07-07,83923.75,18,East,Financing,No,Online
3341,142,80,2025-07-17,88001.67,18,North,Financing,Yes,Dealer
3342,55,81,2023-05-30,143652.96,26,East,Financing,Yes,Online
3343,105,26,2024-10-21,59732.37,27,West,Financing,No,Dealer
3344,46,96,2025-04-14,85307.1,28,North,Financing,No,Dealer
3345,56,63,2024-01-25,134661.93,30,North,Cash,Yes,Online
3346,101,68,2023-12-11,132692.96,6,North,Cash,Yes,Dealer
3347,20,55,2022-11-10,147513.93,16,South,Cash,No,Online
3348,177,25,2024-07-17,146604.73,14,South,Cash,No,Dealer
3349,69,75,2024-01-07,83328.01,2,North,Financing,Yes,Online
3350,122,87,2024-04-24,56156.67,6,East,Financing,No,Online
3351,88,89,2025-04-19,58648.84,14,South,Cash,Yes,Dealer
3352,72,94,2022-11-21,77416.3,7,South,Cash,No,Dealer
3353,28,57,2024-11-01,112075.27,26,South,Financing,Yes,Dealer
3354,127,54,2023-05-28,113575.76,29,North,Cash,Yes,Dealer
3355,10,16,2023-02-18,88204.07,23,South,Financing,No,Dealer
3356,26,27,2023-10-17,93096.5,24,East,Financing,Yes,Online
3357,81,50,2024-10-05,85163.83,7,South,Cash,No,Dealer
3358,134,85,2023-02-28,74421.52,24,North,Financing,No,Dealer
3359,149,69,2025-01-30,73161.56,15,East,Cash,Yes,Online
3360,118,62,2024-01-05,123835.52,21,South,Financing,Yes,Dealer
3361,103,66,2023-07-19,101131.45,3,South,Cash,No,Online
3362,110,58,2023-04-26,149734.71,1,South,Cash,No,Online
3363,181,38,2025-09-25,98210.92,1,South,Financing,Yes,Online
3364,166,22,2023-12-01,149298.79,24,East,Cash,Yes,Online
3365,106,87,2023-09-01,120847.56,30,South,Financing,No,Dealer
3366,4,13,2025-02-22,107800.52,29,East,Financing,No,Online
3367,76,98,2025-09-03,135303.59,18,East,Cash,Yes,Online
3368,178,36,2024-06-05,88070.9,8,East,Cash,No,Dealer
3369,106,45,2023-04-17,132765.44,23,North,Cash,No,Online
3370,87,54,2023-03-17,49404.24,9,East,Cash,No,Dealer
3371,90,25,2023-02-15,68840.56,20,North,Cash,No,Online
3372,82,40,2024-05-13,146133.22,27,East,Financing,Yes,Online
3373,131,23,2023-07-27,57065.63,13,North,Cash,Yes,Dealer
3374,99,41,2025-06-30,70505.22,20,South,Cash,Yes,Online
3375,123,49,2025-07-15,147249.64,23,West,Cash,Yes,Dealer
3376,60,30,2022-11-30,108875.73,18,East,Cash,Yes,Online
3377,156,87,2023-02-08,138572.82,1,South,Financing,Yes,Dealer
3378,168,81,2024-06-05,101555.45,28,North,Financing,No,Online
3379,132,96,2023-07-27,104228.01,7,South,Cash,No,Online
3380,61,33,2025-05-08,131330.94,7,North,Financing,No,Dealer
3381,188,5,2024-01-05,73719.57,17,East,Financing,Yes,Dealer
3382,64,94,2024-12-06,79477.98,18,South,Financing,No,Online
3383,116,35,2025-08-07,119056.51,7,North,Financing,Yes,Dealer
3384,156,35,2023-08-15,141466.95,29,West,Cash,Yes,Dealer
3385,155,55,2025-06-30,125433.91,10,East,Cash,No,Dealer
3386,85,6,2024-10-04,64757.82,9,South,Cash,Yes,Dealer
3387,71,18,2025-02-19,98054.25,18,West,Cash,No,Dealer
3388,190,94,2023-01-13,89081.59,20,West,Financing,No,Dealer
3389,151,69,2023-03-30,99215.13,20,West,Cash,No,Online
3390,118,90,2024-05-05,125206.94,28,North,Financing,Yes,Online
3391,67,80,2025-09-12,87319.12,15,North,Cash,Yes,Dealer
3392,184,58,2024-08-30,123942.57,4,West,Financing,No,Dealer
3393,187,42,2024-02-09,102922.93,1,North,Financing,Yes,Online
3394,99,63,2025-09-01,70776.15,22,South,Cash,No,Online
3395,95,79,2023-11-19,118776.43,29,West,Financing,Yes,Dealer
3396,83,98,2022-10-18,79640.99,30,East,Financing,No,Online
3397,125,44,2022-11-26,143232.86,10,East,Cash,No,Online
3398,121,90,2022-12-02,93696.1,18,East,Financing,Yes,Dealer
3399,9,17,2024-04-14,130957.59,11,South,Financing,No,Dealer
3400,191,23,2024-01-17,124898.43,25,East,Cash,No,Online
3401,133,83,2025-03-20,103426.26,10,West,Cash,No,Online
3402,83,66,2023-08-27,82200.74,12,North,Cash,Yes,Online
3403,113,71,2023-11-11,95679.35,19,East,Cash,Yes,Online
3404,195,38,2024-03-06,136550.25,21,East,Cash,No,Dealer
3405,90,68,2024-09-29,71042.61,13,North,Cash,No,Dealer
3406,107,19,2023-08-11,93991.27,2,West,Cash,No,Dealer
3407,175,37,2023-01-20,133467.18,7,East,Financing,No,Online
3408,60,14,2024-09-01,103822.07,18,South,Cash,Yes,Dealer
3409,113,87,2023-07-29,91564.64,14,North,Financing,Yes,Online
3410,115,39,2022-11-18,70959.41,9,West,Financing,No,Online
3411,173,53,2025-03-08,49961.31,29,South,Financing,No,Dealer
3412,179,6,2022-12-05,109253.2,17,West,Financing,No,Dealer
3413,198,48,2022-12-16,50310.56,20,East,Cash,No,Dealer
3414,36,76,2022-12-07,151080.44,12,West,Financing,No,Online
3415,193,31,2025-02-08,58986.71,16,West,Financing,No,Online
3416,68,20,2024-05-10,103007.34,1,West,Financing,No,Dealer
3417,21,40,2024-04-30,112757.08,20,South,Financing,Yes,Online
3418,82,97,2024-08-29,148864.05,16,South,Cash,Yes,Online
3419,165,92,2023-02-07,92032.27,2,East,Cash,No,Dealer
3420,102,46,2022-12-29,81483.5,24,South,Financing,No,Dealer
3421,63,68,2025-01-16,123707.46,26,West,Financing,Yes,Dealer
3422,47,26,2024-08-02,151307.1,28,West,Financing,Yes,Online
3423,10,34,2023-05-25,81621.52,15,North,Cash,Yes,Online
3424,79,75,2023-08-08,96047.52,25,West,Cash,Yes,Dealer
3425,81,11,2025-01-23,82428.23,3,East,Cash,No,Dealer
3426,103,55,2023-06-21,105009.54,3,East,Financing,No,Dealer
3427,24,66,2025-02-04,66899.64,21,West,Financing,Yes,Dealer
3428,185,60,2023-02-17,121392.69,24,West,Financing,Yes,Online
3429,190,48,2024-06-28,82547.15,23,West,Financing,No,Online
3430,135,83,2022-10-12,132438.76,20,South,Cash,Yes,Online
3431,187,24,2024-03-15,103685.39,19,West,Financing,No,Online
3432,81,36,2024-12-02,81632.34,27,South,Financing,Yes,Online
3433,18,33,2024-01-02,136511.11,2,South,Cash,No,Dealer
3434,9,40,2025-08-12,136119.44,16,South,Cash,Yes,Dealer
3435,117,94,2024-06-13,123312.41,24,South,Financing,No,Dealer
3436,78,17,2023-08-21,62445.54,1,East,Financing,Yes,Online
3437,192,87,2022-10-30,103704.08,6,South,Financing,Yes,Dealer
3438,22,69,2024-11-25,87538.39,30,West,Financing,No,Dealer
3439,123,39,2025-06-19,143350.33,4,South,Financing,Yes,Online
3440,3,19,2024-06-16,75252.88,12,South,Financing,No,Dealer
3441,137,11,2023-04-21,101937.27,12,East,Cash,Yes,Dealer
3442,141,78,2025-03-04,51615.11,11,North,Financing,Yes,Online
3443,142,49,2024-08-12,84204.2,11,North,Financing,No,Dealer
3444,195,80,2024-03-06,123269.27,6,South,Cash,Yes,Dealer
3445,137,98,2025-06-01,100093.72,19,North,Cash,Yes,Online
3446,67,50,2023-09-15,79492.56,7,South,Financing,Yes,Online
3447,177,78,2022-10-15,135470.37,29,West,Cash,Yes,Online
3448,45,9,2023-08-27,137694.15,17,West,Cash,No,Online
3449,23,38,2022-10-15,139211.57,24,South,Cash,Yes,Dealer
3450,165,46,2024-08-14,87031.0,12,North,Cash,No,Online
3451,10,25,2023-08-23,91622.59,2,East,Cash,No,Dealer
3452,137,12,2023-11-29,109760.47,22,North,Financing,No,Dealer
3453,170,99,2025-05-06,74205.57,11,West,Financing,Yes,Dealer
3454,84,39,2025-09-23,150184.43,4,South,Cash,Yes,Dealer
3455,158,77,2025-01-20,100298.34,9,North,Financing,No,Online
3456,159,94,2025-04-16,125916.71,26,West,Cash,No,Dealer
3457,177,79,2024-07-04,128342.36,3,South,Cash,No,Online
3458,190,16,2022-10-28,87683.67,13,West,Cash,Yes,Online
3459,163,64,2024-03-12,125000.07,12,West,Cash,No,Dealer
3460,38,4,2024-12-13,105655.3,17,East,Financing,Yes,Online
3461,3,45,2025-05-04,72134.8,19,East,Financing,Yes,Online
3462,142,81,2024-11-02,80281.62,15,South,Cash,Yes,Online
3463,12,83,2023-10-23,73364.44,22,East,Financing,No,Online
3464,66,25,2023-08-11,120023.1,18,North,Cash,No,Online
3465,76,43,2024-05-28,135835.95,6,North,Financing,Yes,Online
3466,162,67,2024-10-29,111890.3,13,West,Cash,No,Online
3467,45,24,2023-10-22,131447.09,9,East,Financing,No,Dealer
3468,116,52,2024-08-22,130469.2,23,East,Cash,Yes,Dealer
3469,22,82,2023-04-09,90311.67,17,East,Financing,No,Dealer
3470,53,5,2025-04-27,68083.3,4,East,Financing,No,Online
3471,57,66,2022-12-23,139095.57,18,West,Financing,No,Dealer
3472,179,79,2024-09-19,112639.42,20,North,Cash,No,Online
3473,107,83,2025-09-20,93212.53,5,South,Cash,Yes,Online
3474,187,25,2023-12-21,98938.75,18,East,Financing,No,Dealer
3475,21,97,2023-10-02,115589.05,19,South,Cash,Yes,Dealer
3476,32,98,2024-07-28,63404.86,24,East,Cash,Yes,Dealer
3477,79,10,2023-11-24,96673.6,19,North,Financing,No,Online
3478,93,30,2023-11-12,131706.4,10,South,Financing,Yes,Dealer
3479,122,28,2023-02-17,51742.65,21,East,Cash,Yes,Dealer
3480,127,2,2025-08-28,120151.72,26,West,Financing,No,Dealer
3481,177,85,2025-06-11,139977.6,5,South,Financing,Yes,Online
3482,135,22,2023-07-31,142136.57,23,North,Cash,Yes,Online
3483,63,48,2023-12-30,118292.99,7,East,Financing,No,Dealer
3484,125,53,2023-02-10,153329.34,21,North,Financing,No,Dealer
3485,142,29,2025-04-24,91909.23,16,East,Financing,No,Dealer
3486,38,11,2025-04-27,108307.84,8,South,Cash,No,Dealer
3487,89,88,2023-03-13,66151.98,26,South,Financing,No,Dealer
3488,71,12,2023-02-21,91687.04,22,East,Financing,Yes,Dealer
3489,114,42,2023-11-11,54232.82,25,North,Financing,No,Dealer
3490,86,29,2023-05-22,99476.73,9,East,Financing,Yes,Dealer
3491,200,83,2022-11-24,95649.31,14,North,Financing,No,Dealer
3492,61,93,2024-12-17,139838.25,1,North,Cash,No,Online
3493,16,15,2023-11-29,106071.97,13,North,Cash,No,Dealer
3494,167,82,2024-10-26,84953.52,5,East,Cash,Yes,Dealer
3495,195,70,2022-12-19,133245.61,26,East,Cash,No,Dealer
3496,106,71,2025-05-16,126764.0,2,East,Financing,Yes,Online
3497,163,65,2024-04-12,113754.06,2,South,Cash,No,Online
3498,19,43,2025-02-05,60108.0,28,South,Financing,No,Dealer
3499,192,63,2024-06-10,103878.88,4,East,Financing,No,Dealer
3500,5,45,2024-04-07,95754.97,8,West,Cash,No,Dealer
3501,69,96,2024-09-10,86105.56,27,South,Financing,Yes,Online
3502,162,43,2024-05-25,115243.43,24,East,Cash,Yes,Online
3503,182,68,2024-02-08,65294.02,27,West,Financing,Yes,Dealer
3504,189,6,2023-01-26,57738.84,6,East,Financing,Yes,Online
3505,6,87,2024-01-23,60751.6,16,East,Cash,Yes,Online
3506,99,24,2024-08-13,70426.75,14,East,Financing,No,Dealer
3507,74,96,2025-06-30,97996.63,13,North,Financing,No,Online
3508,171,73,2023-12-25,74131.59,23,North,Cash,No,Dealer
3509,96,48,2025-07-23,74927.21,3,East,Financing,Yes,Dealer
3510,155,100,2023-06-19,125665.46,6,North,Financing,No,Online
3511,134,98,2023-10-26,79132.45,22,East,Financing,No,Dealer
3512,114,56,2023-10-16,56408.77,12,East,Cash,No,Online
3513,93,42,2024-12-25,137243.58,10,East,Cash,No,Online
3514,197,56,2022-12-21,51815.18,18,West,Cash,No,Dealer
3515,145,23,2024-07-29,127478.62,5,East,Cash,No,Dealer
3516,178,31,2025-03-16,88769.11,10,East,Cash,No,Dealer
3517,120,16,2024-05-20,138992.07,2,North,Cash,No,Dealer
3518,119,59,2023-12-02,138630.98,28,East,Financing,Yes,Online
3519,169,34,2025-02-14,60970.99,23,South,Cash,No,Dealer
3520,120,65,2022-11-10,133773.91,11,North,Cash,No,Dealer
3521,166,94,2023-10-29,141751.34,21,North,Financing,No,Dealer
3522,120,28,2024-09-15,139015.93,20,South,Cash,Yes,Dealer
3523,96,45,2023-06-19,73361.74,18,East,Financing,No,Dealer
3524,93,65,2024-09-01,135850.21,4,West,Cash,Yes,Dealer
3525,161,82,2024-11-01,66506.0,4,West,Cash,Yes,Online
3526,190,95,2024-05-23,90894.81,21,East,Financing,Yes,Dealer
3527,5,60,2024-12-30,91130.63,4,West,Cash,No,Dealer
3528,172,76,2023-07-12,157388.52,16,South,Financing,Yes,Dealer
3529,183,41,2025-04-03,142441.77,19,North,Cash,No,Dealer
3530,96,92,2023-08-06,77806.3,25,North,Financing,Yes,Online
3531,156,50,2024-09-02,122790.95,4,West,Financing,Yes,Online
3532,195,14,2025-05-30,133332.14,15,West,Financing,No,Online
3533,126,70,2025-06-19,87923.15,14,South,Financing,No,Online
3534,102,91,2023-04-15,76760.99,5,East,Cash,No,Dealer
3535,103,87,2023-04-23,105657.14,8,South,Financing,No,Online
3536,95,87,2024-08-05,113945.39,26,West,Cash,No,Online
3537,117,17,2023-04-30,123919.36,5,South,Financing,Yes,Online
3538,60,45,2024-07-13,104381.79,27,South,Cash,Yes,Dealer
3539,49,7,2025-08-21,138026.1,20,East,Cash,No,Dealer
3540,158,30,2024-05-24,101259.24,14,South,Financing,No,Dealer
3541,114,99,2024-04-10,60654.22,27,East,Cash,Yes,Online
3542,171,7,2024-04-06,72915.46,30,South,Financing,No,Dealer
3543,144,20,2024-02-02,127163.57,13,South,Financing,Yes,Dealer
3544,61,94,2023-10-16,137836.5,16,East,Cash,Yes,Dealer
3545,110,75,2024-02-16,141166.86,4,South,Cash,Yes,Online
3546,20,34,2024-09-20,154349.73,21,East,Cash,No,Online
3547,28,75,2024-09-24,120853.57,16,South,Financing,No,Dealer
3548,195,98,2022-10-07,127718.79,11,East,Financing,No,Dealer
3549,180,28,2025-09-12,111230.0,6,East,Financing,No,Online
3550,29,67,2023-08-13,83265.46,4,East,Cash,Yes,Dealer
3551,116,25,2023-09-11,130230.86,17,East,Cash,Yes,Online
3552,142,83,2023-11-16,86454.09,21,South,Financing,No,Dealer
3553,200,13,2023-03-12,102385.55,18,East,Financing,Yes,Dealer
3554,98,86,2023-07-28,108243.11,5,North,Financing,Yes,Online
3555,63,42,2024-10-14,135606.13,9,North,Cash,Yes,Dealer
3556,44,70,2025-02-18,162582.7,7,North,Cash,Yes,Dealer
3557,200,51,2025-05-05,95367.14,30,West,Cash,Yes,Dealer
3558,170,86,2023-10-18,75496.3,16,South,Financing,No,Online
3559,190,78,2024-10-23,80880.2,12,West,Financing,Yes,Dealer
3560,48,13,2022-11-27,75079.37,16,East,Financing,Yes,Dealer
3561,27,65,2023-12-09,55859.48,13,South,Cash,Yes,Online
3562,100,39,2023-03-28,50978.17,21,West,Financing,No,Dealer
3563,77,14,2023-08-07,60169.79,19,West,Cash,No,Online
3564,156,88,2024-05-02,129896.52,1,East,Cash,No,Online
3565,59,39,2023-02-19,114198.85,5,North,Financing,Yes,Online
3566,142,9,2025-10-02,90523.22,24,North,Cash,No,Online
3567,149,51,2025-05-16,82422.74,15,West,Financing,Yes,Online
3568,86,32,2023-04-28,99265.26,3,West,Cash,No,Online
3569,103,1,2024-04-18,102833.17,5,West,Cash,No,Dealer
3570,71,66,2024-11-16,92793.34,1,South,Cash,No,Online
3571,194,65,2023-08-26,76801.56,27,North,Cash,No,Dealer
3572,115,31,2022-12-25,70338.99,29,North,Financing,No,Dealer
3573,65,49,2024-08-16,88674.45,19,East,Cash,Yes,Online
3574,189,11,2024-10-01,50365.79,10,North,Cash,Yes,Online
3575,23,74,2023-05-08,138510.15,11,West,Cash,Yes,Dealer
3576,195,78,2023-04-08,121101.37,15,West,Cash,No,Online
3577,50,5,2023-10-31,134479.62,12,West,Cash,No,Online
3578,34,33,2024-06-26,142565.12,30,West,Cash,No,Online
3579,101,33,2024-12-31,134796.33,18,East,Cash,Yes,Dealer
3580,99,72,2022-11-19,68883.04,9,West,Financing,No,Dealer
3581,171,56,2024-01-20,68666.62,28,West,Financing,Yes,Dealer
3582,84,84,2024-06-27,148735.03,27,West,Cash,Yes,Dealer
3583,195,31,2024-05-05,123504.85,2,South,Financing,No,Dealer
3584,86,97,2023-06-10,103529.55,16,East,Financing,Yes,Online
3585,78,70,2025-01-08,69233.95,9,North,Financing,No,Online
3586,30,70,2023-11-13,106859.98,3,West,Cash,No,Dealer
3587,42,62,2025-03-13,146089.27,2,East,Financing,No,Dealer
3588,31,14,2023-12-28,81814.69,4,West,Financing,No,Dealer
3589,93,38,2023-08-14,137591.53,22,West,Financing,No,Online
3590,132,73,2023-07-29,107159.97,26,South,Financing,Yes,Dealer
3591,130,44,2024-12-01,76792.74,9,North,Cash,Yes,Dealer
3592,176,49,2025-03-26,58615.0,17,West,Cash,No,Dealer
3593,186,76,2023-08-17,114400.71,24,West,Cash,Yes,Online
3594,105,71,2022-10-15,59171.53,16,West,Financing,No,Dealer
3595,153,48,2023-09-30,74050.55,15,South,Financing,Yes,Dealer
3596,58,64,2025-03-25,54376.73,15,West,Cash,Yes,Online
3597,113,98,2024-04-19,104390.58,8,North,Cash,No,Online
3598,48,85,2023-09-24,73749.39,26,South,Financing,Yes,Online
3599,60,25,2024-10-02,117918.93,22,South,Cash,Yes,Online
3600,158,76,2022-10-22,98623.47,30,East,Financing,Yes,Dealer
3601,182,4,2024-05-03,64104.11,27,West,Financing,Yes,Online
3602,103,79,2022-10-12,110420.29,12,South,Financing,No,Dealer
3603,83,100,2022-11-10,86942.24,5,North,Cash,No,Online
3604,124,92,2024-06-17,120915.41,27,West,Financing,No,Dealer
3605,74,69,2024-06-27,110019.8,16,East,Cash,Yes,Online
3606,149,81,2023-07-02,80275.99,25,North,Financing,Yes,Dealer
3607,90,40,2023-11-26,64874.1,29,North,Financing,Yes,Dealer
3608,106,98,2023-03-14,134164.73,10,East,Financing,Yes,Dealer
3609,143,55,2023-05-08,149704.41,18,West,Financing,Yes,Online
3610,11,30,2022-11-06,127646.51,24,South,Cash,Yes,Online
3611,20,62,2024-06-05,159743.23,2,North,Financing,No,Dealer
3612,54,76,2025-09-29,120953.05,25,South,Financing,No,Online
3613,133,64,2023-05-08,107221.03,7,North,Financing,Yes,Dealer
3614,146,47,2025-03-02,83369.32,26,North,Financing,No,Dealer
3615,77,15,2023-07-11,54933.18,14,South,Cash,Yes,Dealer
3616,2,3,2025-01-07,133898.04,11,North,Cash,No,Dealer
3617,87,88,2024-02-24,50510.52,3,North,Cash,Yes,Online
3618,22,93,2025-02-24,84341.23,29,East,Financing,No,Online
3619,102,36,2025-04-13,81388.77,17,South,Cash,Yes,Dealer
3620,104,54,2023-05-31,103115.79,5,East,Cash,Yes,Dealer
3621,44,52,2023-08-01,157401.59,22,West,Financing,No,Online
3622,14,30,2025-02-01,101465.38,28,North,Financing,No,Dealer
3623,189,70,2023-03-24,57405.22,30,South,Cash,Yes,Dealer
3624,130,64,2025-03-31,76358.09,5,South,Financing,Yes,Dealer
3625,13,12,2025-04-24,55992.79,28,West,Cash,Yes,Online
3626,103,63,2023-11-05,104313.18,3,East,Cash,No,Online
3627,25,47,2025-02-06,154981.58,2,West,Financing,No,Online
3628,8,80,2024-04-02,108010.97,5,South,Cash,Yes,Online
3629,141,93,2024-07-23,51685.49,24,South,Cash,Yes,Dealer
3630,1,35,2024-09-04,130004.84,19,South,Financing,No,Online
3631,152,14,2025-06-26,110443.3,11,East,Financing,Yes,Online
3632,110,28,2024-05-08,152507.55,26,West,Cash,No,Online
3633,5,60,2024-07-09,99141.7,11,West,Financing,Yes,Dealer
3634,47,39,2025-10-03,154196.52,18,South,Financing,Yes,Dealer
3635,34,45,2025-05-29,125826.41,20,South,Cash,Yes,Dealer
3636,168,74,2023-08-28,113558.52,26,West,Cash,No,Dealer
3637,123,22,2025-04-18,155360.86,29,East,Cash,No,Online
3638,162,44,2024-08-06,116972.03,28,West,Financing,Yes,Dealer
3639,93,61,2025-02-23,129704.87,4,West,Financing,Yes,Online
3640,41,79,2024-07-24,55901.22,30,South,Financing,Yes,Dealer
3641,33,38,2024-12-20,98388.04,16,West,Cash,Yes,Online
3642,146,37,2023-11-05,85752.37,1,West,Financing,No,Online
3643,123,54,2024-09-25,145196.66,5,South,Financing,No,Online
3644,33,47,2025-07-16,98569.0,9,North,Cash,No,Online
3645,14,77,2024-05-27,92306.69,25,East,Cash,Yes,Dealer
3646,38,60,2022-10-14,104282.27,8,North,Financing,Yes,Online
3647,102,40,2025-04-19,76236.69,30,West,Financing,No,Online
3648,3,82,2024-10-26,75336.26,3,South,Cash,Yes,Dealer
3649,157,68,2023-01-03,81922.46,24,East,Cash,Yes,Online
3650,195,83,2025-01-24,125300.58,25,West,Financing,No,Dealer
3651,22,46,2023-07-21,88964.08,8,North,Cash,Yes,Dealer
3652,197,21,2024-01-10,50523.97,24,South,Financing,No,Online
3653,11,93,2023-07-07,119408.12,7,North,Cash,Yes,Dealer
3654,77,59,2025-07-07,55446.09,14,East,Financing,Yes,Dealer
3655,129,63,2025-01-12,59649.28,8,East,Financing,No,Online
3656,183,37,2023-07-15,148871.93,6,North,Financing,No,Online
3657,186,91,2024-08-20,105548.56,24,West,Financing,No,Dealer
3658,147,29,2023-07-20,100999.43,20,South,Financing,Yes,Dealer
3659,82,28,2023-01-29,149101.87,24,South,Financing,Yes,Dealer
3660,143,89,2025-02-17,145436.66,8,South,Cash,Yes,Online
3661,64,3,2025-03-03,83199.29,30,East,Financing,Yes,Online
3662,13,24,2025-07-06,57381.24,8,North,Cash,Yes,Dealer
3663,195,61,2022-12-24,123991.48,30,East,Cash,No,Online
3664,15,31,2024-06-08,124954.04,8,East,Cash,No,Online
3665,33,32,2023-07-07,91997.52,27,North,Cash,No,Online
3666,94,46,2024-08-24,58610.97,11,West,Cash,No,Online
3667,70,20,2023-05-27,141671.16,5,East,Financing,No,Dealer
3668,19,11,2024-04-15,63790.86,19,East,Financing,Yes,Online
3669,83,30,2023-10-26,89475.69,17,North,Financing,Yes,Online
3670,64,94,2023-06-30,81537.16,29,North,Financing,Yes,Dealer
3671,157,33,2024-04-06,87988.85,30,North,Financing,Yes,Dealer
3672,178,64,2023-10-27,87428.92,28,East,Financing,Yes,Dealer
3673,111,30,2025-02-08,117806.61,6,South,Financing,No,Online
3674,5,56,2023-02-19,97958.31,4,South,Cash,No,Dealer
3675,61,41,2022-11-01,122389.33,5,North,Financing,No,Online
3676,81,6,2023-01-30,77711.12,10,East,Financing,No,Dealer
3677,153,58,2024-05-01,83767.0,15,East,Cash,Yes,Dealer
3678,7,65,2025-06-11,66342.45,2,North,Cash,Yes,Online
3679,73,98,2024-12-25,97674.15,25,North,Cash,Yes,Online
3680,125,66,2022-12-11,153455.7,17,North,Cash,Yes,Dealer
3681,101,85,2024-09-13,126808.04,4,South,Cash,No,Dealer
3682,182,69,2025-08-04,59678.01,24,East,Financing,Yes,Dealer
3683,161,5,2023-01-17,64771.02,22,East,Financing,Yes,Dealer
3684,123,23,2023-01-28,139633.16,17,West,Cash,No,Online
3685,1,93,2023-04-27,136263.57,21,North,Financing,No,Online
3686,162,25,2023-02-26,115323.93,15,West,Financing,Yes,Dealer
3687,133,29,2023-06-01,105694.47,24,North,Cash,Yes,Dealer
3688,155,57,2024-04-21,129081.42,29,East,Cash,No,Dealer
3689,73,78,2022-12-07,94589.83,18,West,Cash,No,Dealer
3690,124,34,2024-01-31,120664.52,19,West,Financing,No,Dealer
3691,96,9,2023-12-26,79640.23,28,West,Cash,Yes,Dealer
3692,78,46,2025-07-09,61080.6,14,East,Financing,Yes,Dealer
3693,64,97,2025-01-15,83472.51,3,West,Cash,Yes,Online
3694,185,5,2025-07-31,117284.88,5,East,Financing,No,Online
3695,62,99,2023-02-12,79662.91,16,West,Cash,Yes,Online
3696,26,49,2022-11-04,91982.26,16,West,Cash,Yes,Dealer
3697,28,48,2025-07-09,116744.07,10,South,Cash,Yes,Online
3698,68,86,2024-12-13,91426.17,2,East,Financing,No,Dealer
3699,7,85,2024-04-04,68700.77,2,East,Cash,Yes,Online
3700,146,64,2025-09-08,86119.51,13,South,Financing,Yes,Dealer
3701,97,13,2024-05-29,80765.38,13,South,Financing,Yes,Online
3702,198,86,2022-10-16,48443.76,2,North,Financing,Yes,Dealer
3703,41,79,2024-05-14,56282.6,10,South,Cash,No,Dealer
3704,28,57,2022-12-09,117064.53,19,West,Financing,No,Dealer
3705,194,50,2023-05-01,79279.34,5,West,Cash,No,Online
3706,134,78,2023-05-29,74866.84,26,South,Financing,Yes,Dealer
3707,200,42,2025-02-13,96995.94,21,North,Cash,Yes,Online
3708,10,17,2023-08-25,92753.76,8,East,Cash,No,Dealer
3709,191,60,2023-11-17,133772.41,15,North,Cash,No,Online
3710,169,48,2025-06-09,61213.31,17,North,Financing,Yes,Online
3711,198,65,2024-11-25,55151.27,29,East,Cash,No,Dealer
3712,111,6,2024-06-30,111077.48,23,North,Cash,Yes,Online
3713,125,68,2025-08-07,148809.4,18,East,Financing,Yes,Dealer
3714,50,54,2024-09-08,132796.26,3,West,Financing,No,Dealer
3715,78,39,2024-08-20,60787.38,5,South,Financing,Yes,Dealer
3716,138,70,2024-04-20,138183.63,27,North,Cash,No,Online
3717,119,10,2024-07-26,141552.2,10,South,Cash,Yes,Online
3718,179,20,2022-11-10,110272.0,13,North,Financing,Yes,Online
3719,172,74,2025-07-26,141457.92,14,North,Cash,No,Dealer
3720,24,65,2022-10-15,67551.89,19,North,Cash,Yes,Dealer
3721,97,85,2024-10-08,85510.4,22,East,Financing,No,Online
3722,75,9,2024-10-04,91104.8,2,North,Financing,Yes,Online
3723,194,9,2025-09-10,74550.13,17,North,Financing,Yes,Dealer
3724,22,90,2024-06-12,81156.17,23,East,Cash,No,Online
3725,80,40,2023-08-06,85014.67,15,East,Financing,Yes,Dealer
3726,13,50,2025-08-03,54637.94,15,West,Cash,Yes,Online
3727,51,14,2025-05-02,132985.31,9,East,Financing,No,Dealer
3728,122,17,2023-03-05,52521.43,25,East,Financing,No,Online
3729,117,93,2024-06-12,114776.83,9,South,Financing,No,Dealer
3730,159,81,2024-01-28,135903.05,19,West,Cash,Yes,Online
3731,156,14,2025-02-17,126839.72,23,East,Cash,Yes,Dealer
3732,77,10,2024-10-20,62080.53,1,North,Cash,Yes,Dealer
3733,195,58,2023-02-03,123619.6,12,North,Cash,No,Dealer
3734,102,31,2024-10-03,83618.46,3,North,Cash,Yes,Dealer
3735,165,43,2024-01-21,89846.58,10,North,Cash,No,Online
3736,102,5,2025-07-21,86544.13,13,North,Cash,No,Dealer
3737,75,67,2024-12-07,94488.81,13,East,Financing,No,Dealer
3738,133,9,2024-07-25,95027.13,15,South,Financing,Yes,Online
3739,14,59,2022-11-28,97829.77,26,North,Financing,No,Online
3740,168,62,2025-04-06,108219.02,11,East,Cash,Yes,Online
3741,114,68,2023-04-05,54151.7,4,North,Financing,Yes,Dealer
3742,14,5,2024-12-30,99951.98,9,South,Cash,No,Dealer
3743,76,12,2024-12-02,125615.91,26,West,Financing,No,Online
3744,60,30,2024-02-09,113385.94,22,East,Financing,No,Dealer
3745,42,30,2024-09-06,157508.62,19,West,Cash,Yes,Online
3746,93,32,2023-06-12,123166.13,30,North,Financing,Yes,Dealer
3747,161,52,2023-02-17,61246.78,12,West,Cash,No,Dealer
3748,61,14,2025-03-08,126387.5,15,East,Financing,Yes,Dealer
3749,130,64,2022-10-14,74465.74,23,South,Financing,No,Dealer
3750,170,32,2023-10-23,77573.58,27,West,Financing,No,Online
3751,67,90,2023-11-06,88318.11,3,South,Financing,Yes,Online
3752,196,62,2025-01-16,113832.85,30,West,Cash,No,Online
3753,94,47,2023-06-03,59522.12,18,West,Cash,No,Dealer
3754,156,17,2024-06-03,139443.82,4,North,Financing,Yes,Dealer
3755,7,51,2024-10-04,66963.88,23,South,Financing,No,Dealer
3756,78,52,2023-09-24,68493.81,7,West,Cash,Yes,Dealer
3757,170,81,2023-03-23,74293.59,21,West,Cash,Yes,Online
3758,65,85,2023-05-15,92163.54,5,North,Financing,No,Online
3759,93,42,2025-01-20,134891.95,5,North,Financing,Yes,Online
3760,100,7,2024-03-01,48830.98,1,North,Cash,Yes,Online
3761,84,55,2022-12-16,142422.25,3,West,Cash,No,Dealer
3762,198,96,2023-10-23,53008.01,20,North,Cash,Yes,Online
3763,1,7,2024-04-21,131726.03,22,South,Cash,No,Dealer
3764,147,80,2024-01-29,109780.47,2,West,Financing,Yes,Online
3765,173,28,2024-07-13,49385.62,3,East,Cash,No,Dealer
3766,161,32,2024-05-20,68518.58,21,East,Financing,No,Online
3767,156,18,2024-02-20,141511.84,5,South,Cash,Yes,Dealer
3768,55,97,2022-10-20,140409.79,3,West,Financing,Yes,Dealer
3769,99,9,2024-01-24,74377.65,21,South,Cash,Yes,Online
3770,106,34,2025-10-03,118473.12,25,West,Cash,No,Online
3771,82,81,2023-10-11,145184.82,20,West,Financing,No,Dealer
3772,4,32,2024-09-16,102801.26,5,North,Cash,Yes,Dealer
3773,36,69,2023-07-19,151860.26,5,West,Financing,Yes,Online
3774,98,78,2023-08-25,113161.04,8,East,Financing,Yes,Online
3775,81,24,2024-07-04,83234.22,30,East,Financing,No,Dealer
3776,195,32,2023-05-22,136571.59,26,West,Financing,Yes,Online
3777,20,40,2024-06-26,161269.48,26,South,Cash,No,Dealer
3778,7,78,2023-12-12,64229.67,23,East,Financing,No,Online
3779,86,41,2024-05-23,95675.95,23,North,Financing,Yes,Dealer
3780,136,62,2024-08-08,81529.74,30,South,Financing,Yes,Online
3781,5,92,2023-05-28,91335.78,24,West,Cash,No,Online
3782,30,53,2023-04-12,105335.28,6,West,Financing,Yes,Online
3783,38,25,2024-02-16,110757.14,11,North,Cash,Yes,Dealer
3784,89,85,2024-05-19,65027.76,20,West,Financing,Yes,Dealer
3785,147,26,2023-04-10,110807.76,20,West,Financing,No,Online
3786,145,83,2025-08-30,117007.03,27,West,Financing,Yes,Online
3787,17,62,2023-04-03,107720.62,22,West,Financing,Yes,Online
3788,182,68,2025-02-13,57857.97,14,East,Financing,No,Dealer
3789,27,14,2024-04-24,52349.11,6,East,Cash,Yes,Online
3790,8,2,2023-11-10,103042.71,18,West,Cash,Yes,Online
3791,148,22,2023-12-29,110617.53,21,South,Financing,Yes,Online
3792,29,6,2022-11-16,79463.5,29,South,Cash,Yes,Dealer
3793,59,92,2023-05-29,125247.76,14,East,Financing,Yes,Online
3794,1,61,2022-10-27,118069.9,5,West,Cash,No,Online
3795,140,61,2025-09-05,67286.45,9,North,Financing,Yes,Dealer
3796,157,90,2024-02-22,87988.12,14,South,Financing,No,Online
3797,41,80,2022-11-16,57191.0,24,East,Financing,Yes,Online
3798,5,47,2024-03-09,88766.08,29,North,Financing,No,Online
3799,33,55,2024-07-19,92578.77,29,North,Cash,Yes,Dealer
3800,3,58,2024-09-22,71020.51,5,East,Cash,Yes,Online
3801,1,91,2023-10-19,121493.18,29,East,Cash,No,Online
3802,117,43,2023-01-21,117977.8,26,North,Financing,Yes,Online
3803,156,15,2024-04-29,130450.09,28,West,Cash,Yes,Dealer
3804,110,79,2023-12-16,157602.87,13,West,Financing,Yes,Online
3805,53,1,2025-03-03,63125.56,9,East,Cash,Yes,Dealer
3806,26,56,2024-04-01,86432.42,13,West,Cash,Yes,Dealer
3807,75,95,2022-11-17,95718.22,11,North,Financing,Yes,Dealer
3808,105,39,2025-05-30,64248.82,5,West,Cash,Yes,Online
3809,76,13,2023-12-27,125653.32,4,East,Cash,No,Dealer
3810,26,94,2024-10-31,93100.11,24,North,Financing,Yes,Dealer
3811,96,21,2025-09-05,75982.59,23,South,Cash,Yes,Dealer
3812,129,71,2024-03-15,60830.32,7,West,Financing,Yes,Dealer
3813,70,95,2024-05-29,142833.07,2,East,Financing,No,Online
3814,88,96,2022-10-15,56805.67,28,East,Cash,Yes,Online
3815,30,43,2024-10-05,94725.86,25,East,Financing,No,Online
3816,119,58,2022-11-14,145276.89,23,South,Financing,Yes,Online
3817,22,57,2024-01-25,84865.71,9,North,Cash,Yes,Dealer
3818,92,69,2024-10-13,127351.64,29,North,Financing,Yes,Dealer
3819,18,40,2023-01-18,147666.88,27,South,Cash,No,Dealer
3820,178,99,2023-04-10,86248.79,10,East,Cash,Yes,Dealer
3821,189,46,2024-08-09,53205.04,19,East,Financing,No,Online
3822,28,88,2025-07-12,120777.84,7,South,Cash,No,Dealer
3823,120,53,2023-05-22,134585.56,5,East,Financing,Yes,Online
3824,100,1,2024-12-20,52826.05,18,East,Financing,Yes,Online
3825,90,85,2024-07-14,73098.81,30,South,Cash,Yes,Online
3826,98,91,2024-07-19,115393.1,17,West,Cash,Yes,Online
3827,70,59,2022-11-01,137465.29,14,North,Cash,Yes,Online
3828,176,64,2024-02-04,54801.75,9,North,Cash,Yes,Dealer
3829,148,77,2023-10-20,114208.37,5,East,Financing,Yes,Online
3830,55,67,2024-07-02,139580.4,22,East,Cash,No,Dealer
3831,132,84,2022-12-13,108583.37,4,East,Cash,No,Dealer
3832,179,32,2024-02-02,110786.6,2,North,Cash,No,Online
3833,128,76,2024-02-21,85811.6,10,East,Financing,No,Dealer
3834,176,83,2024-12-03,53678.9,22,East,Financing,Yes,Online
3835,116,52,2024-07-03,129147.15,19,South,Financing,Yes,Dealer
3836,164,99,2024-07-10,144843.66,30,South,Financing,No,Dealer
3837,146,14,2025-05-24,83150.54,23,East,Cash,No,Online
3838,157,67,2025-09-26,90378.64,11,North,Financing,No,Dealer
3839,130,41,2024-08-30,72192.63,15,South,Financing,No,Dealer
3840,171,71,2024-07-10,72079.3,3,East,Cash,No,Online
3841,126,89,2022-11-03,79874.14,7,West,Cash,No,Dealer
3842,100,13,2025-09-02,55513.67,29,South,Financing,Yes,Online
3843,126,66,2023-03-20,81888.12,18,South,Cash,Yes,Online
3844,184,92,2022-10-25,123660.58,17,North,Cash,Yes,Dealer
3845,149,76,2023-07-14,75473.89,20,East,Cash,Yes,Online
3846,23,98,2025-06-01,150127.88,5,West,Financing,Yes,Online
3847,118,31,2024-11-03,122406.5,11,East,Cash,No,Dealer
3848,40,34,2025-07-08,115361.49,20,South,Cash,Yes,Online
3849,69,62,2022-11-11,75339.55,16,West,Financing,Yes,Online
3850,182,46,2025-02-14,59819.31,11,West,Cash,Yes,Online
3851,11,53,2025-08-05,125437.25,4,North,Cash,No,Dealer
3852,68,47,2023-09-08,93341.75,19,West,Financing,Yes,Online
3853,28,71,2024-12-29,111684.23,19,North,Cash,No,Online
3854,108,42,2024-02-20,149735.28,1,West,Cash,Yes,Online
3855,39,70,2022-12-14,96265.27,21,North,Financing,No,Dealer
3856,73,54,2023-07-14,101687.31,18,South,Cash,No,Dealer
3857,95,42,2023-12-10,123885.14,26,East,Cash,Yes,Dealer
3858,55,91,2025-02-20,138412.72,11,West,Financing,No,Dealer
3859,56,30,2023-08-10,126386.44,21,West,Cash,Yes,Dealer
3860,174,53,2023-09-18,59816.88,2,South,Cash,No,Dealer
3861,185,85,2025-08-14,125808.24,27,West,Cash,Yes,Online
3862,39,8,2022-10-15,99302.12,19,East,Cash,No,Online
3863,118,99,2024-04-13,110959.04,20,West,Cash,Yes,Dealer
3864,174,14,2024-04-06,59905.64,6,South,Cash,No,Dealer
3865,157,5,2025-09-15,83950.31,15,West,Cash,Yes,Dealer
3866,47,94,2023-09-04,148596.14,3,South,Cash,Yes,Online
3867,190,77,2025-02-03,88225.49,6,West,Cash,Yes,Online
3868,87,29,2025-08-04,53083.96,1,South,Cash,No,Online
3869,15,72,2025-03-08,135010.33,5,South,Financing,No,Dealer
3870,47,59,2024-08-09,137866.93,25,East,Financing,No,Dealer
3871,43,71,2025-04-15,111319.08,30,West,Cash,Yes,Online
3872,178,85,2023-06-01,88343.25,17,North,Cash,Yes,Dealer
3873,148,71,2024-08-29,121514.39,2,East,Financing,No,Dealer
3874,129,75,2023-10-06,53791.22,11,East,Financing,No,Online
3875,146,54,2024-02-21,86880.15,27,North,Financing,No,Dealer
3876,40,89,2024-01-02,108250.84,21,East,Cash,No,Dealer
3877,56,58,2023-04-22,132810.59,18,East,Financing,No,Dealer
3878,4,57,2025-05-20,111972.75,1,East,Financing,No,Dealer
3879,120,59,2025-02-20,143035.05,25,West,Cash,Yes,Dealer
3880,40,70,2024-06-22,106575.33,10,North,Cash,Yes,Dealer
3881,176,93,2022-10-21,57385.68,3,West,Financing,Yes,Dealer
3882,7,1,2024-05-23,61194.31,11,West,Cash,No,Online
3883,86,50,2024-06-14,100967.59,24,North,Cash,Yes,Dealer
3884,97,40,2022-11-13,90076.24,16,East,Cash,Yes,Dealer
3885,150,68,2023-05-30,62243.07,7,South,Financing,Yes,Dealer
3886,61,48,2024-05-11,135441.71,22,North,Financing,Yes,Online
3887,148,78,2024-11-02,122783.59,3,East,Cash,No,Online
3888,180,16,2024-08-18,105035.02,16,West,Financing,Yes,Dealer
3889,44,6,2022-12-07,152616.93,16,North,Cash,No,Dealer
3890,15,37,2025-04-18,122673.77,8,East,Financing,No,Dealer
3891,180,20,2023-02-15,120137.98,21,West,Cash,Yes,Dealer
3892,18,12,2024-11-19,148182.91,2,North,Cash,No,Online
3893,28,64,2024-03-15,119957.59,18,North,Cash,Yes,Dealer
3894,13,20,2023-11-16,59436.7,12,West,Cash,Yes,Online
3895,9,11,2025-03-17,150103.26,1,South,Financing,No,Dealer
3896,69,83,2022-10-13,82388.95,15,East,Cash,No,Dealer
3897,153,96,2024-12-04,82267.24,15,East,Cash,No,Online
3898,99,85,2025-09-27,74919.89,22,East,Cash,Yes,Dealer
3899,22,52,2024-04-29,79691.85,10,South,Financing,No,Online
3900,175,47,2023-03-11,138673.6,3,South,Cash,No,Online
3901,114,55,2024-06-02,59537.87,26,West,Financing,Yes,Dealer
3902,197,1,2024-09-26,52267.87,27,East,Financing,Yes,Dealer
3903,78,77,2025-08-16,61090.1,22,East,Financing,No,Online
3904,71,35,2025-05-13,99539.19,19,North,Cash,No,Dealer
3905,44,37,2025-04-03,143142.0,24,East,Financing,No,Dealer
3906,85,4,2023-12-17,66276.78,19,West,Cash,Yes,Dealer
3907,96,98,2025-05-08,76823.47,8,West,Cash,Yes,Online
3908,24,89,2023-10-07,68284.58,2,East,Cash,No,Dealer
3909,174,55,2023-05-06,64352.54,29,East,Cash,Yes,Online
3910,63,46,2025-01-23,128222.82,27,North,Cash,Yes,Dealer
3911,186,89,2023-07-31,115281.73,7,North,Cash,Yes,Online
3912,169,54,2023-06-06,57583.4,9,West,Cash,Yes,Dealer
3913,85,38,2024-03-13,68270.0,18,West,Cash,Yes,Online
3914,195,37,2024-04-03,137511.82,16,East,Financing,No,Dealer
3915,99,1,2023-06-06,69515.42,10,South,Financing,Yes,Dealer
3916,185,71,2023-10-02,115575.14,30,West,Cash,Yes,Dealer
3917,111,11,2025-06-01,105276.05,15,East,Cash,No,Dealer
3918,37,80,2024-05-03,100105.55,27,West,Financing,No,Dealer
3919,151,70,2022-12-25,97516.27,17,West,Financing,No,Dealer
3920,85,66,2025-07-12,68815.85,9,East,Cash,Yes,Dealer
3921,2,15,2023-02-05,145003.37,30,South,Cash,No,Online
3922,177,43,2025-01-05,136783.76,20,West,Financing,Yes,Online
3923,65,49,2025-06-01,89101.15,29,North,Cash,Yes,Dealer
3924,136,37,2025-07-29,77829.14,26,South,Financing,No,Dealer
3925,31,9,2023-12-05,86406.94,12,West,Cash,Yes,Online
3926,16,60,2024-05-22,104178.54,1,East,Financing,Yes,Dealer
3927,60,14,2023-07-29,103225.33,13,South,Financing,No,Online
3928,64,7,2023-08-02,87540.65,7,South,Financing,Yes,Dealer
3929,163,84,2022-11-26,113920.6,6,West,Financing,No,Online
3930,17,14,2024-12-18,114446.63,5,South,Cash,No,Online
3931,143,63,2025-02-14,154683.29,18,North,Financing,No,Online
3932,82,90,2024-07-11,139057.22,29,East,Financing,No,Online
3933,91,56,2023-08-25,150933.02,11,East,Cash,Yes,Online
3934,161,71,2024-08-22,64126.0,22,East,Cash,Yes,Online
3935,170,67,2023-05-16,76665.24,23,West,Cash,No,Dealer
3936,100,76,2025-08-09,53933.82,30,East,Cash,Yes,Dealer
3937,115,5,2023-10-16,63939.36,11,South,Cash,Yes,Online
3938,158,70,2024-06-23,108199.56,18,West,Cash,Yes,Online
3939,191,21,2022-12-31,118204.24,30,West,Financing,No,Dealer
3940,33,57,2024-07-17,102536.09,30,West,Financing,Yes,Dealer
3941,139,90,2025-01-20,132768.89,22,South,Financing,Yes,Dealer
3942,190,49,2024-02-07,90068.6,1,South,Cash,No,Dealer
3943,144,29,2024-02-13,117290.58,27,North,Cash,No,Online
3944,171,69,2024-10-22,76863.24,8,East,Financing,No,Dealer
3945,63,44,2025-01-27,125409.94,29,South,Cash,No,Dealer
3946,165,92,2025-08-01,84908.56,25,East,Financing,Yes,Dealer
3947,136,46,2024-06-06,81227.51,23,South,Cash,Yes,Dealer
3948,57,96,2024-10-13,142703.8,21,South,Cash,No,Dealer
3949,6,40,2022-12-29,58148.97,23,East,Cash,Yes,Dealer
3950,88,44,2022-12-28,58684.79,10,South,Financing,No,Online
3951,76,14,2025-02-18,126721.79,4,North,Financing,No,Dealer
3952,103,83,2024-02-22,103759.4,15,West,Financing,No,Online
3953,77,36,2024-11-02,60675.05,17,East,Financing,No,Online
3954,54,24,2024-11-20,113979.91,23,North,Cash,No,Dealer
3955,91,69,2024-10-12,155420.48,15,West,Cash,Yes,Dealer
3956,42,31,2023-02-22,149531.41,22,East,Financing,Yes,Dealer
3957,71,5,2022-10-22,96677.33,16,East,Cash,Yes,Online
3958,33,92,2023-05-24,93325.39,2,South,Cash,Yes,Online
3959,185,65,2022-12-27,112750.39,16,West,Cash,Yes,Online
3960,92,55,2023-04-13,124262.42,18,East,Cash,Yes,Online
3961,30,47,2022-10-23,95591.09,27,West,Financing,Yes,Dealer
3962,104,59,2023-05-19,92455.6,1,West,Financing,Yes,Dealer
3963,19,41,2025-04-09,61592.22,30,West,Financing,No,Dealer
3964,91,64,2024-11-21,147925.82,11,East,Financing,Yes,Dealer
3965,83,84,2023-08-13,88065.28,8,West,Cash,Yes,Dealer
3966,30,39,2024-04-14,97722.55,17,East,Cash,Yes,Dealer
3967,42,89,2023-05-03,139115.9,11,East,Cash,Yes,Dealer
3968,172,100,2023-04-18,155712.22,17,South,Cash,No,Dealer
3969,25,9,2024-12-27,152934.09,20,South,Cash,No,Dealer
3970,126,38,2022-11-14,82862.33,23,South,Cash,Yes,Online
3971,171,18,2025-08-06,74788.37,16,East,Financing,Yes,Online
3972,132,94,2023-03-29,108596.43,25,East,Cash,Yes,Dealer
3973,175,31,2024-05-31,135281.21,6,North,Cash,No,Dealer
3974,3,95,2024-11-14,71502.64,23,South,Financing,Yes,Dealer
3975,165,3,2025-02-04,87760.63,19,South,Cash,Yes,Dealer
3976,184,85,2024-11-29,124255.86,6,East,Cash,Yes,Dealer
3977,123,78,2022-12-14,144426.89,30,South,Cash,Yes,Dealer
3978,78,53,2023-05-15,61472.34,1,North,Cash,Yes,Dealer
3979,190,94,2023-05-21,84191.57,8,East,Financing,Yes,Online
3980,55,77,2025-10-06,143671.52,25,West,Cash,No,Dealer
3981,140,54,2025-04-27,61237.24,3,South,Financing,Yes,Online
3982,197,15,2024-11-17,48427.66,5,South,Cash,Yes,Online
3983,58,6,2022-10-25,52026.05,3,East,Cash,Yes,Online
3984,143,70,2023-12-17,149666.41,21,North,Financing,No,Dealer
3985,93,21,2025-09-24,125416.8,7,North,Cash,Yes,Online
3986,172,28,2022-12-24,148476.05,7,South,Cash,No,Online
3987,60,98,2023-05-25,116936.04,14,West,Financing,Yes,Dealer
3988,183,90,2024-04-12,154634.72,3,North,Cash,Yes,Online
3989,159,15,2023-08-01,133804.69,29,West,Financing,Yes,Dealer
3990,8,15,2025-03-14,114019.03,8,South,Cash,Yes,Dealer
3991,68,76,2025-10-01,95542.17,12,West,Cash,No,Dealer
3992,198,51,2025-05-07,48676.3,12,West,Financing,No,Online
3993,92,91,2025-06-04,124770.77,28,South,Cash,Yes,Dealer
3994,194,96,2023-05-18,74712.59,7,North,Cash,No,Online
3995,24,84,2024-06-26,66029.85,28,North,Financing,No,Online
3996,49,98,2025-09-16,140161.72,28,West,Cash,Yes,Dealer
3997,103,60,2023-04-06,100295.86,1,East,Financing,No,Dealer
3998,176,78,2023-09-08,58639.65,8,South,Cash,Yes,Dealer
3999,16,4,2025-08-04,95994.91,16,East,Cash,Yes,Dealer
4000,17,36,2025-04-09,104957.42,21,West,Cash,Yes,Online
4001,56,39,2024-01-07,140206.05,7,West,Financing,No,Dealer
4002,74,90,2022-12-19,108683.72,18,South,Cash,Yes,Dealer
4003,86,77,2022-10-18,90770.96,24,West,Cash,Yes,Dealer
4004,139,89,2023-07-30,131053.08,5,East,Financing,No,Dealer
4005,29,28,2025-09-01,82938.54,20,West,Cash,Yes,Dealer
4006,133,22,2023-06-20,106092.24,25,West,Financing,Yes,Dealer
4007,51,51,2023-02-11,128391.54,29,South,Cash,Yes,Online
4008,9,34,2023-09-18,134640.71,23,East,Financing,No,Dealer
4009,106,54,2024-04-22,131022.57,29,West,Financing,No,Online
4010,101,30,2023-09-09,133995.62,16,South,Cash,No,Online
4011,28,59,2025-04-03,113311.76,11,South,Financing,No,Dealer
4012,10,16,2025-08-17,85848.01,9,East,Cash,Yes,Online
4013,192,100,2024-10-29,94216.31,9,North,Financing,No,Online
4014,140,15,2023-01-26,62420.53,23,South,Financing,Yes,Online
4015,107,69,2025-03-30,83310.86,13,East,Financing,Yes,Online
4016,97,10,2024-09-04,84488.47,3,South,Financing,Yes,Dealer
4017,88,44,2025-04-27,56434.76,23,West,Financing,No,Online
4018,190,51,2024-04-04,93226.76,17,West,Financing,Yes,Dealer
4019,116,12,2025-02-13,127386.78,9,South,Financing,No,Dealer
4020,72,44,2024-02-16,77001.67,28,West,Financing,Yes,Online
4021,60,1,2023-08-13,104053.76,28,West,Cash,Yes,Dealer
4022,199,20,2024-01-08,109558.84,8,West,Financing,No,Online
4023,177,13,2024-01-22,145317.74,21,West,Cash,No,Online
4024,137,48,2023-10-03,110911.64,22,North,Financing,No,Online
4025,150,25,2024-01-18,54769.75,9,North,Financing,No,Online
4026,140,15,2025-09-26,61268.58,3,East,Cash,Yes,Dealer
4027,136,81,2025-04-04,80968.72,9,South,Financing,No,Online
4028,4,89,2024-02-03,101976.69,14,West,Financing,No,Online
4029,79,24,2022-10-12,100013.2,20,East,Financing,No,Dealer
4030,148,43,2023-09-12,108693.45,10,North,Financing,No,Dealer
4031,34,61,2025-08-23,127569.24,11,North,Cash,Yes,Dealer
4032,191,92,2025-04-28,119136.2,28,West,Cash,No,Dealer
4033,119,75,2025-04-28,150344.17,22,East,Cash,Yes,Dealer
4034,173,16,2023-12-26,52072.71,27,South,Cash,Yes,Dealer
4035,72,94,2023-12-06,77441.78,17,North,Cash,Yes,Online
4036,114,2,2023-05-03,57895.76,15,North,Cash,No,Dealer
4037,115,52,2022-11-13,69690.76,3,South,Cash,No,Dealer
4038,144,37,2024-02-20,124933.74,3,East,Cash,Yes,Dealer
4039,183,45,2023-09-09,138379.99,25,South,Cash,No,Online
4040,173,69,2023-07-07,52555.95,26,East,Financing,No,Online
4041,169,27,2024-03-04,64359.01,2,West,Financing,No,Dealer
4042,164,59,2023-06-25,147642.03,23,North,Financing,Yes,Online
4043,135,60,2024-03-20,145004.49,2,East,Cash,Yes,Dealer
4044,187,74,2022-12-22,95016.91,4,West,Cash,Yes,Dealer
4045,103,33,2025-06-29,106113.56,9,North,Cash,Yes,Online
4046,195,74,2023-12-28,126057.29,15,East,Cash,No,Dealer
4047,55,94,2022-12-18,145390.91,27,East,Cash,Yes,Dealer
4048,185,86,2022-12-23,128183.53,16,West,Financing,Yes,Online
4049,121,72,2024-07-19,97751.0,18,South,Financing,Yes,Online
4050,86,13,2025-03-26,91935.82,6,North,Cash,Yes,Dealer
4051,124,74,2025-09-22,121139.79,19,West,Financing,No,Online
4052,38,70,2023-03-06,108359.18,14,South,Cash,No,Dealer
4053,17,53,2023-07-05,110778.61,10,South,Cash,Yes,Online
4054,49,88,2024-11-12,138113.18,24,North,Financing,Yes,Online
4055,125,67,2024-11-04,143574.38,25,West,Financing,Yes,Online
4056,10,64,2024-05-24,92035.5,26,North,Cash,No,Dealer
4057,153,20,2023-02-07,81652.44,22,West,Financing,No,Dealer
4058,105,88,2023-02-01,64579.51,6,East,Cash,No,Dealer
4059,173,35,2023-02-23,51539.94,26,East,Financing,Yes,Dealer
4060,121,51,2025-04-01,94903.03,12,North,Cash,Yes,Dealer
4061,151,35,2023-07-21,97740.24,16,East,Cash,Yes,Online
4062,79,43,2024-08-14,88729.06,25,South,Cash,Yes,Dealer
4063,46,51,2025-01-31,88176.91,20,South,Cash,Yes,Online
4064,191,50,2023-07-19,135613.76,22,East,Financing,Yes,Dealer
4065,114,29,2022-10-15,53306.83,8,North,Financing,No,Online
4066,188,49,2025-02-21,72634.19,8,West,Financing,Yes,Online
4067,70,60,2024-01-02,138717.1,13,East,Cash,Yes,Dealer
4068,182,72,2025-07-08,60837.3,7,North,Cash,No,Online
4069,103,93,2023-01-23,112201.24,30,South,Cash,Yes,Dealer
4070,112,30,2025-09-19,67963.9,7,South,Cash,No,Dealer
4071,41,99,2023-12-28,55482.5,25,West,Cash,Yes,Dealer
4072,173,23,2024-03-22,51514.49,6,South,Cash,Yes,Online
4073,59,92,2023-05-07,122558.93,16,North,Cash,No,Online
4074,168,27,2024-04-23,113882.38,9,North,Cash,No,Online
4075,69,26,2025-09-16,77201.65,7,South,Cash,Yes,Dealer
4076,94,52,2023-01-19,60588.57,21,North,Cash,No,Dealer
4077,141,81,2024-05-09,49055.74,30,West,Cash,No,Online
4078,152,68,2023-08-03,113262.53,26,East,Cash,No,Dealer
4079,147,85,2023-09-23,106318.72,13,West,Financing,No,Dealer
4080,79,39,2024-07-02,98329.98,24,South,Cash,No,Dealer
4081,171,90,2024-11-25,76516.06,18,West,Cash,No,Dealer
4082,8,42,2024-09-21,113875.39,7,West,Cash,No,Dealer
4083,158,27,2023-05-25,106077.46,9,South,Cash,Yes,Online
4084,155,59,2024-05-25,136421.83,20,West,Cash,Yes,Online
4085,178,48,2024-05-17,81035.84,1,North,Financing,No,Dealer
4086,93,100,2024-05-07,136381.29,3,North,Cash,No,Online
4087,102,56,2025-09-19,85899.97,14,West,Cash,No,Dealer
4088,58,39,2024-01-02,53027.97,16,North,Financing,No,Online
4089,37,72,2024-11-15,92647.45,19,North,Cash,Yes,Dealer
4090,48,40,2024-10-20,83296.01,5,West,Cash,Yes,Online
4091,84,46,2024-10-02,149683.99,19,South,Financing,No,Online
4092,147,87,2022-10-25,101485.1,14,East,Financing,No,Online
4093,52,72,2022-10-25,140698.91,19,East,Financing,No,Dealer
4094,200,85,2023-06-30,96474.52,21,North,Financing,Yes,Dealer
4095,56,5,2023-02-14,126634.88,2,North,Cash,Yes,Dealer
4096,53,49,2024-06-21,63146.52,22,South,Financing,No,Dealer
4097,53,93,2023-03-05,67389.18,23,South,Cash,No,Dealer
4098,69,73,2023-05-02,81494.85,7,North,Financing,No,Online
4099,25,75,2023-05-01,139847.8,4,North,Financing,No,Dealer
4100,185,94,2023-12-16,124275.13,1,South,Cash,No,Dealer
4101,78,97,2024-09-04,68052.75,15,South,Financing,No,Dealer
4102,162,36,2024-09-17,120144.85,3,West,Cash,Yes,Online
4103,127,13,2023-10-27,117679.61,30,East,Cash,Yes,Dealer
4104,90,97,2022-12-23,71599.78,16,East,Financing,No,Dealer
4105,66,64,2024-03-15,115613.94,26,South,Financing,Yes,Dealer
4106,34,65,2024-01-18,124850.61,19,East,Financing,No,Dealer
4107,23,71,2025-09-24,140057.49,7,East,Financing,No,Online
4108,152,68,2025-06-28,113950.5,30,South,Financing,No,Online
4109,68,46,2024-10-11,98033.76,2,West,Financing,Yes,Online
4110,102,21,2025-02-11,79304.86,24,South,Cash,Yes,Dealer
4111,72,51,2025-08-02,77466.56,26,South,Financing,Yes,Dealer
4112,199,30,2024-04-24,98792.94,12,West,Financing,Yes,Online
4113,48,14,2025-06-04,77493.59,22,North,Cash,No,Online
4114,2,67,2025-05-04,133196.93,18,East,Financing,No,Dealer
4115,98,55,2023-06-18,120549.44,1,North,Cash,No,Dealer
4116,67,57,2025-08-05,81909.5,9,North,Cash,No,Online
4117,48,23,2023-01-21,82785.95,4,North,Cash,No,Dealer
4118,90,71,2023-08-17,67534.6,26,North,Cash,Yes,Dealer
4119,32,41,2024-02-10,62255.01,17,South,Cash,No,Online
4120,140,54,2024-10-17,66211.04,23,West,Cash,Yes,Online
4121,132,41,2024-12-30,111789.21,11,North,Cash,No,Dealer
4122,50,67,2023-12-23,128400.3,1,North,Cash,Yes,Dealer
4123,91,60,2023-10-09,156386.88,4,North,Financing,Yes,Dealer
4124,192,84,2023-03-10,91892.59,26,East,Cash,Yes,Dealer
4125,161,93,2023-09-05,59579.37,12,East,Financing,Yes,Online
4126,172,95,2022-12-04,154549.23,26,West,Financing,Yes,Dealer
4127,170,64,2025-07-30,76026.51,3,North,Financing,Yes,Online
4128,182,21,2023-08-01,63991.76,25,East,Cash,No,Online
4129,154,55,2023-06-14,107723.48,3,South,Cash,Yes,Online
4130,196,25,2023-07-04,113300.43,9,South,Cash,Yes,Dealer
4131,11,86,2025-09-29,134165.38,2,South,Financing,Yes,Dealer
4132,127,47,2023-06-28,120135.65,17,West,Cash,No,Dealer
4133,139,1,2024-04-16,125704.52,13,North,Cash,No,Online
4134,185,5,2023-03-26,115179.96,21,North,Financing,No,Online
4135,110,41,2025-04-10,154033.49,16,South,Cash,Yes,Dealer
4136,13,83,2023-08-27,58391.39,3,North,Cash,Yes,Online
4137,51,8,2024-08-27,123959.49,6,West,Cash,Yes,Dealer
4138,39,29,2024-09-08,104380.3,4,East,Financing,Yes,Online
4139,150,91,2024-01-25,59967.99,13,West,Cash,No,Dealer
4140,8,45,2025-08-11,103787.58,6,South,Cash,Yes,Dealer
4141,2,67,2025-07-25,140713.47,4,East,Cash,Yes,Dealer
4142,66,96,2025-10-01,126101.45,26,North,Cash,No,Online
4143,66,5,2022-10-10,125521.29,26,South,Financing,No,Dealer
4144,68,36,2023-08-14,101834.59,19,North,Financing,Yes,Dealer
4145,129,5,2024-09-13,59530.08,14,West,Financing,No,Dealer
4146,111,77,2024-02-06,105878.27,18,East,Cash,No,Dealer
4147,37,78,2023-07-20,88768.04,9,South,Cash,No,Dealer
4148,117,84,2025-01-19,130663.12,15,South,Financing,Yes,Dealer
4149,117,52,2025-01-23,121330.94,25,North,Financing,Yes,Online
4150,25,51,2024-10-07,160359.27,28,West,Cash,No,Online
4151,121,38,2025-01-23,95379.8,22,East,Cash,Yes,Dealer
4152,34,78,2023-11-21,133012.59,26,West,Cash,Yes,Dealer
4153,100,18,2024-12-02,53967.56,25,West,Financing,Yes,Online
4154,79,77,2023-02-11,88661.79,17,West,Financing,No,Online
4155,32,51,2022-12-01,60247.03,12,West,Financing,No,Online
4156,41,9,2023-03-06,54221.83,29,West,Cash,Yes,Online
4157,184,19,2024-07-03,120434.99,11,South,Cash,No,Online
4158,88,96,2025-02-24,58059.99,13,North,Financing,No,Dealer
4159,17,58,2023-10-29,105935.05,6,North,Financing,Yes,Online
4160,161,47,2025-05-20,66089.34,30,South,Financing,Yes,Online
4161,49,93,2024-07-08,138978.69,4,East,Financing,Yes,Dealer
4162,157,80,2024-09-16,82111.66,8,South,Cash,Yes,Online
4163,186,92,2024-11-21,106578.78,23,North,Cash,No,Dealer
4164,191,29,2024-11-04,119921.1,24,East,Cash,No,Online
4165,138,63,2024-01-08,134682.09,17,South,Financing,No,Online
4166,177,39,2024-06-10,143278.29,2,North,Cash,No,Online
4167,59,12,2025-01-07,116866.37,7,North,Cash,Yes,Online
4168,175,73,2024-02-05,124298.73,13,East,Cash,No,Dealer
4169,119,67,2022-11-28,146824.47,25,West,Cash,No,Dealer
4170,130,61,2024-08-04,77100.17,15,East,Cash,No,Online
4171,197,90,2022-11-19,52055.2,10,South,Cash,No,Online
4172,81,40,2024-04-11,84826.87,10,South,Financing,Yes,Dealer
4173,30,9,2025-05-30,99201.86,29,South,Cash,No,Online
4174,64,33,2025-04-09,81784.56,11,South,Financing,Yes,Online
4175,68,57,2023-01-08,96149.03,13,West,Financing,Yes,Online
4176,139,70,2025-03-18,123833.76,16,West,Cash,Yes,Online
4177,161,61,2024-11-08,61182.85,11,South,Financing,No,Online
4178,27,48,2023-04-25,55360.41,25,South,Financing,Yes,Online
4179,169,84,2023-07-10,60475.81,2,East,Cash,No,Dealer
4180,57,1,2024-11-02,145757.47,21,North,Financing,Yes,Dealer
4181,74,46,2023-11-04,107096.67,5,West,Financing,No,Dealer
4182,80,35,2025-02-18,87231.99,30,North,Financing,Yes,Online
4183,175,47,2025-01-24,125764.83,8,South,Financing,No,Online
4184,160,56,2025-08-22,154252.84,27,North,Cash,Yes,Online
4185,192,27,2025-01-19,99653.8,26,South,Financing,No,Dealer
4186,94,95,2023-01-27,58682.8,23,East,Financing,Yes,Online
4187,122,66,2023-06-06,51721.53,13,South,Cash,No,Online
4188,128,78,2025-04-02,80895.09,9,West,Cash,Yes,Dealer
4189,74,75,2023-03-27,98654.1,28,South,Cash,Yes,Online
4190,43,24,2023-01-10,123787.58,8,East,Financing,Yes,Dealer
4191,4,38,2023-07-04,102509.9,15,North,Financing,Yes,Dealer
4192,143,60,2024-08-04,148173.15,10,West,Financing,Yes,Dealer
4193,5,29,2023-05-31,92976.41,13,East,Financing,Yes,Online
4194,173,58,2022-11-10,56343.9,13,South,Cash,Yes,Online
4195,47,88,2024-03-28,148327.05,21,North,Cash,No,Online
4196,124,72,2023-01-20,124951.59,26,West,Cash,No,Dealer
4197,182,28,2024-11-07,58371.88,20,North,Financing,No,Dealer
4198,146,22,2024-01-14,87719.53,22,West,Financing,No,Online
4199,70,70,2025-04-18,143497.26,12,North,Cash,Yes,Dealer
4200,168,34,2023-12-13,114867.46,7,East,Cash,Yes,Dealer
4201,111,45,2023-08-18,104805.26,4,East,Cash,Yes,Online
4202,100,96,2023-03-29,52043.19,8,North,Financing,Yes,Dealer
4203,144,91,2024-09-06,129181.88,24,West,Financing,Yes,Online
4204,177,53,2025-05-13,134825.18,24,East,Financing,No,Dealer
4205,43,10,2025-03-10,113062.26,20,South,Cash,Yes,Dealer
4206,50,89,2024-01-15,132997.03,13,West,Cash,No,Dealer
4207,119,55,2023-05-04,144200.99,17,West,Financing,Yes,Dealer
4208,144,55,2024-11-11,116224.28,3,East,Cash,No,Dealer
4209,153,10,2024-02-14,77595.73,19,North,Financing,Yes,Dealer
4210,126,17,2023-01-06,81670.27,7,North,Financing,No,Online
4211,94,4,2025-04-14,54852.92,2,North,Cash,Yes,Dealer
4212,79,68,2025-06-01,91136.64,1,South,Cash,No,Dealer
4213,128,80,2024-08-14,87573.37,6,East,Cash,Yes,Online
4214,186,68,2024-05-18,106144.16,13,West,Financing,No,Online
4215,80,81,2025-07-10,93288.42,26,North,Financing,No,Online
4216,136,85,2023-06-22,74683.95,30,West,Financing,No,Online
4217,100,58,2023-02-26,55946.8,6,West,Cash,Yes,Online
4218,195,25,2023-02-02,122630.61,15,East,Cash,Yes,Online
4219,94,66,2024-05-26,57353.29,26,West,Cash,No,Dealer
4220,159,61,2025-02-21,136903.45,4,East,Financing,No,Online
4221,41,99,2025-07-17,55233.6,29,North,Cash,Yes,Dealer
4222,79,87,2025-03-06,88228.14,20,West,Financing,Yes,Online
4223,187,53,2023-02-04,105347.03,1,West,Financing,No,Dealer
4224,194,9,2025-04-27,84096.25,2,East,Financing,Yes,Dealer
4225,129,49,2023-04-10,59815.19,16,East,Cash,Yes,Dealer
4226,71,35,2024-10-18,97875.48,29,South,Financing,Yes,Online
4227,126,51,2023-03-22,85324.05,27,West,Financing,No,Dealer
4228,189,43,2023-06-30,53502.51,17,West,Financing,No,Dealer
4229,114,96,2024-10-17,56153.6,3,South,Financing,No,Dealer
4230,82,83,2023-08-25,147823.46,2,South,Financing,Yes,Dealer
4231,62,57,2023-05-23,73619.25,16,North,Financing,No,Dealer
4232,59,83,2023-07-22,112870.25,20,North,Cash,No,Dealer
4233,72,71,2024-12-05,81189.33,28,West,Cash,No,Online
4234,137,28,2025-01-19,110028.22,7,East,Financing,Yes,Online
4235,185,78,2023-10-08,115498.0,4,West,Financing,Yes,Dealer
4236,200,4,2023-10-15,94364.16,16,South,Cash,No,Online
4237,91,1,2024-05-06,154603.69,24,South,Cash,No,Online
4238,81,14,2023-04-25,85477.5,2,South,Financing,No,Online
4239,137,58,2023-02-28,107723.02,21,South,Cash,No,Dealer
4240,120,36,2025-01-31,134285.41,21,West,Financing,Yes,Online
4241,56,18,2024-04-24,133199.62,29,West,Financing,Yes,Dealer
4242,153,19,2024-04-02,74199.32,26,East,Cash,Yes,Online
4243,6,23,2025-09-21,61067.06,21,North,Financing,Yes,Dealer
4244,30,51,2025-06-25,106654.64,10,East,Financing,No,Dealer
4245,52,67,2025-07-23,154344.65,7,North,Financing,Yes,Dealer
4246,65,28,2024-03-26,90078.94,29,East,Financing,No,Online
4247,88,3,2025-02-25,58709.45,26,South,Financing,Yes,Online
4248,195,60,2025-06-17,132889.67,1,West,Financing,No,Dealer
4249,16,62,2024-01-19,103869.73,3,North,Cash,Yes,Online
4250,185,52,2025-06-22,112815.95,30,South,Cash,Yes,Online
4251,126,60,2022-10-20,83713.11,9,East,Cash,Yes,Online
4252,128,53,2024-04-19,84392.34,30,North,Financing,Yes,Dealer
4253,149,9,2023-03-31,72135.31,25,West,Financing,Yes,Online
4254,110,35,2023-08-06,150124.65,2,West,Cash,No,Dealer
4255,136,94,2024-01-18,80385.32,9,South,Cash,Yes,Dealer
4256,133,99,2024-07-29,101771.01,12,West,Financing,No,Online
4257,75,34,2023-08-07,89837.74,20,South,Cash,Yes,Online
4258,31,58,2023-04-24,92295.77,18,South,Financing,No,Online
4259,190,11,2025-03-02,87133.49,14,East,Financing,No,Dealer
4260,11,71,2023-10-04,128916.76,18,East,Cash,Yes,Online
4261,48,81,2023-03-15,78715.81,2,East,Financing,Yes,Dealer
4262,40,55,2025-10-05,114294.2,20,North,Cash,No,Online
4263,53,84,2025-04-12,68067.79,2,West,Financing,Yes,Online
4264,6,77,2023-03-22,64667.94,27,South,Financing,No,Dealer
4265,68,1,2024-08-02,89884.31,8,North,Financing,No,Online
4266,47,88,2023-09-22,141198.18,15,South,Cash,Yes,Online
4267,161,78,2025-04-01,61252.02,12,East,Cash,Yes,Dealer
4268,33,26,2024-01-09,99570.76,3,South,Cash,No,Online
4269,15,39,2025-09-30,134823.76,17,North,Cash,Yes,Dealer
4270,77,68,2025-07-01,61000.87,10,South,Financing,No,Dealer
4271,154,58,2023-04-17,108568.32,29,South,Financing,No,Dealer
4272,61,68,2025-09-16,124236.38,27,North,Cash,No,Online
4273,174,25,2022-11-21,64385.83,25,South,Financing,No,Online
4274,151,46,2024-03-18,104630.32,28,East,Cash,No,Dealer
4275,166,60,2022-12-25,140317.54,22,North,Financing,No,Online
4276,63,7,2024-09-02,127043.19,30,West,Financing,No,Dealer
4277,190,65,2022-11-16,85796.1,15,East,Cash,No,Dealer
4278,150,95,2023-08-11,62132.96,4,East,Cash,Yes,Dealer
4279,74,53,2022-10-29,102450.39,23,South,Financing,Yes,Dealer
4280,106,77,2023-04-28,122968.76,30,East,Cash,No,Dealer
4281,131,66,2023-07-02,57055.51,3,South,Cash,No,Dealer
4282,199,43,2024-09-03,101732.1,10,West,Financing,No,Dealer
4283,96,74,2024-08-18,75236.12,28,East,Cash,Yes,Online
4284,132,58,2025-02-21,113404.17,5,South,Financing,No,Online
4285,5,64,2024-10-19,97483.83,2,East,Financing,No,Dealer
4286,146,89,2025-01-05,83460.37,24,East,Cash,No,Dealer
4287,34,26,2024-04-29,135320.91,22,West,Financing,Yes,Online
4288,85,47,2023-06-19,62498.77,19,North,Cash,No,Dealer
4289,115,34,2022-12-24,69656.96,20,North,Financing,No,Online
4290,40,100,2025-08-30,112090.3,5,West,Financing,No,Online
4291,17,37,2024-08-03,110208.04,27,North,Cash,No,Online
4292,128,82,2022-12-15,78821.37,27,East,Financing,No,Dealer
4293,143,31,2025-02-16,144464.19,26,East,Financing,No,Dealer
4294,48,16,2024-05-19,84866.81,14,South,Cash,No,Dealer
4295,180,98,2024-12-12,111892.87,14,North,Financing,Yes,Dealer
4296,191,75,2025-03-16,118449.93,3,West,Cash,No,Online
4297,21,61,2023-11-01,111516.22,3,East,Financing,No,Online
4298,24,81,2024-12-25,65155.58,23,South,Cash,No,Dealer
4299,12,100,2022-10-19,75721.32,20,South,Cash,No,Online
4300,135,74,2023-09-16,141746.19,29,East,Cash,Yes,Online
4301,95,48,2024-02-08,120868.36,26,South,Cash,Yes,Online
4302,95,27,2024-12-25,108625.14,6,West,Financing,Yes,Online
4303,157,91,2025-08-20,87044.91,7,South,Cash,No,Online
4304,128,76,2025-08-21,80494.87,2,North,Cash,No,Online
4305,168,9,2025-01-09,107563.73,18,South,Financing,No,Dealer
4306,134,13,2024-10-18,79087.46,25,West,Financing,No,Online
4307,192,35,2024-08-23,102659.83,29,South,Cash,Yes,Dealer
4308,132,90,2025-08-08,102893.26,3,South,Financing,No,Dealer
4309,124,36,2025-10-03,133787.19,5,West,Financing,No,Online
4310,66,60,2025-04-28,121713.57,21,South,Financing,No,Dealer
4311,62,57,2022-11-01,80584.31,20,East,Cash,No,Dealer
4312,78,35,2024-06-26,66069.92,20,East,Financing,No,Online
4313,79,33,2025-09-19,98102.85,13,South,Financing,Yes,Online
4314,84,43,2024-09-07,142884.09,26,East,Cash,Yes,Dealer
4315,3,20,2024-01-12,73766.37,21,North,Financing,No,Dealer
4316,100,54,2023-09-04,56086.01,22,North,Cash,Yes,Online
4317,148,19,2023-05-17,117541.42,8,South,Financing,No,Dealer
4318,36,24,2025-07-21,134335.5,29,West,Cash,Yes,Dealer
4319,181,72,2025-06-12,92121.21,25,West,Cash,Yes,Dealer
4320,126,39,2023-11-15,90204.6,23,East,Financing,Yes,Online
4321,68,43,2025-06-22,97721.43,11,East,Financing,No,Dealer
4322,118,65,2025-04-12,120094.58,13,North,Cash,No,Dealer
4323,18,95,2023-07-13,147982.7,5,West,Financing,No,Dealer
4324,155,34,2024-05-31,137513.0,7,South,Cash,No,Online
4325,95,53,2025-04-11,112230.33,4,West,Financing,Yes,Dealer
4326,65,23,2025-01-22,86559.85,2,South,Cash,No,Dealer
4327,65,59,2024-10-01,87078.28,23,East,Cash,Yes,Online
4328,84,11,2024-06-25,145781.17,21,East,Cash,No,Dealer
4329,96,81,2023-04-18,75877.36,4,East,Financing,Yes,Online
4330,161,34,2025-03-06,67775.75,7,South,Financing,No,Dealer
4331,182,27,2023-08-15,64158.06,6,North,Financing,Yes,Online
4332,53,71,2024-03-29,59622.04,4,North,Cash,No,Online
4333,10,47,2024-11-27,82878.85,5,North,Financing,No,Dealer
4334,168,100,2024-10-18,113611.31,27,West,Financing,Yes,Dealer
4335,34,61,2025-02-25,138060.9,1,East,Financing,Yes,Online
4336,75,28,2024-07-08,100600.95,11,South,Cash,No,Online
4337,161,62,2024-04-06,66083.94,16,East,Cash,Yes,Online
4338,110,10,2023-05-06,152309.28,1,South,Cash,Yes,Dealer
4339,141,76,2024-10-21,51180.46,15,South,Financing,Yes,Dealer
4340,115,31,2023-02-20,63948.06,27,East,Cash,Yes,Online
4341,114,37,2025-05-10,59943.38,8,South,Financing,No,Dealer
4342,90,51,2023-08-22,63873.05,28,South,Cash,No,Online
4343,106,46,2024-02-12,125707.19,11,West,Cash,No,Dealer
4344,84,43,2023-06-27,136819.43,11,West,Cash,Yes,Online
4345,104,81,2022-11-23,97373.62,29,North,Cash,No,Dealer
4346,29,1,2023-11-26,84339.37,1,East,Financing,No,Online
4347,110,75,2023-03-09,146239.22,1,North,Cash,Yes,Online
4348,179,67,2023-11-12,112950.84,3,West,Cash,Yes,Online
4349,94,25,2024-08-03,60907.92,19,South,Cash,No,Dealer
4350,136,37,2024-10-02,81212.83,24,East,Cash,No,Dealer
4351,122,8,2023-09-08,54868.98,29,East,Cash,Yes,Online
4352,181,68,2025-03-09,88804.01,8,East,Cash,No,Dealer
4353,106,96,2025-07-02,130738.92,17,East,Cash,Yes,Online
4354,185,5,2023-06-17,112359.14,10,North,Financing,No,Online
4355,200,41,2023-09-09,91895.09,4,South,Cash,No,Dealer
4356,199,47,2025-07-01,98743.09,24,West,Cash,Yes,Online
4357,81,62,2023-04-09,85119.09,23,East,Cash,No,Online
4358,1,74,2024-08-04,128008.69,27,East,Cash,No,Dealer
4359,60,58,2025-04-01,109933.36,30,South,Cash,No,Online
4360,192,35,2024-01-11,91475.91,15,South,Financing,Yes,Online
4361,55,81,2023-01-25,141210.71,27,West,Cash,No,Dealer
4362,98,68,2025-02-15,113043.09,4,West,Financing,Yes,Dealer
4363,155,13,2023-12-07,137206.47,16,South,Cash,Yes,Online
4364,15,88,2024-08-04,131954.8,12,North,Financing,Yes,Online
4365,184,84,2024-04-09,126755.95,3,South,Financing,No,Dealer
4366,8,67,2023-07-01,113877.0,20,East,Financing,Yes,Dealer
4367,90,91,2023-09-20,71467.79,23,East,Financing,Yes,Dealer
4368,147,26,2025-04-14,110967.99,30,West,Cash,No,Dealer
4369,95,1,2025-01-31,112325.71,19,South,Cash,No,Dealer
4370,109,19,2023-09-16,149800.62,21,South,Financing,Yes,Online
4371,106,4,2023-11-28,118699.09,25,West,Cash,Yes,Dealer
4372,132,3,2024-02-29,101819.11,24,South,Financing,Yes,Online
4373,151,36,2024-06-15,99105.77,28,North,Financing,Yes,Online
4374,51,18,2024-05-01,130769.16,16,South,Cash,No,Dealer
4375,120,63,2024-04-07,135650.49,28,North,Cash,No,Dealer
4376,35,90,2025-02-07,146342.13,13,North,Cash,No,Dealer
4377,166,84,2024-05-03,146893.68,25,West,Financing,No,Online
4378,126,58,2023-06-26,87110.81,7,East,Financing,Yes,Online
4379,39,5,2024-05-28,105473.44,12,North,Cash,No,Dealer
4380,62,94,2024-03-26,78139.44,27,West,Financing,Yes,Dealer
4381,12,7,2023-08-04,72216.17,16,West,Financing,No,Dealer
4382,164,61,2023-10-07,145272.04,7,North,Cash,Yes,Dealer
4383,187,64,2024-11-02,100815.73,9,East,Financing,No,Online
4384,96,79,2024-11-19,80353.69,30,East,Financing,Yes,Online
4385,96,50,2023-06-11,79842.4,20,West,Cash,Yes,Dealer
4386,38,99,2023-10-24,116157.9,2,South,Cash,No,Dealer
4387,110,82,2023-12-13,141928.07,19,West,Financing,Yes,Online
4388,146,54,2025-02-21,85428.25,19,South,Financing,Yes,Online
4389,55,81,2023-09-09,134658.93,3,West,Cash,Yes,Dealer
4390,165,51,2023-12-07,86188.93,17,West,Financing,Yes,Online
4391,85,43,2023-08-21,64429.98,6,South,Cash,Yes,Dealer
4392,199,71,2024-09-21,98829.63,16,North,Cash,Yes,Online
4393,104,76,2023-06-25,100111.59,28,South,Financing,No,Online
4394,116,30,2025-06-17,130359.02,19,South,Cash,Yes,Online
4395,113,83,2024-06-13,97580.05,15,East,Cash,Yes,Dealer
4396,176,93,2023-01-15,58498.62,26,East,Cash,No,Dealer
4397,124,89,2025-08-11,129372.97,22,West,Cash,No,Dealer
4398,53,10,2024-11-09,60788.86,30,East,Cash,No,Dealer
4399,53,45,2024-04-19,64340.5,8,North,Cash,No,Dealer
4400,91,5,2024-03-03,148338.72,28,West,Cash,Yes,Dealer
4401,132,5,2023-02-02,112389.15,24,West,Financing,No,Dealer
4402,107,24,2022-11-15,89684.16,29,South,Cash,Yes,Dealer
4403,138,49,2024-01-12,147097.63,29,West,Cash,No,Dealer
4404,5,52,2023-08-17,98152.57,19,South,Financing,No,Online
4405,16,92,2025-08-07,94617.1,3,South,Financing,No,Dealer
4406,160,25,2025-03-14,146774.86,12,South,Cash,Yes,Online
4407,135,10,2025-05-17,142326.42,17,West,Cash,Yes,Online
4408,196,81,2023-11-21,107871.91,19,West,Financing,Yes,Dealer
4409,129,82,2025-01-27,53486.89,3,East,Financing,Yes,Online
4410,77,59,2025-04-27,58287.9,12,North,Financing,No,Online
4411,99,24,2022-11-28,76540.46,10,East,Financing,No,Dealer
4412,42,1,2023-08-12,140124.94,30,North,Cash,No,Dealer
4413,100,80,2023-06-13,53788.55,23,South,Cash,No,Online
4414,126,11,2024-04-21,84724.43,25,East,Cash,No,Dealer
4415,99,8,2025-08-10,77817.05,30,East,Financing,No,Online
4416,185,85,2022-12-20,118471.81,2,South,Cash,Yes,Dealer
4417,148,100,2022-12-27,108192.39,12,South,Financing,Yes,Online
4418,67,81,2024-11-05,85268.69,25,South,Cash,Yes,Online
4419,75,82,2025-09-29,94818.62,4,West,Cash,No,Online
4420,156,44,2023-04-08,127310.07,14,North,Financing,No,Online
4421,50,28,2022-12-16,130217.47,22,West,Financing,Yes,Online
4422,133,44,2025-01-07,106828.04,20,North,Financing,No,Dealer
4423,142,15,2024-12-28,87799.0,15,North,Financing,No,Online
4424,145,8,2025-02-09,120314.32,23,East,Cash,Yes,Online
4425,150,15,2025-07-17,60418.25,21,East,Cash,No,Online
4426,75,15,2025-04-13,88135.46,10,North,Cash,No,Dealer
4427,148,75,2024-08-20,116122.16,7,East,Cash,No,Dealer
4428,40,1,2024-06-10,106011.0,29,South,Cash,Yes,Dealer
4429,78,6,2025-02-12,61140.03,5,East,Financing,No,Dealer
4430,104,47,2023-05-19,94858.96,20,North,Cash,No,Online
4431,154,16,2023-10-21,116165.56,8,West,Financing,Yes,Dealer
4432,80,35,2022-10-29,93029.46,23,North,Financing,Yes,Online
4433,185,15,2024-03-03,122640.18,18,North,Cash,Yes,Online
4434,133,41,2025-04-17,96903.23,29,North,Financing,No,Online
4435,61,38,2025-02-11,132691.42,6,North,Cash,Yes,Dealer
4436,102,23,2022-11-02,81130.53,13,North,Cash,Yes,Online
4437,36,41,2025-01-15,152949.59,8,East,Cash,Yes,Dealer
4438,113,6,2023-03-10,96689.02,27,West,Cash,No,Online
4439,159,94,2024-04-11,136653.82,7,West,Financing,No,Dealer
4440,78,7,2025-01-04,67356.13,18,West,Financing,Yes,Online
4441,11,58,2023-05-04,122999.48,21,East,Cash,Yes,Online
4442,56,90,2025-08-15,140950.08,2,East,Cash,Yes,Dealer
4443,38,37,2023-05-04,110000.07,26,South,Financing,No,Online
4444,111,45,2024-01-12,116620.33,10,West,Cash,Yes,Dealer
4445,112,97,2023-05-03,67598.33,24,South,Financing,Yes,Online
4446,143,85,2024-08-15,155700.64,4,South,Cash,No,Online
4447,172,81,2025-09-05,158653.7,6,West,Financing,Yes,Dealer
4448,189,6,2025-03-19,51420.09,9,South,Financing,No,Online
4449,21,67,2023-05-26,115367.59,20,South,Cash,Yes,Dealer
4450,175,75,2024-02-15,124998.11,19,North,Cash,No,Online
4451,80,91,2024-03-01,94105.51,15,East,Cash,No,Online
4452,127,62,2024-11-25,110552.33,12,East,Financing,No,Online
4453,89,59,2025-01-11,64230.57,13,West,Cash,Yes,Online
4454,140,2,2023-07-19,62549.68,26,East,Cash,No,Dealer
4455,190,46,2024-11-30,90398.93,9,South,Financing,No,Dealer
4456,26,26,2023-06-12,94060.06,27,South,Cash,No,Online
4457,90,38,2025-05-11,69268.11,4,South,Financing,Yes,Online
4458,7,77,2025-09-01,64024.86,14,East,Cash,Yes,Dealer
4459,59,52,2023-12-16,114527.4,25,North,Financing,Yes,Dealer
4460,17,63,2023-02-25,112326.46,8,South,Cash,Yes,Dealer
4461,35,54,2024-04-22,150525.85,28,West,Cash,Yes,Online
4462,56,82,2025-04-15,134357.96,27,South,Cash,No,Online
4463,135,80,2022-11-13,146046.1,21,South,Financing,No,Dealer
4464,190,88,2024-03-20,90410.1,28,South,Cash,Yes,Online
4465,113,96,2024-08-24,103815.06,11,West,Cash,No,Online
4466,19,12,2023-11-07,63659.45,10,South,Cash,Yes,Online
4467,137,65,2023-08-30,101188.5,13,South,Cash,No,Dealer
4468,149,34,2023-07-02,81020.79,22,North,Cash,Yes,Online
4469,63,91,2023-03-30,123045.18,14,East,Cash,Yes,Online
4470,34,9,2023-03-01,127265.31,17,North,Financing,Yes,Online
4471,115,6,2025-01-21,67523.75,5,West,Cash,No,Dealer
4472,137,58,2022-11-15,111011.92,21,South,Cash,Yes,Dealer
4473,146,78,2023-06-12,84229.42,19,North,Cash,Yes,Online
4474,72,25,2024-06-24,74153.53,21,West,Financing,Yes,Online
4475,79,40,2023-11-25,88346.14,5,West,Financing,Yes,Online
4476,6,38,2024-05-19,60224.48,27,North,Cash,No,Online
4477,52,16,2023-12-26,140453.82,8,East,Financing,No,Online
4478,13,93,2024-08-13,60241.1,16,South,Cash,Yes,Dealer
4479,109,97,2025-08-22,150907.07,28,West,Cash,Yes,Dealer
4480,97,100,2023-03-19,86886.01,3,West,Financing,No,Dealer
4481,122,95,2022-12-12,58719.24,15,North,Cash,No,Dealer
4482,169,10,2025-08-18,63218.83,5,North,Cash,No,Online
4483,11,36,2022-11-20,125553.18,17,North,Financing,No,Online
4484,151,33,2025-05-26,95801.98,11,West,Cash,No,Online
4485,72,15,2023-09-12,76878.0,18,North,Financing,No,Dealer
4486,187,87,2025-08-16,96961.37,2,North,Financing,No,Dealer
4487,131,43,2023-01-04,51771.34,20,North,Financing,Yes,Dealer
4488,185,18,2025-09-26,117499.12,2,East,Financing,Yes,Online
4489,150,24,2024-05-07,55215.42,15,East,Financing,Yes,Dealer
4490,59,67,2025-09-02,122950.82,11,West,Cash,Yes,Online
4491,190,60,2025-01-19,81800.84,21,East,Cash,No,Dealer
4492,48,8,2023-06-19,83745.64,22,East,Financing,No,Online
4493,173,41,2023-05-25,51092.8,9,North,Financing,No,Dealer
4494,120,90,2025-04-25,143174.09,17,South,Cash,Yes,Online
4495,190,5,2024-01-31,90799.42,15,North,Financing,Yes,Dealer
4496,127,98,2024-02-02,127660.39,3,South,Financing,No,Online
4497,177,57,2024-09-24,141506.76,12,North,Financing,Yes,Online
4498,178,40,2024-05-02,83372.7,18,West,Cash,No,Dealer
4499,70,20,2025-06-10,126594.51,14,East,Financing,No,Online
4500,179,34,2025-07-24,108221.0,19,West,Cash,Yes,Online
4501,31,65,2023-11-15,87132.39,15,North,Cash,Yes,Online
4502,84,60,2022-11-24,134650.26,25,East,Financing,Yes,Online
4503,119,32,2023-01-12,140305.05,5,West,Financing,No,Dealer
4504,154,87,2023-11-11,117704.75,2,North,Financing,Yes,Online
4505,119,57,2025-08-26,146364.95,20,South,Financing,No,Online
4506,73,60,2025-01-09,95719.66,1,North,Cash,Yes,Online
4507,24,66,2025-05-07,66934.41,14,East,Cash,Yes,Online
4508,22,34,2022-12-11,82711.56,30,West,Financing,Yes,Online
4509,43,60,2023-09-23,119040.63,12,West,Cash,Yes,Online
4510,70,31,2023-10-03,138997.31,29,East,Cash,Yes,Dealer
4511,98,88,2025-03-13,110411.68,16,East,Cash,No,Online
4512,81,12,2024-05-12,83647.54,29,South,Cash,Yes,Online
4513,87,34,2024-10-09,54304.02,4,North,Cash,Yes,Online
4514,98,2,2024-06-13,107187.99,16,West,Cash,Yes,Online
4515,93,17,2024-10-30,124607.37,6,East,Financing,Yes,Dealer
4516,113,84,2024-08-11,100967.4,8,East,Cash,No,Online
4517,81,100,2022-12-06,77304.74,14,West,Cash,No,Dealer
4518,70,95,2024-09-10,132219.34,5,North,Financing,No,Dealer
4519,54,57,2023-09-28,124406.4,25,East,Cash,No,Online
4520,185,83,2025-04-12,117622.79,20,North,Financing,No,Online
4521,47,25,2023-05-21,140904.06,5,East,Cash,No,Online
4522,178,27,2024-07-03,87186.72,22,East,Cash,Yes,Dealer
4523,8,64,2025-07-24,103084.89,11,West,Cash,No,Online
4524,93,34,2023-03-29,138500.56,26,East,Cash,No,Online
4525,72,91,2024-03-12,75961.12,23,West,Financing,No,Dealer
4526,200,36,2025-01-13,96798.68,19,South,Cash,No,Dealer
4527,73,7,2023-09-18,97922.47,2,West,Cash,No,Dealer
4528,140,56,2025-06-23,68513.99,5,West,Financing,No,Online
4529,128,60,2024-12-12,81025.0,19,East,Financing,No,Online
4530,150,13,2023-03-23,55560.88,5,East,Cash,No,Online
4531,93,33,2023-05-07,142152.63,26,South,Financing,Yes,Online
4532,194,56,2024-04-22,79991.83,2,South,Cash,No,Dealer
4533,8,57,2024-10-15,104664.6,19,South,Financing,Yes,Dealer
4534,76,26,2024-12-23,131792.78,4,North,Cash,Yes,Dealer
4535,16,84,2023-06-13,97828.61,27,East,Cash,No,Dealer
4536,40,59,2024-08-17,113443.57,18,South,Cash,No,Online
4537,128,76,2025-02-18,81478.53,30,West,Financing,No,Dealer
4538,155,90,2024-12-23,136152.0,24,East,Financing,Yes,Online
4539,115,93,2024-02-05,69572.31,7,West,Financing,Yes,Dealer
4540,187,14,2023-11-16,96675.65,17,South,Financing,Yes,Online
4541,55,77,2025-05-10,137705.19,7,South,Financing,No,Online
4542,119,53,2025-03-18,151031.73,30,North,Financing,Yes,Dealer
4543,187,50,2023-03-31,103087.36,11,North,Cash,Yes,Dealer
4544,60,65,2025-09-20,118167.91,3,North,Financing,Yes,Online
4545,182,17,2025-02-15,62946.32,18,South,Cash,No,Dealer
4546,174,82,2022-10-21,65066.89,11,South,Cash,No,Dealer
4547,126,62,2023-11-27,82575.54,26,South,Cash,No,Dealer
4548,56,97,2023-02-11,139728.26,8,West,Cash,Yes,Dealer
4549,134,28,2023-11-09,75320.2,20,South,Cash,No,Online
4550,11,2,2023-01-21,123761.18,5,West,Financing,Yes,Online
4551,66,25,2025-01-07,122936.1,29,East,Financing,No,Dealer
4552,56,64,2024-07-17,130767.69,3,East,Financing,Yes,Online
4553,7,46,2025-08-04,59398.8,6,South,Cash,No,Online
4554,8,86,2024-08-15,111533.06,26,East,Cash,No,Online
4555,60,60,2025-09-22,116433.39,15,South,Cash,Yes,Dealer
4556,50,36,2023-05-21,141085.25,3,East,Cash,Yes,Dealer
4557,172,48,2023-04-19,155570.84,20,North,Cash,No,Online
4558,1,78,2022-10-24,126738.76,2,South,Cash,No,Online
4559,41,97,2025-04-18,55505.26,4,East,Financing,Yes,Online
4560,153,83,2024-08-13,77332.05,23,West,Cash,Yes,Online
4561,54,10,2024-05-08,116597.4,27,West,Financing,Yes,Dealer
4562,93,58,2025-03-13,135217.01,26,South,Cash,Yes,Online
4563,142,68,2024-04-12,80376.35,18,West,Cash,No,Online
4564,120,44,2025-01-05,129165.74,1,East,Cash,Yes,Online
4565,13,57,2025-07-27,59098.26,17,West,Financing,No,Dealer
4566,84,44,2023-10-15,145079.9,22,North,Financing,Yes,Dealer
4567,86,6,2024-01-30,99555.27,10,West,Cash,Yes,Dealer
4568,106,80,2023-03-15,128774.08,10,South,Financing,Yes,Dealer
4569,87,14,2024-04-04,56440.91,18,East,Cash,Yes,Dealer
4570,58,84,2023-12-27,51872.02,18,East,Cash,No,Dealer
4571,38,14,2024-03-10,116714.56,16,East,Cash,No,Online
4572,147,37,2025-08-14,104546.0,4,West,Financing,No,Online
4573,114,72,2023-11-12,58926.01,29,West,Financing,No,Dealer
4574,70,80,2024-11-30,142893.61,3,North,Cash,No,Dealer
4575,118,83,2024-06-22,127352.81,5,East,Cash,No,Online
4576,168,75,2023-04-05,107652.71,15,East,Cash,No,Dealer
4577,14,10,2024-10-22,95099.98,6,South,Cash,No,Dealer
4578,92,87,2024-03-21,123781.68,22,South,Financing,Yes,Dealer
4579,140,2,2024-05-28,63630.34,9,East,Cash,No,Online
4580,100,45,2024-01-14,54599.95,3,West,Financing,No,Online
4581,111,90,2025-01-29,111840.39,29,North,Cash,Yes,Dealer
4582,54,44,2024-02-26,119546.2,25,South,Financing,No,Dealer
4583,48,10,2024-04-07,83251.05,5,North,Cash,No,Dealer
4584,169,65,2023-03-01,61321.98,28,North,Financing,Yes,Online
4585,181,40,2023-04-09,93105.85,6,West,Financing,Yes,Online
4586,149,70,2025-05-23,79815.78,26,North,Financing,No,Online
4587,105,84,2025-04-05,59286.84,20,South,Cash,Yes,Dealer
4588,19,32,2024-01-29,63939.67,27,East,Cash,Yes,Dealer
4589,112,94,2023-11-01,63726.23,30,West,Financing,Yes,Dealer
4590,12,55,2025-04-09,68632.16,2,East,Financing,Yes,Dealer
4591,62,32,2023-06-28,76737.99,28,North,Financing,Yes,Dealer
4592,80,37,2023-05-18,89670.64,7,West,Cash,No,Online
4593,129,90,2024-06-05,56279.4,15,North,Financing,No,Dealer
4594,78,1,2024-03-03,63757.94,24,East,Financing,No,Online
4595,135,20,2025-04-17,146766.79,10,West,Financing,Yes,Dealer
4596,44,63,2024-09-03,150242.81,17,South,Cash,No,Online
4597,186,94,2023-07-25,112843.42,20,West,Cash,No,Online
4598,182,34,2024-10-27,61638.57,22,North,Cash,Yes,Online
4599,183,29,2024-02-15,153743.26,19,South,Cash,No,Online
4600,4,60,2023-04-20,112156.72,23,South,Cash,Yes,Dealer
4601,184,35,2025-04-13,122490.31,17,East,Financing,No,Dealer
4602,19,47,2023-05-18,65689.53,27,East,Cash,No,Dealer
4603,100,1,2025-04-03,50879.8,10,South,Cash,Yes,Dealer
4604,176,95,2025-06-18,54640.1,10,West,Financing,No,Dealer
4605,96,61,2024-04-20,78159.79,24,West,Financing,No,Dealer
4606,12,72,2024-02-07,69720.52,12,East,Cash,No,Dealer
4607,85,42,2023-10-24,62155.95,30,West,Financing,Yes,Dealer
4608,147,80,2023-07-06,105994.73,18,South,Financing,Yes,Dealer
4609,93,39,2025-03-20,128505.51,24,South,Cash,No,Online
4610,176,90,2023-06-12,54568.64,18,North,Financing,Yes,Dealer
4611,174,30,2023-11-27,64488.94,21,East,Cash,Yes,Dealer
4612,123,18,2024-09-07,147979.44,10,West,Cash,Yes,Online
4613,42,12,2025-04-02,141616.38,9,South,Cash,Yes,Online
4614,62,3,2023-05-04,72592.76,29,North,Financing,Yes,Dealer
4615,91,33,2022-11-17,147142.03,17,East,Financing,No,Dealer
4616,35,90,2025-09-29,143110.52,10,West,Cash,No,Online
4617,71,25,2023-02-18,99486.72,14,East,Financing,No,Online
4618,82,10,2023-09-26,142291.6,30,South,Financing,Yes,Online
4619,85,45,2022-11-10,69500.14,13,West,Cash,Yes,Dealer
4620,182,96,2024-11-27,60437.18,18,East,Cash,No,Online
4621,84,88,2022-12-12,152735.31,13,North,Cash,No,Online
4622,68,55,2023-08-04,97984.7,30,West,Financing,Yes,Online
4623,101,88,2024-07-09,129654.13,30,South,Financing,No,Online
4624,125,76,2025-05-05,146503.94,15,West,Cash,Yes,Online
4625,34,84,2025-03-04,140286.91,30,West,Cash,Yes,Dealer
4626,185,95,2024-12-22,126312.43,22,North,Cash,No,Online
4627,26,17,2023-04-11,93139.54,4,East,Cash,Yes,Dealer
4628,91,94,2025-06-12,143946.61,26,East,Financing,No,Online
4629,39,5,2025-07-03,98519.17,4,West,Financing,Yes,Online
4630,155,28,2025-02-14,125924.49,22,South,Financing,Yes,Online
4631,99,17,2024-06-19,70221.24,11,North,Financing,Yes,Online
4632,14,83,2024-09-14,95605.38,16,East,Cash,No,Online
4633,16,19,2025-03-09,98602.7,29,East,Cash,No,Online
4634,125,36,2023-01-28,142535.02,12,South,Cash,Yes,Online
4635,150,82,2023-02-09,59380.41,29,West,Cash,Yes,Dealer
4636,70,1,2023-02-11,142308.34,10,South,Cash,Yes,Online
4637,120,62,2023-10-29,139097.03,4,South,Cash,No,Online
4638,34,97,2023-10-03,133855.73,28,South,Financing,No,Dealer
4639,88,33,2023-01-15,54548.54,15,West,Cash,No,Dealer
4640,122,29,2023-03-20,53882.08,11,North,Financing,No,Online
4641,47,50,2024-04-21,145936.08,14,East,Cash,Yes,Online
4642,156,35,2023-05-01,131361.04,6,North,Cash,Yes,Dealer
4643,16,83,2025-01-15,97479.21,4,East,Cash,Yes,Online
4644,112,21,2024-11-27,64492.72,16,East,Cash,No,Dealer
4645,122,25,2024-02-16,56994.64,7,North,Cash,Yes,Online
4646,116,15,2025-05-11,123703.77,23,South,Financing,No,Online
4647,146,90,2022-11-29,82799.76,26,West,Cash,No,Online
4648,22,95,2024-09-25,83504.6,3,South,Cash,Yes,Dealer
4649,168,93,2022-10-14,104319.21,22,North,Cash,Yes,Dealer
4650,65,25,2023-12-25,89128.09,13,South,Financing,No,Dealer
4651,65,27,2025-06-24,87898.78,27,West,Cash,No,Online
4652,41,89,2025-07-08,59214.36,25,North,Cash,No,Online
4653,43,57,2023-07-18,121156.24,13,South,Financing,Yes,Dealer
4654,131,7,2024-01-14,55218.2,28,West,Financing,No,Online
4655,15,78,2023-07-03,122549.64,30,East,Cash,Yes,Online
4656,12,76,2023-07-15,78072.99,2,West,Cash,Yes,Dealer
4657,132,94,2022-10-31,106658.23,28,West,Financing,No,Dealer
4658,104,48,2025-01-25,96516.94,18,West,Cash,No,Dealer
4659,168,4,2025-01-28,103756.64,8,West,Cash,Yes,Online
4660,183,37,2024-04-07,143263.45,27,West,Financing,Yes,Dealer
4661,76,96,2025-06-07,132716.76,14,East,Cash,No,Dealer
4662,127,27,2025-05-08,127411.03,11,North,Financing,Yes,Dealer
4663,102,73,2023-03-19,80058.21,22,East,Financing,No,Dealer
4664,4,6,2024-08-06,113824.59,26,South,Cash,No,Dealer
4665,40,24,2024-12-28,117875.18,19,East,Financing,Yes,Online
4666,3,73,2024-03-12,71625.06,6,South,Financing,Yes,Dealer
4667,87,46,2025-07-08,56491.83,16,East,Cash,No,Online
4668,59,63,2025-09-11,115515.88,13,East,Cash,No,Online
4669,110,40,2023-11-08,140484.45,7,West,Cash,Yes,Online
4670,125,20,2024-05-06,155465.37,6,South,Cash,Yes,Online
4671,93,82,2022-11-18,126030.97,25,South,Cash,Yes,Dealer
4672,9,12,2023-02-17,150092.82,23,East,Financing,Yes,Dealer
4673,7,59,2024-08-18,63412.22,26,East,Cash,Yes,Dealer
4674,138,28,2025-08-28,150629.92,22,East,Financing,No,Dealer
4675,176,80,2025-03-11,52029.62,1,West,Cash,No,Dealer
4676,103,56,2025-05-06,106041.84,13,East,Cash,No,Online
4677,175,73,2025-08-03,127340.91,21,West,Cash,No,Online
4678,136,42,2025-03-25,81171.97,11,East,Financing,Yes,Dealer
4679,48,49,2023-09-11,79925.28,13,South,Cash,Yes,Dealer
4680,115,95,2023-07-02,63985.92,27,South,Financing,No,Online
4681,122,8,2024-01-12,56809.75,24,West,Cash,Yes,Online
4682,65,82,2023-01-21,97575.27,9,West,Financing,No,Online
4683,12,46,2024-04-17,78481.32,4,East,Financing,Yes,Online
4684,97,66,2025-05-23,80201.09,13,West,Financing,Yes,Dealer
4685,65,78,2023-07-28,99060.73,29,North,Cash,No,Online
4686,134,55,2025-08-16,78544.78,20,West,Cash,Yes,Dealer
4687,70,7,2024-10-20,135126.95,28,South,Cash,Yes,Online
4688,140,4,2024-01-15,63204.3,4,South,Financing,No,Dealer
4689,150,9,2024-01-03,55680.84,26,South,Financing,No,Online
4690,162,79,2023-10-23,125831.81,18,North,Cash,Yes,Online
4691,20,50,2024-03-24,141944.48,7,East,Cash,Yes,Online
4692,161,20,2023-04-20,64665.59,8,East,Cash,Yes,Online
4693,50,32,2024-08-07,142758.1,27,South,Cash,No,Online
4694,152,71,2023-05-02,103111.72,6,West,Cash,Yes,Online
4695,32,71,2025-09-04,65064.24,20,West,Cash,Yes,Online
4696,47,80,2025-08-16,149743.59,12,South,Cash,No,Dealer
4697,163,41,2024-04-28,124589.98,13,North,Cash,Yes,Online
4698,168,75,2024-11-01,114854.98,21,North,Financing,No,Dealer
4699,55,97,2024-03-20,148858.24,6,East,Cash,No,Online
4700,131,100,2023-11-27,51144.84,16,North,Financing,No,Dealer
4701,78,56,2025-01-29,61749.31,20,West,Cash,No,Online
4702,35,62,2025-02-18,146909.5,5,South,Cash,No,Online
4703,12,80,2023-09-30,75452.97,8,North,Cash,No,Online
4704,46,27,2023-05-30,77602.47,6,North,Cash,No,Online
4705,46,34,2025-09-11,77154.96,23,South,Cash,No,Online
4706,183,58,2025-07-11,138602.52,13,South,Cash,Yes,Online
4707,57,15,2024-03-07,137964.87,4,East,Financing,Yes,Online
4708,43,50,2022-12-21,120500.38,16,North,Cash,No,Dealer
4709,130,15,2024-04-10,75314.55,4,West,Financing,Yes,Online
4710,46,41,2024-08-17,80248.81,4,West,Financing,Yes,Dealer
4711,114,30,2023-02-07,53354.15,25,South,Cash,No,Online
4712,124,88,2023-08-19,137635.98,26,East,Cash,Yes,Dealer
4713,173,2,2024-01-15,55027.81,12,North,Financing,Yes,Online
4714,171,44,2023-11-07,72819.69,1,East,Cash,No,Dealer
4715,42,71,2025-02-12,145182.1,10,West,Financing,Yes,Online
4716,128,65,2022-12-12,83597.25,9,West,Cash,Yes,Online
4717,7,84,2022-12-13,63039.06,15,East,Cash,No,Online
4718,83,42,2022-10-21,90667.35,23,North,Financing,Yes,Dealer
4719,43,59,2024-02-07,119045.19,21,West,Cash,Yes,Online
4720,145,4,2023-12-24,129660.56,4,South,Cash,Yes,Dealer
4721,28,12,2024-06-04,110129.56,25,South,Financing,Yes,Dealer
4722,51,50,2022-11-11,118494.74,18,North,Financing,Yes,Online
4723,78,6,2025-05-11,63659.92,13,North,Financing,No,Dealer
4724,20,93,2024-03-03,150005.01,3,West,Financing,No,Dealer
4725,146,56,2023-01-28,84624.72,30,West,Cash,Yes,Online
4726,66,8,2023-01-30,124882.99,15,North,Financing,No,Online
4727,64,70,2023-02-24,83685.36,22,North,Cash,Yes,Dealer
4728,86,90,2023-01-11,97854.5,14,West,Financing,No,Dealer
4729,19,75,2025-07-03,61201.04,28,East,Financing,Yes,Online
4730,124,5,2023-04-29,122899.47,19,North,Financing,No,Dealer
4731,85,10,2023-12-18,68968.6,30,West,Cash,Yes,Online
4732,171,27,2025-04-19,68060.45,18,East,Cash,No,Dealer
4733,130,21,2024-04-15,71697.32,15,South,Financing,Yes,Online
4734,16,80,2024-05-22,99649.34,30,South,Financing,No,Online
4735,93,91,2023-12-16,132840.95,17,West,Cash,Yes,Online
4736,161,93,2025-03-05,65794.1,11,North,Cash,No,Online
4737,157,32,2025-08-25,84776.27,19,West,Cash,No,Dealer
4738,74,69,2025-03-20,102080.52,10,West,Cash,Yes,Dealer
4739,186,98,2024-07-25,117678.92,13,East,Cash,Yes,Online
4740,142,94,2025-08-04,84899.81,18,West,Financing,Yes,Online
4741,122,32,2023-06-27,59168.55,11,South,Cash,No,Online
4742,100,81,2022-11-21,48896.87,6,North,Financing,No,Online
4743,63,35,2024-06-21,118615.23,25,East,Cash,Yes,Dealer
4744,102,89,2022-11-08,78495.41,7,East,Cash,No,Online
4745,103,22,2023-12-25,113807.88,26,West,Cash,Yes,Online
4746,94,59,2024-07-13,56468.77,2,East,Financing,No,Online
4747,190,84,2025-02-08,83443.51,10,East,Cash,Yes,Online
4748,27,60,2025-03-28,51570.45,11,East,Financing,No,Dealer
4749,165,37,2023-06-25,94622.68,6,North,Financing,Yes,Dealer
4750,97,31,2022-12-27,79471.55,17,East,Cash,Yes,Online
4751,32,53,2023-07-14,63603.72,9,South,Financing,No,Dealer
4752,46,76,2024-06-11,86813.6,20,West,Cash,No,Dealer
4753,187,27,2024-05-27,96466.83,11,West,Financing,Yes,Dealer
4754,62,1,2024-12-16,76959.63,2,North,Financing,No,Online
4755,136,29,2023-10-16,77633.66,28,South,Cash,Yes,Dealer
4756,120,72,2023-06-10,130968.86,6,South,Cash,Yes,Online
4757,36,33,2024-07-27,153841.51,13,South,Financing,No,Online
4758,79,27,2023-11-12,87563.55,24,North,Financing,No,Online
4759,109,54,2025-06-20,145716.52,24,West,Cash,Yes,Dealer
4760,153,81,2022-12-18,76391.02,14,West,Financing,Yes,Online
4761,17,67,2023-01-08,112235.3,30,North,Financing,No,Online
4762,109,10,2022-10-11,146319.77,28,West,Cash,No,Online
4763,27,14,2025-03-31,50785.4,29,North,Cash,Yes,Online
4764,107,6,2024-06-16,93531.81,1,North,Cash,No,Online
4765,143,80,2024-02-17,147208.89,18,South,Cash,Yes,Online
4766,16,71,2024-10-01,107626.04,13,East,Financing,Yes,Dealer
4767,10,60,2024-09-06,86318.57,20,West,Financing,No,Online
4768,9,8,2025-09-04,131198.47,21,North,Financing,No,Online
4769,66,51,2024-09-14,123176.39,1,South,Financing,Yes,Online
4770,181,69,2025-04-19,94259.86,30,East,Financing,Yes,Dealer
4771,190,77,2024-02-05,91916.57,23,East,Financing,No,Dealer
4772,179,56,2025-05-04,113674.19,7,West,Cash,Yes,Online
4773,88,41,2024-03-25,55197.04,16,West,Cash,No,Dealer
4774,112,3,2023-03-11,61646.17,16,North,Cash,No,Online
4775,155,35,2022-11-23,131948.36,24,North,Financing,Yes,Dealer
4776,59,73,2024-05-20,125139.05,2,East,Financing,Yes,Online
4777,136,46,2025-07-26,80846.19,25,West,Financing,No,Online
4778,159,54,2023-12-25,130890.68,7,West,Financing,Yes,Dealer
4779,84,11,2023-09-27,137275.74,26,North,Cash,No,Online
4780,100,22,2023-07-08,49511.02,22,East,Financing,Yes,Online
4781,34,36,2024-10-24,135689.54,12,North,Financing,Yes,Dealer
4782,104,48,2025-09-04,95417.92,8,East,Cash,No,Dealer
4783,196,94,2025-02-13,109272.74,19,West,Financing,No,Dealer
4784,118,29,2023-01-04,125561.33,16,East,Financing,Yes,Dealer
4785,20,22,2025-04-24,160652.92,6,East,Financing,No,Online
4786,22,85,2024-09-01,88251.89,16,South,Cash,No,Online
4787,160,36,2023-08-19,155815.4,19,West,Financing,Yes,Online
4788,160,51,2024-11-23,146250.74,16,North,Cash,Yes,Online
4789,171,67,2024-11-03,70906.45,11,West,Cash,Yes,Dealer
4790,195,12,2023-07-05,129955.95,11,North,Cash,No,Online
4791,107,73,2022-11-28,85914.37,24,East,Cash,No,Online
4792,182,26,2024-12-23,64938.04,22,West,Financing,Yes,Dealer
4793,42,79,2024-01-10,145276.15,10,East,Cash,No,Online
4794,6,35,2023-05-15,61262.98,2,South,Cash,No,Online
4795,53,34,2024-08-07,63443.68,29,North,Financing,No,Online
4796,115,19,2023-04-11,64190.12,17,West,Financing,Yes,Online
4797,178,65,2024-04-10,81638.03,2,North,Financing,Yes,Dealer
4798,13,32,2023-03-17,62156.88,7,South,Cash,No,Dealer
4799,73,12,2025-08-25,101038.12,17,South,Financing,No,Online
4800,171,24,2023-11-05,68186.06,22,South,Cash,Yes,Dealer
4801,142,70,2023-09-24,88860.17,2,North,Cash,Yes,Dealer
4802,125,93,2023-12-11,163132.67,24,West,Financing,No,Dealer
4803,62,54,2024-04-28,80361.85,11,West,Financing,No,Dealer
4804,90,39,2024-01-14,69625.16,11,North,Cash,No,Online
4805,158,43,2025-01-25,108106.69,26,East,Cash,No,Online
4806,28,7,2024-08-27,113932.93,5,South,Financing,No,Online
4807,61,7,2024-02-06,134141.06,18,South,Cash,Yes,Online
4808,168,11,2024-01-23,104946.21,7,North,Financing,No,Dealer
4809,192,4,2023-01-08,90923.04,15,West,Financing,Yes,Dealer
4810,36,55,2024-12-12,141341.85,1,East,Cash,No,Online
4811,192,39,2024-03-25,102254.19,10,West,Financing,Yes,Online
4812,108,37,2023-08-22,161820.17,18,East,Cash,No,Dealer
4813,64,7,2023-03-25,84441.29,6,North,Financing,No,Dealer
4814,44,45,2024-11-26,157090.79,6,South,Cash,No,Online
4815,117,60,2025-07-19,116298.64,25,East,Cash,No,Online
4816,152,86,2023-05-23,115133.86,29,East,Financing,Yes,Dealer
4817,174,93,2023-11-28,65417.36,11,North,Financing,No,Dealer
4818,169,38,2025-07-20,60047.98,10,East,Cash,Yes,Online
4819,8,34,2024-06-07,118000.24,3,South,Financing,Yes,Dealer
4820,127,69,2024-11-04,116204.3,12,West,Cash,Yes,Dealer
4821,196,63,2024-05-27,115120.6,20,North,Cash,No,Dealer
4822,116,6,2023-01-31,129641.19,24,South,Financing,No,Online
4823,195,83,2024-11-25,136230.93,11,South,Cash,Yes,Dealer
4824,171,10,2025-02-08,73208.44,15,North,Financing,Yes,Dealer
4825,180,55,2023-07-08,116173.52,2,North,Financing,Yes,Online
4826,170,39,2025-01-28,78965.46,1,South,Cash,No,Dealer
4827,90,62,2024-01-06,71884.48,11,West,Financing,No,Online
4828,184,65,2023-02-03,134810.54,23,South,Cash,No,Dealer
4829,176,65,2023-11-11,59121.59,11,East,Cash,No,Dealer
4830,134,66,2024-12-12,74531.42,3,West,Cash,No,Dealer
4831,107,87,2025-04-06,82829.04,14,West,Financing,No,Online
4832,145,31,2025-09-27,131240.15,14,South,Financing,No,Dealer
4833,164,2,2023-01-27,149731.62,11,East,Financing,Yes,Dealer
4834,30,10,2022-12-12,95424.62,8,East,Financing,Yes,Online
4835,34,34,2024-10-19,131550.08,30,North,Cash,No,Dealer
4836,156,52,2024-07-08,133889.06,3,North,Cash,No,Dealer
4837,190,40,2023-06-28,91563.82,18,West,Financing,No,Dealer
4838,147,97,2024-02-18,105810.05,27,West,Cash,Yes,Dealer
4839,58,8,2022-10-08,51020.91,12,North,Financing,Yes,Dealer
4840,147,24,2022-12-21,109745.76,6,North,Financing,No,Online
4841,61,1,2023-06-23,124799.16,4,East,Financing,Yes,Online
4842,125,50,2024-12-09,164058.34,7,North,Financing,Yes,Dealer
4843,175,84,2024-06-22,137454.34,1,East,Financing,Yes,Dealer
4844,2,54,2025-09-24,135387.5,26,South,Cash,No,Online
4845,90,54,2023-08-08,65504.29,16,East,Financing,No,Dealer
4846,101,80,2025-02-24,124986.04,24,East,Cash,Yes,Dealer
4847,3,91,2025-07-31,71988.56,2,South,Financing,Yes,Online
4848,56,97,2024-11-07,129739.17,5,South,Financing,No,Dealer
4849,53,96,2023-06-09,62664.96,26,South,Financing,No,Online
4850,30,72,2022-10-11,102478.21,17,South,Cash,Yes,Online
4851,176,55,2025-01-17,58337.93,28,East,Financing,Yes,Online
4852,144,43,2025-07-24,128835.65,7,North,Cash,Yes,Online
4853,129,98,2022-12-22,56528.54,3,North,Cash,No,Dealer
4854,99,51,2024-11-22,71841.68,8,East,Financing,Yes,Online
4855,167,32,2025-09-13,88108.25,6,East,Financing,No,Online
4856,50,26,2022-12-05,136085.41,22,North,Cash,No,Online
4857,58,63,2023-10-12,51466.06,12,South,Cash,Yes,Online
4858,182,33,2023-05-29,59594.42,24,West,Financing,No,Dealer
4859,26,75,2023-06-10,87459.57,21,South,Cash,No,Dealer
4860,129,59,2024-07-13,53161.37,18,North,Cash,No,Dealer
4861,39,37,2024-07-25,105312.2,28,East,Cash,No,Online
4862,186,77,2023-04-24,108466.74,17,South,Cash,Yes,Dealer
4863,31,36,2025-03-19,87140.13,19,West,Financing,No,Online
4864,63,52,2025-03-19,119093.92,24,East,Financing,No,Dealer
4865,36,66,2024-06-06,154166.05,29,South,Financing,Yes,Dealer
4866,169,35,2025-02-09,64453.63,23,North,Cash,No,Dealer
4867,149,100,2025-01-30,73773.42,10,East,Financing,No,Dealer
4868,105,51,2024-03-26,65565.89,3,South,Financing,No,Dealer
4869,5,100,2023-05-10,100887.18,24,North,Cash,No,Dealer
4870,185,52,2023-08-10,118936.53,24,South,Cash,Yes,Dealer
4871,194,76,2023-06-11,75530.22,25,North,Cash,No,Online
4872,40,82,2023-08-26,104532.45,15,West,Cash,No,Online
4873,105,5,2023-08-19,63792.94,23,North,Financing,Yes,Online
4874,172,18,2023-08-19,161449.85,1,South,Cash,Yes,Online
4875,41,2,2025-10-01,58666.87,25,West,Financing,No,Dealer
4876,57,57,2024-05-05,148309.3,6,South,Financing,Yes,Dealer
4877,199,33,2022-10-07,98382.63,17,West,Financing,No,Dealer
4878,1,59,2024-03-21,119821.55,21,North,Financing,No,Dealer
4879,126,37,2024-03-07,89938.78,27,South,Financing,No,Dealer
4880,9,41,2025-06-21,137832.29,9,West,Cash,Yes,Online
4881,101,33,2022-11-11,130792.37,24,East,Financing,No,Dealer
4882,192,31,2023-02-12,100052.91,23,East,Financing,Yes,Online
4883,42,43,2024-08-01,157409.24,7,South,Cash,No,Dealer
4884,33,41,2023-12-17,104126.06,9,North,Cash,No,Online
4885,79,2,2024-01-19,88156.08,28,East,Financing,Yes,Dealer
4886,156,60,2023-08-12,136592.37,25,North,Cash,Yes,Online
4887,9,58,2023-05-09,140455.11,7,East,Financing,No,Dealer
4888,195,91,2023-09-30,131093.94,8,West,Financing,Yes,Dealer
4889,193,74,2024-11-22,62768.35,8,North,Financing,Yes,Online
4890,28,74,2024-09-29,112849.41,17,West,Financing,Yes,Online
4891,37,14,2023-06-13,100963.96,7,East,Financing,Yes,Dealer
4892,168,91,2025-02-20,104840.28,6,North,Cash,Yes,Online
4893,51,97,2025-09-10,129109.68,12,North,Financing,Yes,Dealer
4894,17,24,2025-07-28,113446.27,11,North,Cash,Yes,Online
4895,143,70,2023-08-23,147907.63,23,West,Financing,No,Dealer
4896,10,81,2025-03-01,91916.68,13,East,Cash,Yes,Dealer
4897,5,83,2023-03-04,95456.11,7,West,Cash,No,Dealer
4898,75,86,2024-02-28,97110.52,23,North,Cash,Yes,Dealer
4899,62,21,2023-02-03,80259.77,23,South,Financing,Yes,Online
4900,99,97,2023-08-01,70240.19,13,South,Cash,No,Online
4901,90,40,2023-01-23,64239.76,18,East,Cash,Yes,Online
4902,27,10,2025-01-21,53170.8,27,West,Cash,No,Dealer
4903,115,52,2025-02-24,66878.42,27,North,Cash,Yes,Online
4904,59,8,2024-03-31,111113.29,30,West,Financing,No,Dealer
4905,9,46,2024-01-22,142611.28,17,South,Cash,Yes,Online
4906,107,2,2025-09-26,87438.48,13,West,Cash,Yes,Dealer
4907,195,77,2024-03-20,131688.53,16,South,Financing,No,Dealer
4908,193,60,2024-12-11,57232.28,3,West,Financing,No,Dealer
4909,67,90,2023-10-08,77510.56,12,East,Financing,Yes,Dealer
4910,92,98,2023-09-11,119456.32,6,East,Financing,Yes,Dealer
4911,36,93,2024-07-10,147004.66,14,North,Cash,No,Online
4912,196,14,2024-01-18,105687.78,27,West,Financing,Yes,Online
4913,140,45,2024-12-10,62497.19,3,West,Financing,No,Dealer
4914,10,84,2023-11-20,82024.11,12,West,Cash,Yes,Online
4915,18,75,2024-10-12,134564.31,8,East,Cash,Yes,Dealer
4916,82,66,2023-08-20,133874.41,14,East,Financing,No,Online
4917,177,31,2025-08-04,132168.0,28,South,Cash,No,Dealer
4918,36,36,2024-02-27,139985.33,25,North,Financing,Yes,Dealer
4919,87,93,2025-06-22,55988.71,16,South,Financing,Yes,Online
4920,164,26,2022-11-30,141000.11,26,East,Cash,No,Online
4921,97,15,2022-12-24,84598.71,22,West,Cash,No,Dealer
4922,189,33,2024-03-18,53293.46,16,South,Cash,No,Online
4923,54,88,2023-03-11,116889.55,18,East,Financing,No,Online
4924,106,68,2025-06-09,126820.43,4,South,Cash,Yes,Online
4925,186,74,2024-03-05,106029.08,9,South,Cash,Yes,Online
4926,196,51,2023-11-09,109562.41,6,East,Cash,No,Dealer
4927,88,48,2023-09-11,51846.6,9,South,Financing,Yes,Online
4928,67,99,2025-09-04,76985.08,1,South,Financing,No,Online
4929,8,26,2024-11-01,117132.77,29,South,Financing,No,Online
4930,84,86,2023-07-01,152041.43,10,North,Financing,No,Dealer
4931,93,57,2025-03-24,131436.77,4,West,Cash,Yes,Online
4932,38,100,2025-09-23,115371.22,24,North,Financing,Yes,Dealer
4933,138,41,2023-06-29,136114.55,13,South,Financing,No,Dealer
4934,13,88,2025-06-24,58236.9,22,South,Cash,Yes,Online
4935,93,70,2024-05-18,126584.88,15,East,Financing,No,Online
4936,101,27,2023-10-15,127010.95,3,South,Cash,No,Dealer
4937,11,14,2024-07-21,119674.5,16,West,Cash,Yes,Online
4938,54,90,2023-03-02,117951.74,29,North,Financing,No,Dealer
4939,147,11,2024-09-08,99357.59,21,South,Financing,Yes,Online
4940,59,13,2023-04-26,120654.55,2,North,Financing,No,Online
4941,197,49,2024-02-04,49592.83,14,South,Financing,No,Dealer
4942,79,10,2025-10-02,97206.5,10,East,Financing,No,Online
4943,42,74,2025-04-12,137931.64,12,North,Cash,No,Dealer
4944,21,5,2024-08-07,117513.93,13,West,Cash,Yes,Online
4945,100,1,2024-08-14,51669.42,10,North,Cash,No,Dealer
4946,157,85,2024-02-05,81009.19,11,North,Financing,Yes,Dealer
4947,72,10,2025-05-05,75325.59,1,West,Financing,No,Dealer
4948,57,19,2023-07-06,130618.28,30,East,Cash,Yes,Dealer
4949,40,28,2025-07-19,112648.97,25,South,Financing,No,Dealer
4950,4,59,2025-05-04,111812.7,3,North,Financing,Yes,Dealer
4951,7,22,2025-08-08,65555.73,8,North,Financing,Yes,Dealer
4952,112,57,2024-07-10,61096.04,4,East,Cash,Yes,Online
4953,199,16,2023-06-21,106487.31,16,East,Financing,No,Dealer
4954,66,95,2023-09-24,113010.53,26,South,Financing,Yes,Online
4955,2,24,2023-07-23,152267.01,17,North,Financing,Yes,Online
4956,131,76,2023-01-15,58170.94,28,East,Cash,Yes,Dealer
4957,101,71,2025-06-10,121794.08,1,South,Financing,No,Online
4958,86,6,2024-01-12,95387.97,28,North,Financing,Yes,Online
4959,72,96,2023-10-14,77375.97,30,South,Financing,Yes,Online
4960,64,89,2023-06-18,79382.4,25,North,Cash,No,Dealer
4961,154,51,2023-03-02,107694.61,27,South,Cash,No,Dealer
4962,13,98,2025-05-16,61699.99,30,South,Financing,No,Dealer
4963,66,27,2024-01-21,122159.07,20,East,Cash,No,Online
4964,49,29,2024-02-20,139134.98,1,East,Cash,No,Dealer
4965,168,32,2023-02-19,101230.29,27,North,Financing,Yes,Dealer
4966,15,97,2025-05-22,123561.27,27,West,Cash,No,Online
4967,81,16,2022-11-09,77368.69,18,South,Financing,No,Online
4968,27,8,2024-12-11,49904.55,20,East,Financing,No,Dealer
4969,147,89,2025-05-13,106746.34,8,North,Financing,Yes,Dealer
4970,65,92,2024-10-13,86128.2,1,East,Financing,No,Dealer
4971,136,51,2023-01-30,82286.65,11,West,Cash,No,Dealer
4972,200,36,2024-01-13,96623.66,20,West,Cash,No,Online
4973,57,51,2025-01-23,143935.04,13,East,Financing,No,Online
4974,38,1,2022-11-22,104231.94,18,North,Cash,No,Online
4975,129,82,2023-11-07,55605.43,5,South,Financing,Yes,Dealer
4976,56,75,2024-07-01,138825.71,8,North,Financing,Yes,Online
4977,102,78,2023-10-10,83893.74,25,West,Financing,No,Online
4978,177,56,2024-07-18,139323.57,14,North,Cash,Yes,Dealer
4979,51,52,2023-07-23,127658.86,16,West,Financing,Yes,Dealer
4980,166,71,2022-12-03,136778.31,3,South,Financing,No,Dealer
4981,41,79,2024-01-17,58393.47,27,South,Cash,Yes,Online
4982,160,98,2025-04-11,145929.61,12,East,Cash,No,Online
4983,134,84,2024-11-08,81606.07,18,South,Cash,No,Online
4984,75,91,2025-05-08,88460.12,28,North,Financing,No,Dealer
4985,117,43,2022-11-07,127411.68,9,South,Financing,No,Online
4986,71,98,2024-08-15,104418.84,19,North,Financing,No,Online
4987,155,40,2023-07-09,134777.7,12,West,Financing,No,Dealer
4988,60,79,2023-03-20,104181.15,13,North,Cash,No,Online
4989,88,61,2022-11-19,58687.08,7,West,Cash,Yes,Online
4990,76,15,2025-03-12,131582.3,23,East,Financing,No,Online
4991,9,61,2025-04-11,144438.89,28,South,Cash,No,Dealer
4992,18,87,2024-01-05,137935.64,24,North,Financing,No,Dealer
4993,47,30,2023-09-09,142034.92,14,North,Cash,Yes,Dealer
4994,138,43,2024-04-26,150588.98,15,West,Financing,Yes,Online
4995,99,42,2024-05-31,72747.26,26,South,Cash,Yes,Online
4996,43,63,2025-08-03,118482.8,25,East,Cash,No,Online
4997,160,52,2024-10-08,154761.46,1,East,Cash,No,Dealer
4998,95,25,2023-08-24,120030.13,15,North,Financing,Yes,Dealer
4999,107,27,2025-09-03,88622.7,4,East,Financing,No,Online
5000,127,16,2025-07-02,123548.49,14,East,Financing,Yes,Dealer
5001,192,40,2025-02-03,90664.7,1,East,Cash,No,Dealer
5002,106,6,2023-07-31,120715.46,5,North,Cash,No,Dealer
5003,199,6,2023-12-23,106558.91,15,West,Cash,No,Online
5004,46,94,2024-08-12,82297.76,18,East,Financing,Yes,Dealer
5005,53,96,2022-10-10,62041.4,9,West,Cash,No,Online
5006,165,77,2024-08-27,93614.22,16,West,Financing,No,Dealer
5007,115,94,2022-12-16,67434.39,12,West,Cash,No,Online
5008,16,90,2023-01-21,97178.48,11,South,Financing,Yes,Dealer
5009,178,64,2025-09-26,79585.01,15,East,Cash,No,Online
5010,197,82,2025-06-13,51851.08,4,South,Cash,No,Online
5011,41,45,2025-07-16,58999.9,13,North,Cash,No,Online
5012,52,13,2024-11-30,147737.04,14,West,Financing,No,Online
5013,123,100,2023-01-02,148482.33,1,South,Financing,No,Online
5014,113,56,2023-11-12,100867.97,7,East,Cash,No,Dealer
5015,46,90,2022-11-04,78132.47,15,North,Financing,Yes,Online
5016,125,93,2025-08-02,152580.4,14,South,Cash,No,Online
5017,37,95,2022-12-05,92005.54,12,North,Financing,Yes,Online
5018,82,66,2024-12-15,153667.23,10,East,Financing,Yes,Dealer
5019,108,7,2024-11-27,146311.08,27,West,Cash,Yes,Online
5020,112,80,2023-12-19,62378.09,1,North,Financing,No,Online
5021,170,24,2024-10-20,80791.95,13,South,Financing,Yes,Dealer
5022,58,12,2025-01-10,50809.06,28,North,Financing,No,Dealer
5023,112,52,2025-01-04,61410.58,11,North,Financing,Yes,Online
5024,72,21,2025-02-05,81521.74,21,North,Financing,No,Online
5025,86,29,2023-10-21,93083.15,23,West,Cash,No,Online
5026,94,71,2025-05-12,54629.36,29,North,Financing,No,Online
5027,48,15,2025-10-03,77754.19,8,West,Financing,No,Dealer
5028,86,48,2023-06-24,96550.1,5,East,Cash,Yes,Dealer
5029,3,95,2024-05-03,76917.61,12,West,Cash,No,Online
5030,160,48,2024-07-19,153073.29,2,West,Financing,No,Online
5031,33,99,2023-02-13,95008.47,7,West,Cash,No,Dealer
5032,153,20,2024-10-08,78212.85,28,East,Financing,Yes,Online
5033,99,83,2025-09-10,71226.87,6,East,Cash,No,Online
5034,124,98,2024-12-16,136527.35,19,West,Financing,Yes,Online
5035,122,67,2025-07-27,56048.04,9,South,Cash,Yes,Dealer
5036,51,35,2022-12-26,134083.38,25,East,Cash,Yes,Dealer
5037,109,89,2023-03-02,132714.51,6,East,Financing,Yes,Dealer
5038,71,88,2025-05-24,91867.26,13,South,Financing,No,Online
5039,39,19,2023-02-22,105202.85,5,East,Financing,Yes,Online
5040,1,14,2024-02-04,127780.85,9,North,Cash,No,Online
5041,158,72,2023-01-17,99264.89,18,East,Cash,No,Dealer
5042,142,86,2023-12-13,91201.68,25,North,Cash,No,Online
5043,125,97,2024-07-28,155715.43,30,North,Cash,Yes,Dealer
5044,132,70,2025-09-07,109320.03,26,North,Financing,Yes,Online
5045,69,3,2023-12-03,77006.59,7,North,Financing,Yes,Online
5046,178,93,2024-04-27,78695.31,29,West,Cash,No,Dealer
5047,152,76,2025-04-16,112038.92,2,North,Cash,Yes,Online
5048,106,90,2024-05-22,126776.31,14,West,Cash,Yes,Online
5049,42,38,2023-11-21,145554.49,29,West,Financing,No,Online
5050,130,15,2022-10-10,74285.05,5,East,Cash,No,Online
5051,14,59,2023-03-06,102722.65,27,East,Financing,Yes,Online
5052,100,1,2024-06-08,52892.91,28,North,Cash,Yes,Online
5053,186,34,2024-09-16,111681.76,24,West,Financing,No,Online
5054,195,54,2024-06-10,125891.3,13,North,Cash,Yes,Dealer
5055,148,80,2024-09-03,120638.12,12,East,Cash,No,Dealer
5056,167,13,2025-03-14,86234.75,13,North,Financing,Yes,Dealer
5057,49,17,2024-11-02,131105.6,25,South,Cash,No,Online
5058,70,94,2023-01-14,142104.25,18,West,Financing,Yes,Online
5059,106,13,2023-02-25,120332.07,29,East,Financing,No,Dealer
5060,83,70,2022-10-22,80919.4,13,North,Financing,Yes,Online
5061,80,5,2024-12-23,87425.53,17,East,Financing,Yes,Dealer
5062,132,68,2024-12-26,108875.38,12,North,Cash,Yes,Dealer
5063,157,50,2024-03-30,83261.66,12,South,Cash,No,Dealer
5064,37,59,2025-01-20,97215.85,14,South,Cash,No,Online
5065,22,23,2023-11-28,82503.67,16,East,Cash,Yes,Dealer
5066,87,82,2023-04-01,55846.9,16,North,Cash,Yes,Online
5067,23,59,2025-03-04,132578.28,16,North,Financing,Yes,Dealer
5068,93,3,2022-11-27,137702.76,5,East,Financing,No,Online
5069,199,47,2025-05-06,98228.96,22,North,Financing,Yes,Online
5070,8,96,2023-11-08,105358.77,7,South,Cash,No,Dealer
5071,120,74,2025-04-29,126794.76,21,West,Financing,No,Dealer
5072,121,62,2023-12-07,94331.31,21,North,Cash,Yes,Online
5073,76,1,2025-02-23,123246.08,18,East,Cash,No,Online
5074,101,3,2024-03-03,121128.54,26,West,Financing,No,Dealer
5075,165,29,2023-12-04,95971.28,7,East,Cash,Yes,Dealer
5076,55,76,2023-09-10,148902.55,8,South,Cash,No,Online
5077,93,98,2024-12-24,132414.01,16,South,Financing,No,Dealer
5078,93,58,2023-05-21,129734.4,22,South,Cash,No,Online
5079,24,13,2023-10-29,68421.51,30,East,Financing,Yes,Online
5080,183,49,2023-07-07,146522.88,7,West,Financing,No,Online
5081,5,98,2023-10-01,98661.91,24,East,Financing,No,Online
5082,95,85,2024-08-24,121364.45,17,East,Financing,No,Online
5083,99,74,2025-09-27,77822.38,23,South,Cash,No,Online
5084,34,83,2025-03-25,125332.8,21,East,Financing,No,Online
5085,108,92,2023-06-05,155628.28,22,West,Financing,No,Dealer
5086,166,58,2025-01-21,145423.55,17,North,Financing,Yes,Dealer
5087,192,11,2024-06-29,93812.4,28,East,Financing,No,Online
5088,181,9,2025-06-15,98294.56,4,East,Financing,Yes,Online
5089,162,43,2023-08-24,112519.84,21,East,Financing,Yes,Dealer
5090,125,74,2023-09-10,145300.4,14,South,Financing,No,Dealer
5091,197,73,2024-02-01,54915.44,20,West,Cash,No,Online
5092,35,3,2022-11-16,147275.4,2,North,Cash,Yes,Online
5093,191,33,2024-03-27,127285.14,6,West,Financing,Yes,Dealer
5094,47,41,2024-01-02,143644.31,3,East,Financing,Yes,Dealer
5095,150,99,2022-12-03,61068.83,25,West,Financing,Yes,Online
5096,170,66,2022-12-21,70656.5,1,East,Financing,No,Online
5097,70,21,2024-04-07,127543.31,22,East,Financing,No,Dealer
5098,181,85,2025-10-02,96994.53,5,South,Cash,No,Online
5099,117,16,2025-09-29,122670.12,19,East,Cash,Yes,Online
5100,66,27,2023-10-16,128498.49,25,East,Cash,No,Dealer
5101,96,87,2023-04-22,81010.88,15,West,Financing,Yes,Dealer
5102,185,17,2022-10-17,125176.79,13,East,Financing,No,Online
5103,53,86,2025-03-13,59692.73,3,West,Cash,No,Online
5104,121,62,2023-08-31,94260.9,3,South,Cash,No,Online
5105,170,74,2023-10-03,71031.99,20,East,Financing,No,Dealer
5106,155,98,2025-04-10,134959.34,16,East,Financing,Yes,Online
5107,118,16,2024-12-11,126610.74,25,East,Cash,No,Dealer
5108,109,65,2025-09-23,147080.08,22,North,Cash,Yes,Dealer
5109,194,26,2024-03-08,84123.32,13,East,Cash,No,Dealer
5110,137,58,2024-01-15,110129.95,24,West,Financing,Yes,Dealer
5111,187,2,2024-09-21,107592.74,16,North,Cash,No,Online
5112,134,89,2024-11-27,77933.24,8,East,Financing,No,Dealer
5113,186,54,2025-07-26,115737.21,24,North,Cash,No,Online
5114,67,79,2025-09-18,84073.39,23,South,Financing,Yes,Online
5115,198,74,2024-10-03,49575.16,13,West,Financing,No,Dealer
5116,66,29,2023-07-29,127164.85,19,North,Financing,Yes,Dealer
5117,101,52,2023-09-24,138376.17,7,North,Financing,Yes,Dealer
5118,38,92,2023-02-11,104434.22,30,North,Financing,Yes,Dealer
5119,67,8,2025-02-12,82522.79,15,North,Financing,Yes,Online
5120,53,95,2023-05-02,63032.66,21,South,Financing,Yes,Dealer
5121,94,21,2023-05-01,61918.82,16,South,Financing,No,Dealer
5122,118,61,2023-03-23,111378.16,23,East,Financing,Yes,Dealer
5123,23,24,2025-06-26,143061.14,23,West,Cash,No,Dealer
5124,181,71,2024-02-22,101944.32,6,West,Cash,Yes,Online
5125,147,32,2025-01-20,109962.5,7,North,Cash,Yes,Dealer
5126,131,74,2024-11-25,53978.78,7,East,Financing,Yes,Online
5127,17,32,2024-11-05,116622.47,14,East,Cash,No,Dealer
5128,124,11,2024-12-28,122560.87,23,North,Financing,Yes,Dealer
5129,17,93,2022-12-29,109967.52,19,West,Cash,No,Dealer
5130,171,47,2023-02-23,74007.63,11,South,Cash,Yes,Dealer
5131,93,17,2023-12-23,133773.15,23,West,Cash,No,Online
5132,2,86,2024-10-27,148290.35,5,South,Cash,Yes,Dealer
5133,37,70,2024-09-23,93761.33,28,West,Cash,No,Online
5134,90,77,2024-08-21,67546.27,21,West,Cash,No,Dealer
5135,189,64,2024-12-14,53249.2,9,East,Financing,Yes,Dealer
5136,176,20,2023-12-06,55857.28,29,North,Cash,Yes,Dealer
5137,186,88,2023-09-13,113226.73,2,North,Financing,No,Dealer
5138,190,40,2025-03-09,92789.85,27,East,Cash,No,Online
5139,167,2,2025-03-19,89618.19,11,North,Cash,No,Dealer
5140,153,63,2025-06-29,84800.17,26,East,Financing,No,Online
5141,151,28,2023-10-05,98526.2,15,West,Financing,Yes,Dealer
5142,163,38,2025-08-28,122158.31,13,South,Cash,Yes,Dealer
5143,114,57,2024-06-30,59471.97,9,West,Cash,Yes,Dealer
5144,148,19,2025-09-16,119695.03,5,West,Cash,Yes,Online
5145,89,1,2024-02-18,61544.16,6,East,Cash,No,Online
5146,74,41,2024-04-10,102955.41,2,South,Cash,No,Online
5147,82,82,2024-02-23,138086.25,1,South,Financing,Yes,Dealer
5148,165,73,2024-01-09,86605.36,14,North,Financing,No,Dealer
5149,116,31,2025-06-08,119727.73,14,East,Cash,Yes,Dealer
5150,193,39,2023-09-09,64143.32,16,South,Financing,No,Dealer
5151,53,79,2024-02-10,65682.98,15,East,Financing,No,Dealer
5152,168,47,2022-10-25,101048.97,15,North,Financing,No,Dealer
5153,186,77,2023-12-30,110981.36,30,West,Cash,No,Online
5154,87,62,2022-12-18,53061.28,9,West,Financing,Yes,Dealer
5155,164,21,2024-01-16,140466.77,3,East,Financing,No,Dealer
5156,99,10,2023-07-03,76807.82,26,North,Financing,No,Dealer
5157,127,76,2023-05-21,122108.71,28,South,Cash,Yes,Online
5158,164,100,2024-02-11,157313.0,1,East,Cash,No,Dealer
5159,90,95,2025-01-14,67828.84,4,West,Financing,No,Dealer
5160,9,42,2022-10-18,141443.53,24,South,Financing,No,Online
5161,75,53,2024-10-22,99991.56,5,West,Cash,Yes,Online
5162,157,30,2023-04-02,90166.98,8,North,Financing,No,Online
5163,52,48,2024-12-08,150039.97,29,East,Financing,No,Online
5164,147,51,2024-11-21,100380.39,26,South,Cash,No,Online
5165,135,63,2025-03-18,141149.13,18,East,Financing,Yes,Dealer
5166,49,60,2023-03-31,147591.61,28,South,Cash,No,Dealer
5167,57,75,2023-09-19,145633.49,21,South,Financing,No,Dealer
5168,7,73,2024-11-13,65519.4,16,West,Financing,No,Online
5169,194,8,2025-07-07,80791.91,22,East,Financing,Yes,Dealer
5170,181,18,2023-10-10,93933.29,20,North,Cash,Yes,Dealer
5171,157,30,2022-11-22,80794.84,23,South,Financing,No,Online
5172,115,67,2025-05-28,65826.92,6,West,Cash,Yes,Dealer
5173,160,39,2024-09-20,142335.13,22,East,Financing,No,Online
5174,18,59,2024-03-17,135795.36,15,West,Cash,No,Dealer
5175,142,12,2024-04-22,90723.15,23,West,Cash,No,Online
5176,127,43,2023-11-04,115946.02,23,South,Cash,No,Online
5177,190,51,2025-08-28,88743.71,11,West,Cash,No,Online
5178,159,48,2025-08-12,138954.69,2,North,Financing,Yes,Online
5179,12,53,2024-12-17,72847.45,20,South,Cash,Yes,Online
5180,82,50,2023-04-03,137873.09,18,West,Cash,Yes,Dealer
5181,134,43,2024-08-09,75672.34,8,South,Cash,No,Online
5182,80,11,2025-05-20,90812.92,8,West,Cash,Yes,Dealer
5183,177,25,2024-12-16,128707.57,19,East,Cash,Yes,Dealer
5184,144,34,2022-10-30,128886.28,22,South,Financing,Yes,Dealer
5185,114,21,2023-06-09,57723.86,7,West,Financing,No,Online
5186,103,61,2025-03-14,105948.73,16,East,Financing,No,Online
5187,189,97,2024-03-11,52576.52,26,North,Cash,No,Dealer
5188,124,85,2024-09-15,126698.52,5,North,Financing,Yes,Online
5189,85,89,2024-06-29,68049.13,27,North,Cash,No,Dealer
5190,136,58,2023-01-25,76850.09,5,West,Financing,No,Dealer
5191,162,20,2024-09-04,120885.9,2,South,Financing,Yes,Online
5192,74,11,2024-09-19,98874.21,12,West,Financing,Yes,Online
5193,104,49,2024-01-04,98087.89,1,North,Financing,Yes,Online
5194,88,82,2023-09-16,56427.42,12,West,Cash,Yes,Dealer
5195,5,91,2024-04-17,93743.86,9,East,Cash,Yes,Online
5196,80,43,2025-02-03,88514.54,18,South,Cash,No,Online
5197,104,74,2025-01-14,100359.34,20,West,Financing,No,Online
5198,86,56,2023-01-17,95684.03,21,North,Cash,No,Online
5199,144,28,2024-06-23,117721.29,13,South,Cash,No,Dealer
5200,84,99,2025-02-12,152995.87,17,North,Financing,Yes,Online
5201,61,45,2024-08-19,137307.19,3,East,Cash,No,Dealer
5202,166,82,2024-08-16,147894.89,28,West,Financing,Yes,Online
5203,198,6,2024-05-05,48499.88,24,East,Cash,Yes,Dealer
5204,180,93,2025-09-16,119404.55,18,West,Financing,Yes,Dealer
5205,27,39,2024-04-24,54870.84,1,West,Cash,No,Online
5206,145,75,2025-03-05,131438.77,17,South,Cash,No,Online
5207,152,65,2025-04-16,116103.27,4,West,Cash,Yes,Online
5208,59,81,2023-11-21,113475.68,18,North,Cash,Yes,Dealer
5209,14,13,2024-09-22,94720.89,13,East,Financing,No,Online
5210,95,57,2022-11-24,109783.3,8,East,Cash,No,Online
5211,33,57,2024-02-17,98563.37,13,West,Financing,Yes,Online
5212,194,75,2024-10-01,84096.06,12,East,Financing,No,Dealer
5213,10,72,2023-08-16,89344.19,2,West,Cash,No,Online
5214,167,29,2024-08-09,92604.08,3,West,Cash,No,Online
5215,72,23,2023-09-20,81144.4,13,North,Financing,No,Dealer
5216,23,54,2023-04-10,131673.47,11,East,Financing,Yes,Dealer
5217,48,56,2022-12-10,76662.46,9,East,Cash,No,Dealer
5218,187,48,2023-10-02,94579.6,9,North,Cash,No,Online
5219,66,77,2024-03-31,120412.06,17,West,Cash,Yes,Online
5220,141,25,2023-08-23,50863.76,15,West,Financing,Yes,Dealer
5221,45,61,2024-12-11,139817.25,22,West,Financing,Yes,Dealer
5222,112,34,2023-03-01,65830.15,28,East,Cash,Yes,Dealer
5223,178,16,2025-03-01,82445.12,7,East,Cash,No,Dealer
5224,88,50,2024-08-07,55838.27,3,South,Financing,Yes,Online
5225,54,69,2025-01-04,127292.38,9,East,Financing,Yes,Online
5226,148,86,2025-05-28,110960.56,12,South,Financing,Yes,Dealer
5227,87,1,2023-06-28,52473.01,12,North,Financing,Yes,Online
5228,113,21,2025-07-12,91322.88,16,West,Cash,Yes,Dealer
5229,9,89,2024-09-06,133594.23,22,South,Financing,Yes,Online
5230,39,53,2024-11-07,95115.13,16,South,Cash,Yes,Dealer
5231,33,58,2025-02-19,103150.67,15,West,Financing,No,Dealer
5232,158,43,2024-08-11,102783.28,30,North,Financing,No,Dealer
5233,164,91,2023-03-21,153720.89,15,South,Financing,No,Online
5234,19,26,2025-08-25,62583.05,14,West,Cash,No,Dealer
5235,130,34,2022-10-22,75438.85,23,North,Financing,Yes,Dealer
5236,167,55,2025-05-22,88434.62,29,South,Cash,Yes,Online
5237,20,51,2023-01-18,159742.72,4,South,Cash,No,Dealer
5238,153,2,2023-01-24,76402.4,11,North,Cash,Yes,Online
5239,52,14,2022-11-30,140088.87,21,North,Cash,Yes,Dealer
5240,104,36,2024-12-27,102305.46,18,South,Cash,No,Online
5241,138,8,2024-04-12,132561.71,28,South,Financing,Yes,Online
5242,29,46,2025-08-14,83003.9,9,South,Financing,Yes,Dealer
5243,125,32,2023-01-11,160377.94,9,East,Cash,Yes,Dealer
5244,199,55,2024-08-08,102528.51,1,South,Cash,No,Dealer
5245,16,38,2024-02-15,94948.42,13,South,Financing,Yes,Online
5246,80,64,2024-02-20,93027.23,18,South,Cash,No,Online
5247,164,71,2024-05-14,140571.2,23,West,Cash,Yes,Dealer
5248,12,54,2024-04-01,69065.71,5,East,Cash,Yes,Dealer
5249,123,79,2022-11-07,151642.6,29,North,Financing,Yes,Online
5250,10,73,2023-04-17,87378.05,20,East,Cash,No,Dealer
5251,108,48,2022-11-03,161743.86,2,South,Financing,Yes,Dealer
5252,143,87,2024-06-07,141719.55,30,East,Cash,No,Online
5253,121,26,2024-08-28,92851.71,2,West,Cash,No,Online
5254,149,3,2025-08-07,78629.89,7,South,Cash,Yes,Dealer
5255,190,86,2023-04-28,83107.74,13,North,Financing,Yes,Online
5256,167,37,2023-01-30,86427.3,16,East,Financing,Yes,Online
5257,60,22,2022-12-05,106358.32,15,North,Financing,Yes,Online
5258,153,27,2025-05-17,75146.1,6,West,Cash,No,Dealer
5259,10,15,2022-11-18,88853.97,10,South,Financing,No,Dealer
5260,75,31,2025-01-07,89226.39,21,West,Financing,No,Dealer
5261,117,70,2023-09-01,115320.15,2,South,Financing,No,Online
5262,103,53,2022-12-01,113287.91,20,South,Financing,No,Dealer
5263,164,84,2022-12-03,151459.53,12,East,Financing,Yes,Dealer
5264,93,5,2023-05-10,140144.91,1,West,Financing,Yes,Online
5265,188,25,2023-01-13,73819.16,4,South,Cash,Yes,Online
5266,197,47,2024-07-14,53611.35,19,North,Financing,Yes,Online
5267,61,15,2024-11-11,136825.07,26,West,Financing,No,Online
5268,30,7,2025-09-18,96961.42,3,North,Cash,Yes,Online
5269,84,24,2024-07-04,151579.86,1,West,Cash,Yes,Dealer
5270,14,88,2023-05-24,94069.14,19,West,Financing,Yes,Dealer
5271,103,30,2023-10-17,101928.33,8,North,Financing,Yes,Online
5272,49,14,2025-07-20,129821.59,1,North,Financing,Yes,Dealer
5273,82,60,2024-12-19,148275.73,30,North,Financing,Yes,Dealer
5274,8,71,2024-11-20,112012.57,3,North,Cash,No,Dealer
5275,198,57,2024-07-20,54392.55,26,East,Cash,No,Online
5276,94,77,2024-02-09,54793.62,12,West,Cash,No,Online
5277,68,15,2023-09-10,98682.6,8,North,Cash,Yes,Dealer
5278,123,13,2023-10-24,147584.0,2,East,Financing,Yes,Online
5279,76,75,2023-05-18,137073.22,6,East,Financing,No,Dealer
5280,74,11,2024-02-15,102613.31,22,North,Financing,No,Online
5281,128,44,2023-08-25,80077.69,7,West,Financing,No,Online
5282,101,16,2023-03-11,129469.99,11,North,Financing,Yes,Online
5283,123,14,2023-10-08,157866.72,11,North,Cash,Yes,Dealer
5284,42,93,2025-01-17,138793.69,9,East,Financing,No,Dealer
5285,107,57,2022-11-11,82743.97,7,South,Financing,Yes,Dealer
5286,183,34,2023-04-19,147421.91,3,North,Financing,No,Dealer
5287,80,41,2022-10-10,85214.16,21,East,Financing,Yes,Online
5288,66,1,2025-05-20,114004.04,29,North,Financing,No,Online
5289,119,4,2023-06-25,136001.82,13,North,Cash,Yes,Online
5290,116,28,2024-10-02,116944.73,18,North,Cash,No,Online
5291,8,32,2024-05-21,109945.86,11,West,Financing,No,Dealer
5292,4,4,2025-03-18,108199.56,3,East,Financing,Yes,Dealer
5293,186,8,2022-11-07,119301.12,23,West,Cash,No,Online
5294,32,54,2025-06-10,59364.49,28,East,Cash,No,Online
5295,32,33,2024-10-08,65813.1,29,East,Financing,No,Dealer
5296,37,36,2024-05-03,98109.62,30,South,Cash,Yes,Online
5297,165,55,2025-01-17,97654.92,29,East,Cash,Yes,Online
5298,109,66,2025-03-27,138651.51,9,South,Financing,Yes,Dealer
5299,158,20,2025-01-27,99364.18,8,West,Financing,No,Online
5300,17,97,2025-04-25,108872.72,16,East,Financing,Yes,Online
5301,26,56,2023-06-24,94323.23,25,East,Cash,No,Online
5302,200,42,2025-09-27,103003.63,21,North,Cash,Yes,Dealer
5303,168,14,2024-02-12,102729.99,30,East,Financing,Yes,Online
5304,194,88,2022-12-17,84311.45,1,North,Financing,No,Dealer
5305,116,96,2025-10-04,113944.96,13,South,Cash,No,Online
5306,179,87,2024-12-16,109563.7,11,East,Financing,No,Dealer
5307,128,31,2023-10-17,81513.96,8,South,Financing,No,Online
5308,111,98,2023-05-14,110036.28,20,North,Financing,No,Online
5309,93,31,2024-11-02,136086.25,3,West,Financing,Yes,Dealer
5310,2,73,2024-04-02,142150.62,7,North,Cash,No,Dealer
5311,143,74,2023-02-10,147908.29,23,North,Financing,Yes,Online
5312,84,93,2025-03-16,147527.79,26,East,Cash,No,Dealer
5313,147,20,2023-05-21,99003.63,17,East,Financing,Yes,Dealer
5314,102,65,2023-05-02,80178.82,2,South,Cash,No,Online
5315,110,82,2025-05-15,141209.16,4,East,Financing,Yes,Dealer
5316,46,95,2022-11-02,82412.08,16,North,Cash,No,Online
5317,23,98,2025-02-17,134013.36,4,North,Financing,No,Online
5318,142,20,2024-08-07,90053.07,25,South,Cash,Yes,Online
5319,48,43,2023-03-28,79004.03,13,South,Financing,Yes,Online
5320,133,45,2023-07-12,108202.74,25,North,Financing,Yes,Dealer
5321,180,15,2025-09-19,106539.86,9,East,Cash,No,Dealer
5322,49,19,2024-04-04,134930.36,7,West,Cash,No,Dealer
5323,47,13,2024-01-18,156035.22,22,South,Cash,No,Online
5324,9,57,2023-03-05,134703.72,20,West,Financing,Yes,Dealer
5325,167,66,2024-05-25,83555.72,15,East,Cash,No,Online
5326,170,43,2024-10-05,72155.27,19,East,Cash,Yes,Dealer
5327,92,89,2025-06-14,126309.74,28,West,Financing,Yes,Dealer
5328,76,86,2024-01-07,122338.68,26,South,Financing,No,Dealer
5329,39,29,2025-03-28,103368.55,17,North,Financing,Yes,Online
5330,150,20,2025-02-06,56577.22,3,North,Cash,Yes,Online
5331,168,27,2022-11-19,100899.14,2,West,Financing,Yes,Dealer
5332,196,87,2023-11-09,106768.4,2,East,Financing,No,Dealer
5333,183,94,2025-08-30,137394.63,29,South,Cash,Yes,Online
5334,59,22,2023-09-09,109012.3,30,West,Cash,No,Dealer
5335,16,99,2023-10-31,105771.62,25,East,Cash,Yes,Online
5336,123,2,2024-02-26,160260.8,17,West,Cash,No,Online
5337,32,29,2023-12-30,60657.89,4,South,Cash,No,Online
5338,133,1,2024-02-01,109754.12,20,South,Financing,Yes,Dealer
5339,28,80,2024-08-03,108719.01,8,West,Financing,No,Online
5340,139,1,2024-02-27,126541.64,7,East,Financing,Yes,Online
5341,25,29,2025-08-16,143702.29,26,North,Financing,No,Dealer
5342,44,40,2023-04-19,150348.23,27,East,Cash,No,Dealer
5343,4,2,2023-06-14,113592.02,11,East,Financing,Yes,Online
5344,68,71,2024-05-29,90898.14,24,North,Cash,Yes,Online
5345,133,42,2024-10-21,106915.61,2,South,Financing,No,Dealer
5346,152,71,2023-08-15,104501.26,25,East,Financing,No,Online
5347,119,9,2024-12-27,142802.39,12,East,Cash,No,Online
5348,56,96,2023-12-18,132429.14,2,North,Financing,No,Dealer
5349,175,64,2025-04-04,133769.38,2,West,Cash,Yes,Online
5350,26,74,2024-09-12,95904.84,26,West,Cash,Yes,Dealer
5351,87,96,2023-05-14,49540.56,8,South,Financing,Yes,Online
5352,49,33,2024-04-17,129684.92,22,West,Financing,Yes,Dealer
5353,3,100,2024-09-19,74939.99,7,South,Cash,No,Online
5354,138,75,2022-10-20,148172.8,5,North,Financing,No,Online
5355,12,62,2025-06-16,77068.46,5,West,Cash,No,Dealer
5356,178,39,2023-02-28,81782.3,5,East,Financing,Yes,Online
5357,93,42,2025-07-10,138069.67,2,East,Cash,Yes,Dealer
5358,184,29,2025-06-23,132682.51,13,West,Cash,Yes,Online
5359,116,21,2024-07-10,128999.95,30,North,Financing,No,Online
5360,60,41,2023-09-27,118464.57,23,East,Cash,Yes,Dealer
5361,139,96,2025-09-06,123431.43,9,West,Financing,No,Online
5362,187,58,2025-04-18,97645.69,9,South,Cash,No,Dealer
5363,15,82,2024-08-03,135379.26,12,East,Financing,No,Dealer
5364,72,2,2022-10-12,79461.97,19,North,Cash,No,Dealer
5365,81,77,2022-11-26,83016.82,24,South,Cash,Yes,Online
5366,58,33,2023-07-27,54678.45,28,East,Cash,No,Online
5367,100,81,2025-07-04,48610.55,16,North,Financing,No,Dealer
5368,92,40,2023-05-08,117705.02,17,North,Cash,Yes,Dealer
5369,10,3,2023-02-07,90400.54,10,East,Financing,No,Dealer
5370,99,68,2025-08-09,69905.85,26,West,Financing,Yes,Dealer
5371,105,3,2023-06-29,68090.83,10,South,Financing,No,Dealer
5372,35,41,2024-04-06,144534.88,15,North,Cash,Yes,Dealer
5373,155,43,2023-08-27,120769.96,24,North,Cash,Yes,Dealer
5374,91,23,2024-05-19,149844.73,22,North,Cash,No,Dealer
5375,155,3,2022-12-03,123804.9,10,East,Cash,No,Online
5376,199,64,2025-05-01,96092.54,9,West,Financing,No,Dealer
5377,197,93,2024-08-15,51179.52,22,South,Cash,Yes,Online
5378,199,21,2023-10-22,98738.46,23,West,Financing,No,Online
5379,42,47,2022-10-28,157030.23,10,North,Financing,No,Dealer
5380,72,49,2025-01-28,75359.15,19,East,Cash,No,Dealer
5381,22,86,2025-01-04,81112.58,18,North,Cash,Yes,Dealer
5382,162,17,2023-09-07,128205.09,9,East,Financing,Yes,Dealer
5383,192,92,2022-11-26,104602.54,11,North,Financing,No,Dealer
5384,6,1,2025-07-12,62600.47,19,West,Financing,No,Dealer
5385,61,75,2023-11-18,134644.54,5,East,Financing,Yes,Dealer
5386,193,32,2023-09-22,59056.94,16,West,Financing,No,Dealer
5387,53,58,2023-12-17,60033.55,17,South,Financing,Yes,Dealer
5388,29,73,2023-04-16,83939.35,4,West,Cash,No,Online
5389,138,74,2024-08-12,136411.2,15,West,Financing,No,Dealer
5390,178,52,2024-12-24,78808.11,25,North,Cash,Yes,Dealer
5391,42,49,2024-12-01,141744.36,27,East,Cash,Yes,Dealer
5392,112,75,2022-12-28,66596.06,16,North,Financing,No,Dealer
5393,82,74,2024-11-10,133340.53,4,East,Financing,Yes,Dealer
5394,125,6,2022-11-27,149013.69,22,East,Financing,No,Dealer
5395,29,35,2024-10-13,78105.84,2,West,Financing,Yes,Online
5396,94,96,2024-08-06,60001.14,1,East,Financing,No,Dealer
5397,159,37,2023-04-01,136420.75,2,East,Financing,No,Online
5398,95,50,2025-05-17,111567.88,21,East,Financing,No,Dealer
5399,87,94,2024-02-19,54869.1,11,West,Financing,No,Online
5400,62,44,2025-06-22,74772.1,23,South,Cash,No,Online
5401,145,44,2024-11-17,128461.41,7,West,Cash,No,Dealer
5402,34,68,2025-04-26,138129.27,21,South,Financing,No,Dealer
5403,173,65,2022-11-08,53208.06,29,North,Financing,Yes,Dealer
5404,104,3,2025-09-13,96467.74,8,West,Cash,Yes,Dealer
5405,112,88,2023-01-20,61593.75,29,South,Financing,Yes,Dealer
5406,12,8,2024-08-11,74874.06,16,West,Cash,No,Dealer
5407,58,62,2023-11-09,56587.2,16,West,Financing,Yes,Dealer
5408,126,14,2025-07-02,91585.81,14,North,Cash,No,Online
5409,175,55,2023-10-25,127808.21,19,West,Cash,No,Online
5410,89,5,2023-03-03,63137.45,4,North,Financing,No,Dealer
5411,136,8,2025-09-26,81707.44,16,South,Cash,Yes,Dealer
5412,172,6,2022-12-16,153004.51,1,South,Cash,No,Online
5413,37,27,2025-03-11,94335.87,25,South,Cash,No,Online
5414,195,100,2023-03-07,130956.78,9,North,Cash,Yes,Dealer
5415,173,74,2025-04-12,51633.73,21,North,Cash,Yes,Dealer
5416,108,34,2025-06-11,145526.41,2,North,Cash,No,Online
5417,68,56,2024-09-25,94516.15,30,East,Cash,Yes,Online
5418,8,25,2023-06-21,106073.2,27,North,Financing,No,Dealer
5419,175,56,2022-12-11,132523.93,21,South,Cash,No,Online
5420,143,87,2025-01-02,153870.02,7,East,Financing,Yes,Dealer
5421,99,32,2025-10-01,75337.01,16,South,Financing,No,Online
5422,189,32,2023-02-13,56437.78,1,South,Financing,No,Online
5423,176,11,2022-12-29,56309.91,15,North,Financing,Yes,Dealer
5424,12,43,2024-03-24,70499.27,12,West,Financing,Yes,Dealer
5425,168,82,2022-12-08,109808.46,10,South,Financing,Yes,Dealer
5426,143,92,2025-01-08,154770.54,15,West,Cash,No,Online
5427,44,68,2024-01-12,152058.23,14,West,Financing,No,Dealer
5428,138,50,2024-08-29,142779.13,30,North,Financing,Yes,Dealer
5429,98,91,2025-07-20,119753.66,28,South,Financing,No,Dealer
5430,47,96,2025-01-12,138863.91,10,East,Financing,Yes,Online
5431,171,66,2024-04-01,69526.67,2,East,Cash,No,Online
5432,181,2,2025-08-22,99596.63,15,North,Cash,No,Online
5433,177,32,2024-07-10,129129.72,15,South,Financing,No,Dealer
5434,136,13,2025-04-25,81653.91,10,South,Financing,No,Online
5435,21,75,2023-08-11,111507.48,7,North,Cash,Yes,Online
5436,185,42,2023-02-09,116453.93,17,West,Financing,Yes,Online
5437,57,62,2023-11-05,143217.59,2,North,Financing,No,Online
5438,24,58,2024-09-05,63607.54,12,North,Financing,Yes,Online
5439,48,14,2024-05-31,84184.86,23,West,Cash,No,Online
5440,61,77,2024-01-21,137865.58,16,North,Cash,Yes,Online
5441,170,38,2024-01-22,72555.28,19,South,Cash,Yes,Online
5442,186,87,2024-03-02,108848.34,29,North,Financing,Yes,Online
5443,135,49,2025-09-04,136620.69,11,West,Financing,Yes,Online
5444,167,41,2024-01-15,83810.39,28,East,Cash,No,Online
5445,71,61,2025-09-08,91683.81,3,North,Cash,No,Dealer
5446,14,11,2024-11-10,95633.46,29,South,Cash,Yes,Dealer
5447,157,81,2024-05-23,79259.02,14,South,Financing,No,Online
5448,180,36,2024-10-07,120385.51,26,West,Financing,No,Dealer
5449,13,42,2024-12-08,61539.9,9,East,Financing,Yes,Dealer
5450,121,45,2024-06-21,97074.62,1,South,Cash,No,Dealer
5451,67,97,2024-12-12,81032.08,2,East,Financing,Yes,Dealer
5452,87,34,2022-12-04,50166.41,29,South,Financing,No,Online
5453,30,39,2023-10-10,100546.1,18,North,Financing,Yes,Dealer
5454,143,3,2023-07-13,150522.11,3,East,Financing,No,Online
5455,143,22,2024-11-26,148872.73,13,West,Financing,Yes,Dealer
5456,70,94,2025-06-03,125914.94,10,East,Financing,Yes,Dealer
5457,197,19,2024-09-14,51309.94,24,North,Cash,No,Online
5458,17,43,2024-09-30,106195.86,27,West,Financing,Yes,Dealer
5459,131,33,2023-07-02,55140.64,29,West,Cash,No,Online
5460,66,9,2022-10-14,124659.47,14,North,Financing,Yes,Online
5461,114,49,2025-07-05,57751.12,22,West,Cash,Yes,Dealer
5462,137,10,2022-12-22,102788.51,29,West,Financing,No,Online
5463,172,29,2024-05-26,158010.46,20,West,Financing,No,Online
5464,175,7,2024-10-01,126234.38,11,West,Cash,No,Online
5465,8,64,2024-06-12,102573.12,14,West,Financing,Yes,Online
5466,2,58,2025-06-16,142139.84,30,East,Cash,No,Dealer
5467,93,59,2024-06-16,125137.37,14,West,Financing,No,Online
5468,111,55,2024-07-11,104437.03,16,North,Cash,Yes,Online
5469,77,76,2024-11-19,55877.18,28,South,Cash,Yes,Online
5470,93,21,2025-04-17,141652.77,15,East,Financing,Yes,Online
5471,109,60,2023-07-09,150442.91,30,North,Cash,Yes,Online
5472,89,76,2024-06-17,67084.63,19,East,Financing,No,Online
5473,24,23,2024-07-28,66994.78,22,East,Financing,Yes,Online
5474,137,28,2023-05-20,100161.28,14,North,Cash,Yes,Dealer
5475,126,85,2022-11-03,89065.59,2,West,Cash,Yes,Dealer
5476,184,31,2023-02-18,118842.69,15,East,Financing,No,Online
5477,82,16,2022-11-17,141978.03,13,West,Cash,No,Dealer
5478,39,74,2023-12-09,105629.32,13,East,Financing,Yes,Dealer
5479,14,17,2025-05-01,96265.07,25,West,Financing,Yes,Online
5480,16,80,2024-05-16,97033.54,5,East,Financing,Yes,Online
5481,100,79,2025-08-26,48604.71,9,West,Financing,Yes,Dealer
5482,25,69,2025-09-02,143509.53,30,East,Cash,Yes,Online
5483,164,1,2024-11-14,145844.84,14,East,Financing,Yes,Online
5484,7,97,2025-03-04,61951.39,1,North,Cash,No,Dealer
5485,1,91,2025-08-29,129292.97,18,West,Cash,No,Dealer
5486,145,88,2023-12-03,122862.67,8,North,Financing,No,Dealer
5487,157,7,2023-06-03,88835.21,21,East,Cash,Yes,Dealer
5488,121,2,2022-12-07,92352.43,5,North,Cash,No,Dealer
5489,68,48,2025-02-09,103565.2,4,North,Cash,No,Online
5490,31,80,2023-04-09,93045.1,18,East,Financing,No,Dealer
5491,124,27,2023-02-13,130266.63,29,North,Financing,Yes,Dealer
5492,79,4,2023-07-26,89106.95,13,South,Financing,Yes,Dealer
5493,42,45,2024-03-24,141111.16,11,North,Financing,Yes,Dealer
5494,19,41,2023-07-31,61489.68,27,North,Cash,Yes,Dealer
5495,41,33,2022-11-29,51928.18,15,West,Financing,No,Online
5496,185,47,2025-05-27,114806.34,4,North,Financing,Yes,Online
5497,92,96,2025-01-07,127783.61,3,North,Cash,Yes,Online
5498,127,34,2024-07-14,126576.76,21,East,Financing,Yes,Dealer
5499,110,75,2025-03-10,159318.63,20,South,Cash,Yes,Dealer
5500,105,90,2022-11-30,60208.94,20,West,Financing,No,Online
5501,131,60,2023-11-30,55095.65,27,North,Cash,No,Online
5502,53,78,2024-10-06,63141.16,2,North,Financing,No,Online
5503,106,6,2024-05-13,117822.59,15,East,Cash,Yes,Dealer
5504,53,79,2024-07-21,62403.32,28,North,Cash,No,Online
5505,146,29,2023-02-12,83635.95,29,East,Cash,No,Dealer
5506,54,55,2024-03-09,122726.2,12,South,Cash,No,Dealer
5507,178,77,2023-07-25,81552.86,26,West,Cash,No,Online
5508,194,70,2025-08-26,77051.4,19,North,Financing,No,Online
5509,168,14,2023-08-16,106239.1,18,West,Financing,Yes,Online
5510,173,98,2024-03-19,49905.88,2,North,Financing,Yes,Online
5511,62,29,2025-07-23,77564.49,23,South,Cash,No,Online
5512,197,19,2024-08-10,48436.61,11,South,Financing,Yes,Dealer
5513,2,4,2024-11-11,138737.69,25,West,Financing,No,Dealer
5514,120,6,2024-04-25,135727.57,26,South,Financing,Yes,Online
5515,119,41,2024-12-14,149299.18,16,West,Financing,Yes,Dealer
5516,129,4,2025-07-10,54354.89,12,West,Cash,Yes,Online
5517,52,25,2025-06-11,151366.9,29,West,Cash,Yes,Online
5518,76,60,2024-07-20,119864.69,16,West,Financing,Yes,Dealer
5519,36,14,2023-08-05,145085.03,1,West,Cash,No,Dealer
5520,136,88,2024-10-29,80305.42,6,North,Financing,No,Online
5521,4,49,2025-07-30,113128.74,25,West,Cash,Yes,Dealer
5522,151,7,2023-11-01,101332.43,10,South,Financing,Yes,Dealer
5523,97,42,2025-08-14,89576.51,17,West,Cash,No,Online
5524,41,81,2024-10-14,52092.06,10,West,Financing,Yes,Online
5525,32,6,2025-09-28,57408.82,18,South,Financing,Yes,Dealer
5526,186,34,2025-01-18,119531.97,9,West,Cash,No,Online
5527,50,33,2025-07-15,144235.68,14,East,Financing,No,Online
5528,100,8,2023-08-15,49229.27,6,North,Cash,No,Dealer
5529,192,94,2025-09-02,94854.06,14,East,Financing,No,Online
5530,164,4,2023-04-26,148213.6,17,North,Cash,No,Online
5531,165,100,2024-01-31,93832.63,11,South,Financing,Yes,Online
5532,108,95,2024-05-23,159396.91,29,West,Cash,No,Online
5533,86,41,2024-05-11,98436.84,16,North,Cash,No,Online
5534,183,10,2022-10-18,152655.32,10,North,Financing,No,Dealer
5535,36,35,2024-08-08,145732.06,16,East,Financing,Yes,Online
5536,29,64,2024-12-02,75812.59,18,South,Cash,No,Dealer
5537,105,56,2023-02-18,59155.33,5,East,Cash,No,Dealer
5538,184,52,2024-07-09,134351.38,9,North,Financing,No,Dealer
5539,76,53,2023-11-17,121527.14,13,West,Financing,No,Dealer
5540,162,17,2024-12-03,127521.91,11,East,Cash,No,Dealer
5541,144,55,2025-03-27,120591.13,13,South,Cash,No,Online
5542,35,92,2022-11-22,145607.37,14,East,Cash,No,Online
5543,26,41,2024-11-24,86378.46,25,South,Cash,No,Online
5544,143,53,2023-03-12,149868.28,22,South,Cash,Yes,Online
5545,138,86,2023-08-04,142558.2,25,West,Cash,Yes,Dealer
5546,166,33,2023-08-05,145105.13,14,West,Cash,No,Dealer
5547,23,8,2024-06-03,138360.48,8,East,Financing,No,Online
5548,144,40,2023-12-09,121234.18,7,North,Financing,Yes,Dealer
5549,38,62,2023-02-17,112670.15,8,North,Financing,Yes,Online
5550,187,10,2024-03-23,105417.25,5,West,Financing,No,Online
5551,150,56,2025-01-17,56967.93,3,North,Cash,Yes,Online
5552,153,14,2025-04-15,78132.23,14,East,Financing,No,Dealer
5553,185,32,2025-02-18,112110.89,2,West,Financing,No,Online
5554,168,95,2024-10-01,106915.42,28,East,Cash,Yes,Dealer
5555,47,92,2024-03-17,144034.19,5,West,Cash,Yes,Dealer
5556,199,26,2025-04-15,96660.45,6,West,Financing,No,Online
5557,12,96,2025-06-15,69001.58,15,West,Cash,Yes,Dealer
5558,24,28,2024-04-07,68301.66,22,North,Cash,No,Online
5559,6,53,2022-12-16,58264.68,9,West,Financing,No,Online
5560,80,74,2023-06-21,88591.07,21,West,Financing,Yes,Dealer
5561,173,88,2025-01-01,51662.1,30,East,Cash,No,Dealer
5562,126,87,2025-07-27,82456.49,28,North,Financing,Yes,Online
5563,131,48,2023-06-09,54788.33,23,East,Cash,No,Dealer
5564,92,77,2024-10-09,129186.34,21,West,Financing,Yes,Online
5565,67,93,2024-02-05,84484.51,3,East,Cash,Yes,Online
5566,13,13,2022-11-25,61632.16,13,East,Cash,Yes,Online
5567,161,18,2024-04-27,68216.4,20,West,Financing,No,Dealer
5568,59,30,2024-10-23,120727.0,25,South,Financing,No,Dealer
5569,135,55,2024-01-26,149970.97,30,East,Cash,No,Dealer
5570,117,17,2025-05-21,125765.56,9,West,Financing,No,Online
5571,190,66,2024-10-17,89291.46,7,East,Cash,Yes,Dealer
5572,116,81,2024-03-19,127124.22,29,North,Cash,Yes,Dealer
5573,144,38,2023-01-29,130004.89,10,South,Cash,Yes,Dealer
5574,163,34,2023-09-21,111111.72,5,South,Financing,No,Dealer
5575,155,61,2023-05-27,120227.42,25,South,Financing,Yes,Online
5576,88,83,2024-11-13,55129.87,12,North,Financing,No,Online
5577,68,87,2023-07-21,102074.13,12,East,Cash,Yes,Online
5578,74,27,2025-05-14,102059.97,30,North,Financing,Yes,Online
5579,107,84,2023-07-24,82702.04,7,South,Financing,No,Online
5580,83,58,2023-12-21,88832.72,18,East,Financing,Yes,Dealer
5581,54,89,2023-11-11,125435.08,24,South,Cash,Yes,Online
5582,19,24,2024-06-17,60928.03,13,South,Cash,Yes,Dealer
5583,66,34,2023-04-20,120600.67,25,South,Financing,No,Online
5584,125,8,2024-10-24,161424.63,12,West,Cash,No,Online
5585,164,52,2023-01-05,140218.21,30,South,Cash,No,Dealer
5586,46,33,2022-12-19,84145.18,23,South,Cash,No,Dealer
5587,116,20,2023-09-28,130077.62,1,West,Cash,No,Dealer
5588,11,62,2023-03-26,128225.8,17,South,Financing,No,Dealer
5589,170,43,2024-05-13,78450.63,6,South,Financing,Yes,Dealer
5590,145,14,2022-11-30,123745.14,26,East,Financing,No,Online
5591,174,76,2022-10-20,65875.09,18,East,Financing,Yes,Online
5592,103,19,2023-03-01,109635.38,24,North,Financing,No,Online
5593,81,78,2025-08-03,82783.67,24,South,Financing,No,Dealer
5594,140,95,2023-12-03,68490.13,16,East,Financing,Yes,Online
5595,53,10,2025-08-16,63804.66,21,South,Cash,Yes,Dealer
5596,127,43,2024-06-26,117123.13,29,North,Financing,Yes,Dealer
5597,98,47,2023-09-19,106324.05,21,North,Cash,Yes,Online
5598,44,64,2024-08-14,151647.71,17,East,Financing,Yes,Online
5599,90,16,2024-07-24,64694.44,21,East,Cash,Yes,Dealer
5600,50,13,2025-05-19,140249.75,20,East,Cash,No,Dealer
5601,154,27,2023-09-29,117296.6,6,West,Cash,No,Dealer
5602,173,50,2024-10-28,50358.28,25,West,Financing,No,Online
5603,23,10,2025-01-02,149137.25,24,South,Financing,Yes,Dealer
5604,35,85,2023-02-03,145014.59,1,West,Cash,Yes,Dealer
5605,167,39,2023-03-13,91242.07,9,East,Cash,No,Dealer
5606,81,87,2023-03-25,87502.37,19,West,Cash,No,Online
5607,142,36,2023-09-19,91812.24,1,South,Financing,No,Online
5608,91,58,2025-03-20,155536.99,28,West,Financing,Yes,Dealer
5609,16,42,2023-02-01,96020.44,22,South,Financing,Yes,Online
5610,8,25,2023-10-13,112901.6,3,West,Financing,Yes,Online
5611,123,46,2023-07-22,141193.15,19,East,Financing,No,Dealer
5612,20,80,2023-07-16,157624.94,14,West,Financing,Yes,Online
5613,185,43,2023-09-23,123723.88,2,South,Financing,Yes,Online
5614,1,24,2024-12-28,130127.78,13,East,Financing,No,Dealer
5615,119,48,2025-02-02,151632.89,14,West,Financing,No,Online
5616,186,18,2024-12-14,115150.5,19,West,Financing,Yes,Online
5617,87,1,2023-08-07,53389.89,14,North,Cash,Yes,Online
5618,14,79,2023-07-14,95362.1,26,West,Cash,Yes,Dealer
5619,180,63,2025-08-30,105403.98,21,West,Cash,No,Dealer
5620,57,60,2023-06-05,146110.47,8,North,Financing,Yes,Dealer
5621,43,70,2022-11-07,108823.78,20,West,Cash,No,Online
5622,149,26,2024-06-29,82197.33,2,West,Cash,No,Online
5623,123,15,2023-06-18,157350.5,28,West,Financing,Yes,Dealer
5624,155,7,2024-09-17,127443.58,8,West,Cash,No,Online
5625,69,16,2023-06-29,79869.26,4,West,Financing,No,Online
5626,27,77,2025-08-13,57147.73,19,West,Financing,Yes,Dealer
5627,173,7,2025-02-27,52473.42,18,West,Cash,Yes,Online
5628,155,66,2025-09-08,119626.36,8,West,Financing,No,Dealer
5629,145,70,2024-04-02,130736.33,17,South,Financing,Yes,Dealer
5630,90,80,2022-10-14,73318.66,13,West,Financing,Yes,Dealer
5631,65,65,2023-01-07,98435.81,6,South,Cash,Yes,Dealer
5632,17,42,2024-09-24,112186.66,9,East,Financing,Yes,Online
5633,50,98,2024-01-25,145054.05,26,West,Financing,Yes,Online
5634,17,42,2023-09-04,111495.11,13,North,Financing,Yes,Online
5635,137,24,2024-06-27,110385.62,10,West,Financing,Yes,Online
5636,116,11,2024-09-01,127122.24,14,North,Financing,Yes,Online
5637,170,14,2023-04-16,80747.7,12,West,Cash,No,Online
5638,58,16,2023-02-14,54882.61,29,North,Financing,Yes,Online
5639,182,31,2023-01-06,63737.99,13,North,Cash,No,Dealer
5640,153,7,2024-03-08,78596.7,10,East,Financing,No,Online
5641,198,45,2024-11-04,54368.3,22,North,Financing,Yes,Online
5642,158,33,2024-12-08,97510.4,30,North,Cash,Yes,Dealer
5643,137,77,2024-11-14,98994.0,2,West,Cash,No,Online
5644,75,40,2022-12-08,89162.48,28,West,Financing,Yes,Online
5645,123,98,2025-04-15,153899.09,15,East,Cash,Yes,Dealer
5646,121,7,2023-01-10,98857.23,18,East,Financing,Yes,Dealer
5647,174,2,2025-07-24,65399.83,9,West,Financing,No,Dealer
5648,46,37,2024-03-19,76642.17,1,North,Cash,Yes,Dealer
5649,17,96,2025-03-01,112709.61,26,West,Cash,No,Dealer
5650,151,72,2022-12-22,97145.68,20,South,Financing,No,Dealer
5651,108,34,2024-12-17,161281.22,21,East,Financing,Yes,Online
5652,93,10,2024-04-01,134274.66,20,North,Cash,Yes,Dealer
5653,60,28,2024-05-05,117766.95,9,South,Cash,No,Dealer
5654,179,98,2023-06-12,100456.63,16,East,Financing,Yes,Dealer
5655,130,23,2022-12-09,73349.47,8,East,Financing,No,Online
5656,178,36,2023-03-27,84737.63,9,South,Cash,Yes,Online
5657,31,16,2023-01-01,89461.45,11,East,Financing,No,Dealer
5658,200,13,2022-12-16,105078.03,22,North,Cash,No,Dealer
5659,64,21,2023-10-21,88738.3,29,West,Financing,Yes,Online
5660,157,64,2024-11-05,79994.25,8,East,Cash,No,Online
5661,175,92,2022-10-12,124233.62,8,South,Financing,Yes,Online
5662,190,27,2025-08-15,85307.88,19,West,Financing,No,Dealer
5663,43,71,2023-10-18,117256.3,1,South,Financing,Yes,Online
5664,108,91,2023-11-29,159003.13,9,East,Financing,Yes,Dealer
5665,133,22,2025-09-17,108208.67,20,North,Financing,Yes,Dealer
5666,48,47,2024-02-09,77396.62,24,West,Cash,Yes,Dealer
5667,6,99,2023-07-05,64534.73,14,South,Financing,No,Online
5668,98,3,2025-02-06,106488.93,17,East,Cash,Yes,Dealer
5669,37,97,2024-11-24,100659.69,7,North,Financing,No,Dealer
5670,6,9,2023-06-22,60000.66,3,South,Financing,Yes,Online
5671,77,99,2023-11-02,62045.66,4,East,Financing,No,Dealer
5672,194,49,2023-09-04,81433.26,28,West,Cash,No,Online
5673,61,57,2023-12-23,133554.1,19,West,Cash,Yes,Dealer
5674,64,65,2024-04-12,83910.11,6,North,Cash,Yes,Online
5675,169,79,2025-03-24,63318.39,13,East,Financing,No,Online
5676,195,83,2022-11-16,134130.21,16,West,Financing,No,Dealer
5677,30,21,2025-03-08,97184.79,21,West,Cash,Yes,Online
5678,4,70,2023-03-07,109564.25,29,East,Financing,No,Dealer
5679,34,76,2025-02-04,137745.56,19,West,Cash,Yes,Online
5680,115,10,2024-12-10,69100.49,18,West,Cash,No,Online
5681,155,77,2025-07-20,125680.82,9,North,Financing,Yes,Online
5682,158,19,2024-06-01,100897.77,3,West,Cash,No,Online
5683,125,65,2025-01-25,157952.42,12,North,Cash,Yes,Dealer
5684,167,25,2023-08-18,82863.14,21,West,Financing,No,Online
5685,81,81,2024-09-22,84092.89,2,West,Financing,Yes,Online
5686,55,41,2025-09-04,140836.51,6,North,Financing,Yes,Online
5687,24,1,2025-08-03,60634.71,15,South,Cash,No,Online
5688,63,100,2023-11-05,127006.76,14,East,Financing,No,Dealer
5689,54,63,2024-11-29,124504.29,5,South,Cash,No,Dealer
5690,127,54,2023-07-02,125512.35,7,South,Cash,Yes,Online
5691,78,30,2025-02-25,69186.1,17,South,Cash,No,Dealer
5692,85,99,2023-09-22,65279.48,13,East,Cash,Yes,Online
5693,143,98,2024-02-10,139576.46,2,West,Financing,No,Online
5694,154,12,2024-05-22,121007.73,23,South,Cash,Yes,Online
5695,99,46,2022-10-07,75040.56,20,East,Financing,Yes,Online
5696,15,17,2025-09-07,122441.38,22,South,Cash,No,Online
5697,115,97,2022-11-03,65460.17,1,South,Cash,No,Dealer
5698,135,70,2023-02-26,132937.24,18,North,Financing,Yes,Online
5699,107,28,2023-07-22,92850.79,1,North,Financing,No,Online
5700,117,22,2025-06-16,121433.95,29,North,Cash,No,Online
5701,25,6,2025-01-26,160499.43,1,North,Financing,Yes,Dealer
5702,17,29,2023-11-19,118424.91,13,South,Cash,Yes,Online
5703,20,28,2025-08-17,149737.74,22,North,Cash,Yes,Online
5704,153,40,2025-06-12,74444.02,1,East,Financing,No,Online
5705,181,31,2024-07-14,93978.68,27,West,Financing,Yes,Dealer
5706,41,5,2023-09-23,57290.81,21,East,Cash,Yes,Dealer
5707,189,27,2023-12-19,55402.92,23,East,Cash,Yes,Online
5708,93,4,2023-11-07,141704.56,4,South,Financing,Yes,Dealer
5709,18,5,2023-07-09,146482.82,10,East,Financing,Yes,Dealer
5710,63,5,2023-05-01,134114.03,29,North,Financing,Yes,Online
5711,57,85,2023-03-17,129663.84,5,West,Financing,Yes,Online
5712,151,20,2024-01-20,104899.78,10,West,Financing,Yes,Online
5713,87,73,2023-05-12,54641.26,21,West,Financing,Yes,Online
5714,145,7,2025-06-02,128732.47,8,South,Financing,No,Dealer
5715,52,29,2024-09-10,135503.94,20,East,Cash,Yes,Online
5716,142,39,2023-04-19,84592.15,4,West,Financing,No,Online
5717,24,92,2025-01-15,63755.26,10,South,Cash,No,Dealer
5718,93,1,2024-09-17,138338.06,27,South,Financing,No,Dealer
5719,131,92,2025-06-27,56004.35,22,East,Financing,No,Online
5720,16,13,2025-06-15,95957.0,17,North,Cash,Yes,Online
5721,1,13,2025-05-06,136152.23,13,North,Cash,No,Online
5722,153,15,2023-08-30,79228.62,28,East,Cash,No,Dealer
5723,31,96,2024-12-12,93011.5,19,West,Financing,No,Dealer
5724,6,36,2023-07-08,57530.71,13,West,Cash,Yes,Dealer
5725,51,94,2024-04-02,130463.33,20,East,Financing,No,Online
5726,3,19,2024-05-17,69641.2,29,West,Cash,Yes,Online
5727,99,87,2024-11-13,70081.31,11,West,Financing,No,Online
5728,65,38,2023-06-04,87659.03,26,West,Cash,No,Dealer
5729,87,28,2025-05-12,56069.73,3,East,Financing,No,Online
5730,144,7,2024-08-24,115096.65,2,North,Financing,No,Dealer
5731,121,26,2025-08-13,91488.08,11,East,Cash,No,Online
5732,152,33,2024-10-29,108470.51,7,North,Cash,Yes,Online
5733,67,42,2024-11-17,84145.33,2,North,Financing,No,Dealer
5734,114,6,2023-10-13,60247.49,5,West,Cash,No,Dealer
5735,29,63,2023-04-11,83114.35,2,North,Cash,Yes,Dealer
5736,44,43,2025-03-06,162507.48,11,South,Cash,Yes,Dealer
5737,191,12,2024-10-25,125733.65,15,South,Cash,No,Dealer
5738,18,63,2024-12-27,134701.61,12,North,Cash,No,Online
5739,115,79,2023-06-29,65879.78,2,East,Cash,Yes,Dealer
5740,49,79,2025-06-22,132814.5,7,West,Cash,Yes,Online
5741,150,55,2025-04-14,60206.37,21,East,Financing,Yes,Online
5742,16,49,2024-04-28,100143.37,10,West,Financing,No,Dealer
5743,119,72,2022-12-27,141311.61,27,South,Financing,Yes,Dealer
5744,91,8,2025-06-03,150329.65,24,East,Cash,Yes,Dealer
5745,120,2,2025-07-21,137326.16,29,South,Financing,Yes,Online
5746,37,67,2022-10-10,96389.35,12,North,Financing,Yes,Online
5747,83,88,2023-12-14,81200.16,11,South,Cash,No,Dealer
5748,145,16,2024-09-22,128140.09,18,North,Cash,No,Online
5749,136,27,2025-06-13,81470.8,26,North,Financing,Yes,Online
5750,111,63,2025-01-19,116688.13,8,South,Cash,Yes,Dealer
5751,5,14,2023-02-14,93609.83,24,West,Financing,No,Online
5752,179,89,2023-03-29,100618.63,28,North,Cash,No,Online
5753,126,13,2022-12-28,84891.61,19,East,Financing,No,Dealer
5754,90,91,2023-12-20,63685.37,9,West,Cash,No,Online
5755,131,59,2025-07-21,53685.44,26,South,Financing,Yes,Online
5756,198,89,2024-12-14,53060.84,30,East,Financing,No,Dealer
5757,156,41,2025-04-18,140098.31,20,South,Financing,Yes,Dealer
5758,59,22,2023-07-18,116588.67,23,South,Financing,Yes,Dealer
5759,194,6,2022-12-20,81183.4,7,North,Cash,No,Dealer
5760,104,98,2025-04-30,100380.32,11,North,Financing,Yes,Online
5761,79,25,2024-04-02,99164.13,1,West,Cash,Yes,Dealer
5762,99,89,2022-12-01,68568.42,18,West,Cash,No,Online
5763,150,14,2023-05-06,61338.15,16,South,Financing,Yes,Online
5764,110,96,2023-11-24,148926.14,8,South,Financing,Yes,Online
5765,18,28,2024-03-18,140001.06,3,East,Cash,No,Online
5766,49,45,2024-05-10,142203.95,28,North,Financing,Yes,Dealer
5767,32,9,2025-07-23,63496.15,4,East,Financing,No,Online
5768,7,57,2024-03-29,61751.62,7,West,Cash,No,Dealer
5769,31,36,2023-09-11,93513.61,27,East,Financing,No,Dealer
5770,50,9,2022-12-25,128236.49,21,West,Financing,Yes,Dealer
5771,104,30,2022-11-22,99720.1,16,North,Cash,No,Online
5772,141,25,2023-11-11,49921.02,2,East,Financing,Yes,Dealer
5773,96,56,2024-01-31,79153.87,1,North,Financing,Yes,Online
5774,193,86,2024-08-24,58039.16,5,West,Cash,Yes,Dealer
5775,17,60,2024-08-25,108472.72,7,West,Cash,No,Online
5776,196,56,2025-05-27,107153.68,27,East,Cash,Yes,Online
5777,49,58,2025-02-09,131239.91,30,South,Cash,Yes,Dealer
5778,87,1,2023-08-19,51127.12,21,South,Financing,Yes,Online
5779,103,37,2025-03-09,106597.02,16,South,Financing,Yes,Dealer
5780,143,13,2023-04-13,157289.69,7,West,Cash,Yes,Dealer
5781,179,100,2024-07-13,101217.74,18,North,Financing,No,Online
5782,169,75,2025-04-12,59448.77,6,South,Cash,Yes,Online
5783,52,51,2024-10-23,134709.61,16,North,Cash,Yes,Dealer
5784,19,93,2024-01-10,65062.06,16,West,Financing,Yes,Online
5785,131,64,2025-05-29,54985.34,10,North,Financing,Yes,Dealer
5786,177,88,2024-11-29,138719.62,9,North,Cash,No,Online
5787,64,76,2025-08-02,82418.5,3,North,Cash,Yes,Dealer
5788,157,82,2025-09-07,86000.33,8,East,Cash,Yes,Online
5789,48,58,2022-12-11,84436.9,21,North,Financing,No,Dealer
5790,64,76,2024-05-03,80314.18,11,West,Cash,Yes,Online
5791,11,57,2025-09-29,128425.42,6,West,Cash,Yes,Dealer
5792,111,87,2024-07-12,115048.85,27,South,Cash,Yes,Dealer
5793,128,71,2023-02-05,79007.75,1,East,Financing,No,Online
5794,22,36,2022-10-13,90454.73,23,South,Cash,No,Dealer
5795,113,14,2024-08-21,102617.16,29,North,Cash,No,Online
5796,73,71,2023-03-23,96082.25,15,East,Financing,Yes,Online
5797,115,70,2023-06-18,72031.47,21,West,Cash,No,Online
5798,34,58,2025-03-27,143271.5,15,North,Financing,Yes,Dealer
5799,164,9,2025-03-01,142605.26,23,North,Financing,No,Dealer
5800,75,10,2023-06-17,93779.93,23,East,Cash,No,Dealer
5801,182,32,2024-10-20,58734.28,22,East,Financing,Yes,Dealer
5802,91,29,2022-10-19,146071.97,11,West,Financing,No,Online
5803,177,79,2025-07-30,147486.18,9,South,Financing,Yes,Online
5804,113,38,2025-04-09,98016.96,10,South,Cash,No,Online
5805,73,17,2024-10-11,95494.96,9,North,Cash,No,Dealer
5806,128,82,2024-03-06,80130.13,2,West,Cash,No,Online
5807,102,98,2024-10-26,84069.26,4,South,Financing,No,Online
5808,196,21,2025-08-22,108631.63,19,South,Cash,No,Online
5809,126,33,2024-11-09,86978.27,3,West,Cash,No,Dealer
5810,82,16,2024-05-18,143779.06,1,North,Financing,Yes,Dealer
5811,186,96,2025-09-01,107955.37,17,South,Cash,Yes,Online
5812,160,39,2024-08-28,144289.95,2,West,Financing,No,Online
5813,92,6,2025-01-17,128955.76,3,West,Financing,No,Dealer
5814,94,41,2022-10-19,56622.12,16,West,Cash,Yes,Online
5815,3,88,2025-04-17,76925.43,30,North,Financing,No,Online
5816,87,41,2023-11-07,50978.88,16,East,Cash,Yes,Dealer
5817,2,100,2023-05-03,147843.24,1,West,Cash,No,Online
5818,169,44,2023-01-16,64936.96,7,West,Financing,No,Online
5819,178,22,2023-05-14,81699.88,10,East,Financing,No,Online
5820,131,11,2023-04-17,51931.71,10,West,Financing,No,Dealer
5821,86,47,2024-04-07,96327.23,9,North,Financing,Yes,Dealer
5822,199,24,2023-10-20,95345.96,14,South,Cash,Yes,Dealer
5823,156,91,2024-03-21,140830.95,19,West,Financing,Yes,Online
5824,132,60,2023-12-24,105018.2,25,North,Financing,Yes,Dealer
5825,164,3,2024-01-02,146485.38,7,South,Financing,No,Dealer
5826,86,14,2024-09-03,102181.41,5,West,Cash,Yes,Dealer
5827,157,8,2023-05-05,80580.92,28,South,Cash,No,Dealer
5828,56,9,2024-04-19,126902.66,22,South,Financing,No,Dealer
5829,113,78,2022-11-24,98804.56,20,North,Financing,Yes,Dealer
5830,103,50,2024-10-10,113542.45,26,West,Cash,Yes,Online
5831,98,83,2024-04-12,121156.35,7,East,Financing,Yes,Dealer
5832,179,10,2024-12-09,110302.99,21,North,Cash,No,Online
5833,61,52,2023-02-12,130998.88,16,West,Financing,No,Online
5834,191,17,2025-06-27,135616.16,24,East,Financing,No,Online
5835,120,11,2024-07-05,134178.84,19,East,Financing,No,Online
5836,34,4,2024-11-28,136128.32,27,East,Financing,Yes,Online
5837,138,91,2023-12-31,148260.78,20,East,Financing,Yes,Online
5838,97,76,2025-06-13,83098.18,15,East,Cash,Yes,Dealer
5839,100,63,2024-10-09,54330.06,9,West,Financing,Yes,Dealer
5840,133,55,2024-09-11,103304.59,8,North,Financing,Yes,Online
5841,83,75,2023-12-17,88787.15,2,East,Cash,No,Dealer
5842,67,60,2024-09-24,78614.03,9,North,Financing,Yes,Dealer
5843,77,35,2022-12-17,61152.68,11,West,Financing,Yes,Online
5844,155,43,2023-06-24,127944.59,9,South,Financing,No,Online
5845,117,41,2023-09-04,130020.41,3,South,Cash,No,Dealer
5846,2,31,2022-10-17,143661.9,15,North,Cash,No,Dealer
5847,134,77,2025-05-14,78343.54,20,North,Financing,No,Dealer
5848,118,1,2025-07-18,122845.83,29,East,Cash,Yes,Online
5849,148,84,2025-08-26,116854.4,22,South,Financing,No,Dealer
5850,157,62,2024-12-10,88106.35,23,West,Cash,Yes,Dealer
5851,200,62,2025-04-14,98645.09,3,South,Financing,No,Dealer
5852,189,98,2024-09-19,54158.25,28,North,Financing,Yes,Online
5853,196,72,2024-09-09,107252.27,13,North,Cash,Yes,Online
5854,37,96,2024-01-08,93363.24,26,East,Financing,No,Online
5855,157,33,2025-09-21,83455.31,13,East,Financing,No,Online
5856,200,41,2023-08-26,96850.93,8,East,Cash,No,Dealer
5857,74,14,2025-08-26,99642.46,5,West,Financing,Yes,Online
5858,139,84,2023-10-26,134076.73,2,South,Cash,No,Online
5859,137,2,2023-09-14,99032.31,30,South,Cash,No,Online
5860,99,42,2025-07-31,70736.67,1,East,Financing,No,Dealer
5861,154,6,2025-01-21,120571.34,2,South,Cash,Yes,Online
5862,81,18,2025-06-02,79467.55,26,East,Cash,No,Dealer
5863,84,66,2022-11-06,139290.7,23,South,Financing,No,Dealer
5864,24,84,2023-09-09,61342.52,26,West,Cash,Yes,Online
5865,62,43,2023-03-30,82324.91,14,East,Cash,Yes,Online
5866,142,35,2023-04-11,89682.33,9,West,Financing,No,Online
5867,107,92,2023-04-02,93982.11,22,East,Cash,No,Dealer
5868,17,2,2023-05-06,105438.58,7,East,Cash,No,Online
5869,172,24,2024-04-29,150417.46,21,South,Cash,No,Dealer
5870,95,90,2024-05-23,123168.25,29,East,Financing,Yes,Online
5871,169,8,2024-10-24,62961.54,8,East,Financing,No,Online
5872,112,34,2022-11-03,65013.48,10,North,Cash,Yes,Dealer
5873,174,27,2024-08-27,62681.61,27,South,Financing,No,Online
5874,88,81,2023-10-17,59136.66,23,West,Cash,No,Online
5875,128,89,2024-10-24,79256.46,17,South,Financing,No,Dealer
5876,19,32,2023-12-08,65112.25,24,North,Financing,No,Online
5877,129,95,2025-03-07,52802.82,11,South,Financing,Yes,Dealer
5878,172,41,2023-02-28,147326.97,25,East,Cash,Yes,Online
5879,103,79,2023-02-24,110538.9,1,West,Cash,Yes,Dealer
5880,198,76,2024-11-21,49898.61,15,West,Cash,No,Online
5881,1,30,2023-02-26,123824.69,4,East,Financing,No,Online
5882,196,77,2024-04-08,107951.29,26,South,Cash,No,Dealer
5883,173,3,2024-06-03,53425.43,2,South,Cash,Yes,Dealer
5884,13,61,2024-03-26,58004.69,18,North,Financing,Yes,Online
5885,10,31,2024-10-21,84734.66,25,South,Cash,Yes,Dealer
5886,37,4,2025-05-20,92266.02,29,East,Financing,No,Dealer
5887,38,65,2024-06-03,112348.06,10,East,Financing,No,Dealer
5888,140,89,2025-01-19,67330.57,8,South,Cash,No,Online
5889,19,4,2024-03-09,64353.99,19,North,Financing,No,Dealer
5890,136,24,2025-01-09,84711.27,26,North,Financing,No,Online
5891,186,66,2022-10-28,114508.66,8,South,Cash,Yes,Dealer
5892,93,81,2025-01-19,134584.29,21,East,Financing,Yes,Dealer
5893,193,38,2024-06-12,63196.76,11,South,Financing,No,Dealer
5894,1,27,2025-01-10,120862.64,30,North,Financing,No,Dealer
5895,85,7,2023-04-30,65919.8,26,North,Cash,Yes,Dealer
5896,88,85,2023-01-01,52352.69,30,East,Financing,Yes,Dealer
5897,74,27,2024-11-26,98280.32,19,West,Financing,No,Dealer
5898,127,25,2025-04-23,113370.73,20,South,Financing,No,Dealer
5899,4,88,2022-10-20,102961.12,16,North,Financing,Yes,Online
5900,31,9,2025-09-15,81900.54,6,South,Financing,No,Online
5901,157,88,2023-12-09,79431.35,21,West,Financing,Yes,Dealer
5902,22,82,2023-08-08,90433.75,25,West,Financing,No,Dealer
5903,17,4,2023-11-20,115578.71,16,South,Financing,Yes,Dealer
5904,88,54,2024-03-18,52419.99,12,North,Cash,Yes,Online
5905,3,84,2024-12-07,70429.61,1,West,Cash,Yes,Online
5906,24,43,2024-05-26,69020.99,6,North,Cash,No,Dealer
5907,18,95,2024-11-24,147160.43,13,East,Cash,Yes,Dealer
5908,7,38,2023-11-17,64571.6,5,South,Cash,No,Dealer
5909,36,28,2025-09-09,151140.63,5,East,Financing,No,Dealer
5910,122,15,2024-11-11,54370.3,2,West,Cash,No,Dealer
5911,165,31,2023-12-29,96523.2,16,South,Cash,No,Online
5912,140,16,2025-08-21,60056.67,2,South,Cash,No,Dealer
5913,159,69,2024-08-28,124811.54,24,North,Cash,No,Online
5914,189,45,2025-04-05,53078.27,25,West,Financing,No,Dealer
5915,117,97,2023-12-19,122401.48,12,North,Cash,Yes,Dealer
5916,161,60,2024-07-04,66052.67,28,East,Financing,Yes,Online
5917,150,98,2024-02-19,60681.27,20,South,Financing,No,Dealer
5918,81,21,2023-02-27,85103.12,7,North,Financing,No,Online
5919,50,34,2023-08-25,130516.06,29,East,Cash,Yes,Dealer
5920,9,1,2024-06-30,132970.78,1,West,Financing,No,Dealer
5921,115,45,2023-01-24,70427.71,7,West,Financing,Yes,Dealer
5922,54,68,2025-09-19,116836.27,5,North,Financing,Yes,Online
5923,14,25,2024-02-26,102729.46,27,South,Cash,No,Online
5924,100,29,2024-12-24,50363.62,22,North,Cash,No,Online
5925,138,89,2023-05-03,144769.94,17,North,Cash,Yes,Dealer
5926,129,3,2024-03-14,55181.12,10,South,Cash,No,Dealer
5927,175,100,2023-01-24,139097.95,15,South,Cash,Yes,Online
5928,114,14,2024-08-13,56622.5,23,North,Cash,Yes,Dealer
5929,107,55,2025-08-22,93571.65,8,South,Cash,No,Online
5930,108,62,2024-06-11,158371.48,7,West,Cash,Yes,Online
5931,116,98,2024-09-13,129688.94,1,West,Financing,No,Dealer
5932,189,40,2025-07-02,52289.83,4,South,Financing,No,Dealer
5933,141,73,2024-12-25,50437.82,11,West,Financing,Yes,Dealer
5934,45,41,2024-11-28,140384.0,15,West,Financing,No,Online
5935,175,74,2025-09-03,123106.98,12,West,Cash,Yes,Online
5936,172,84,2022-12-04,155965.46,8,North,Cash,No,Online
5937,158,46,2025-09-11,104885.13,23,North,Financing,Yes,Dealer
5938,165,99,2023-10-05,92698.89,4,West,Cash,Yes,Online
5939,15,84,2025-05-15,127588.17,10,West,Cash,No,Dealer
5940,20,90,2023-05-07,147808.43,3,East,Cash,Yes,Dealer
5941,24,51,2025-08-29,68407.35,5,North,Financing,Yes,Online
5942,83,93,2024-09-20,88577.71,23,West,Cash,Yes,Online
5943,148,69,2024-01-04,112273.8,2,North,Cash,No,Online
5944,71,73,2022-12-03,96603.26,7,East,Financing,Yes,Dealer
5945,114,79,2024-09-22,60945.82,21,South,Financing,No,Online
5946,76,90,2025-07-19,120685.6,9,West,Financing,No,Online
5947,25,69,2022-11-10,155482.89,16,South,Cash,No,Dealer
5948,128,39,2023-08-12,85653.89,5,South,Cash,No,Online
5949,187,39,2025-04-19,100424.23,17,South,Financing,Yes,Dealer
5950,173,22,2023-03-06,54391.57,18,North,Financing,No,Dealer
5951,135,20,2024-02-29,133929.6,13,West,Cash,Yes,Online
5952,48,44,2025-03-19,74487.31,17,West,Financing,No,Online
5953,69,1,2024-02-17,83835.28,9,West,Financing,No,Dealer
5954,109,44,2024-08-04,134158.06,23,South,Financing,No,Dealer
5955,133,43,2025-04-02,96565.23,25,South,Cash,No,Dealer
5956,19,60,2024-02-12,60368.18,4,South,Financing,No,Dealer
5957,165,59,2024-07-16,93907.99,1,East,Cash,Yes,Dealer
5958,113,34,2024-07-21,95039.93,22,North,Financing,No,Dealer
5959,80,69,2023-04-16,91406.96,15,North,Cash,Yes,Online
5960,46,59,2024-01-30,76798.43,14,South,Cash,No,Dealer
5961,139,23,2024-08-13,135373.7,21,South,Financing,No,Online
5962,74,97,2022-12-30,106259.45,18,West,Cash,Yes,Dealer
5963,64,40,2023-05-07,83270.11,4,East,Financing,No,Online
5964,68,13,2023-12-11,98577.63,4,North,Cash,Yes,Dealer
5965,173,100,2023-11-03,55587.16,15,North,Cash,Yes,Dealer
5966,134,33,2023-06-22,76902.37,10,North,Cash,Yes,Dealer
5967,122,10,2024-12-07,58466.73,5,West,Cash,No,Dealer
5968,166,65,2025-05-12,135659.07,11,North,Cash,No,Dealer
5969,70,63,2025-10-01,141959.11,19,East,Cash,Yes,Online
5970,8,97,2024-05-17,111965.45,18,South,Cash,Yes,Dealer
5971,67,13,2022-12-27,83816.65,20,West,Financing,No,Online
5972,40,89,2025-09-26,108054.32,19,West,Financing,No,Online
5973,107,82,2024-04-12,88951.8,11,South,Cash,Yes,Online
5974,141,50,2023-08-15,52203.02,11,West,Cash,Yes,Online
5975,94,75,2024-06-05,54270.43,18,North,Cash,Yes,Online
5976,1,1,2025-04-27,135224.88,11,West,Cash,No,Dealer
5977,162,21,2024-10-14,124378.06,26,South,Cash,Yes,Online
5978,117,10,2023-11-24,132058.8,2,North,Financing,Yes,Online
5979,53,91,2024-09-23,64006.13,19,West,Cash,Yes,Dealer
5980,69,9,2023-12-21,84467.33,12,North,Cash,No,Online
5981,200,87,2024-02-17,93003.39,29,South,Cash,No,Online
5982,170,72,2023-04-04,73055.57,14,South,Financing,Yes,Dealer
5983,52,72,2024-03-27,149617.2,19,West,Financing,No,Dealer
5984,156,12,2024-07-11,134196.71,2,South,Cash,No,Dealer
5985,135,65,2024-02-12,140461.06,12,South,Cash,No,Dealer
5986,168,28,2022-12-09,107302.79,21,North,Financing,Yes,Online
5987,90,42,2025-05-29,69000.19,30,East,Cash,Yes,Online
5988,151,53,2022-12-07,94801.48,3,North,Financing,Yes,Dealer
5989,120,73,2023-05-01,138261.62,11,South,Cash,Yes,Dealer
5990,153,100,2024-04-22,79477.45,30,North,Financing,No,Dealer
5991,139,11,2025-10-04,119573.22,26,North,Financing,Yes,Dealer
5992,87,67,2023-08-16,53517.52,10,West,Financing,No,Online
5993,12,74,2025-02-26,70244.99,28,South,Financing,No,Online
5994,127,85,2023-09-03,127662.54,6,North,Cash,No,Dealer
5995,6,11,2024-07-31,64774.54,19,East,Cash,No,Dealer
5996,83,88,2025-09-25,87679.83,5,South,Financing,No,Dealer
5997,163,54,2024-10-09,109448.59,17,East,Financing,Yes,Online
5998,27,44,2025-03-05,54604.23,23,North,Cash,Yes,Dealer
5999,40,35,2023-11-16,107103.73,23,East,Financing,Yes,Online
6000,35,45,2023-10-09,147746.36,4,North,Financing,No,Online
6001,79,89,2025-03-20,97631.52,9,North,Financing,No,Dealer
6002,41,37,2024-03-16,55155.16,18,East,Financing,No,Online
6003,14,88,2025-09-25,94149.07,18,West,Cash,Yes,Online
6004,173,8,2024-06-15,54442.23,2,West,Cash,No,Dealer
6005,79,81,2025-10-04,96173.37,25,North,Financing,Yes,Online
6006,174,20,2025-09-30,61373.03,6,East,Financing,No,Dealer
6007,64,28,2024-12-13,87407.99,25,South,Financing,No,Dealer
6008,116,47,2025-08-23,119363.44,24,South,Financing,No,Dealer
6009,99,70,2025-10-06,67912.77,12,West,Financing,No,Dealer
6010,135,22,2025-04-17,139329.67,22,West,Cash,Yes,Online
6011,14,7,2025-08-23,96030.04,6,East,Financing,No,Dealer
6012,64,31,2024-09-19,82751.5,10,East,Cash,No,Dealer
6013,74,59,2023-07-23,102391.06,1,North,Financing,No,Online
6014,85,86,2024-05-19,64068.69,24,South,Financing,Yes,Dealer
6015,155,43,2025-06-04,121274.41,21,North,Cash,No,Online
6016,51,69,2024-04-10,126125.34,21,East,Financing,No,Dealer
6017,42,23,2023-04-14,147584.46,19,North,Cash,Yes,Online
6018,74,10,2022-10-18,108285.35,20,West,Financing,Yes,Online
6019,134,1,2025-01-27,71858.66,28,West,Financing,No,Dealer
6020,50,49,2025-05-02,142834.9,2,North,Financing,Yes,Dealer
6021,26,34,2023-09-17,91942.16,8,East,Financing,No,Online
6022,163,40,2023-08-03,117289.43,25,South,Financing,Yes,Dealer
6023,162,95,2025-09-04,123956.03,3,West,Financing,No,Dealer
6024,187,41,2024-03-08,103236.37,17,East,Cash,Yes,Dealer
6025,163,41,2022-12-03,121518.61,6,West,Cash,Yes,Dealer
6026,50,85,2023-03-07,128963.34,3,West,Cash,No,Dealer
6027,179,63,2024-08-04,100570.67,10,East,Financing,No,Dealer
6028,109,74,2024-02-06,138116.12,11,North,Cash,No,Online
6029,59,5,2024-09-23,117317.42,16,West,Cash,Yes,Online
6030,90,75,2023-02-05,66515.63,30,South,Cash,No,Dealer
6031,150,92,2024-05-29,56254.14,6,East,Cash,Yes,Dealer
6032,89,41,2024-09-30,64187.11,27,North,Financing,Yes,Dealer
6033,70,99,2023-03-24,130648.63,7,East,Cash,No,Online
6034,35,64,2023-04-24,136675.42,23,South,Cash,No,Dealer
6035,163,5,2024-08-21,118058.95,5,North,Cash,No,Online
6036,200,81,2023-07-17,98153.05,28,South,Financing,No,Online
6037,54,36,2024-09-09,118124.91,22,South,Financing,Yes,Online
6038,186,47,2024-08-02,109123.25,13,West,Cash,No,Online
6039,44,43,2023-06-01,144252.97,5,North,Financing,Yes,Dealer
6040,25,61,2023-10-11,153383.68,5,West,Financing,Yes,Dealer
6041,187,96,2023-02-27,103018.52,26,East,Cash,No,Online
6042,163,97,2022-12-08,123176.61,5,South,Financing,No,Dealer
6043,40,22,2023-07-19,104611.96,9,East,Financing,Yes,Online
6044,196,52,2025-02-19,105108.02,29,North,Cash,Yes,Online
6045,69,47,2025-09-26,80700.53,21,South,Financing,No,Online
6046,51,35,2024-06-28,127348.7,2,North,Financing,No,Online
6047,57,43,2024-11-24,148426.78,12,West,Cash,No,Online
6048,135,99,2022-10-23,142550.83,5,South,Financing,No,Dealer
6049,149,72,2023-09-29,72123.16,2,East,Financing,No,Online
6050,52,68,2023-03-21,143078.21,1,South,Financing,No,Online
6051,148,87,2024-03-02,106541.13,10,East,Financing,No,Online
6052,27,59,2024-11-19,51957.3,26,East,Financing,No,Dealer
6053,83,67,2025-04-10,89031.01,20,North,Financing,No,Dealer
6054,152,64,2024-12-01,114520.85,28,South,Cash,Yes,Online
6055,75,24,2025-05-03,91544.26,2,North,Cash,No,Online
6056,177,9,2024-03-28,130116.13,19,North,Financing,No,Online
6057,190,32,2023-09-27,90533.57,13,East,Cash,Yes,Dealer
6058,184,19,2025-05-07,118603.79,27,South,Financing,Yes,Online
6059,37,28,2024-10-08,95352.76,6,North,Financing,Yes,Online
6060,163,37,2025-01-23,114705.88,30,South,Cash,No,Online
6061,44,37,2024-12-17,142630.93,8,South,Cash,Yes,Online
6062,7,13,2024-06-02,60571.4,7,South,Cash,No,Online
6063,86,8,2025-03-17,99088.98,21,West,Cash,Yes,Dealer
6064,59,98,2023-11-27,118785.43,6,West,Cash,No,Dealer
6065,48,76,2024-08-06,83733.41,9,East,Financing,No,Dealer
6066,74,8,2023-12-31,109830.35,29,West,Financing,No,Online
6067,97,9,2023-10-27,81511.82,29,South,Cash,No,Online
6068,153,7,2023-09-02,76433.28,13,South,Financing,Yes,Online
6069,125,25,2024-12-02,144948.8,30,East,Financing,No,Online
6070,108,9,2024-09-09,156552.87,16,South,Financing,Yes,Online
6071,75,42,2023-02-12,96356.27,26,West,Financing,No,Online
6072,140,93,2024-06-27,61205.91,24,East,Cash,Yes,Online
6073,72,56,2023-11-23,77307.51,6,South,Cash,Yes,Online
6074,51,67,2024-08-26,132557.9,24,South,Financing,Yes,Online
6075,56,44,2025-10-01,143136.31,20,West,Cash,No,Online
6076,198,75,2024-07-09,53606.49,28,North,Cash,No,Dealer
6077,20,22,2024-06-21,147300.54,10,South,Cash,Yes,Dealer
6078,95,50,2022-10-08,119384.36,15,South,Cash,No,Online
6079,72,54,2023-01-30,72422.43,30,South,Cash,No,Dealer
6080,29,46,2023-02-22,76252.83,30,East,Cash,Yes,Dealer
6081,131,83,2025-06-24,53139.83,19,North,Cash,No,Online
6082,196,5,2025-03-03,114325.58,19,East,Financing,No,Dealer
6083,147,45,2023-10-21,105830.15,2,South,Financing,No,Online
6084,58,24,2023-11-06,55232.01,24,South,Cash,Yes,Dealer
6085,2,72,2024-03-28,150508.05,14,North,Financing,No,Dealer
6086,101,88,2023-05-17,124906.73,15,East,Cash,Yes,Dealer
6087,141,32,2024-06-16,51792.95,24,West,Financing,Yes,Dealer
6088,147,18,2023-05-26,110928.44,22,West,Cash,Yes,Dealer
6089,34,87,2023-11-19,131501.67,22,East,Cash,Yes,Online
6090,193,48,2024-11-20,62053.97,12,South,Financing,Yes,Online
6091,109,85,2025-01-24,139585.64,14,North,Financing,Yes,Dealer
6092,146,52,2023-04-07,84298.98,10,South,Cash,No,Dealer
6093,44,37,2023-05-24,159312.04,27,South,Cash,Yes,Dealer
6094,82,35,2024-07-15,148024.07,28,South,Cash,No,Online
6095,76,29,2023-07-26,135225.88,10,South,Financing,Yes,Dealer
6096,39,92,2023-11-23,95579.7,9,North,Cash,Yes,Dealer
6097,174,53,2025-04-06,61868.51,18,North,Financing,Yes,Online
6098,192,24,2024-05-01,104777.97,6,South,Financing,No,Dealer
6099,73,57,2024-11-16,98338.89,18,West,Financing,No,Dealer
6100,73,21,2024-05-04,97615.98,17,South,Cash,No,Online
6101,118,68,2023-02-09,123106.43,3,North,Cash,Yes,Online
6102,76,38,2023-02-03,133402.58,17,East,Financing,No,Online
6103,27,15,2025-03-04,53478.44,24,East,Cash,Yes,Dealer
6104,66,75,2024-08-11,126443.23,3,North,Financing,Yes,Online
6105,177,10,2024-06-18,144968.38,24,East,Cash,Yes,Dealer
6106,146,77,2025-02-12,78516.86,7,West,Financing,Yes,Dealer
6107,22,17,2024-10-26,79024.16,3,North,Financing,Yes,Online
6108,8,45,2025-05-14,115047.94,12,South,Cash,No,Dealer
6109,141,41,2023-02-27,51949.9,2,North,Financing,No,Dealer
6110,166,15,2023-04-05,134025.26,9,South,Financing,Yes,Dealer
6111,104,3,2023-07-06,95629.85,19,East,Cash,No,Dealer
6112,14,88,2023-02-21,92026.39,5,South,Financing,Yes,Online
6113,86,16,2023-07-17,91831.66,4,West,Cash,No,Online
6114,66,27,2023-08-19,118375.52,25,South,Financing,Yes,Online
6115,101,14,2024-07-21,135699.49,21,East,Cash,No,Dealer
6116,48,41,2025-07-24,75869.13,12,North,Financing,Yes,Dealer
6117,20,24,2024-02-14,139981.63,5,South,Financing,Yes,Dealer
6118,83,93,2025-03-17,81649.71,24,North,Financing,Yes,Dealer
6119,173,76,2022-12-03,51364.53,5,South,Cash,No,Online
6120,26,87,2023-03-01,95064.25,1,South,Cash,Yes,Dealer
6121,198,8,2022-12-23,54413.44,1,North,Cash,No,Online
6122,151,18,2022-10-27,100957.74,22,South,Financing,No,Online
6123,86,91,2024-02-29,103063.07,19,East,Cash,No,Dealer
6124,163,25,2024-10-01,121209.76,10,North,Cash,No,Dealer
6125,67,83,2023-12-28,82146.41,6,West,Financing,No,Dealer
6126,141,9,2024-10-27,49599.71,29,East,Cash,Yes,Online
6127,179,60,2024-10-02,112475.96,5,South,Cash,No,Dealer
6128,121,64,2025-07-12,92732.59,20,West,Financing,No,Online
6129,3,64,2024-11-23,75215.12,1,South,Financing,Yes,Online
6130,163,46,2023-04-29,121350.33,3,South,Cash,Yes,Dealer
6131,117,74,2023-08-06,115272.0,6,South,Cash,No,Dealer
6132,22,91,2023-02-20,86242.97,13,North,Cash,No,Online
6133,151,42,2024-10-03,92580.59,24,South,Financing,No,Online
6134,175,72,2023-04-16,137964.5,30,West,Cash,Yes,Online
6135,142,35,2023-03-07,88133.72,1,North,Cash,No,Dealer
6136,124,28,2023-05-02,127801.16,25,West,Cash,Yes,Online
6137,150,77,2025-05-17,62868.07,21,North,Financing,No,Dealer
6138,165,64,2022-12-26,84535.82,14,East,Financing,Yes,Online
6139,167,5,2024-03-21,93557.75,11,North,Cash,Yes,Online
6140,107,81,2024-02-22,84196.14,20,North,Cash,No,Dealer
6141,111,38,2023-04-26,115241.03,10,East,Cash,Yes,Dealer
6142,55,54,2023-12-17,137670.39,3,East,Cash,Yes,Online
6143,113,52,2023-03-01,98586.33,3,North,Financing,Yes,Dealer
6144,127,67,2023-06-30,121081.58,9,South,Cash,Yes,Dealer
6145,114,36,2024-01-02,60226.36,19,North,Cash,No,Dealer
6146,113,43,2023-06-20,90630.95,12,North,Financing,Yes,Dealer
6147,87,83,2023-01-03,50892.36,28,North,Financing,No,Dealer
6148,166,86,2024-06-26,134363.09,28,South,Financing,Yes,Online
6149,144,51,2024-01-30,128635.14,2,North,Cash,No,Dealer
6150,75,72,2025-08-01,94186.11,14,East,Financing,No,Dealer
6151,53,99,2023-01-20,62666.03,26,North,Financing,Yes,Dealer
6152,170,90,2023-06-16,73811.72,16,South,Financing,Yes,Online
6153,44,8,2024-11-14,154375.24,15,North,Cash,No,Online
6154,1,15,2025-07-18,122585.94,1,South,Cash,Yes,Online
6155,66,13,2025-01-30,125415.59,27,North,Cash,No,Dealer
6156,126,91,2025-09-21,85848.71,17,East,Cash,No,Dealer
6157,22,73,2023-08-02,84459.72,1,West,Financing,No,Dealer
6158,154,7,2022-12-18,108880.7,9,East,Financing,Yes,Dealer
6159,166,19,2022-12-11,145942.18,5,West,Financing,Yes,Dealer
6160,27,3,2023-08-23,51597.25,11,North,Cash,No,Online
6161,191,24,2024-04-30,129985.74,17,West,Financing,No,Online
6162,24,91,2023-02-28,65237.27,17,West,Financing,No,Online
6163,50,86,2023-02-28,135256.96,19,East,Financing,Yes,Online
6164,137,6,2022-12-30,102299.33,6,East,Financing,No,Online
6165,164,39,2025-07-11,142927.16,10,South,Financing,Yes,Dealer
6166,198,83,2023-06-24,48516.1,21,North,Financing,No,Dealer
6167,58,100,2023-05-16,53423.02,24,East,Financing,No,Online
6168,27,68,2025-05-13,51200.61,23,East,Cash,Yes,Online
6169,41,37,2023-01-24,56081.64,30,West,Financing,Yes,Online
6170,76,52,2025-07-02,136766.14,24,North,Financing,Yes,Online
6171,29,97,2024-08-26,78935.64,27,West,Cash,No,Online
6172,23,3,2023-07-22,150453.02,13,West,Financing,No,Online
6173,181,40,2024-12-31,98611.32,5,West,Financing,Yes,Online
6174,143,43,2023-08-06,153465.09,9,North,Financing,No,Dealer
6175,5,89,2025-06-12,99844.49,8,West,Cash,Yes,Dealer
6176,97,50,2025-01-22,87437.59,20,North,Financing,No,Dealer
6177,12,18,2025-07-13,76039.63,20,East,Cash,Yes,Online
6178,20,45,2025-01-06,160485.03,22,North,Financing,Yes,Dealer
6179,154,14,2023-09-04,105876.06,20,East,Financing,No,Online
6180,20,46,2025-04-05,151213.28,2,South,Cash,No,Dealer
6181,19,23,2024-02-25,62939.24,20,East,Financing,No,Online
6182,131,27,2023-10-24,56420.37,7,North,Financing,No,Dealer
6183,38,45,2025-08-04,109933.77,1,East,Cash,Yes,Online
6184,52,77,2022-11-26,150769.39,12,North,Cash,No,Dealer
6185,115,58,2024-07-01,65701.86,28,North,Cash,No,Online
6186,192,41,2025-01-15,101974.69,16,West,Cash,Yes,Dealer
6187,116,27,2023-05-01,130785.05,7,North,Financing,Yes,Dealer
6188,121,36,2024-04-16,99209.5,3,North,Financing,Yes,Online
6189,158,41,2025-01-21,101417.85,14,North,Financing,Yes,Dealer
6190,168,31,2024-09-21,103951.52,14,East,Cash,No,Online
6191,179,58,2024-04-09,105281.48,22,West,Financing,Yes,Online
6192,196,50,2023-11-15,108118.07,3,West,Cash,Yes,Dealer
6193,172,33,2023-07-27,143233.37,25,West,Financing,Yes,Online
6194,16,94,2025-01-26,96695.18,19,West,Cash,No,Dealer
6195,33,58,2024-10-06,93667.13,17,West,Financing,No,Dealer
6196,85,34,2024-02-06,61669.84,1,East,Financing,Yes,Dealer
6197,89,15,2022-12-23,61306.39,29,East,Cash,Yes,Online
6198,108,46,2024-10-11,158038.04,26,West,Financing,Yes,Online
6199,171,49,2023-09-26,71902.41,16,South,Financing,No,Dealer
6200,88,87,2023-09-17,53419.03,27,South,Financing,Yes,Dealer
6201,93,80,2023-11-03,129543.04,12,West,Financing,Yes,Online
6202,176,7,2023-10-17,56333.76,28,West,Cash,No,Dealer
6203,67,64,2025-05-29,81163.87,28,South,Cash,Yes,Dealer
6204,99,99,2023-08-05,76985.13,23,South,Financing,Yes,Dealer
6205,62,66,2025-02-20,75447.66,18,South,Financing,Yes,Dealer
6206,197,89,2023-08-17,50007.26,17,East,Cash,Yes,Online
6207,150,80,2025-06-28,60217.51,23,South,Financing,No,Dealer
6208,46,36,2024-12-28,78115.06,2,East,Cash,No,Dealer
6209,132,68,2024-06-09,111053.68,13,North,Financing,No,Online
6210,66,85,2025-09-01,120456.81,6,East,Financing,No,Online
6211,29,45,2025-02-04,80376.27,15,South,Financing,Yes,Dealer
6212,105,16,2022-10-25,67065.91,27,South,Cash,No,Online
6213,97,61,2024-10-26,79177.28,28,West,Cash,Yes,Dealer
6214,6,90,2025-01-15,65471.95,21,North,Cash,No,Dealer
6215,107,100,2024-04-28,83337.01,23,South,Financing,No,Dealer
6216,123,51,2024-06-04,159400.48,6,North,Cash,Yes,Dealer
6217,119,73,2025-01-31,147108.49,21,South,Financing,No,Dealer
6218,167,71,2025-03-09,88445.33,14,West,Cash,No,Dealer
6219,24,82,2024-12-25,64587.46,9,East,Financing,Yes,Dealer
6220,117,69,2025-01-01,126768.24,12,South,Financing,Yes,Online
6221,7,80,2024-07-14,62098.17,7,North,Cash,No,Online
6222,65,44,2022-12-13,87468.45,9,East,Financing,Yes,Online
6223,89,41,2024-12-12,68807.97,17,South,Cash,Yes,Dealer
6224,22,57,2024-03-12,87964.5,3,North,Financing,Yes,Dealer
6225,117,61,2025-06-13,121996.86,21,South,Cash,Yes,Online
6226,101,39,2025-05-10,124126.54,11,South,Cash,No,Dealer
6227,42,45,2025-10-02,157553.41,11,South,Financing,Yes,Online
6228,178,95,2022-11-15,87034.16,24,South,Cash,Yes,Online
6229,42,44,2024-09-14,151320.79,10,West,Financing,Yes,Dealer
6230,149,76,2023-06-03,78473.62,22,West,Financing,Yes,Online
6231,25,90,2023-07-12,149659.84,26,East,Financing,Yes,Dealer
6232,142,26,2023-05-17,80180.45,6,East,Cash,No,Dealer
6233,95,50,2025-03-10,123456.9,26,South,Financing,No,Online
6234,112,65,2024-07-03,60935.47,14,East,Financing,No,Online
6235,8,85,2023-06-18,117391.43,13,South,Cash,No,Dealer
6236,195,25,2024-07-05,121847.76,19,North,Financing,Yes,Dealer
6237,36,75,2025-07-23,136320.71,10,South,Cash,Yes,Online
6238,69,58,2025-08-24,85711.06,9,East,Cash,No,Dealer
6239,139,22,2024-06-28,128998.47,2,South,Financing,Yes,Online
6240,25,18,2025-05-05,139521.29,30,South,Cash,Yes,Online
6241,95,1,2025-01-12,119233.13,25,East,Financing,No,Dealer
6242,110,11,2024-10-08,151506.32,14,North,Financing,Yes,Online
6243,10,40,2022-10-30,93655.42,24,North,Cash,No,Dealer
6244,108,67,2023-10-19,141810.46,1,South,Cash,No,Online
6245,62,54,2023-10-08,82065.32,1,West,Financing,Yes,Online
6246,27,95,2025-06-25,50340.17,29,East,Financing,No,Online
6247,148,11,2024-03-04,117850.58,25,North,Financing,Yes,Online
6248,61,49,2023-03-17,123479.68,10,West,Financing,Yes,Online
6249,95,74,2024-12-18,117113.46,10,South,Financing,Yes,Online
6250,20,54,2024-02-26,151306.64,27,North,Cash,No,Online
6251,190,54,2024-01-27,88813.67,1,East,Cash,No,Dealer
6252,162,26,2023-07-05,116310.33,21,West,Cash,Yes,Online
6253,1,75,2022-11-26,118568.79,14,North,Financing,Yes,Dealer
6254,52,81,2023-10-10,133983.4,26,South,Cash,No,Dealer
6255,191,23,2023-11-20,123630.26,30,North,Financing,No,Online
6256,68,53,2024-03-14,97258.73,9,East,Financing,No,Online
6257,175,52,2025-05-29,135448.45,19,South,Financing,Yes,Dealer
6258,196,82,2025-09-17,111234.08,29,East,Cash,Yes,Online
6259,95,26,2024-06-23,109552.36,19,North,Cash,Yes,Dealer
6260,197,52,2022-10-22,51585.64,16,North,Financing,Yes,Online
6261,130,43,2025-07-21,72159.98,22,West,Cash,No,Online
6262,156,34,2023-05-24,133820.56,5,North,Cash,No,Dealer
6263,124,66,2025-03-31,123782.71,26,North,Cash,No,Online
6264,55,58,2025-08-04,133857.25,16,North,Cash,Yes,Dealer
6265,142,72,2022-11-27,86793.66,14,East,Financing,Yes,Online
6266,117,33,2025-04-17,122561.96,17,North,Cash,No,Online
6267,186,76,2024-03-18,115950.68,12,North,Financing,Yes,Dealer
6268,15,96,2024-05-08,128820.62,3,South,Financing,Yes,Dealer
6269,9,1,2024-12-09,149664.29,2,East,Financing,Yes,Online
6270,175,25,2024-02-22,126220.23,22,North,Cash,No,Dealer
6271,43,41,2022-12-30,124013.41,11,West,Cash,No,Dealer
6272,111,11,2024-10-03,106661.67,9,South,Financing,Yes,Online
6273,15,79,2024-08-06,130836.81,7,North,Financing,Yes,Dealer
6274,28,64,2023-04-12,114772.79,26,North,Cash,No,Online
6275,41,33,2023-11-03,56970.36,25,West,Financing,Yes,Dealer
6276,20,17,2025-01-11,148395.95,4,West,Financing,Yes,Online
6277,1,10,2024-11-02,121014.49,3,South,Cash,Yes,Online
6278,108,59,2025-05-22,158315.49,19,East,Financing,No,Dealer
6279,63,24,2024-03-05,127693.57,8,South,Financing,No,Online
6280,76,31,2024-05-05,124205.38,10,South,Cash,Yes,Dealer
6281,68,85,2024-05-02,98555.32,20,East,Cash,Yes,Dealer
6282,187,79,2023-04-17,93417.14,12,East,Cash,Yes,Dealer
6283,140,30,2024-04-15,60925.04,13,West,Financing,Yes,Online
6284,7,90,2024-12-18,63955.28,17,West,Financing,Yes,Online
6285,96,75,2024-08-24,83742.9,3,East,Financing,Yes,Dealer
6286,87,44,2022-11-30,53640.42,3,East,Financing,Yes,Dealer
6287,66,32,2024-03-17,117450.99,21,South,Cash,No,Online
6288,33,71,2024-12-30,92132.44,10,West,Cash,Yes,Online
6289,6,20,2023-04-01,57368.94,20,West,Cash,No,Dealer
6290,199,14,2023-09-11,104745.36,21,East,Cash,Yes,Dealer
6291,161,43,2023-07-30,63830.3,27,North,Cash,Yes,Dealer
6292,93,98,2024-10-28,130525.17,28,East,Cash,Yes,Online
6293,16,18,2025-08-19,107049.22,9,South,Cash,Yes,Online
6294,29,27,2024-02-16,77244.7,3,East,Financing,Yes,Online
6295,73,32,2024-10-05,100923.66,15,North,Financing,No,Online
6296,190,18,2025-04-06,86954.46,29,West,Cash,Yes,Dealer
6297,14,95,2024-10-30,99193.66,10,West,Financing,No,Online
6298,90,52,2024-11-18,69366.43,22,East,Cash,Yes,Online
6299,90,2,2023-02-11,67925.84,28,West,Financing,No,Dealer
6300,43,90,2024-09-07,120962.83,15,South,Cash,No,Online
6301,11,57,2024-07-21,133558.22,4,East,Financing,No,Online
6302,169,100,2022-11-13,61844.64,12,South,Cash,Yes,Online
6303,37,62,2024-04-29,98910.64,27,North,Financing,Yes,Online
6304,180,48,2024-08-06,114465.6,30,South,Cash,Yes,Online
6305,196,71,2025-08-20,117099.77,3,South,Cash,Yes,Dealer
6306,20,56,2023-12-22,156137.49,13,West,Financing,No,Dealer
6307,150,63,2023-10-28,58715.29,2,North,Financing,Yes,Online
6308,31,48,2024-12-04,88144.11,16,West,Cash,Yes,Online
6309,51,64,2024-09-10,123911.45,4,East,Financing,Yes,Online
6310,103,39,2024-11-12,103402.07,5,South,Financing,No,Dealer
6311,183,49,2023-07-18,147579.73,24,South,Financing,Yes,Dealer
6312,119,83,2024-08-25,144295.94,18,North,Cash,No,Dealer
6313,161,9,2023-11-24,67556.22,3,West,Financing,No,Dealer
6314,13,8,2023-02-17,60015.69,5,East,Financing,Yes,Dealer
6315,79,30,2025-07-28,95248.25,15,South,Financing,No,Dealer
6316,14,37,2023-12-23,98839.41,10,West,Financing,Yes,Online
6317,138,68,2023-12-02,138476.0,3,South,Financing,No,Online
6318,76,58,2024-08-18,124330.68,15,West,Financing,No,Dealer
6319,180,17,2024-11-18,119872.12,15,South,Cash,Yes,Dealer
6320,107,64,2023-04-26,92824.02,11,North,Cash,No,Dealer
6321,161,99,2024-01-26,65161.28,28,East,Financing,No,Online
6322,186,59,2024-06-26,117474.59,20,North,Financing,No,Online
6323,80,81,2022-12-31,89480.66,21,South,Cash,Yes,Online
6324,125,26,2024-10-29,159639.28,4,East,Cash,Yes,Dealer
6325,45,45,2025-07-07,134815.35,19,South,Financing,No,Dealer
6326,177,17,2023-03-05,129049.63,9,East,Financing,Yes,Dealer
6327,27,64,2023-12-07,51754.74,16,East,Financing,No,Online
6328,167,52,2024-10-20,94616.18,10,East,Cash,No,Dealer
6329,40,65,2024-12-13,106249.83,24,South,Cash,Yes,Online
6330,14,36,2024-10-11,91141.68,3,East,Financing,Yes,Dealer
6331,42,49,2024-05-12,139662.59,11,North,Cash,No,Dealer
6332,108,7,2023-11-28,149151.41,20,South,Financing,Yes,Dealer
6333,9,8,2024-07-20,134707.07,19,South,Cash,No,Dealer
6334,185,80,2022-12-22,125002.22,7,North,Financing,Yes,Dealer
6335,187,45,2023-08-25,99156.36,2,West,Cash,No,Dealer
6336,70,86,2025-01-14,126604.75,12,West,Financing,No,Online
6337,27,96,2023-07-16,55753.66,1,South,Cash,No,Dealer
6338,104,96,2024-05-09,94861.55,2,West,Cash,Yes,Online
6339,25,47,2023-01-08,154413.99,4,West,Financing,Yes,Dealer
6340,122,76,2023-10-11,52734.95,26,West,Cash,No,Dealer
6341,91,30,2024-09-11,156091.35,3,South,Financing,Yes,Online
6342,9,64,2025-08-03,130772.69,27,East,Cash,Yes,Online
6343,117,59,2023-01-03,117278.71,6,West,Financing,No,Online
6344,188,52,2023-03-11,79141.17,16,South,Financing,Yes,Online
6345,125,100,2025-05-01,164315.49,13,West,Financing,Yes,Online
6346,31,14,2023-06-11,91493.75,3,North,Financing,Yes,Online
6347,54,68,2023-08-02,117232.05,8,South,Cash,Yes,Dealer
6348,127,43,2024-11-22,115149.7,2,North,Financing,Yes,Online
6349,68,36,2023-08-10,99093.74,18,West,Financing,No,Online
6350,72,15,2025-09-12,81112.66,30,South,Financing,Yes,Dealer
6351,186,96,2024-07-23,109901.52,12,East,Cash,No,Online
6352,51,85,2024-06-08,128544.45,19,North,Cash,Yes,Dealer
6353,172,49,2023-07-13,157854.84,3,North,Financing,No,Dealer
6354,19,7,2024-10-21,66951.11,5,West,Financing,No,Dealer
6355,22,76,2023-12-31,78844.94,24,East,Cash,No,Dealer
6356,9,22,2025-05-26,143348.95,20,West,Cash,No,Online
6357,53,42,2024-12-04,66934.47,14,South,Cash,No,Online
6358,193,36,2023-03-21,61428.22,13,East,Financing,Yes,Dealer
6359,138,98,2025-09-21,148398.01,29,North,Cash,Yes,Dealer
6360,82,97,2025-01-31,148141.06,13,South,Cash,No,Dealer
6361,155,10,2023-07-15,121452.47,25,West,Financing,Yes,Online
6362,89,78,2024-01-22,61100.68,23,West,Cash,Yes,Dealer
6363,153,38,2023-05-31,82436.78,5,South,Cash,No,Online
6364,140,33,2023-04-09,64678.33,3,East,Financing,No,Online
6365,126,52,2025-02-21,87659.5,12,South,Cash,No,Dealer
6366,134,67,2025-08-31,80433.65,28,West,Financing,Yes,Dealer
6367,150,72,2023-11-19,56538.88,7,East,Cash,Yes,Online
6368,121,66,2023-05-19,91050.0,7,North,Financing,Yes,Dealer
6369,107,67,2023-07-09,86723.57,13,North,Cash,No,Dealer
6370,107,43,2023-02-03,82440.36,8,North,Cash,Yes,Dealer
6371,94,2,2024-07-25,55772.38,20,West,Cash,No,Dealer
6372,2,80,2025-01-27,143957.94,5,South,Cash,No,Online
6373,68,19,2024-05-20,91044.26,22,West,Financing,No,Online
6374,128,73,2023-05-04,85358.48,8,South,Financing,No,Dealer
6375,67,21,2025-01-30,86294.69,16,South,Cash,Yes,Dealer
6376,188,74,2023-07-22,79506.92,28,South,Cash,No,Online
6377,174,61,2024-07-10,67046.29,6,North,Financing,Yes,Dealer
6378,20,86,2025-08-31,140391.38,17,North,Cash,No,Online
6379,160,27,2023-09-26,149341.78,8,South,Financing,Yes,Dealer
6380,200,39,2023-01-16,103112.11,11,South,Financing,No,Dealer
6381,35,50,2024-06-20,140480.8,16,South,Financing,Yes,Online
6382,38,14,2022-11-24,107627.31,26,East,Cash,Yes,Dealer
6383,13,100,2023-04-18,57120.09,4,South,Cash,No,Dealer
6384,93,13,2024-03-28,136841.83,3,West,Financing,Yes,Dealer
6385,2,70,2023-07-19,135880.01,13,East,Financing,Yes,Online
6386,52,75,2023-12-03,142346.33,14,North,Financing,No,Dealer
6387,39,83,2023-05-27,98745.08,19,East,Financing,Yes,Online
6388,132,11,2024-11-21,114367.63,7,South,Cash,No,Online
6389,50,95,2022-12-23,128654.58,19,North,Financing,No,Dealer
6390,94,7,2025-08-07,57556.71,25,South,Financing,No,Online
6391,97,59,2024-06-03,87214.63,29,West,Financing,No,Online
6392,153,49,2024-12-31,78367.25,27,West,Financing,Yes,Online
6393,36,26,2025-07-23,139011.66,13,East,Financing,Yes,Dealer
6394,61,58,2025-10-03,122298.1,22,East,Cash,No,Online
6395,76,78,2024-09-29,134908.3,4,South,Financing,Yes,Online
6396,128,60,2024-09-21,87645.11,16,East,Cash,Yes,Online
6397,26,24,2023-04-24,86925.24,22,North,Financing,Yes,Online
6398,172,94,2024-09-11,159214.96,28,North,Cash,No,Dealer
6399,53,14,2024-06-24,62681.77,15,North,Cash,No,Online
6400,187,72,2022-11-13,93525.18,11,South,Cash,Yes,Dealer
6401,26,4,2025-02-19,87089.71,10,East,Cash,Yes,Dealer
6402,167,55,2024-08-31,85334.88,24,East,Cash,Yes,Dealer
6403,20,78,2025-06-29,161105.22,22,North,Financing,Yes,Online
6404,195,45,2022-12-19,127619.67,9,North,Financing,No,Online
6405,63,82,2023-07-29,126906.01,21,South,Financing,No,Online
6406,125,53,2023-09-23,155041.13,18,South,Cash,Yes,Dealer
6407,139,18,2023-03-05,135920.41,19,East,Financing,Yes,Online
6408,132,39,2023-10-13,107238.02,12,West,Cash,Yes,Dealer
6409,191,23,2022-12-21,135416.36,12,South,Cash,No,Dealer
6410,64,94,2025-07-06,81457.23,14,South,Cash,No,Online
6411,58,54,2025-04-16,55186.36,15,West,Cash,No,Online
6412,110,2,2025-07-09,145216.99,11,South,Financing,Yes,Dealer
6413,193,86,2024-03-08,61663.25,26,South,Financing,No,Online
6414,33,64,2024-06-10,93813.06,23,North,Financing,No,Online
6415,20,23,2025-02-17,149840.34,4,East,Cash,No,Dealer
6416,36,77,2024-10-25,142620.82,14,South,Cash,No,Online
6417,142,56,2024-11-09,87372.09,6,North,Cash,No,Dealer
6418,142,81,2025-09-28,83606.92,15,West,Financing,No,Dealer
6419,4,100,2023-10-06,101103.64,29,South,Financing,No,Online
6420,31,58,2025-04-17,85338.4,11,North,Financing,No,Online
6421,112,15,2023-01-12,65302.33,10,East,Cash,Yes,Dealer
6422,33,49,2024-10-13,94903.56,16,East,Financing,No,Online
6423,149,38,2022-12-06,74545.72,3,East,Cash,No,Dealer
6424,51,53,2025-02-11,131531.54,22,South,Financing,No,Online
6425,130,97,2022-11-23,68801.42,17,North,Cash,Yes,Dealer
6426,125,66,2025-04-07,162284.77,7,East,Cash,No,Dealer
6427,159,75,2023-04-05,140950.69,4,West,Financing,No,Online
6428,132,47,2024-12-25,114661.3,17,South,Cash,No,Dealer
6429,59,63,2024-01-06,115409.26,23,West,Financing,Yes,Dealer
6430,25,10,2022-12-27,156958.99,15,West,Financing,Yes,Dealer
6431,153,97,2025-05-05,77607.93,11,South,Financing,No,Online
6432,109,86,2024-02-04,141143.86,19,East,Cash,No,Dealer
6433,61,8,2024-07-13,133281.73,20,West,Cash,No,Dealer
6434,178,81,2023-05-15,79597.7,9,South,Financing,Yes,Online
6435,80,73,2025-02-11,86084.18,23,South,Cash,No,Dealer
6436,80,93,2023-03-29,97559.52,28,North,Financing,No,Dealer
6437,38,40,2024-10-07,104830.58,30,East,Financing,No,Online
6438,80,3,2025-06-03,89437.64,25,West,Financing,Yes,Online
6439,95,33,2025-06-04,115748.21,30,West,Cash,Yes,Dealer
6440,169,57,2023-05-14,63414.93,19,West,Financing,Yes,Online
6441,150,4,2025-04-30,60576.8,13,East,Cash,No,Online
6442,125,22,2023-03-01,160173.13,27,South,Financing,No,Online
6443,93,93,2023-05-24,128429.14,2,North,Financing,Yes,Online
6444,145,20,2025-05-03,115320.38,5,South,Financing,Yes,Online
6445,159,4,2023-11-03,127410.54,1,East,Cash,Yes,Online
6446,78,57,2023-11-23,69291.14,9,West,Cash,Yes,Dealer
6447,95,42,2025-07-15,111979.56,5,South,Cash,No,Dealer
6448,89,62,2023-03-03,66723.74,23,East,Financing,No,Dealer
6449,35,49,2024-05-01,139689.4,8,South,Financing,No,Dealer
6450,17,74,2024-07-20,104850.3,30,East,Cash,Yes,Online
6451,76,12,2024-02-14,119691.32,7,West,Cash,No,Dealer
6452,170,95,2024-01-12,79612.55,9,North,Cash,No,Online
6453,75,16,2023-05-09,97532.75,16,South,Cash,No,Online
6454,193,91,2023-01-26,55943.58,21,West,Cash,Yes,Online
6455,161,69,2023-03-12,60101.69,6,West,Cash,No,Online
6456,146,22,2023-01-10,79144.45,8,West,Financing,Yes,Online
6457,170,4,2023-03-20,79588.89,18,North,Cash,Yes,Online
6458,103,74,2025-05-09,107659.53,22,North,Cash,No,Dealer
6459,156,41,2023-12-21,137539.92,8,West,Financing,No,Online
6460,18,78,2024-03-16,143186.71,21,East,Financing,No,Online
6461,134,51,2022-11-25,77256.91,8,West,Cash,No,Online
6462,170,21,2023-05-27,76240.34,8,East,Cash,Yes,Online
6463,19,61,2022-11-14,61262.28,21,North,Financing,No,Online
6464,156,6,2023-02-19,134840.89,20,South,Financing,No,Online
6465,134,49,2022-11-16,73348.93,20,East,Cash,Yes,Online
6466,99,92,2023-04-01,70070.61,16,South,Cash,No,Dealer
6467,82,28,2025-09-10,138987.61,25,North,Cash,No,Dealer
6468,101,67,2024-05-10,130374.1,20,South,Cash,No,Dealer
6469,186,43,2024-09-25,107549.99,24,North,Cash,Yes,Dealer
6470,174,40,2023-01-29,66816.77,10,East,Financing,Yes,Online
6471,115,35,2024-02-07,66031.98,2,West,Cash,Yes,Online
6472,44,14,2023-10-03,156754.68,24,West,Financing,Yes,Online
6473,89,100,2023-05-03,66519.2,9,South,Cash,Yes,Online
6474,46,1,2024-04-23,79541.15,23,North,Cash,No,Online
6475,131,98,2024-06-06,50677.25,3,South,Financing,Yes,Dealer
6476,115,42,2024-07-14,71139.13,12,North,Cash,No,Online
6477,119,8,2023-09-10,134977.46,21,West,Cash,Yes,Online
6478,47,21,2025-08-24,138931.75,12,West,Financing,No,Online
6479,31,22,2023-04-20,84819.0,16,South,Cash,Yes,Online
6480,78,47,2024-02-29,69173.15,19,East,Cash,No,Dealer
6481,90,51,2025-01-13,64080.36,6,South,Financing,Yes,Dealer
6482,77,10,2025-02-14,57447.05,25,East,Cash,No,Dealer
6483,51,97,2022-11-19,132082.68,15,South,Financing,No,Dealer
6484,198,66,2024-12-19,52372.83,12,East,Financing,No,Dealer
6485,150,46,2024-02-05,60232.84,29,West,Financing,Yes,Dealer
6486,31,72,2025-08-03,92198.84,14,North,Financing,No,Dealer
6487,72,44,2023-06-08,71788.19,3,North,Financing,Yes,Dealer
6488,106,65,2023-02-13,116386.6,15,South,Financing,No,Dealer
6489,157,64,2024-04-28,82966.76,20,North,Financing,No,Dealer
6490,2,89,2024-02-24,140395.89,21,South,Financing,Yes,Dealer
6491,27,54,2024-08-09,55461.7,5,East,Cash,Yes,Online
6492,164,79,2025-01-01,141310.93,6,South,Cash,Yes,Online
6493,144,2,2023-02-21,122837.35,6,East,Financing,No,Online
6494,127,49,2023-01-25,116098.76,8,North,Financing,No,Dealer
6495,152,61,2024-07-16,103305.65,21,North,Cash,No,Dealer
6496,95,97,2023-01-03,117424.7,26,South,Financing,Yes,Online
6497,85,65,2025-07-21,66692.1,28,North,Financing,No,Online
6498,90,98,2023-04-09,69928.29,21,East,Cash,Yes,Dealer
6499,167,87,2024-06-10,83734.12,11,North,Cash,Yes,Online
6500,128,86,2024-08-01,87523.03,10,West,Cash,Yes,Online
6501,21,37,2024-10-01,115453.29,29,South,Cash,No,Online
6502,145,70,2024-04-23,127335.35,20,North,Financing,Yes,Dealer
6503,173,97,2023-11-22,53585.36,11,West,Cash,No,Dealer
6504,16,4,2024-04-30,104888.19,28,West,Financing,Yes,Dealer
6505,173,38,2024-10-15,53548.8,12,East,Cash,Yes,Online
6506,184,39,2022-11-04,117995.86,6,East,Cash,Yes,Dealer
6507,83,35,2023-02-22,79884.32,19,West,Financing,Yes,Dealer
6508,85,5,2025-08-07,63950.72,23,North,Financing,Yes,Online
6509,147,27,2023-12-06,103678.67,15,West,Financing,Yes,Dealer
6510,149,49,2025-03-10,81837.01,22,West,Cash,No,Dealer
6511,29,28,2022-12-15,78218.09,25,North,Cash,No,Online
6512,98,77,2025-05-12,121774.5,11,East,Financing,Yes,Dealer
6513,119,95,2023-01-22,148443.21,2,South,Cash,No,Online
6514,96,50,2023-04-20,80929.73,19,East,Cash,No,Online
6515,135,83,2024-02-18,141325.72,6,North,Cash,Yes,Online
6516,183,29,2024-11-24,152563.68,12,South,Cash,No,Dealer
6517,151,91,2024-01-16,96407.05,25,North,Financing,No,Online
6518,181,34,2023-11-03,92002.8,20,South,Financing,No,Online
6519,53,62,2023-01-02,64944.58,12,East,Cash,Yes,Dealer
6520,181,68,2024-05-10,100503.92,16,North,Cash,Yes,Online
6521,185,30,2023-12-22,125127.75,8,East,Cash,Yes,Online
6522,25,35,2023-10-10,142770.07,8,North,Financing,Yes,Dealer
6523,195,98,2025-06-12,121940.65,4,West,Financing,Yes,Online
6524,191,66,2025-05-02,132029.11,16,North,Cash,Yes,Online
6525,45,95,2024-12-22,148384.98,2,South,Cash,Yes,Dealer
6526,73,67,2023-10-15,101164.05,10,South,Financing,Yes,Dealer
6527,132,100,2023-04-16,112248.44,29,North,Financing,No,Dealer
6528,122,15,2024-02-08,57432.16,26,East,Cash,No,Online
6529,4,91,2025-07-04,112836.76,26,South,Financing,Yes,Online
6530,71,98,2023-04-11,97909.57,4,North,Cash,Yes,Online
6531,127,64,2025-07-04,115254.52,22,East,Cash,Yes,Online
6532,88,95,2023-11-26,55157.59,22,South,Financing,Yes,Dealer
6533,58,29,2023-07-30,56988.31,8,North,Cash,No,Online
6534,195,21,2025-05-25,120757.48,2,East,Cash,No,Dealer
6535,142,48,2022-12-01,84745.56,10,North,Cash,No,Dealer
6536,3,82,2024-08-09,74186.26,2,North,Cash,Yes,Online
6537,69,2,2023-10-28,84332.7,15,West,Financing,No,Dealer
6538,171,28,2025-04-01,69651.68,13,South,Cash,Yes,Dealer
6539,12,82,2025-01-19,69447.3,28,South,Financing,No,Dealer
6540,139,89,2025-03-22,133565.79,29,East,Cash,Yes,Online
6541,135,37,2022-11-20,150494.81,17,East,Financing,No,Dealer
6542,189,77,2024-08-03,51105.56,15,East,Financing,Yes,Online
6543,74,63,2024-05-17,110128.25,9,East,Cash,Yes,Dealer
6544,93,53,2024-12-21,134205.03,8,North,Financing,No,Dealer
6545,26,37,2025-04-23,86362.89,10,West,Financing,No,Dealer
6546,133,9,2024-05-05,99224.67,26,East,Cash,No,Online
6547,181,66,2023-07-07,95482.94,25,West,Financing,No,Dealer
6548,5,72,2024-06-26,90822.22,20,North,Financing,Yes,Online
6549,122,72,2023-05-16,52544.02,10,South,Cash,Yes,Dealer
6550,180,78,2025-03-04,120741.84,20,East,Financing,Yes,Online
6551,125,63,2022-11-04,162316.61,16,South,Financing,Yes,Dealer
6552,65,20,2025-05-27,89212.01,6,South,Financing,Yes,Online
6553,135,87,2023-03-05,136726.85,7,North,Cash,No,Dealer
6554,36,24,2023-07-23,153735.58,8,West,Cash,Yes,Dealer
6555,77,9,2024-09-15,59044.93,20,South,Financing,Yes,Online
6556,110,31,2025-02-12,144382.45,6,West,Financing,Yes,Online
6557,96,21,2024-06-19,84619.34,4,East,Cash,No,Dealer
6558,92,88,2025-05-15,122860.8,30,South,Financing,Yes,Online
6559,23,68,2024-10-17,136722.27,20,East,Cash,Yes,Dealer
6560,196,65,2025-10-06,115421.27,19,North,Cash,Yes,Dealer
6561,47,72,2022-11-04,147423.76,4,South,Financing,Yes,Online
6562,106,33,2025-05-08,120018.04,7,East,Financing,Yes,Dealer
6563,51,25,2024-12-06,128414.74,10,West,Cash,No,Online
6564,161,2,2024-05-01,59713.16,9,South,Cash,No,Online
6565,71,100,2023-08-10,102630.16,7,North,Cash,Yes,Dealer
6566,58,15,2024-05-10,51261.89,13,South,Financing,Yes,Online
6567,169,67,2023-11-20,63276.65,21,West,Cash,No,Dealer
6568,123,65,2023-01-11,157279.91,8,North,Financing,Yes,Online
6569,22,22,2023-09-13,84423.57,12,West,Cash,Yes,Online
6570,78,15,2024-04-07,70118.33,19,South,Financing,Yes,Dealer
6571,75,84,2024-01-02,93044.12,20,North,Financing,No,Online
6572,92,19,2023-04-26,129289.05,27,South,Cash,Yes,Dealer
6573,127,65,2023-12-17,116668.26,19,West,Financing,No,Online
6574,28,69,2024-10-20,108347.92,2,East,Financing,Yes,Online
6575,120,57,2023-09-30,126976.68,13,South,Cash,Yes,Dealer
6576,36,44,2025-02-08,143147.7,27,North,Cash,Yes,Online
6577,56,50,2025-02-04,131740.65,28,East,Financing,No,Online
6578,150,100,2023-08-12,63002.86,30,South,Financing,No,Online
6579,191,89,2022-12-09,122908.37,18,East,Cash,No,Online
6580,13,23,2025-02-07,55265.98,4,North,Cash,Yes,Dealer
6581,50,61,2025-08-01,132872.4,5,North,Cash,Yes,Online
6582,191,27,2023-08-25,131296.12,25,North,Cash,No,Online
6583,60,57,2024-06-25,108538.68,1,West,Financing,No,Online
6584,174,45,2025-02-19,67662.69,6,South,Cash,No,Dealer
6585,101,44,2023-03-26,133782.68,27,East,Financing,No,Online
6586,20,56,2024-12-27,141865.93,20,East,Financing,Yes,Online
6587,99,44,2022-11-08,71443.42,8,East,Cash,Yes,Dealer
6588,41,33,2024-11-12,54709.34,14,West,Cash,Yes,Dealer
6589,179,62,2023-04-16,100755.58,13,East,Financing,Yes,Dealer
6590,92,97,2025-09-20,129890.49,11,South,Financing,Yes,Online
6591,93,77,2025-08-12,131439.51,26,South,Financing,No,Dealer
6592,137,7,2023-02-18,102899.67,13,West,Cash,No,Online
6593,178,83,2024-11-16,81677.43,7,West,Cash,Yes,Online
6594,110,6,2025-04-14,146871.67,4,East,Cash,No,Online
6595,24,13,2022-10-24,66692.66,25,East,Financing,Yes,Dealer
6596,2,12,2024-03-04,132735.57,12,East,Cash,No,Online
6597,181,68,2024-12-22,100044.01,14,North,Cash,No,Dealer
6598,91,65,2025-05-28,156049.74,21,South,Financing,No,Dealer
6599,68,82,2025-03-06,95803.18,18,West,Financing,No,Online
6600,90,94,2023-03-15,72675.24,10,North,Financing,Yes,Dealer
6601,136,22,2025-05-19,79976.01,26,West,Financing,No,Dealer
6602,16,89,2023-01-11,108122.36,29,West,Financing,Yes,Dealer
6603,60,8,2023-11-29,110948.2,25,East,Cash,No,Dealer
6604,134,87,2022-12-17,80971.39,25,East,Financing,Yes,Online
6605,155,29,2024-01-23,136335.67,22,South,Financing,No,Dealer
6606,19,83,2022-12-18,63991.39,23,South,Financing,No,Online
6607,56,57,2022-10-29,125773.15,29,North,Cash,No,Dealer
6608,49,41,2024-05-25,144794.28,3,West,Financing,No,Online
6609,94,27,2025-03-11,55596.73,27,South,Financing,Yes,Online
6610,176,81,2024-09-26,52150.28,1,East,Financing,No,Online
6611,160,62,2023-11-07,156356.87,6,East,Cash,Yes,Online
6612,110,64,2023-06-20,150885.86,11,North,Financing,Yes,Online
6613,182,94,2024-09-21,63434.66,25,East,Cash,Yes,Online
6614,117,10,2023-11-13,117705.09,27,North,Cash,No,Online
6615,159,59,2023-11-10,134251.7,4,West,Financing,Yes,Dealer
6616,122,90,2023-03-27,55139.76,8,North,Financing,Yes,Dealer
6617,89,79,2023-11-07,64096.9,6,West,Cash,Yes,Online
6618,5,52,2025-07-01,96080.02,21,West,Financing,No,Online
6619,1,77,2023-06-24,126550.3,23,North,Cash,Yes,Dealer
6620,162,87,2023-07-10,125399.05,23,West,Cash,Yes,Dealer
6621,25,1,2023-11-15,159111.99,17,South,Financing,Yes,Online
6622,128,8,2024-05-28,78466.41,27,North,Cash,Yes,Online
6623,186,15,2025-01-21,116130.16,6,South,Cash,No,Online
6624,191,5,2025-05-19,135067.76,4,North,Cash,No,Online
6625,69,93,2022-11-16,75775.32,19,West,Financing,No,Dealer
6626,17,6,2024-12-27,120288.12,27,East,Financing,Yes,Online
6627,199,55,2024-06-16,107567.39,8,South,Cash,No,Online
6628,146,49,2023-10-05,87874.34,9,East,Financing,Yes,Dealer
6629,115,19,2022-10-18,63040.49,4,West,Cash,Yes,Dealer
6630,65,39,2025-05-21,96753.24,26,West,Financing,No,Online
6631,41,91,2023-05-20,58752.64,9,South,Cash,Yes,Dealer
6632,68,82,2023-09-13,90181.68,17,West,Financing,No,Online
6633,44,38,2023-04-13,163861.25,5,South,Financing,Yes,Online
6634,96,23,2023-09-12,74490.48,8,West,Financing,No,Dealer
6635,128,16,2025-06-12,86686.16,28,South,Cash,Yes,Online
6636,5,52,2024-09-21,97200.27,3,South,Cash,Yes,Online
6637,200,68,2025-01-19,97649.42,14,West,Financing,No,Online
6638,46,66,2023-04-25,82127.95,24,North,Financing,Yes,Online
6639,12,39,2025-05-31,73030.85,20,North,Financing,No,Dealer
6640,115,97,2023-03-23,66727.37,27,West,Cash,Yes,Dealer
6641,167,40,2024-05-03,90664.96,28,North,Cash,No,Dealer
6642,32,54,2022-11-10,64225.85,10,East,Financing,No,Dealer
6643,188,39,2025-04-19,73418.7,30,West,Financing,Yes,Online
6644,177,82,2024-08-18,130241.88,15,South,Financing,Yes,Dealer
6645,129,96,2023-04-10,54410.92,19,South,Financing,Yes,Online
6646,199,23,2024-01-05,102053.36,26,West,Financing,No,Dealer
6647,194,94,2024-05-11,80664.37,18,South,Financing,No,Dealer
6648,110,89,2023-02-18,146757.02,10,East,Cash,Yes,Online
6649,185,4,2023-10-23,122439.56,5,East,Cash,No,Dealer
6650,84,97,2023-11-15,152493.2,28,East,Financing,Yes,Online
6651,56,18,2024-11-12,129682.9,8,East,Cash,Yes,Dealer
6652,100,54,2023-05-08,54655.48,17,South,Financing,No,Dealer
6653,172,48,2024-09-30,154809.76,10,South,Cash,Yes,Online
6654,29,26,2025-03-23,83407.72,8,West,Financing,Yes,Online
6655,94,87,2024-03-27,58162.92,15,North,Cash,No,Online
6656,30,11,2022-10-07,103327.25,12,North,Financing,Yes,Online
6657,18,46,2025-05-24,141716.11,8,South,Cash,Yes,Dealer
6658,140,60,2023-08-22,66279.61,29,West,Financing,Yes,Online
6659,97,26,2025-02-08,85521.44,29,East,Cash,No,Dealer
6660,191,78,2024-10-22,132515.03,25,South,Cash,No,Online
6661,10,84,2024-07-26,88392.17,20,North,Cash,Yes,Dealer
6662,76,29,2025-06-16,119585.22,1,West,Financing,Yes,Online
6663,193,2,2022-12-11,58861.92,22,West,Financing,Yes,Dealer
6664,165,53,2024-05-07,86936.62,21,North,Cash,No,Online
6665,43,51,2023-08-19,116473.28,26,South,Cash,Yes,Dealer
6666,64,11,2024-07-23,78071.66,24,East,Cash,No,Online
6667,71,14,2024-06-01,102953.69,9,South,Financing,No,Online
6668,152,29,2023-11-21,114601.14,1,East,Financing,Yes,Dealer
6669,51,65,2025-05-30,121673.73,24,North,Financing,No,Dealer
6670,182,93,2023-10-28,62696.99,5,East,Financing,Yes,Dealer
6671,137,37,2025-06-10,106058.41,22,South,Financing,No,Dealer
6672,35,66,2023-05-07,145867.19,19,South,Financing,No,Dealer
6673,145,72,2024-03-27,124178.93,19,South,Financing,No,Dealer
6674,178,38,2023-05-12,87079.12,1,East,Cash,Yes,Online
6675,3,15,2023-06-22,76594.33,10,West,Cash,Yes,Dealer
6676,115,68,2024-11-28,70307.18,11,East,Cash,Yes,Dealer
6677,113,91,2023-09-20,98089.19,20,West,Cash,No,Online
6678,56,31,2024-08-09,130322.55,19,South,Cash,Yes,Online
6679,168,45,2024-05-30,104727.24,24,South,Financing,Yes,Dealer
6680,103,89,2023-11-14,107260.89,7,West,Cash,Yes,Online
6681,92,21,2024-11-10,119576.09,10,West,Cash,Yes,Online
6682,25,95,2024-10-23,141683.83,27,West,Financing,Yes,Dealer
6683,61,86,2023-03-01,129250.78,7,South,Financing,Yes,Dealer
6684,145,81,2025-06-12,116614.85,6,North,Financing,No,Dealer
6685,80,29,2025-03-31,91110.96,18,West,Cash,No,Online
6686,60,42,2025-10-02,116984.84,22,South,Financing,Yes,Online
6687,90,36,2024-03-02,72421.09,18,South,Financing,No,Online
6688,185,62,2023-08-15,121872.89,7,East,Cash,Yes,Online
6689,111,11,2024-05-13,104808.28,25,South,Financing,No,Dealer
6690,40,86,2024-04-15,111783.09,23,East,Cash,No,Online
6691,102,85,2023-12-02,84866.27,15,North,Financing,No,Online
6692,99,49,2023-10-19,73983.39,20,South,Financing,No,Dealer
6693,145,36,2025-02-16,115791.2,10,East,Cash,Yes,Online
6694,197,11,2024-12-07,50665.97,3,East,Financing,Yes,Online
6695,100,96,2023-12-09,49422.28,27,North,Financing,Yes,Online
6696,193,53,2024-01-19,57060.64,8,East,Cash,No,Online
6697,38,77,2025-02-03,103962.3,22,East,Financing,Yes,Online
6698,178,8,2023-11-14,83529.21,27,South,Financing,Yes,Dealer
6699,131,38,2025-03-04,52791.58,22,East,Financing,Yes,Online
6700,2,60,2024-09-05,138360.05,21,East,Financing,No,Dealer
6701,75,16,2024-08-27,100393.48,21,West,Financing,Yes,Online
6702,25,52,2023-09-08,143521.62,8,South,Financing,Yes,Online
6703,181,56,2025-05-31,88911.3,7,West,Financing,No,Dealer
6704,104,8,2024-08-01,104906.64,15,South,Financing,Yes,Dealer
6705,185,49,2023-06-30,118640.93,14,West,Financing,Yes,Dealer
6706,183,19,2025-05-04,136931.25,14,North,Financing,No,Dealer
6707,89,95,2022-10-31,60767.97,7,East,Financing,No,Online
6708,167,91,2025-07-09,83537.51,9,East,Cash,No,Online
6709,146,56,2023-10-05,81821.67,17,South,Financing,No,Online
6710,2,1,2024-04-13,133661.53,29,South,Cash,No,Online
6711,100,81,2024-01-05,52528.95,7,North,Cash,Yes,Dealer
6712,21,73,2024-06-22,113768.48,4,South,Cash,No,Online
6713,25,53,2023-06-21,139174.39,11,North,Financing,No,Dealer
6714,108,96,2022-10-11,142325.77,1,North,Financing,No,Dealer
6715,192,17,2023-07-17,96482.69,5,East,Cash,No,Online
6716,176,67,2024-01-28,53452.27,20,North,Financing,No,Dealer
6717,192,11,2023-06-28,104158.92,16,South,Cash,Yes,Online
6718,158,99,2023-08-06,102096.27,26,East,Cash,Yes,Online
6719,84,18,2023-10-18,154158.81,23,West,Financing,Yes,Dealer
6720,88,79,2025-04-23,59043.07,8,West,Financing,Yes,Online
6721,133,17,2023-03-21,101394.43,11,West,Financing,Yes,Dealer
6722,55,77,2024-09-14,138966.56,4,West,Cash,No,Dealer
6723,137,89,2025-03-19,105105.52,7,North,Cash,No,Online
6724,60,43,2022-12-24,105700.52,1,East,Financing,Yes,Dealer
6725,80,76,2023-09-12,95781.84,14,West,Financing,No,Dealer
6726,166,96,2024-01-15,140506.47,10,East,Financing,No,Online
6727,30,66,2023-09-21,105372.15,28,West,Cash,Yes,Online
6728,195,17,2022-12-23,125430.07,29,East,Financing,No,Dealer
6729,11,100,2023-10-29,117837.94,12,North,Financing,Yes,Online
6730,80,98,2025-09-13,89560.24,22,North,Financing,No,Dealer
6731,159,73,2025-08-21,132291.5,30,South,Financing,No,Dealer
6732,123,63,2024-06-04,143891.65,3,North,Cash,No,Online
6733,165,67,2023-12-29,93699.96,27,South,Financing,Yes,Online
6734,109,48,2024-12-17,139853.89,25,South,Financing,No,Dealer
6735,94,54,2023-06-04,55390.78,25,North,Financing,No,Online
6736,61,78,2023-02-26,126340.14,8,West,Financing,No,Dealer
6737,66,40,2024-01-26,113522.15,28,East,Cash,No,Online
6738,192,99,2025-05-09,92198.07,25,South,Cash,Yes,Online
6739,172,36,2024-04-23,155199.74,2,South,Financing,Yes,Dealer
6740,189,88,2023-10-04,57252.54,4,West,Cash,Yes,Online
6741,55,11,2023-04-20,129857.89,22,West,Financing,No,Dealer
6742,180,47,2025-01-18,118986.15,4,East,Financing,No,Dealer
6743,135,71,2025-03-07,151478.52,17,East,Financing,No,Dealer
6744,180,75,2024-08-03,106429.98,16,East,Cash,No,Dealer
6745,107,9,2023-10-04,92986.29,21,North,Financing,Yes,Online
6746,164,92,2025-09-05,154815.79,19,North,Cash,Yes,Online
6747,196,64,2023-06-15,112320.84,22,West,Financing,No,Dealer
6748,38,3,2022-12-18,106228.73,1,West,Financing,Yes,Online
6749,13,41,2025-02-26,54975.3,30,North,Cash,No,Online
6750,11,94,2025-02-08,135161.42,15,East,Cash,Yes,Online
6751,87,23,2022-10-29,53726.45,27,East,Financing,No,Online
6752,64,92,2025-01-30,86516.77,21,West,Cash,Yes,Dealer
6753,162,88,2023-09-15,114509.92,19,West,Cash,No,Dealer
6754,53,67,2024-12-09,64715.47,14,West,Cash,Yes,Dealer
6755,106,63,2024-12-25,119133.86,13,South,Financing,No,Dealer
6756,104,97,2022-12-02,104811.91,3,South,Cash,No,Online
6757,171,66,2023-01-24,70068.4,21,East,Financing,Yes,Online
6758,46,7,2025-06-01,82496.39,2,East,Cash,No,Online
6759,200,4,2022-12-30,93701.34,28,North,Financing,Yes,Online
6760,104,92,2025-08-30,93228.47,9,South,Financing,Yes,Online
6761,20,27,2022-11-07,157872.88,10,South,Financing,Yes,Dealer
6762,161,57,2023-07-27,66741.55,4,West,Financing,Yes,Online
6763,195,62,2023-08-06,135829.5,26,East,Cash,Yes,Online
6764,9,14,2023-11-13,132599.19,16,East,Cash,Yes,Dealer
6765,23,62,2023-12-07,137878.51,25,North,Financing,No,Online
6766,21,29,2024-10-04,109907.69,5,North,Financing,No,Online
6767,160,54,2023-10-22,154887.95,23,East,Cash,No,Dealer
6768,44,62,2024-08-31,148330.89,3,West,Cash,No,Dealer
6769,177,69,2024-03-28,141922.26,29,West,Cash,Yes,Dealer
6770,131,48,2023-08-07,56198.52,23,West,Cash,No,Online
6771,46,9,2023-09-04,83350.21,19,South,Cash,No,Dealer
6772,185,96,2022-11-13,111169.54,16,West,Cash,Yes,Online
6773,44,83,2023-07-15,155087.32,15,West,Cash,No,Dealer
6774,87,24,2023-01-27,53281.76,15,East,Cash,Yes,Online
6775,57,78,2023-01-21,139194.24,18,North,Financing,No,Dealer
6776,88,73,2023-08-27,57303.45,10,North,Financing,No,Dealer
6777,179,35,2024-06-24,110763.86,20,South,Cash,Yes,Online
6778,43,49,2025-04-20,123581.97,18,West,Financing,Yes,Online
6779,121,47,2024-03-21,98871.26,12,West,Financing,No,Dealer
6780,124,91,2022-11-15,136990.77,23,East,Cash,Yes,Online
6781,67,96,2023-05-16,79839.28,14,North,Cash,Yes,Online
6782,39,23,2023-02-12,107131.2,12,East,Cash,No,Online
6783,36,21,2023-12-11,141504.42,14,South,Financing,Yes,Dealer
6784,81,48,2024-10-02,83617.16,24,West,Cash,Yes,Dealer
6785,198,73,2023-03-22,53257.03,5,West,Financing,Yes,Online
6786,169,33,2023-09-29,60099.76,16,North,Cash,Yes,Online
6787,124,9,2024-09-15,120922.92,2,East,Financing,No,Dealer
6788,29,81,2023-11-26,81606.72,15,South,Financing,No,Online
6789,169,97,2023-11-11,63210.7,26,South,Cash,Yes,Online
6790,186,26,2024-06-09,111902.48,17,West,Cash,No,Online
6791,89,66,2023-12-15,68504.74,4,South,Financing,Yes,Dealer
6792,90,24,2023-11-24,64862.86,24,East,Cash,No,Online
6793,123,70,2023-01-16,143987.52,16,East,Cash,Yes,Online
6794,97,67,2023-05-21,89510.93,9,West,Cash,Yes,Online
6795,75,23,2023-10-04,100672.34,20,East,Cash,No,Dealer
6796,40,93,2025-05-10,110735.3,5,West,Cash,Yes,Online
6797,116,52,2024-11-18,121141.75,15,West,Financing,No,Online
6798,180,78,2024-06-17,106263.06,16,North,Cash,No,Dealer
6799,68,56,2023-12-08,102884.76,17,South,Cash,Yes,Dealer
6800,56,89,2024-06-08,129194.03,16,West,Cash,No,Online
6801,100,16,2022-11-05,53891.23,2,South,Cash,No,Dealer
6802,128,25,2024-07-30,82535.47,13,East,Cash,No,Dealer
6803,21,28,2024-12-21,115005.54,5,North,Financing,Yes,Dealer
6804,121,24,2022-12-16,92061.82,9,South,Financing,No,Online
6805,102,85,2022-10-13,81687.89,23,North,Cash,No,Online
6806,142,87,2023-01-26,83425.04,23,South,Financing,Yes,Online
6807,149,80,2024-04-06,78286.99,26,West,Financing,Yes,Dealer
6808,166,41,2024-10-20,131955.46,23,East,Cash,No,Online
6809,80,65,2025-08-18,90733.3,25,South,Financing,No,Dealer
6810,70,29,2025-04-08,129750.12,27,East,Cash,No,Dealer
6811,159,73,2023-06-04,125864.9,13,North,Financing,No,Dealer
6812,117,19,2022-10-20,117183.68,5,West,Financing,No,Online
6813,194,42,2024-06-11,76152.02,30,North,Cash,Yes,Dealer
6814,3,18,2024-04-15,78121.79,15,North,Financing,No,Dealer
6815,196,89,2024-02-13,115223.9,14,South,Cash,No,Online
6816,65,46,2022-12-11,97515.73,8,West,Cash,Yes,Dealer
6817,133,10,2023-09-30,106252.21,5,North,Financing,No,Online
6818,14,4,2024-11-11,99891.25,13,North,Financing,No,Dealer
6819,146,29,2025-09-19,85554.7,28,South,Cash,No,Dealer
6820,82,46,2024-07-31,139894.04,14,South,Cash,Yes,Online
6821,78,96,2025-03-11,70083.34,18,East,Financing,Yes,Online
6822,160,100,2024-04-17,153349.97,19,North,Financing,No,Online
6823,54,7,2022-10-22,120514.44,8,East,Financing,No,Online
6824,124,2,2025-03-01,133978.13,12,West,Financing,Yes,Online
6825,111,27,2024-06-29,116912.54,14,North,Cash,No,Dealer
6826,11,91,2023-10-09,126031.41,26,North,Cash,No,Online
6827,7,88,2023-06-11,64774.86,13,South,Cash,Yes,Dealer
6828,81,17,2024-10-11,81148.7,18,West,Cash,Yes,Online
6829,200,83,2025-07-27,99130.56,6,North,Financing,Yes,Online
6830,129,46,2024-02-07,55313.05,2,North,Cash,Yes,Online
6831,39,84,2024-09-02,93576.96,14,East,Financing,No,Dealer
6832,157,71,2025-02-11,85333.07,3,East,Financing,Yes,Online
6833,140,55,2025-04-14,68793.69,12,West,Cash,Yes,Dealer
6834,165,7,2023-01-05,97123.17,22,East,Financing,No,Dealer
6835,10,44,2024-05-27,86132.98,13,South,Cash,Yes,Dealer
6836,101,1,2023-11-13,131768.7,19,East,Financing,No,Online
6837,93,2,2023-03-01,125035.16,28,South,Financing,Yes,Dealer
6838,102,81,2024-02-06,85695.1,12,West,Cash,No,Online
6839,90,80,2024-01-18,71798.28,1,East,Financing,No,Dealer
6840,85,63,2025-03-10,68890.55,18,South,Financing,Yes,Online
6841,155,40,2023-08-31,124300.0,16,West,Cash,Yes,Online
6842,84,20,2024-05-11,148302.39,3,West,Cash,Yes,Online
6843,36,59,2023-01-05,152302.18,14,East,Financing,Yes,Dealer
6844,48,33,2023-06-07,80930.3,22,South,Cash,Yes,Online
6845,162,75,2024-01-16,113913.97,2,West,Cash,Yes,Dealer
6846,116,25,2023-02-17,129614.18,21,North,Cash,Yes,Online
6847,157,69,2024-12-10,79750.35,8,East,Financing,Yes,Online
6848,126,69,2024-05-05,88767.23,30,North,Cash,No,Dealer
6849,56,26,2024-03-05,140942.02,24,West,Financing,Yes,Dealer
6850,107,41,2023-08-28,94237.33,13,West,Financing,Yes,Dealer
6851,142,6,2023-12-22,80287.46,2,East,Financing,Yes,Online
6852,84,61,2024-08-19,141518.77,27,North,Cash,No,Dealer
6853,57,88,2025-02-24,149190.05,18,East,Financing,Yes,Online
6854,124,59,2023-11-12,138309.75,20,East,Cash,No,Online
6855,89,86,2023-02-04,67408.77,25,North,Financing,No,Dealer
6856,105,12,2024-06-19,64402.3,29,East,Financing,Yes,Dealer
6857,24,5,2025-02-11,67875.81,1,West,Financing,No,Online
6858,102,51,2024-04-30,81841.96,14,East,Financing,No,Dealer
6859,61,100,2025-06-28,134440.59,28,West,Cash,No,Dealer
6860,109,56,2023-03-04,142855.31,12,East,Cash,Yes,Online
6861,71,37,2023-12-11,101855.42,30,South,Cash,Yes,Dealer
6862,47,24,2023-07-05,145958.75,13,East,Financing,Yes,Dealer
6863,25,40,2024-06-23,158586.75,13,South,Financing,Yes,Dealer
6864,138,8,2025-07-26,137796.64,22,South,Cash,Yes,Dealer
6865,22,81,2024-12-24,79249.6,7,South,Financing,No,Online
6866,28,57,2023-08-24,107536.56,29,West,Financing,No,Online
6867,77,40,2024-03-17,63332.87,15,South,Financing,Yes,Online
6868,59,99,2025-09-03,123660.46,20,North,Financing,No,Online
6869,157,90,2024-09-01,83589.35,28,South,Cash,No,Dealer
6870,171,67,2025-07-22,76756.39,30,South,Cash,Yes,Dealer
6871,179,88,2023-04-18,107387.0,22,North,Financing,No,Dealer
6872,71,4,2022-11-07,97236.87,28,West,Cash,No,Online
6873,191,63,2024-05-07,125474.26,12,West,Financing,Yes,Dealer
6874,32,65,2025-09-09,59030.18,29,East,Financing,Yes,Dealer
6875,32,12,2024-05-07,57187.03,17,East,Financing,No,Dealer
6876,20,75,2023-07-20,160784.02,29,South,Financing,Yes,Dealer
6877,34,66,2023-12-09,128910.04,14,East,Cash,Yes,Dealer
6878,198,12,2023-12-26,51672.32,22,West,Financing,Yes,Dealer
6879,79,42,2024-07-23,100626.28,7,West,Financing,Yes,Online
6880,25,47,2023-11-12,152579.78,13,East,Financing,Yes,Dealer
6881,176,39,2025-04-06,54478.07,3,West,Cash,Yes,Dealer
6882,109,67,2023-01-30,130556.74,9,North,Cash,No,Online
6883,162,63,2025-08-24,112821.89,17,North,Financing,Yes,Dealer
6884,124,83,2023-12-16,132443.05,4,East,Financing,Yes,Dealer
6885,150,46,2024-09-29,56925.15,4,East,Financing,Yes,Dealer
6886,55,50,2025-05-15,130380.21,18,West,Cash,No,Dealer
6887,186,10,2023-09-10,118881.87,28,North,Financing,Yes,Online
6888,98,70,2025-09-13,114299.7,10,West,Cash,Yes,Online
6889,153,78,2023-11-13,78869.31,2,North,Financing,No,Dealer
6890,65,44,2023-06-29,88923.92,1,North,Financing,Yes,Dealer
6891,92,92,2023-10-14,115329.65,24,North,Cash,No,Online
6892,55,7,2025-08-01,133267.74,1,West,Cash,Yes,Dealer
6893,47,22,2024-06-26,153580.63,7,South,Financing,No,Online
6894,68,27,2022-10-17,102421.11,5,West,Cash,No,Online
6895,67,60,2025-04-30,80668.5,8,East,Cash,Yes,Dealer
6896,194,85,2025-05-22,77589.21,30,South,Cash,No,Online
6897,145,60,2024-02-09,117797.72,29,East,Financing,Yes,Online
6898,174,85,2023-11-05,67151.09,12,West,Financing,Yes,Dealer
6899,16,82,2022-10-11,106663.39,13,North,Financing,Yes,Dealer
6900,66,2,2023-09-11,117394.88,23,East,Cash,Yes,Dealer
6901,75,12,2025-07-16,88997.63,26,North,Cash,No,Dealer
6902,108,40,2022-12-24,141150.07,23,South,Financing,No,Online
6903,110,6,2023-09-05,148295.3,2,South,Cash,Yes,Dealer
6904,53,47,2025-08-29,63960.22,28,South,Financing,No,Dealer
6905,144,73,2024-05-15,115282.52,6,North,Financing,No,Dealer
6906,83,23,2025-06-28,82828.45,20,West,Financing,No,Dealer
6907,94,41,2023-09-25,55436.81,4,East,Financing,Yes,Online
6908,110,63,2023-10-28,148530.14,14,West,Cash,Yes,Online
6909,189,1,2024-09-23,51317.52,3,North,Cash,Yes,Dealer
6910,92,27,2025-06-19,126985.52,21,East,Cash,Yes,Dealer
6911,74,95,2025-04-27,101274.92,17,East,Financing,No,Dealer
6912,74,73,2025-06-10,106099.0,17,South,Financing,Yes,Online
6913,93,20,2025-01-11,140010.57,12,South,Cash,Yes,Dealer
6914,177,32,2023-12-22,143262.41,30,South,Cash,No,Online
6915,126,26,2023-03-28,91476.35,22,West,Financing,Yes,Dealer
6916,137,93,2024-01-02,108640.52,19,South,Financing,No,Online
6917,92,61,2024-06-26,118839.22,25,North,Cash,Yes,Online
6918,10,28,2024-02-19,81510.66,27,South,Cash,Yes,Online
6919,150,44,2024-08-09,55434.57,12,North,Financing,Yes,Online
6920,49,20,2023-02-19,135732.79,18,East,Cash,No,Online
6921,43,53,2025-05-12,112786.2,27,South,Financing,Yes,Online
6922,76,34,2023-12-18,122728.81,11,West,Cash,No,Online
6923,69,42,2024-06-25,84273.56,4,West,Financing,No,Dealer
6924,141,65,2023-05-04,49207.25,26,North,Cash,No,Online
6925,54,23,2025-07-25,120253.64,14,South,Cash,Yes,Dealer
6926,49,44,2023-03-02,144621.58,12,West,Cash,Yes,Online
6927,184,50,2023-04-08,131363.74,27,South,Cash,Yes,Dealer
6928,114,11,2024-06-16,57045.38,19,South,Cash,Yes,Dealer
6929,76,44,2023-11-07,121503.32,11,West,Financing,Yes,Dealer
6930,2,24,2024-05-06,136752.44,29,West,Financing,Yes,Online
6931,4,80,2025-06-24,111179.42,20,West,Cash,No,Online
6932,124,90,2022-11-19,128267.96,18,West,Cash,Yes,Online
6933,161,73,2023-12-25,64497.4,10,West,Financing,No,Online
6934,45,31,2023-07-29,132911.04,22,North,Cash,Yes,Dealer
6935,24,47,2023-07-07,60763.06,11,East,Financing,Yes,Dealer
6936,54,43,2023-04-03,114406.74,7,West,Cash,Yes,Dealer
6937,105,56,2025-06-02,62879.46,17,East,Financing,Yes,Online
6938,23,50,2022-10-31,149798.87,6,North,Financing,No,Online
6939,79,90,2024-02-17,90385.18,20,West,Cash,No,Dealer
6940,176,38,2024-03-30,53257.52,24,North,Financing,No,Dealer
6941,127,9,2024-03-22,111233.46,22,South,Cash,Yes,Dealer
6942,85,74,2023-10-25,60787.09,14,East,Financing,No,Online
6943,85,67,2025-06-30,62334.88,10,South,Cash,Yes,Dealer
6944,146,36,2023-06-16,82438.57,25,North,Cash,No,Dealer
6945,12,55,2024-09-07,75300.86,5,North,Cash,Yes,Dealer
6946,13,84,2023-09-26,61200.47,19,North,Financing,Yes,Dealer
6947,191,14,2024-01-12,117931.75,10,North,Financing,Yes,Online
6948,181,31,2022-12-10,92070.96,22,East,Cash,No,Online
6949,107,33,2023-09-08,93263.71,3,South,Financing,No,Dealer
6950,35,41,2025-07-02,141216.21,23,South,Cash,No,Dealer
6951,55,77,2025-06-28,144455.09,30,North,Financing,Yes,Dealer
6952,7,69,2025-04-18,63609.34,3,East,Cash,No,Online
6953,147,90,2023-07-17,110683.21,23,West,Financing,Yes,Dealer
6954,111,65,2023-11-12,105175.34,28,North,Cash,Yes,Online
6955,79,99,2025-05-19,92261.72,13,East,Cash,Yes,Dealer
6956,1,21,2023-07-05,129269.87,1,West,Cash,No,Online
6957,92,13,2024-07-18,127943.07,27,East,Cash,Yes,Dealer
6958,88,84,2023-10-17,53234.88,7,West,Cash,Yes,Dealer
6959,53,31,2024-07-25,65240.76,16,North,Financing,Yes,Dealer
6960,166,31,2023-03-30,147477.5,15,East,Financing,Yes,Dealer
6961,51,60,2025-08-10,127083.61,3,North,Cash,No,Online
6962,62,30,2024-07-25,71782.35,1,South,Financing,No,Dealer
6963,70,57,2023-01-27,129050.99,25,North,Cash,Yes,Online
6964,26,46,2023-12-19,90768.22,3,South,Financing,No,Online
6965,37,53,2022-12-23,93671.75,21,North,Financing,No,Online
6966,5,76,2023-07-25,99185.97,29,North,Cash,No,Online
6967,64,10,2023-09-22,87344.87,12,East,Cash,No,Dealer
6968,128,12,2023-03-02,83162.25,7,West,Cash,No,Online
6969,192,39,2023-06-28,93010.47,11,South,Cash,Yes,Dealer
6970,176,28,2024-10-25,54136.49,27,East,Cash,No,Online
6971,183,33,2023-05-18,153302.1,20,East,Financing,No,Dealer
6972,141,31,2024-10-13,50667.99,21,South,Cash,No,Online
6973,175,50,2025-01-28,121536.53,10,West,Financing,Yes,Online
6974,51,89,2023-01-10,131658.89,26,North,Financing,No,Online
6975,40,40,2025-04-27,120124.68,9,South,Cash,No,Dealer
6976,4,14,2025-01-15,102354.51,13,West,Cash,Yes,Dealer
6977,147,15,2022-11-05,99541.64,9,North,Financing,Yes,Dealer
6978,155,81,2024-12-13,123065.53,13,West,Financing,Yes,Dealer
6979,40,94,2023-11-08,107108.08,3,West,Financing,No,Dealer
6980,52,50,2024-05-31,142179.62,16,West,Financing,No,Dealer
6981,100,62,2023-06-26,55010.93,21,South,Financing,No,Online
6982,2,12,2024-04-23,137111.55,23,South,Cash,No,Online
6983,25,58,2025-09-15,142870.91,1,West,Financing,Yes,Dealer
6984,19,38,2023-04-01,63628.16,28,North,Financing,Yes,Dealer
6985,189,59,2024-09-25,53329.01,12,North,Financing,Yes,Online
6986,140,37,2023-04-30,68403.77,19,South,Financing,Yes,Dealer
6987,132,24,2023-06-06,102452.84,27,West,Financing,No,Online
6988,79,100,2025-03-12,97250.34,3,West,Financing,Yes,Dealer
6989,158,22,2024-12-25,108399.22,20,South,Financing,No,Online
6990,141,65,2023-09-28,55117.89,11,North,Financing,Yes,Online
6991,15,91,2023-12-23,132874.36,29,East,Financing,Yes,Online
6992,48,7,2025-02-22,78803.68,5,North,Cash,Yes,Dealer
6993,164,74,2023-06-21,144565.92,27,North,Cash,Yes,Online
6994,119,20,2024-08-24,137960.97,5,South,Cash,No,Online
6995,57,29,2025-04-02,140090.18,19,East,Cash,Yes,Online
6996,62,81,2025-01-24,82927.56,25,West,Financing,Yes,Dealer
6997,155,21,2024-11-21,129662.74,15,West,Financing,No,Online
6998,63,51,2023-08-11,129297.95,1,East,Cash,Yes,Dealer
6999,195,53,2025-09-07,121178.28,11,East,Financing,No,Dealer
7000,118,35,2024-11-09,110724.11,7,West,Cash,Yes,Dealer
7001,136,9,2025-01-10,82306.96,10,East,Cash,No,Online
7002,13,23,2023-06-19,58800.11,27,North,Cash,Yes,Online
7003,195,1,2023-05-13,124333.83,17,South,Cash,No,Online
7004,149,91,2024-05-24,72941.92,18,North,Financing,No,Online
7005,50,3,2025-07-28,133020.04,21,North,Financing,No,Dealer
7006,14,37,2024-04-23,94529.09,10,South,Financing,Yes,Online
7007,147,72,2024-11-19,108016.07,29,North,Cash,No,Dealer
7008,196,15,2023-08-25,116704.38,26,North,Financing,Yes,Dealer
7009,46,35,2025-09-18,76939.93,27,East,Cash,No,Online
7010,34,31,2025-09-22,126298.04,17,West,Cash,No,Dealer
7011,183,86,2023-05-19,136815.55,10,South,Financing,No,Online
7012,45,54,2022-12-25,146289.45,28,East,Cash,No,Online
7013,93,69,2023-02-07,133376.34,7,North,Financing,Yes,Dealer
7014,127,67,2024-10-11,127767.47,3,North,Financing,No,Dealer
7015,183,56,2023-11-14,152739.89,14,East,Financing,Yes,Online
7016,44,88,2022-10-08,156037.72,30,North,Cash,Yes,Online
7017,87,67,2023-03-11,56034.49,25,East,Cash,Yes,Dealer
7018,135,11,2023-11-07,133534.12,30,North,Cash,No,Dealer
7019,12,17,2025-03-05,76630.78,7,East,Cash,No,Dealer
7020,131,21,2024-06-23,54940.41,17,North,Financing,Yes,Online
7021,36,89,2024-10-11,140312.94,8,South,Cash,No,Dealer
7022,98,51,2025-09-30,107860.84,2,North,Financing,Yes,Dealer
7023,136,82,2024-10-21,80898.52,18,West,Financing,Yes,Online
7024,158,26,2025-08-08,109511.55,28,South,Financing,No,Dealer
7025,192,6,2024-07-23,104541.1,12,North,Financing,No,Online
7026,1,81,2023-06-26,118517.79,18,South,Cash,Yes,Online
7027,181,11,2024-01-06,92514.97,23,South,Financing,Yes,Dealer
7028,189,30,2022-10-11,52157.25,1,East,Financing,No,Dealer
7029,137,81,2025-03-10,103286.92,19,East,Financing,Yes,Dealer
7030,149,97,2022-11-20,80231.45,1,North,Financing,No,Online
7031,64,36,2024-04-20,77410.28,12,East,Cash,No,Online
7032,171,12,2024-02-25,74777.09,7,South,Cash,No,Dealer
7033,100,10,2024-09-01,48496.15,16,North,Financing,No,Dealer
7034,106,40,2024-03-26,129012.25,26,South,Cash,No,Online
7035,136,40,2025-01-17,80514.15,25,North,Cash,No,Dealer
7036,155,18,2024-01-23,133984.06,8,East,Financing,Yes,Dealer
7037,95,57,2022-12-25,122370.21,5,East,Financing,No,Online
7038,22,29,2025-08-02,85350.1,25,South,Financing,Yes,Online
7039,182,75,2025-01-05,60176.56,3,East,Financing,Yes,Dealer
7040,189,90,2025-03-12,56816.33,6,North,Cash,Yes,Dealer
7041,15,90,2024-12-13,125768.24,26,West,Cash,No,Online
7042,26,90,2024-04-03,93374.36,18,South,Financing,No,Online
7043,79,62,2024-10-30,97602.85,2,East,Financing,Yes,Online
7044,107,41,2024-10-13,94198.64,13,West,Financing,Yes,Dealer
7045,81,51,2025-04-18,80894.59,13,North,Financing,No,Online
7046,22,16,2023-03-06,78776.73,5,West,Cash,Yes,Online
7047,178,44,2025-05-10,84592.84,21,South,Financing,No,Dealer
7048,162,76,2023-10-13,114883.11,26,West,Cash,No,Dealer
7049,36,45,2024-12-11,142089.13,15,East,Cash,Yes,Online
7050,89,78,2023-06-05,65390.8,26,East,Cash,No,Online
7051,130,56,2025-10-04,74858.58,22,South,Cash,No,Online
7052,72,19,2023-03-03,77292.55,6,West,Financing,Yes,Online
7053,32,89,2023-11-06,56879.73,23,South,Cash,Yes,Online
7054,145,2,2024-09-08,114502.49,9,South,Financing,No,Dealer
7055,142,40,2024-05-12,88913.06,27,North,Cash,No,Online
7056,87,56,2024-12-03,55073.71,11,South,Financing,No,Dealer
7057,10,87,2024-09-11,91730.31,24,North,Financing,Yes,Online
7058,175,60,2024-10-13,132949.49,24,North,Financing,No,Online
7059,102,78,2023-04-16,76262.5,28,North,Cash,No,Dealer
7060,136,97,2024-05-02,76573.62,18,South,Financing,No,Online
7061,106,90,2022-10-23,123478.32,7,West,Financing,Yes,Dealer
7062,182,59,2023-07-27,58186.44,11,West,Financing,Yes,Dealer
7063,160,13,2023-02-21,159566.07,12,West,Cash,No,Online
7064,177,18,2023-10-09,134619.79,9,South,Financing,No,Online
7065,93,5,2023-07-11,133509.23,26,West,Financing,No,Online
7066,83,56,2025-05-06,82762.35,6,North,Financing,No,Dealer
7067,7,13,2024-07-23,67673.17,8,North,Cash,No,Online
7068,113,36,2024-07-13,100497.42,27,East,Cash,Yes,Online
7069,62,36,2024-02-25,78756.27,27,East,Cash,Yes,Online
7070,80,3,2025-08-10,89709.23,10,East,Financing,No,Online
7071,92,57,2024-12-27,126548.86,30,South,Financing,Yes,Dealer
7072,59,30,2025-05-19,117028.43,2,North,Cash,No,Dealer
7073,199,38,2024-05-13,100978.0,10,East,Cash,Yes,Online
7074,192,6,2025-01-19,103690.59,28,East,Financing,No,Dealer
7075,27,63,2025-05-06,55767.67,15,South,Cash,No,Online
7076,147,80,2024-02-20,108711.99,3,East,Financing,No,Dealer
7077,18,60,2023-06-20,141453.6,1,East,Cash,Yes,Online
7078,56,92,2025-04-21,130570.5,27,South,Financing,No,Dealer
7079,35,9,2024-08-17,156457.46,2,North,Cash,Yes,Dealer
7080,117,98,2022-10-28,129816.87,30,East,Financing,Yes,Online
7081,15,98,2025-01-10,124037.03,9,North,Financing,No,Dealer
7082,175,31,2024-07-08,139529.64,2,East,Financing,Yes,Dealer
7083,96,56,2024-03-06,82421.29,5,South,Cash,Yes,Online
7084,116,41,2025-01-09,123128.03,18,South,Cash,No,Online
7085,118,4,2025-09-19,123276.14,4,West,Financing,Yes,Dealer
7086,48,1,2023-06-12,83028.74,22,South,Financing,Yes,Online
7087,59,83,2025-08-30,123699.53,15,West,Financing,No,Dealer
7088,122,79,2024-09-13,53481.12,30,West,Financing,No,Online
7089,48,36,2025-09-25,84583.05,4,East,Financing,Yes,Dealer
7090,167,72,2024-07-09,89337.6,20,North,Financing,No,Dealer
7091,122,82,2023-07-10,53600.96,30,East,Financing,No,Dealer
7092,101,39,2025-04-21,121181.89,12,South,Financing,Yes,Dealer
7093,146,31,2024-05-21,83087.73,9,South,Financing,Yes,Dealer
7094,89,19,2023-06-14,65756.58,6,West,Cash,No,Online
7095,23,71,2022-12-09,140843.8,15,West,Cash,No,Online
7096,71,37,2025-08-09,103695.36,18,West,Financing,No,Dealer
7097,105,100,2023-12-27,64286.77,7,North,Cash,Yes,Online
7098,135,69,2024-05-08,148675.47,15,South,Financing,No,Dealer
7099,15,53,2023-02-03,128555.21,22,West,Financing,No,Online
7100,3,43,2023-12-27,77327.65,22,East,Financing,No,Dealer
7101,45,19,2023-03-09,132625.23,27,South,Financing,No,Dealer
7102,24,69,2024-10-25,63511.77,24,East,Cash,No,Online
7103,22,17,2025-03-12,81917.9,3,North,Cash,Yes,Dealer
7104,160,7,2024-04-26,157215.74,18,West,Financing,No,Online
7105,164,33,2025-08-22,155576.93,14,North,Cash,No,Online
7106,197,95,2025-02-07,52545.66,12,West,Financing,Yes,Online
7107,177,43,2024-08-22,141978.42,12,South,Cash,No,Dealer
7108,20,95,2025-04-29,145635.15,5,West,Financing,No,Online
7109,177,85,2023-10-25,142858.69,30,East,Financing,No,Online
7110,82,15,2023-04-30,144177.2,13,South,Cash,Yes,Online
7111,119,92,2024-08-17,135542.88,4,North,Cash,Yes,Online
7112,22,96,2024-04-14,85721.63,9,North,Cash,No,Dealer
7113,176,41,2024-10-15,58577.38,27,East,Financing,No,Online
7114,75,88,2023-05-04,91051.3,21,South,Cash,Yes,Online
7115,33,85,2024-01-25,104345.08,23,South,Financing,No,Dealer
7116,160,67,2023-08-27,148549.07,8,North,Financing,No,Dealer
7117,53,18,2023-07-12,68835.44,19,West,Financing,No,Dealer
7118,110,19,2024-11-07,141575.03,16,South,Financing,Yes,Online
7119,67,39,2023-01-13,86609.32,13,East,Financing,Yes,Online
7120,98,52,2022-11-17,119027.31,30,East,Financing,Yes,Online
7121,107,19,2025-03-24,92689.81,30,East,Financing,No,Dealer
7122,46,35,2022-11-30,85377.53,9,West,Cash,Yes,Online
7123,187,68,2025-07-18,97435.39,22,South,Cash,Yes,Dealer
7124,79,75,2022-12-14,96319.25,8,North,Cash,Yes,Online
7125,36,5,2025-08-20,153376.02,6,North,Financing,Yes,Online
7126,166,88,2023-07-10,138969.94,17,South,Financing,No,Online
7127,84,38,2022-12-01,135941.15,27,West,Financing,Yes,Online
7128,126,2,2023-12-16,88744.0,1,West,Financing,No,Dealer
7129,20,79,2024-06-27,156408.05,2,South,Cash,Yes,Dealer
7130,7,61,2024-10-30,62047.79,8,West,Financing,Yes,Online
7131,110,60,2023-11-03,158581.25,9,East,Financing,No,Online
7132,20,100,2025-03-19,157868.25,2,South,Cash,Yes,Online
7133,140,85,2024-12-07,62818.61,26,East,Cash,No,Dealer
7134,124,31,2025-06-22,134148.29,2,East,Cash,Yes,Dealer
7135,191,36,2022-11-03,124244.79,25,West,Cash,Yes,Dealer
7136,53,12,2025-04-14,60889.11,30,North,Cash,No,Dealer
7137,129,65,2024-03-21,56969.68,20,South,Cash,Yes,Dealer
7138,140,16,2022-12-23,60536.74,9,East,Financing,Yes,Dealer
7139,116,8,2023-11-13,121878.76,15,South,Financing,No,Dealer
7140,77,95,2024-01-17,63086.03,27,East,Financing,Yes,Online
7141,60,15,2023-01-20,115757.15,12,West,Financing,Yes,Online
7142,173,6,2024-03-24,51216.88,5,West,Financing,No,Dealer
7143,60,74,2025-05-18,118320.27,9,East,Financing,Yes,Online
7144,4,74,2024-03-12,102284.77,1,East,Financing,No,Online
7145,97,25,2023-08-03,80431.0,22,West,Financing,Yes,Online
7146,126,82,2023-04-12,86738.33,3,West,Financing,Yes,Online
7147,191,1,2023-08-28,122272.65,6,West,Cash,Yes,Dealer
7148,64,56,2024-04-11,88722.15,14,East,Financing,Yes,Dealer
7149,167,80,2024-07-24,86786.14,27,North,Cash,No,Dealer
7150,57,96,2023-09-27,149343.99,22,South,Financing,No,Online
7151,49,75,2025-07-24,144522.36,11,South,Cash,Yes,Online
7152,131,61,2024-05-22,55688.41,1,North,Cash,Yes,Online
7153,33,8,2023-01-03,93473.38,12,South,Cash,Yes,Dealer
7154,99,99,2024-08-22,73303.53,2,North,Financing,No,Dealer
7155,19,58,2024-01-06,65764.45,4,North,Cash,No,Dealer
7156,138,24,2024-06-28,146729.16,9,East,Cash,Yes,Dealer
7157,50,73,2024-10-29,142051.71,2,West,Financing,Yes,Dealer
7158,132,68,2023-01-12,111449.01,21,East,Financing,No,Online
7159,47,60,2024-09-25,140947.23,30,West,Cash,Yes,Dealer
7160,14,20,2024-10-22,95483.04,23,East,Cash,No,Online
7161,33,95,2025-01-03,101282.45,15,North,Financing,Yes,Dealer
7162,23,85,2025-01-30,143486.98,14,East,Financing,No,Dealer
7163,98,69,2025-08-11,111792.03,14,West,Financing,No,Online
7164,72,22,2024-05-21,76314.51,23,North,Cash,Yes,Online
7165,179,15,2024-02-05,111545.78,7,West,Financing,Yes,Dealer
7166,131,35,2025-01-31,56046.91,16,North,Financing,Yes,Online
7167,49,24,2023-11-27,135124.58,5,South,Cash,No,Dealer
7168,200,99,2025-01-27,93543.91,29,South,Cash,Yes,Dealer
7169,85,6,2024-04-10,63655.56,4,North,Financing,No,Dealer
7170,95,60,2024-04-26,124900.98,18,West,Cash,Yes,Online
7171,10,3,2022-12-20,85760.09,29,North,Cash,No,Online
7172,165,94,2024-06-17,91080.57,9,South,Cash,Yes,Dealer
7173,131,86,2025-05-26,50918.82,19,North,Cash,No,Dealer
7174,58,12,2024-07-08,57368.55,11,East,Financing,Yes,Online
7175,129,62,2024-02-13,56791.59,12,East,Financing,No,Online
7176,177,28,2024-10-19,138279.3,4,South,Cash,Yes,Dealer
7177,14,86,2024-08-19,98821.73,24,East,Financing,No,Dealer
7178,5,14,2023-07-01,90389.08,22,North,Cash,No,Dealer
7179,28,71,2025-03-27,110457.29,10,South,Cash,No,Dealer
7180,83,59,2023-08-26,80256.63,2,West,Cash,Yes,Dealer
7181,170,5,2024-09-15,71165.75,3,East,Cash,No,Online
7182,89,38,2024-10-20,66294.38,26,West,Cash,Yes,Dealer
7183,148,30,2024-08-30,116903.74,3,South,Financing,Yes,Dealer
7184,120,41,2023-02-18,142673.3,14,North,Financing,Yes,Dealer
7185,30,65,2022-10-19,101394.71,14,West,Cash,No,Dealer
7186,104,13,2022-10-17,102334.86,3,South,Cash,Yes,Online
7187,124,41,2025-01-10,128157.04,17,South,Financing,Yes,Online
7188,150,64,2024-12-05,56438.28,11,South,Financing,Yes,Online
7189,68,75,2023-11-24,103341.25,28,South,Financing,Yes,Dealer
7190,31,85,2025-03-04,85255.88,16,West,Financing,Yes,Dealer
7191,82,85,2022-12-31,149536.17,9,West,Financing,Yes,Online
7192,8,54,2024-05-03,115718.47,26,South,Financing,No,Online
7193,14,2,2024-05-17,102593.7,7,East,Cash,No,Dealer
7194,104,81,2025-03-02,94239.01,8,East,Cash,Yes,Dealer
7195,60,38,2025-08-23,117484.18,18,South,Cash,Yes,Dealer
7196,186,21,2025-04-02,112012.37,30,West,Cash,No,Online
7197,128,75,2024-03-20,86677.42,27,South,Cash,Yes,Online
7198,99,85,2023-04-02,68570.31,16,West,Financing,Yes,Online
7199,2,29,2025-04-19,133164.62,10,North,Financing,Yes,Dealer
7200,17,64,2025-01-01,109410.86,10,East,Cash,No,Online
7201,129,35,2023-10-13,57042.55,21,North,Cash,Yes,Online
7202,24,30,2024-05-26,60253.14,8,South,Cash,No,Online
7203,66,2,2023-10-03,113499.09,3,South,Cash,Yes,Dealer
7204,170,82,2023-07-18,80280.22,18,North,Cash,No,Dealer
7205,38,35,2025-05-01,106565.89,10,West,Financing,No,Dealer
7206,97,10,2023-10-15,87140.83,17,East,Financing,Yes,Dealer
7207,177,82,2025-05-23,143036.3,18,South,Cash,No,Dealer
7208,159,98,2023-07-19,129958.34,15,North,Cash,No,Dealer
7209,190,89,2023-12-29,88548.01,4,North,Cash,Yes,Online
7210,191,49,2025-03-30,125748.54,12,West,Financing,Yes,Online
7211,97,52,2024-04-10,86549.71,14,North,Financing,Yes,Dealer
7212,116,87,2022-10-08,125033.91,1,West,Financing,No,Dealer
7213,76,69,2023-02-11,126884.21,24,West,Financing,No,Dealer
7214,126,56,2023-08-17,81838.48,16,North,Cash,No,Dealer
7215,9,94,2023-01-27,138250.09,27,South,Cash,Yes,Dealer
7216,61,29,2023-09-17,126818.74,19,West,Financing,Yes,Online
7217,112,64,2025-04-01,63392.3,18,East,Financing,Yes,Dealer
7218,63,83,2022-10-19,127624.39,27,East,Financing,No,Online
7219,191,96,2024-11-12,124582.15,25,North,Financing,Yes,Online
7220,18,32,2023-03-17,129335.95,7,East,Financing,Yes,Online
7221,43,92,2023-01-03,120441.15,25,South,Financing,No,Dealer
7222,102,80,2024-01-06,78049.44,25,South,Financing,Yes,Dealer
7223,154,94,2024-08-03,117220.71,19,North,Financing,Yes,Online
7224,176,85,2023-09-25,52297.03,21,East,Cash,No,Dealer
7225,160,11,2024-07-23,158945.11,19,East,Financing,Yes,Dealer
7226,139,96,2022-11-23,127358.06,13,North,Financing,Yes,Dealer
7227,157,68,2024-03-18,82459.4,21,West,Cash,No,Online
7228,109,48,2023-09-29,146624.82,27,North,Financing,Yes,Dealer
7229,37,81,2025-04-22,98475.93,23,West,Financing,Yes,Dealer
7230,3,65,2025-01-16,73772.76,20,West,Cash,Yes,Online
7231,37,13,2023-07-25,99793.91,12,West,Financing,No,Online
7232,17,87,2024-12-25,114350.47,28,West,Cash,No,Online
7233,2,35,2023-04-28,139223.78,26,South,Cash,No,Online
7234,133,78,2024-09-11,108828.95,18,North,Cash,Yes,Online
7235,63,14,2024-08-02,128329.47,18,West,Cash,No,Online
7236,49,40,2025-06-19,130738.44,13,North,Financing,Yes,Dealer
7237,24,62,2023-10-16,66358.83,29,North,Financing,No,Dealer
7238,94,39,2024-04-19,54783.91,11,South,Cash,Yes,Dealer
7239,94,76,2023-04-02,57592.9,3,East,Cash,No,Dealer
7240,104,25,2025-08-22,100480.71,1,West,Cash,Yes,Dealer
7241,184,40,2025-04-01,125111.27,17,North,Cash,No,Dealer
7242,68,27,2025-04-23,92003.43,11,East,Cash,Yes,Online
7243,106,47,2024-08-17,123639.33,8,West,Cash,No,Dealer
7244,158,55,2022-11-29,107313.78,28,West,Financing,Yes,Online
7245,68,9,2025-05-21,100725.27,10,South,Financing,No,Dealer
7246,71,99,2023-04-13,91693.6,19,East,Cash,No,Online
7247,147,3,2023-11-01,102067.22,22,East,Cash,No,Online
7248,97,27,2025-03-20,80011.26,20,East,Financing,No,Online
7249,200,27,2025-06-17,104386.19,5,North,Cash,Yes,Dealer
7250,159,84,2024-10-06,125930.98,19,South,Financing,No,Online
7251,133,34,2024-02-21,101914.89,25,North,Cash,Yes,Online
7252,93,7,2024-07-10,134918.03,30,West,Cash,Yes,Online
7253,169,32,2023-10-01,64643.09,27,West,Cash,No,Online
7254,35,71,2025-06-29,143235.21,14,North,Cash,Yes,Dealer
7255,147,96,2023-12-14,100126.22,4,South,Cash,Yes,Dealer
7256,45,31,2025-06-11,142201.51,25,South,Cash,No,Dealer
7257,30,54,2025-02-18,100727.67,16,West,Financing,No,Online
7258,175,92,2024-02-06,129783.51,19,West,Cash,Yes,Dealer
7259,37,79,2022-12-20,99691.39,30,South,Cash,No,Online
7260,64,94,2024-05-13,81733.93,7,North,Financing,Yes,Dealer
7261,111,22,2024-02-04,114504.43,23,West,Cash,No,Dealer
7262,179,82,2025-03-16,111724.75,1,North,Financing,Yes,Dealer
7263,115,86,2023-07-18,63308.02,16,West,Cash,Yes,Online
7264,138,84,2025-09-10,136074.56,5,West,Cash,Yes,Dealer
7265,50,49,2025-04-19,138210.18,5,North,Cash,No,Dealer
7266,165,90,2024-04-20,93215.53,29,West,Cash,Yes,Online
7267,56,18,2023-08-01,128638.7,5,West,Cash,No,Online
7268,101,66,2023-09-05,121008.97,24,East,Financing,Yes,Dealer
7269,88,18,2024-04-05,55550.49,30,West,Financing,No,Dealer
7270,157,1,2024-03-18,81739.75,9,East,Cash,No,Dealer
7271,80,28,2022-11-04,88087.37,9,North,Financing,No,Dealer
7272,171,94,2023-02-05,72168.37,2,East,Cash,No,Online
7273,46,75,2023-03-31,83847.7,8,East,Financing,No,Online
7274,72,94,2023-02-11,72003.2,12,East,Financing,Yes,Dealer
7275,124,41,2024-02-03,135325.16,30,West,Cash,Yes,Dealer
7276,172,58,2023-11-23,161655.89,1,West,Cash,No,Online
7277,27,91,2025-04-25,56835.95,14,South,Cash,No,Online
7278,169,58,2023-05-09,64985.38,15,East,Financing,No,Online
7279,73,67,2023-03-08,100088.43,9,South,Financing,Yes,Dealer
7280,45,67,2024-10-28,146849.79,28,South,Cash,No,Dealer
7281,141,18,2023-05-07,49354.83,24,North,Cash,Yes,Dealer
7282,165,65,2024-04-06,84478.85,28,South,Cash,Yes,Online
7283,92,23,2023-08-10,115162.5,21,East,Cash,Yes,Dealer
7284,174,34,2023-08-03,64852.92,16,South,Cash,Yes,Dealer
7285,200,75,2024-06-12,99634.2,5,North,Cash,No,Online
7286,6,2,2023-02-05,62708.03,26,South,Cash,No,Online
7287,93,60,2023-01-18,142114.33,19,South,Financing,No,Online
7288,44,56,2024-09-29,142891.0,26,South,Cash,No,Online
7289,142,1,2023-04-28,87824.17,28,West,Cash,Yes,Online
7290,124,99,2024-09-24,121967.99,18,North,Financing,Yes,Dealer
7291,139,42,2023-11-12,123730.29,5,North,Financing,Yes,Online
7292,139,42,2023-07-11,135910.64,4,North,Cash,Yes,Dealer
7293,99,6,2025-06-13,77945.68,1,West,Financing,No,Online
7294,27,100,2024-09-04,50357.81,15,North,Cash,No,Dealer
7295,129,93,2025-05-05,54711.89,16,South,Financing,Yes,Online
7296,38,41,2023-01-13,111843.14,20,East,Cash,No,Online
7297,179,18,2023-01-12,114238.14,19,West,Financing,No,Online
7298,86,40,2025-06-08,103017.61,22,East,Financing,No,Online
7299,149,39,2023-10-05,79222.29,15,West,Cash,Yes,Dealer
7300,23,77,2022-11-19,132636.07,26,North,Cash,No,Online
7301,57,52,2025-05-10,133606.23,27,East,Cash,Yes,Dealer
7302,46,26,2025-05-22,76371.6,9,East,Cash,No,Dealer
7303,137,93,2024-08-31,107128.97,30,West,Financing,Yes,Online
7304,169,84,2024-06-02,62126.08,9,West,Cash,No,Online
7305,17,44,2024-08-17,106556.31,10,North,Cash,No,Dealer
7306,153,91,2023-01-18,74907.87,29,South,Financing,No,Dealer
7307,31,61,2023-09-06,84141.18,7,West,Financing,No,Online
7308,72,29,2024-10-31,73111.38,3,West,Financing,Yes,Online
7309,180,12,2025-03-18,114082.55,19,North,Cash,Yes,Dealer
7310,64,72,2025-08-25,79533.81,6,East,Cash,Yes,Dealer
7311,89,99,2024-09-11,68558.61,9,East,Cash,Yes,Dealer
7312,129,84,2022-12-08,55395.51,22,East,Cash,No,Online
7313,89,37,2023-03-20,61730.72,28,North,Cash,No,Dealer
7314,155,92,2023-04-30,129333.97,9,South,Cash,No,Dealer
7315,13,68,2025-06-15,58954.03,2,North,Cash,Yes,Dealer
7316,151,42,2025-05-27,99700.73,13,North,Cash,Yes,Online
7317,22,51,2023-04-18,85577.53,16,South,Financing,No,Dealer
7318,5,98,2024-12-13,99217.59,30,South,Cash,No,Dealer
7319,1,44,2022-12-22,133193.64,19,North,Financing,No,Online
7320,133,15,2024-05-24,100469.17,2,North,Cash,Yes,Dealer
7321,160,49,2024-10-31,142768.94,12,East,Cash,Yes,Dealer
7322,85,28,2023-06-26,65147.66,24,East,Financing,No,Online
7323,153,25,2024-12-16,79677.35,3,West,Financing,No,Dealer
7324,145,32,2023-07-09,130959.2,9,North,Cash,No,Online
7325,2,61,2023-03-12,151521.15,21,West,Cash,Yes,Online
7326,21,77,2023-02-18,106014.5,15,South,Cash,No,Online
7327,119,95,2023-10-23,136515.48,14,South,Financing,No,Online
7328,22,83,2022-12-23,87155.33,24,North,Cash,No,Dealer
7329,108,13,2023-11-26,148076.78,29,North,Cash,No,Dealer
7330,80,17,2025-04-18,89690.83,9,West,Cash,Yes,Dealer
7331,169,18,2023-05-29,64896.34,26,West,Financing,No,Dealer
7332,24,24,2023-01-17,62116.09,11,East,Financing,No,Dealer
7333,23,77,2025-02-12,132228.97,13,North,Cash,No,Online
7334,178,76,2024-06-30,82228.4,1,East,Financing,No,Online
7335,167,96,2022-11-21,87585.92,30,North,Financing,No,Online
7336,142,79,2024-09-05,89935.97,15,South,Cash,No,Dealer
7337,100,96,2023-03-21,52183.86,13,South,Financing,No,Online
7338,4,31,2023-02-03,112400.67,4,East,Financing,No,Online
7339,104,45,2023-05-23,98580.29,26,North,Cash,No,Dealer
7340,194,8,2024-10-18,78825.51,26,South,Financing,Yes,Dealer
7341,11,87,2023-10-16,128270.53,26,North,Cash,Yes,Online
7342,118,16,2023-10-05,123836.01,25,West,Cash,Yes,Online
7343,92,24,2023-01-15,120600.66,29,North,Financing,No,Online
7344,107,44,2024-09-25,88304.04,11,South,Cash,No,Online
7345,49,43,2025-03-23,144643.65,21,South,Financing,Yes,Online
7346,172,71,2022-11-14,146086.32,5,South,Cash,Yes,Online
7347,84,88,2024-07-09,134567.59,8,West,Financing,No,Online
7348,200,59,2023-12-11,99016.07,4,East,Cash,Yes,Online
7349,195,10,2025-09-18,126817.17,11,South,Financing,No,Online
7350,190,72,2024-07-17,86728.77,29,South,Cash,No,Online
7351,61,49,2025-01-12,133069.01,10,North,Financing,Yes,Dealer
7352,65,47,2025-04-27,92046.86,17,North,Financing,No,Online
7353,167,79,2025-01-30,92084.53,7,South,Cash,Yes,Online
7354,112,98,2025-02-12,65366.46,18,North,Financing,Yes,Online
7355,132,20,2025-01-17,115643.39,28,East,Financing,No,Dealer
7356,173,12,2023-04-05,49945.4,29,East,Cash,Yes,Online
7357,140,70,2023-07-15,68536.33,7,South,Financing,Yes,Online
7358,121,74,2022-10-25,86718.26,23,East,Financing,No,Dealer
7359,122,56,2025-01-22,54430.56,24,West,Cash,No,Online
7360,106,58,2025-03-21,118232.39,27,West,Cash,Yes,Online
7361,59,40,2025-07-01,120254.49,12,West,Financing,Yes,Dealer
7362,88,49,2025-04-28,59262.18,12,South,Cash,Yes,Online
7363,34,24,2023-02-04,143451.42,10,South,Cash,No,Online
7364,104,50,2025-02-14,93867.49,10,South,Cash,No,Online
7365,154,80,2024-02-01,112671.42,20,South,Cash,Yes,Online
7366,82,18,2025-05-14,136182.29,20,North,Cash,Yes,Dealer
7367,121,55,2024-03-16,89212.93,21,North,Cash,Yes,Dealer
7368,195,89,2025-08-09,138022.09,28,North,Cash,Yes,Online
7369,157,15,2025-07-03,90390.38,1,East,Financing,Yes,Online
7370,85,24,2023-11-17,69197.63,21,East,Financing,No,Dealer
7371,137,52,2024-01-05,104061.6,23,North,Cash,No,Online
7372,121,88,2022-11-20,88196.49,21,West,Cash,Yes,Online
7373,43,44,2023-04-21,112507.66,26,East,Financing,Yes,Dealer
7374,198,53,2024-11-20,54457.36,20,West,Financing,No,Dealer
7375,103,41,2022-10-28,103451.13,10,East,Cash,Yes,Dealer
7376,109,31,2023-12-29,131909.93,25,East,Financing,Yes,Dealer
7377,117,34,2024-10-19,126976.44,19,North,Cash,No,Online
7378,187,66,2023-04-22,103312.18,9,West,Cash,Yes,Online
7379,42,28,2025-07-30,151655.69,21,East,Financing,No,Dealer
7380,171,39,2025-02-24,71277.61,18,East,Financing,No,Dealer
7381,85,11,2024-06-26,62894.29,23,North,Financing,No,Online
7382,159,96,2024-03-08,125722.48,19,South,Financing,Yes,Dealer
7383,17,29,2024-02-02,117139.79,7,North,Financing,Yes,Online
7384,113,52,2025-01-06,94314.2,26,West,Cash,Yes,Online
7385,188,77,2024-07-10,72498.68,12,East,Cash,No,Online
7386,54,57,2024-12-28,125542.16,6,North,Financing,No,Dealer
7387,164,86,2024-10-28,138702.42,7,West,Cash,Yes,Online
7388,66,52,2024-04-11,118823.21,18,North,Financing,No,Online
7389,145,15,2023-07-15,125193.34,27,South,Cash,Yes,Online
7390,186,42,2023-12-24,111841.48,1,East,Financing,No,Online
7391,93,5,2025-07-12,133046.72,13,East,Cash,Yes,Dealer
7392,107,18,2024-11-21,94299.0,15,East,Financing,No,Online
7393,19,61,2023-03-24,66705.3,30,West,Cash,No,Online
7394,80,30,2024-11-03,91243.41,27,North,Financing,No,Dealer
7395,105,45,2024-01-08,65450.95,3,East,Financing,No,Online
7396,167,5,2023-08-28,86566.19,3,West,Cash,Yes,Dealer
7397,83,42,2023-01-07,83616.84,10,North,Cash,Yes,Online
7398,36,10,2024-10-09,146213.15,30,East,Cash,Yes,Online
7399,33,7,2022-11-10,102583.02,12,South,Cash,Yes,Online
7400,145,90,2023-07-20,126174.79,5,South,Cash,Yes,Online
7401,184,40,2023-02-01,118969.46,29,West,Financing,No,Dealer
7402,12,88,2025-01-09,77762.98,13,South,Cash,Yes,Dealer
7403,182,53,2024-03-01,59117.51,15,North,Cash,No,Dealer
7404,57,42,2023-02-06,146436.06,23,West,Cash,No,Dealer
7405,152,3,2025-04-20,103685.84,24,North,Cash,No,Dealer
7406,49,7,2024-09-08,131810.12,4,South,Financing,Yes,Dealer
7407,187,34,2023-02-16,99636.26,13,South,Financing,Yes,Dealer
7408,122,82,2023-11-29,58702.14,11,East,Financing,Yes,Online
7409,162,12,2023-11-26,120685.45,9,South,Cash,Yes,Dealer
7410,85,97,2024-04-12,65099.91,23,North,Financing,No,Dealer
7411,59,21,2025-09-06,115232.28,4,East,Financing,No,Online
7412,40,50,2023-03-07,119217.48,27,East,Financing,Yes,Dealer
7413,134,27,2025-07-25,75025.5,24,West,Cash,Yes,Dealer
7414,149,74,2024-07-02,82494.76,7,South,Financing,No,Online
7415,26,4,2024-03-06,91260.59,13,East,Cash,No,Dealer
7416,80,94,2025-03-29,84927.1,7,South,Cash,No,Online
7417,66,98,2025-08-17,119477.22,4,South,Financing,Yes,Dealer
7418,164,21,2024-01-14,157184.18,16,South,Cash,Yes,Dealer
7419,14,24,2025-01-18,100015.97,21,North,Financing,Yes,Dealer
7420,122,94,2023-05-15,55437.76,18,North,Cash,No,Dealer
7421,150,13,2025-02-11,61164.74,12,North,Financing,No,Online
7422,76,72,2024-10-25,127314.14,25,East,Cash,No,Online
7423,197,40,2023-06-27,55600.61,16,East,Cash,No,Dealer
7424,148,98,2025-08-06,120600.13,12,North,Financing,No,Online
7425,35,76,2023-11-03,155509.96,4,South,Financing,Yes,Online
7426,102,71,2023-05-24,78811.43,17,North,Financing,No,Dealer
7427,177,31,2023-01-31,128225.1,8,East,Financing,Yes,Dealer
7428,27,41,2025-01-13,57267.75,21,South,Financing,Yes,Dealer
7429,98,63,2022-12-29,119500.6,27,East,Cash,No,Dealer
7430,62,100,2023-02-03,74867.62,15,West,Financing,No,Dealer
7431,108,27,2023-05-03,149860.83,22,West,Financing,Yes,Dealer
7432,18,84,2023-01-27,131591.47,23,West,Financing,No,Online
7433,80,10,2025-01-19,91094.19,29,West,Financing,No,Dealer
7434,141,21,2025-05-24,52102.44,11,South,Financing,Yes,Online
7435,84,12,2024-11-17,136244.72,1,North,Cash,Yes,Online
7436,178,16,2025-04-22,81404.7,26,North,Financing,Yes,Online
7437,22,12,2024-07-26,79892.53,24,North,Financing,No,Dealer
7438,67,90,2025-09-04,77492.46,18,East,Financing,No,Online
7439,151,36,2024-08-20,92757.46,29,North,Cash,Yes,Online
7440,66,42,2023-04-19,124091.66,26,South,Financing,No,Online
7441,131,4,2025-09-19,54193.66,24,South,Financing,No,Dealer
7442,69,94,2025-09-21,79276.72,7,East,Cash,No,Dealer
7443,46,87,2024-08-03,84412.09,10,North,Cash,No,Online
7444,162,41,2024-12-14,125583.35,27,East,Financing,No,Dealer
7445,156,81,2023-08-18,140236.51,5,North,Financing,Yes,Dealer
7446,39,17,2025-08-12,103840.75,26,South,Cash,No,Online
7447,131,53,2024-04-09,52153.11,23,East,Financing,No,Online
7448,150,57,2025-05-16,62041.34,12,North,Cash,Yes,Online
7449,132,93,2023-01-08,106109.82,11,North,Cash,No,Dealer
7450,1,20,2025-05-30,127585.45,15,West,Cash,No,Dealer
7451,159,38,2023-12-04,137296.25,4,East,Financing,Yes,Dealer
7452,74,59,2025-01-30,99224.98,11,South,Financing,Yes,Dealer
7453,164,3,2025-04-03,153869.8,27,North,Cash,Yes,Online
7454,3,88,2024-07-02,69754.34,1,South,Financing,Yes,Dealer
7455,164,62,2025-06-22,154582.22,24,South,Financing,No,Dealer
7456,162,41,2023-07-01,111693.47,7,South,Cash,Yes,Online
7457,31,17,2025-03-11,88175.46,17,West,Cash,Yes,Dealer
7458,138,28,2025-05-18,150060.81,25,South,Cash,Yes,Online
7459,127,19,2023-07-14,115763.73,8,South,Financing,Yes,Dealer
7460,15,67,2025-02-14,128870.07,7,North,Financing,No,Online
7461,172,22,2025-02-01,156616.48,7,South,Cash,Yes,Dealer
7462,109,97,2023-01-24,150721.03,28,North,Financing,Yes,Online
7463,131,91,2025-08-07,56319.98,4,West,Cash,Yes,Online
7464,62,83,2023-12-08,76748.78,8,East,Cash,Yes,Dealer
7465,89,85,2023-10-28,67244.31,12,East,Financing,Yes,Online
7466,123,4,2025-06-05,140005.85,23,East,Financing,No,Dealer
7467,43,23,2023-11-16,114720.24,22,West,Cash,Yes,Online
7468,126,33,2025-09-23,89909.92,17,East,Cash,Yes,Dealer
7469,69,29,2022-11-07,83091.77,5,North,Financing,Yes,Online
7470,1,82,2023-03-29,127026.35,15,West,Financing,No,Dealer
7471,130,46,2023-10-30,72313.22,19,West,Cash,No,Dealer
7472,60,29,2024-06-14,108043.78,8,South,Cash,No,Online
7473,48,32,2023-11-02,81753.45,18,East,Cash,No,Dealer
7474,153,94,2025-07-23,81464.23,10,West,Financing,Yes,Online
7475,119,95,2025-04-16,144879.59,29,South,Cash,No,Dealer
7476,40,36,2025-04-20,104619.3,18,East,Cash,Yes,Dealer
7477,169,18,2024-04-17,60243.14,25,West,Cash,No,Online
7478,115,20,2024-07-21,63197.76,2,North,Cash,Yes,Dealer
7479,83,82,2023-03-20,83608.06,11,West,Financing,No,Dealer
7480,123,32,2024-02-11,141334.96,12,West,Financing,No,Dealer
7481,67,89,2025-02-23,85888.11,20,North,Financing,Yes,Dealer
7482,125,81,2024-09-12,153871.76,16,North,Cash,Yes,Online
7483,74,97,2022-12-28,111085.03,19,South,Cash,Yes,Online
7484,58,39,2022-10-18,56804.27,4,West,Cash,No,Dealer
7485,176,3,2022-12-15,53216.95,26,South,Cash,Yes,Online
7486,49,97,2025-02-09,133995.32,12,North,Cash,No,Online
7487,28,20,2024-08-04,119521.52,30,East,Cash,No,Online
7488,198,79,2022-11-25,52031.96,18,East,Financing,Yes,Online
7489,178,23,2025-07-08,85293.77,21,West,Cash,Yes,Online
7490,180,85,2023-10-21,119008.48,19,West,Cash,Yes,Online
7491,108,23,2023-02-28,146171.19,1,West,Financing,No,Online
7492,11,99,2023-08-02,126775.39,8,West,Cash,No,Dealer
7493,123,6,2023-01-13,153113.98,15,West,Financing,No,Dealer
7494,151,9,2024-02-05,98731.7,4,North,Cash,Yes,Dealer
7495,68,86,2025-08-27,95690.42,6,South,Financing,No,Dealer
7496,59,2,2024-07-16,110195.41,24,North,Financing,Yes,Dealer
7497,129,39,2022-11-27,59751.04,6,North,Cash,Yes,Dealer
7498,47,63,2023-08-21,156260.43,23,East,Cash,Yes,Dealer
7499,44,63,2023-10-01,163666.01,25,South,Cash,Yes,Online
7500,180,35,2025-08-22,109777.48,8,West,Financing,Yes,Online
7501,107,60,2025-07-23,91560.21,15,West,Cash,No,Dealer
7502,120,15,2023-12-29,137161.47,21,East,Financing,Yes,Dealer
7503,49,90,2024-07-23,134639.28,30,West,Financing,No,Dealer
7504,195,97,2023-05-31,130773.0,2,South,Financing,No,Dealer
7505,25,55,2025-09-28,145490.78,23,West,Cash,Yes,Online
7506,196,64,2025-03-29,116176.34,16,West,Cash,No,Online
7507,194,77,2025-06-22,83936.19,1,North,Cash,Yes,Online
7508,9,62,2023-06-14,144223.7,28,South,Cash,Yes,Dealer
7509,53,62,2024-04-28,61961.59,21,West,Cash,Yes,Online
7510,48,41,2022-10-07,81866.56,2,North,Cash,Yes,Online
7511,42,61,2022-11-03,141853.61,28,East,Financing,No,Dealer
7512,186,37,2022-10-21,109213.46,25,West,Cash,No,Dealer
7513,182,77,2022-12-06,58092.52,27,East,Financing,No,Online
7514,117,40,2023-07-26,121646.77,1,West,Financing,No,Dealer
7515,33,1,2024-04-25,101100.93,22,North,Cash,No,Dealer
7516,156,69,2023-02-19,125613.12,28,West,Financing,Yes,Online
7517,82,93,2025-08-21,150756.55,20,South,Cash,No,Dealer
7518,145,4,2023-01-16,115633.47,20,North,Cash,Yes,Online
7519,104,28,2024-09-28,102022.45,11,North,Financing,No,Dealer
7520,20,5,2024-03-22,161025.97,6,West,Cash,Yes,Dealer
7521,194,95,2022-10-19,80389.44,4,South,Financing,No,Online
7522,198,65,2023-07-10,50428.74,28,South,Financing,Yes,Online
7523,129,33,2023-06-22,58667.45,1,North,Cash,No,Online
7524,15,6,2023-02-04,123059.73,9,North,Cash,Yes,Online
7525,40,38,2024-11-01,119045.61,16,West,Financing,No,Dealer
7526,132,27,2023-10-09,103006.16,1,North,Financing,Yes,Dealer
7527,13,79,2025-07-13,55622.79,20,West,Financing,Yes,Online
7528,125,54,2023-05-05,162205.87,29,East,Cash,No,Online
7529,183,77,2023-01-16,143311.55,24,North,Financing,No,Online
7530,160,20,2023-01-18,151888.35,1,East,Financing,No,Online
7531,132,44,2023-09-02,114273.52,3,East,Cash,No,Dealer
7532,139,38,2025-05-13,131006.33,25,South,Financing,Yes,Online
7533,13,60,2023-12-26,61130.48,12,West,Financing,Yes,Online
7534,87,61,2025-07-14,55018.13,26,East,Cash,Yes,Online
7535,87,79,2023-05-17,56309.53,8,North,Cash,Yes,Dealer
7536,44,48,2024-04-11,161883.25,9,East,Financing,Yes,Online
7537,175,2,2023-01-27,132464.62,15,South,Financing,No,Dealer
7538,121,57,2025-04-27,88956.46,5,West,Financing,No,Online
7539,145,2,2023-07-23,120136.4,15,North,Financing,Yes,Online
7540,103,55,2022-12-31,106469.37,6,West,Financing,Yes,Online
7541,118,27,2023-01-25,122857.57,15,South,Cash,No,Dealer
7542,71,69,2023-09-14,93881.65,1,North,Financing,No,Dealer
7543,65,4,2025-09-24,95444.62,22,North,Financing,No,Dealer
7544,5,86,2023-10-19,92144.69,27,East,Financing,Yes,Dealer
7545,147,23,2025-02-06,99921.79,26,South,Financing,No,Online
7546,182,18,2024-03-12,64008.07,5,South,Financing,Yes,Online
7547,170,63,2025-09-22,73985.82,25,West,Cash,No,Online
7548,139,95,2025-07-05,124783.91,2,East,Financing,Yes,Dealer
7549,2,85,2025-04-26,149936.34,26,South,Financing,Yes,Dealer
7550,96,78,2024-03-16,74086.37,7,South,Financing,Yes,Online
7551,139,87,2023-06-24,123152.89,27,West,Cash,Yes,Dealer
7552,115,88,2023-10-13,72014.74,19,North,Cash,No,Dealer
7553,13,68,2023-10-26,59830.27,18,West,Financing,No,Dealer
7554,50,61,2023-11-26,138273.62,19,West,Cash,No,Dealer
7555,132,82,2025-02-11,109811.21,2,East,Cash,Yes,Dealer
7556,74,83,2024-01-16,108864.8,10,South,Cash,Yes,Dealer
7557,164,58,2025-04-07,153984.42,17,East,Financing,No,Dealer
7558,123,88,2023-01-14,139393.55,15,North,Financing,No,Online
7559,80,70,2024-10-29,89480.25,26,West,Financing,Yes,Online
7560,120,91,2025-01-04,131924.34,12,North,Financing,No,Dealer
7561,39,61,2024-04-30,93546.06,15,North,Financing,No,Online
7562,100,52,2025-09-25,54252.63,29,North,Cash,No,Online
7563,116,76,2022-12-17,113463.25,5,East,Financing,No,Online
7564,27,55,2024-07-15,55451.28,24,East,Financing,Yes,Dealer
7565,176,52,2023-11-05,54138.71,21,South,Cash,Yes,Dealer
7566,86,43,2023-02-22,102445.57,23,South,Cash,Yes,Online
7567,168,12,2024-03-08,108333.74,9,South,Financing,No,Dealer
7568,148,88,2024-07-16,114798.85,6,South,Cash,No,Dealer
7569,112,42,2022-10-21,61152.7,7,West,Cash,Yes,Online
7570,6,20,2025-01-10,61494.01,28,North,Cash,Yes,Online
7571,53,22,2023-10-28,63542.67,24,West,Cash,No,Online
7572,131,92,2024-04-26,56787.32,17,East,Financing,Yes,Dealer
7573,37,64,2022-12-02,94418.05,23,West,Financing,Yes,Online
7574,188,78,2024-12-02,72198.36,25,South,Financing,Yes,Online
7575,40,18,2023-09-23,118427.96,27,North,Financing,Yes,Dealer
7576,52,59,2024-11-06,154152.98,11,South,Financing,Yes,Dealer
7577,102,96,2024-12-30,86270.45,13,West,Cash,No,Online
7578,156,97,2025-06-05,126089.31,26,North,Cash,Yes,Dealer
7579,175,6,2023-05-20,129818.31,4,East,Financing,No,Online
7580,139,29,2023-02-04,136742.12,10,West,Financing,Yes,Dealer
7581,191,42,2024-06-28,126375.98,1,South,Cash,Yes,Online
7582,57,15,2025-05-31,135564.3,28,South,Financing,No,Dealer
7583,45,14,2024-02-10,141331.95,27,North,Cash,Yes,Dealer
7584,90,14,2022-10-27,64506.21,10,East,Financing,No,Online
7585,49,79,2024-06-26,137737.76,23,South,Cash,No,Dealer
7586,9,21,2023-12-17,140592.46,26,West,Cash,No,Dealer
7587,92,84,2023-11-24,130669.52,22,North,Cash,Yes,Online
7588,68,87,2023-04-11,99568.76,19,East,Cash,No,Online
7589,87,74,2024-07-07,51184.91,12,North,Cash,No,Dealer
7590,70,73,2023-02-06,133687.74,24,East,Financing,No,Dealer
7591,174,85,2025-09-13,64878.26,19,East,Financing,Yes,Online
7592,2,18,2023-03-23,145619.8,2,South,Financing,Yes,Dealer
7593,19,32,2025-08-30,64938.27,27,West,Cash,No,Online
7594,18,19,2023-05-15,131301.42,30,North,Cash,No,Dealer
7595,139,63,2023-05-04,127050.69,20,South,Cash,Yes,Online
7596,135,37,2023-07-07,139966.01,18,East,Cash,No,Dealer
7597,182,56,2023-06-10,61149.97,23,South,Cash,Yes,Online
7598,192,83,2023-07-02,102137.59,11,East,Cash,No,Online
7599,5,45,2024-02-28,92945.36,28,South,Cash,Yes,Dealer
7600,194,74,2024-08-15,73731.41,27,North,Financing,No,Dealer
7601,37,92,2023-11-05,92315.78,8,South,Financing,Yes,Dealer
7602,94,82,2024-08-24,54515.01,5,West,Financing,Yes,Online
7603,79,67,2024-05-13,96486.75,7,West,Financing,Yes,Dealer
7604,64,22,2025-08-23,81507.88,12,South,Financing,No,Online
7605,143,30,2023-01-15,153340.96,5,West,Cash,Yes,Dealer
7606,15,55,2023-11-29,133137.73,28,East,Cash,No,Online
7607,192,88,2025-04-22,92555.45,24,South,Cash,Yes,Dealer
7608,106,33,2022-11-10,125203.03,14,North,Cash,Yes,Dealer
7609,190,38,2025-09-19,92280.65,29,East,Cash,Yes,Online
7610,150,64,2024-12-06,61788.69,4,North,Cash,No,Dealer
7611,56,28,2023-12-08,130814.1,2,North,Cash,Yes,Dealer
7612,11,85,2025-05-25,132232.02,19,North,Cash,No,Dealer
7613,129,38,2024-01-06,57028.12,22,East,Financing,No,Online
7614,42,45,2024-02-17,154579.36,6,West,Financing,No,Dealer
7615,86,47,2024-09-04,96921.91,23,East,Financing,Yes,Online
7616,127,64,2024-11-30,110847.51,11,South,Cash,No,Online
7617,182,53,2023-01-21,60471.65,27,East,Cash,Yes,Online
7618,24,55,2022-11-29,60244.06,13,East,Cash,Yes,Online
7619,71,78,2023-06-20,97214.7,18,East,Cash,Yes,Online
7620,171,41,2025-02-02,77478.65,15,West,Cash,Yes,Online
7621,65,7,2022-11-14,93708.71,10,West,Cash,No,Online
7622,194,30,2024-12-27,84003.34,3,East,Financing,Yes,Online
7623,188,60,2023-02-16,75865.98,7,West,Financing,No,Online
7624,16,100,2022-12-24,108605.69,23,East,Financing,Yes,Dealer
7625,111,46,2024-02-22,117241.1,10,West,Cash,No,Dealer
7626,57,82,2024-05-07,142113.97,1,West,Financing,Yes,Dealer
7627,172,100,2024-12-31,156796.53,22,East,Cash,Yes,Dealer
7628,137,60,2023-06-22,100448.29,14,North,Financing,No,Online
7629,82,51,2025-06-26,134870.84,3,East,Financing,No,Online
7630,12,64,2023-10-05,71591.06,30,North,Financing,No,Online
7631,23,48,2025-04-06,141819.7,18,North,Cash,No,Online
7632,188,65,2025-03-14,78067.96,15,West,Cash,Yes,Online
7633,107,65,2022-12-27,90070.59,7,East,Financing,Yes,Dealer
7634,48,8,2024-10-24,73935.71,13,North,Cash,No,Dealer
7635,107,79,2024-03-03,86216.77,1,South,Financing,Yes,Dealer
7636,142,17,2023-01-14,91465.32,24,North,Financing,No,Online
7637,149,94,2023-07-29,79459.1,1,South,Cash,No,Online
7638,9,90,2023-08-12,145838.2,16,South,Financing,No,Dealer
7639,160,18,2024-12-03,161424.63,4,South,Cash,Yes,Dealer
7640,131,79,2024-12-01,56294.71,19,North,Financing,No,Dealer
7641,53,11,2023-06-19,60903.08,15,North,Cash,No,Dealer
7642,54,99,2024-08-20,112025.81,27,North,Financing,No,Online
7643,167,9,2023-07-10,89717.16,19,South,Financing,Yes,Dealer
7644,78,38,2024-08-27,66576.66,12,North,Cash,Yes,Online
7645,39,46,2025-04-17,106012.03,10,North,Financing,Yes,Dealer
7646,27,31,2023-10-07,54588.42,12,North,Financing,No,Online
7647,116,53,2024-09-06,126392.3,9,West,Cash,No,Online
7648,162,76,2024-04-11,114990.73,9,North,Cash,Yes,Dealer
7649,86,30,2023-05-12,99512.79,25,North,Financing,Yes,Online
7650,113,98,2024-02-08,102421.03,18,East,Financing,No,Dealer
7651,14,23,2022-11-21,93415.41,5,West,Financing,Yes,Online
7652,25,71,2023-01-24,148418.11,2,West,Financing,Yes,Dealer
7653,46,58,2024-07-25,78549.75,19,East,Financing,No,Dealer
7654,32,92,2024-11-08,62134.47,26,West,Financing,No,Dealer
7655,165,19,2023-04-17,94186.24,3,North,Cash,Yes,Dealer
7656,54,93,2025-03-18,116026.77,9,West,Cash,Yes,Dealer
7657,43,43,2022-11-18,123863.77,15,East,Financing,Yes,Online
7658,118,31,2023-08-28,113983.23,11,East,Financing,Yes,Dealer
7659,134,54,2023-01-07,77556.47,17,South,Cash,Yes,Dealer
7660,200,29,2024-04-23,91554.78,11,South,Financing,No,Dealer
7661,167,51,2023-03-01,90262.41,21,South,Cash,No,Dealer
7662,29,29,2023-09-27,79523.12,30,North,Financing,No,Dealer
7663,187,43,2025-04-20,95704.36,5,North,Cash,Yes,Online
7664,188,40,2023-01-13,75889.75,1,South,Financing,Yes,Online
7665,49,29,2024-08-18,145320.5,22,West,Cash,No,Dealer
7666,197,27,2023-05-01,54593.91,12,North,Cash,Yes,Dealer
7667,170,94,2024-09-24,73314.59,14,South,Financing,No,Dealer
7668,145,36,2024-07-14,128012.2,21,West,Financing,No,Dealer
7669,158,10,2022-11-20,103841.07,20,East,Cash,Yes,Dealer
7670,76,41,2025-02-06,124941.22,24,South,Financing,No,Dealer
7671,49,63,2023-11-29,134924.24,28,East,Cash,Yes,Online
7672,129,83,2023-12-29,57016.62,18,West,Cash,No,Dealer
7673,103,30,2022-12-27,112935.4,8,South,Cash,Yes,Online
7674,87,34,2023-05-06,50217.16,24,South,Financing,No,Dealer
7675,2,97,2023-08-08,146402.2,12,East,Cash,Yes,Dealer
7676,9,55,2024-08-03,142995.65,12,West,Financing,No,Online
7677,47,55,2025-04-26,151467.72,16,East,Cash,No,Dealer
7678,58,45,2024-11-07,51321.5,4,South,Financing,No,Dealer
7679,43,73,2023-12-24,112620.41,7,East,Financing,No,Online
7680,86,89,2022-12-27,92895.02,18,South,Cash,No,Dealer
7681,103,5,2024-04-25,109048.75,11,West,Financing,No,Dealer
7682,22,22,2022-12-19,85274.16,9,South,Cash,No,Dealer
7683,25,40,2025-02-22,149784.38,13,West,Cash,Yes,Dealer
7684,173,22,2024-12-10,53662.31,28,East,Cash,No,Online
7685,193,44,2024-03-31,61292.7,21,South,Cash,Yes,Online
7686,195,94,2024-05-27,132430.3,3,West,Financing,No,Dealer
7687,200,58,2025-09-24,105384.31,17,West,Cash,Yes,Online
7688,118,9,2024-10-06,111821.81,18,North,Financing,No,Dealer
7689,30,85,2024-12-22,106777.39,18,West,Financing,Yes,Dealer
7690,176,8,2023-07-29,52548.04,23,South,Financing,No,Online
7691,90,97,2025-03-11,64213.71,9,North,Financing,No,Online
7692,32,62,2023-09-30,58363.77,10,North,Financing,Yes,Online
7693,114,40,2025-07-05,55714.68,1,North,Cash,Yes,Dealer
7694,129,73,2024-06-02,59110.86,21,South,Financing,Yes,Online
7695,13,96,2023-07-08,56723.57,8,East,Cash,Yes,Online
7696,10,4,2022-12-16,89538.07,10,South,Financing,No,Online
7697,195,16,2023-03-12,135451.69,29,South,Financing,No,Dealer
7698,46,52,2025-02-03,86734.73,25,North,Financing,Yes,Online
7699,3,71,2023-06-20,74410.36,14,North,Financing,Yes,Dealer
7700,176,58,2024-11-16,51770.08,20,South,Financing,No,Online
7701,100,35,2023-04-08,54169.93,5,South,Cash,No,Dealer
7702,137,65,2024-03-04,106224.42,30,North,Financing,No,Dealer
7703,20,23,2024-04-14,143110.55,3,East,Financing,Yes,Dealer
7704,155,83,2024-12-27,133540.78,7,North,Financing,Yes,Dealer
7705,37,29,2025-09-14,89613.46,11,East,Cash,No,Online
7706,29,32,2025-04-12,85092.17,28,West,Cash,No,Dealer
7707,27,56,2023-09-10,56043.12,6,East,Financing,No,Dealer
7708,129,64,2025-07-06,58788.23,2,North,Financing,No,Dealer
7709,31,35,2025-04-29,88505.37,13,East,Cash,No,Dealer
7710,185,6,2022-12-27,118779.08,4,West,Financing,No,Dealer
7711,113,68,2024-05-16,95045.83,20,South,Financing,No,Dealer
7712,56,79,2024-12-16,124517.1,7,West,Cash,Yes,Online
7713,97,94,2025-02-08,81176.66,1,West,Cash,No,Dealer
7714,165,37,2023-10-22,95983.75,5,South,Financing,Yes,Dealer
7715,189,68,2023-07-06,55318.69,1,West,Cash,No,Online
7716,141,56,2025-08-30,53118.06,11,North,Financing,No,Dealer
7717,30,89,2025-01-16,92977.28,5,West,Financing,No,Dealer
7718,97,41,2023-07-04,82927.35,14,West,Cash,No,Online
7719,181,71,2025-02-25,98894.5,22,South,Cash,Yes,Online
7720,54,8,2025-09-28,115832.69,29,South,Cash,Yes,Online
7721,126,77,2024-03-08,91311.92,24,South,Cash,No,Dealer
7722,145,92,2025-04-14,118250.54,24,North,Cash,Yes,Online
7723,52,43,2024-08-21,142794.08,25,South,Financing,No,Dealer
7724,153,1,2022-11-06,75651.96,3,South,Cash,Yes,Online
7725,18,30,2024-12-28,138335.64,7,East,Financing,No,Dealer
7726,183,1,2023-12-01,146972.91,22,East,Cash,No,Dealer
7727,155,82,2023-07-08,136704.82,3,North,Cash,Yes,Online
7728,51,53,2024-03-01,125783.86,19,East,Cash,Yes,Dealer
7729,144,29,2024-11-28,116756.68,3,North,Cash,Yes,Online
7730,144,26,2024-12-18,116696.01,27,West,Financing,Yes,Dealer
7731,18,39,2024-09-08,148504.21,24,East,Financing,No,Online
7732,156,37,2023-12-06,129469.33,29,West,Cash,No,Online
7733,130,15,2023-04-03,67627.05,21,West,Financing,Yes,Online
7734,43,31,2024-01-30,121580.18,3,West,Financing,Yes,Online
7735,11,9,2024-09-25,131415.77,30,North,Cash,No,Online
7736,59,19,2025-07-19,122095.12,24,West,Financing,No,Online
7737,9,12,2023-12-29,148062.93,20,East,Financing,Yes,Online
7738,131,69,2024-04-18,52678.36,7,East,Financing,Yes,Dealer
7739,64,63,2025-01-30,79014.87,10,East,Cash,No,Dealer
7740,141,34,2024-01-20,54746.01,16,North,Cash,Yes,Online
7741,130,86,2024-10-23,68841.17,21,North,Cash,No,Dealer
7742,18,77,2022-12-04,131187.01,28,East,Cash,No,Online
7743,62,40,2025-01-22,72725.51,29,South,Financing,Yes,Dealer
7744,12,42,2023-11-04,75777.63,20,South,Cash,Yes,Dealer
7745,196,21,2023-06-30,117613.89,14,East,Financing,Yes,Dealer
7746,120,56,2025-05-29,139170.26,27,West,Cash,No,Dealer
7747,163,69,2024-10-28,121110.33,15,West,Cash,Yes,Dealer
7748,44,99,2023-05-17,153179.53,19,North,Cash,Yes,Dealer
7749,17,7,2024-02-18,104636.77,24,South,Financing,Yes,Online
7750,13,50,2024-08-18,54609.0,12,West,Financing,Yes,Dealer
7751,31,41,2023-06-22,83105.92,29,North,Cash,No,Dealer
7752,7,47,2025-07-28,63284.68,9,North,Financing,Yes,Dealer
7753,165,83,2024-04-05,94292.61,19,North,Financing,Yes,Dealer
7754,33,7,2023-08-27,94142.6,25,South,Cash,No,Dealer
7755,85,17,2025-01-08,62530.75,13,South,Financing,No,Online
7756,60,30,2024-01-07,105768.4,22,North,Cash,Yes,Online
7757,56,62,2024-08-24,133022.13,24,North,Cash,Yes,Online
7758,82,70,2025-04-17,136950.01,5,North,Financing,Yes,Dealer
7759,80,86,2023-07-28,94395.26,3,East,Financing,Yes,Online
7760,43,65,2023-08-29,123477.5,13,East,Cash,No,Online
7761,80,29,2024-02-19,95697.36,11,South,Financing,Yes,Online
7762,79,45,2025-01-03,91240.31,22,East,Financing,No,Online
7763,51,30,2024-08-15,122985.4,2,North,Cash,Yes,Dealer
7764,141,100,2023-10-13,52829.95,3,East,Financing,Yes,Dealer
7765,1,56,2024-12-09,129164.45,5,East,Cash,No,Online
7766,146,84,2024-03-29,87789.88,28,South,Financing,Yes,Online
7767,55,9,2023-01-09,146306.22,6,South,Financing,No,Dealer
7768,104,100,2023-11-17,95484.45,18,North,Cash,Yes,Online
7769,164,69,2024-09-12,145512.98,1,East,Financing,Yes,Dealer
7770,153,48,2023-05-04,76042.58,3,South,Financing,No,Dealer
7771,20,70,2024-06-11,154914.9,7,North,Financing,No,Online
7772,162,22,2024-02-13,113624.41,2,East,Cash,No,Online
7773,71,3,2025-04-17,97209.49,1,West,Cash,No,Online
7774,26,95,2023-04-30,90332.78,1,South,Cash,No,Online
7775,80,78,2023-02-27,92036.95,24,South,Cash,Yes,Dealer
7776,93,29,2024-04-15,137941.49,21,West,Financing,Yes,Online
7777,127,42,2023-01-30,124696.61,5,West,Cash,Yes,Online
7778,66,3,2025-08-03,127694.49,29,North,Cash,Yes,Dealer
7779,147,26,2023-10-05,110940.47,16,East,Cash,Yes,Dealer
7780,10,82,2024-06-29,83624.63,2,West,Financing,Yes,Dealer
7781,96,83,2024-08-10,84509.14,16,East,Cash,Yes,Dealer
7782,21,81,2023-09-19,120941.2,18,North,Cash,No,Dealer
7783,47,15,2023-10-05,143207.58,21,South,Financing,Yes,Dealer
7784,185,30,2024-04-28,123602.62,29,East,Financing,No,Online
7785,125,83,2024-03-15,151552.47,20,South,Cash,Yes,Dealer
7786,95,11,2025-05-18,124489.96,27,East,Financing,Yes,Dealer
7787,91,92,2025-07-31,151536.09,7,South,Cash,No,Online
7788,65,80,2023-09-08,93243.98,9,East,Cash,No,Dealer
7789,75,38,2024-02-01,91363.37,8,West,Cash,Yes,Dealer
7790,162,2,2024-01-21,122347.47,5,South,Cash,Yes,Online
7791,176,1,2024-10-25,56568.84,8,North,Cash,No,Online
7792,126,45,2023-04-28,91343.15,12,West,Financing,Yes,Online
7793,107,28,2025-01-18,88317.2,9,East,Cash,Yes,Dealer
7794,55,39,2024-08-11,134975.14,30,West,Financing,No,Online
7795,132,19,2023-10-02,103581.48,29,South,Cash,No,Online
7796,60,59,2022-11-25,104037.76,21,East,Cash,No,Online
7797,37,63,2024-11-15,91944.1,4,South,Financing,No,Dealer
7798,37,69,2023-03-19,93705.46,10,West,Cash,No,Online
7799,14,27,2024-03-25,93490.36,28,South,Cash,Yes,Dealer
7800,16,40,2025-03-03,98282.35,20,South,Financing,No,Online
7801,41,49,2025-01-02,54051.25,12,East,Cash,No,Dealer
7802,144,7,2023-02-20,116704.15,6,South,Cash,Yes,Online
7803,130,46,2024-01-11,69786.66,21,North,Financing,Yes,Dealer
7804,61,85,2025-05-24,132282.77,17,South,Financing,Yes,Dealer
7805,163,100,2022-10-17,113615.97,27,North,Financing,No,Dealer
7806,24,69,2024-05-03,68602.71,28,North,Cash,Yes,Dealer
7807,195,5,2023-11-29,122039.21,14,North,Financing,No,Online
7808,60,28,2025-07-04,106880.58,12,South,Cash,No,Online
7809,44,99,2025-09-26,149357.01,11,West,Cash,No,Online
7810,68,15,2024-01-10,101880.4,28,East,Financing,No,Online
7811,143,8,2025-03-22,147960.74,24,East,Cash,Yes,Online
7812,159,55,2023-09-28,130957.39,14,East,Cash,No,Online
7813,152,1,2023-04-26,114011.03,17,South,Financing,No,Dealer
7814,169,58,2023-04-06,59520.62,9,East,Cash,No,Online
7815,125,55,2023-01-16,146483.12,28,South,Financing,Yes,Dealer
7816,74,100,2023-01-24,103738.6,7,South,Financing,Yes,Online
7817,26,38,2024-03-23,86171.22,13,West,Cash,Yes,Dealer
7818,136,27,2023-01-16,74613.18,26,South,Financing,Yes,Online
7819,62,9,2024-12-17,73703.77,2,East,Financing,No,Dealer
7820,123,34,2022-11-19,145268.49,22,South,Financing,No,Dealer
7821,59,42,2023-12-22,110142.22,5,North,Cash,No,Online
7822,43,65,2025-08-29,116659.42,19,East,Cash,Yes,Online
7823,69,79,2024-07-02,84755.74,23,West,Financing,No,Online
7824,94,29,2023-07-09,60116.45,20,East,Financing,Yes,Online
7825,190,42,2025-02-11,82756.34,10,West,Cash,No,Dealer
7826,21,68,2024-12-22,115385.1,18,South,Financing,No,Online
7827,23,27,2023-10-29,132260.91,14,North,Financing,No,Dealer
7828,57,24,2023-08-15,131968.69,26,West,Financing,No,Dealer
7829,18,39,2023-06-09,139205.2,9,South,Cash,No,Dealer
7830,58,29,2025-08-02,55492.84,15,West,Financing,Yes,Dealer
7831,36,59,2022-11-20,136395.33,13,East,Cash,No,Online
7832,193,52,2024-12-05,55909.54,8,West,Cash,Yes,Online
7833,164,99,2024-05-25,153174.45,27,North,Financing,No,Online
7834,171,81,2024-07-25,77291.45,12,South,Cash,Yes,Online
7835,129,59,2022-12-30,60112.84,18,North,Financing,Yes,Dealer
7836,165,74,2023-12-28,90784.12,17,South,Financing,Yes,Online
7837,91,88,2024-07-09,153158.74,26,West,Cash,No,Dealer
7838,200,53,2024-06-30,96117.17,17,North,Cash,No,Dealer
7839,158,87,2023-07-17,102032.2,9,South,Cash,No,Online
7840,100,53,2023-05-04,49644.18,28,North,Financing,Yes,Dealer
7841,139,50,2023-07-07,130334.37,8,West,Financing,No,Dealer
7842,60,80,2025-04-08,108907.5,13,East,Cash,No,Online
7843,104,2,2023-06-26,101913.5,1,West,Financing,No,Online
7844,66,2,2024-11-17,121715.08,21,North,Cash,Yes,Online
7845,26,9,2022-11-09,87133.0,15,South,Cash,Yes,Dealer
7846,153,2,2022-12-06,79191.02,16,West,Cash,Yes,Dealer
7847,107,91,2025-08-16,87132.46,3,East,Cash,Yes,Online
7848,34,72,2025-01-09,127102.2,1,South,Financing,No,Dealer
7849,111,11,2025-02-16,108992.9,23,North,Financing,No,Dealer
7850,102,53,2022-10-07,85570.66,6,East,Financing,Yes,Dealer
7851,56,70,2023-11-23,134063.68,26,South,Cash,Yes,Dealer
7852,7,80,2024-06-15,66030.35,19,South,Financing,Yes,Dealer
7853,104,99,2024-12-01,98846.3,9,East,Financing,No,Dealer
7854,43,57,2024-08-03,123224.12,7,East,Cash,No,Online
7855,185,42,2023-12-23,119373.05,10,North,Cash,No,Dealer
7856,100,89,2024-08-26,54635.75,11,West,Financing,No,Dealer
7857,29,65,2024-02-26,83775.09,20,North,Financing,No,Online
7858,126,30,2025-06-17,88099.51,29,North,Cash,Yes,Dealer
7859,146,61,2025-09-16,83283.15,16,North,Cash,Yes,Online
7860,4,4,2024-06-17,113682.27,21,West,Financing,Yes,Online
7861,131,22,2025-08-16,52211.87,5,East,Cash,Yes,Online
7862,155,40,2023-11-21,122391.05,4,East,Financing,No,Online
7863,163,81,2024-10-19,111572.51,4,North,Cash,No,Dealer
7864,166,4,2024-07-28,136862.93,19,North,Cash,No,Dealer
7865,67,45,2024-06-26,80339.37,6,East,Cash,No,Dealer
7866,82,54,2025-04-03,145654.35,23,South,Financing,No,Dealer
7867,7,77,2024-12-13,67559.7,21,West,Cash,No,Dealer
7868,174,63,2023-09-01,60100.36,5,South,Cash,No,Online
7869,3,52,2022-12-20,72893.16,4,South,Financing,No,Dealer
7870,11,77,2023-04-06,127515.43,22,North,Financing,Yes,Online
7871,58,61,2024-09-07,50218.42,3,East,Cash,No,Online
7872,169,14,2024-09-15,62062.78,8,East,Financing,Yes,Dealer
7873,182,69,2023-04-10,61244.72,29,East,Cash,Yes,Online
7874,37,83,2023-03-09,94062.86,26,West,Cash,No,Online
7875,172,70,2024-02-22,152461.98,24,North,Financing,Yes,Dealer
7876,47,74,2023-03-21,150542.01,15,North,Cash,No,Dealer
7877,52,30,2024-02-25,133440.8,17,North,Financing,Yes,Dealer
7878,171,25,2024-12-08,75027.56,6,West,Financing,No,Online
7879,3,34,2023-02-06,71067.77,25,South,Cash,Yes,Online
7880,179,88,2023-03-03,114985.96,18,East,Financing,Yes,Online
7881,58,34,2024-10-20,53564.4,18,North,Cash,No,Online
7882,24,9,2023-05-04,62380.98,29,East,Financing,No,Dealer
7883,125,29,2024-02-27,157967.48,6,North,Financing,Yes,Dealer
7884,108,9,2022-11-15,160607.01,15,North,Cash,No,Online
7885,39,15,2023-03-31,101310.5,24,South,Financing,No,Dealer
7886,30,60,2024-04-16,93111.51,9,East,Cash,Yes,Online
7887,197,43,2024-09-08,51151.26,30,East,Cash,No,Online
7888,126,27,2023-07-15,79861.43,9,West,Financing,No,Online
7889,59,100,2024-05-04,115013.73,6,North,Cash,No,Online
7890,142,83,2023-12-29,86942.23,25,South,Cash,Yes,Online
7891,38,10,2025-05-27,106156.26,25,West,Cash,No,Dealer
7892,180,6,2024-11-25,115765.32,7,West,Cash,No,Online
7893,159,39,2023-06-04,124584.44,7,South,Financing,Yes,Dealer
7894,86,16,2024-01-08,98908.93,5,North,Financing,Yes,Dealer
7895,86,70,2024-10-10,97845.55,13,South,Cash,No,Online
7896,166,20,2023-02-28,142277.31,16,South,Financing,No,Dealer
7897,200,47,2023-09-04,96820.36,24,North,Cash,Yes,Dealer
7898,156,45,2025-07-15,128563.65,30,South,Cash,Yes,Online
7899,179,77,2023-04-15,104800.09,25,North,Financing,Yes,Dealer
7900,98,51,2022-12-21,117424.92,16,East,Financing,Yes,Online
7901,69,10,2024-06-24,86185.73,4,South,Cash,Yes,Online
7902,70,22,2022-11-28,128286.69,28,East,Cash,No,Dealer
7903,159,52,2024-07-17,137379.41,11,East,Financing,No,Online
7904,129,42,2022-12-30,54820.95,11,East,Cash,No,Online
7905,79,31,2023-05-17,97674.68,19,West,Financing,No,Dealer
7906,1,51,2023-12-02,120667.44,2,West,Cash,No,Dealer
7907,13,45,2024-10-18,59255.28,22,North,Cash,Yes,Online
7908,198,64,2024-01-07,52032.94,15,North,Cash,No,Online
7909,6,21,2024-06-21,58660.89,19,South,Financing,No,Dealer
7910,16,45,2025-07-19,102794.52,5,South,Financing,Yes,Dealer
7911,26,91,2024-10-09,84864.28,25,West,Cash,Yes,Online
7912,96,29,2024-10-13,76029.28,30,East,Financing,Yes,Dealer
7913,195,11,2024-05-03,122472.45,14,East,Cash,Yes,Online
7914,33,86,2025-08-12,91713.09,27,East,Financing,No,Dealer
7915,166,66,2023-10-27,138898.61,25,South,Financing,No,Online
7916,5,87,2024-01-28,88624.7,23,North,Cash,No,Online
7917,64,62,2025-06-17,85603.7,16,West,Cash,Yes,Dealer
7918,25,91,2024-12-12,153046.86,10,West,Cash,No,Online
7919,127,23,2024-09-06,115810.57,2,South,Cash,No,Online
7920,73,39,2025-09-20,91928.85,30,South,Cash,No,Dealer
7921,109,91,2022-12-25,148616.54,21,South,Financing,Yes,Dealer
7922,18,36,2023-05-10,136717.19,11,North,Cash,Yes,Online
7923,65,31,2023-02-01,98075.94,3,West,Financing,No,Dealer
7924,113,45,2023-10-06,94482.94,13,South,Financing,Yes,Online
7925,196,20,2025-02-13,113171.24,2,North,Financing,No,Online
7926,22,75,2022-10-14,85448.49,29,North,Financing,Yes,Online
7927,194,39,2024-10-02,74658.79,13,West,Cash,Yes,Dealer
7928,179,30,2023-04-24,109366.24,29,East,Financing,No,Online
7929,23,40,2024-09-23,147092.54,23,East,Cash,No,Online
7930,131,67,2024-05-20,51636.84,24,South,Financing,Yes,Dealer
7931,147,56,2024-12-19,107655.26,28,East,Financing,No,Online
7932,39,32,2025-07-14,95094.98,16,South,Cash,Yes,Online
7933,60,18,2024-05-12,118024.91,10,West,Cash,No,Dealer
7934,104,3,2024-07-31,96273.42,12,South,Financing,No,Dealer
7935,7,47,2024-09-16,65940.96,24,East,Cash,No,Online
7936,110,95,2023-01-14,141305.5,19,East,Cash,Yes,Online
7937,196,44,2023-12-12,119109.6,18,South,Financing,No,Online
7938,22,77,2023-09-17,81634.67,15,West,Cash,No,Dealer
7939,15,39,2023-09-01,123448.4,5,East,Cash,No,Dealer
7940,97,20,2023-06-08,78986.47,14,West,Cash,No,Dealer
7941,77,32,2023-07-12,62472.14,1,North,Financing,Yes,Dealer
7942,119,51,2025-09-08,141974.15,29,North,Financing,Yes,Online
7943,56,79,2022-12-26,133101.36,23,South,Financing,No,Dealer
7944,97,49,2023-01-01,87021.73,26,South,Financing,No,Dealer
7945,48,40,2025-01-22,82007.65,25,East,Cash,No,Dealer
7946,178,10,2023-01-20,88540.09,6,West,Financing,Yes,Online
7947,194,95,2024-12-29,75024.7,17,North,Cash,No,Dealer
7948,115,78,2023-05-16,68336.96,19,East,Cash,No,Online
7949,105,91,2024-08-10,59989.42,18,West,Financing,No,Online
7950,186,2,2023-06-20,119608.31,10,West,Financing,Yes,Online
7951,83,67,2024-01-19,84358.24,30,East,Cash,Yes,Dealer
7952,41,36,2023-09-05,51876.45,15,West,Financing,No,Online
7953,162,97,2025-01-01,125438.79,23,West,Financing,Yes,Online
7954,7,44,2024-09-25,60397.39,9,South,Cash,No,Dealer
7955,193,39,2023-03-26,62294.32,15,North,Cash,No,Dealer
7956,36,3,2025-04-25,148902.19,29,South,Cash,No,Online
7957,126,4,2024-08-15,83803.84,13,South,Cash,Yes,Dealer
7958,139,76,2022-12-14,135895.22,11,South,Cash,No,Dealer
7959,58,47,2024-06-11,57062.05,21,South,Cash,No,Dealer
7960,140,73,2023-11-27,63397.36,26,East,Financing,Yes,Dealer
7961,13,44,2023-01-01,54119.99,28,East,Financing,Yes,Online
7962,188,52,2022-10-17,73137.76,21,West,Cash,No,Online
7963,149,41,2023-12-11,73396.52,19,East,Cash,Yes,Dealer
7964,135,81,2023-02-22,136129.2,17,South,Financing,No,Online
7965,44,15,2022-11-21,151368.47,4,West,Financing,Yes,Online
7966,138,78,2023-08-05,149431.19,22,South,Cash,No,Dealer
7967,90,56,2025-05-28,70022.21,28,North,Financing,Yes,Dealer
7968,67,87,2025-03-01,83028.68,25,South,Financing,Yes,Online
7969,81,31,2023-05-16,78508.65,18,West,Financing,No,Dealer
7970,152,26,2024-12-21,109330.66,10,East,Cash,Yes,Online
7971,76,83,2024-08-26,126996.84,5,West,Financing,No,Dealer
7972,112,94,2025-03-29,59351.49,28,East,Financing,No,Online
7973,105,1,2023-09-18,67966.0,20,East,Cash,No,Dealer
7974,131,64,2023-08-12,53636.41,28,North,Cash,No,Online
7975,174,80,2024-10-31,67563.61,13,East,Financing,Yes,Online
7976,116,38,2025-04-29,122645.95,30,North,Cash,No,Dealer
7977,188,92,2024-02-06,70443.04,23,West,Cash,Yes,Online
7978,151,79,2024-06-22,99868.99,14,East,Financing,No,Online
7979,28,61,2023-06-07,122296.31,10,West,Financing,No,Online
7980,142,55,2024-06-22,83384.49,18,East,Cash,Yes,Dealer
7981,134,36,2023-05-09,79861.3,4,East,Financing,No,Dealer
7982,189,93,2023-02-03,56268.6,26,South,Cash,No,Dealer
7983,184,58,2024-11-25,135139.51,19,West,Cash,Yes,Dealer
7984,109,11,2024-01-22,143770.04,7,South,Cash,Yes,Dealer
7985,104,28,2022-12-21,103410.96,20,West,Financing,No,Online
7986,198,74,2025-09-22,51229.45,15,West,Financing,No,Dealer
7987,76,64,2023-01-21,128930.85,4,North,Financing,No,Online
7988,69,5,2024-08-04,79541.76,19,West,Financing,Yes,Online
7989,125,41,2024-12-12,163555.18,14,East,Financing,Yes,Dealer
7990,13,20,2025-05-03,54083.8,4,North,Financing,Yes,Dealer
7991,158,54,2023-09-20,109617.37,20,West,Cash,No,Online
7992,55,23,2025-04-27,146229.38,26,West,Cash,No,Online
7993,17,73,2024-03-10,117260.97,14,South,Financing,Yes,Dealer
7994,149,65,2025-08-25,80159.56,3,North,Cash,No,Dealer
7995,143,89,2023-11-09,147931.34,20,West,Financing,Yes,Dealer
7996,109,75,2023-10-19,143553.07,3,West,Cash,Yes,Online
7997,159,70,2024-03-17,142527.26,7,East,Financing,No,Online
7998,98,36,2024-05-10,105935.45,13,North,Financing,Yes,Online
7999,111,82,2025-05-08,113267.57,23,East,Cash,No,Online
8000,13,5,2023-08-24,56571.73,9,West,Financing,No,Online
8001,39,20,2023-03-18,94640.97,28,North,Cash,No,Dealer
8002,185,87,2025-06-18,126987.67,20,West,Financing,Yes,Dealer
8003,70,18,2024-07-22,125225.07,21,North,Cash,No,Online
8004,1,92,2023-10-07,136562.56,13,West,Cash,Yes,Dealer
8005,8,36,2023-09-02,114055.53,27,West,Financing,Yes,Online
8006,126,79,2022-12-01,80934.98,13,North,Financing,No,Online
8007,38,31,2025-04-20,106815.56,2,East,Cash,No,Dealer
8008,155,78,2023-10-07,119322.4,18,North,Financing,No,Dealer
8009,140,88,2025-04-21,67306.13,4,West,Financing,Yes,Online
8010,195,20,2024-07-22,134970.43,28,West,Cash,Yes,Online
8011,26,31,2024-05-25,83248.96,28,East,Cash,No,Online
8012,155,74,2022-11-29,128411.65,9,South,Financing,Yes,Dealer
8013,102,1,2022-12-07,83460.02,25,South,Financing,No,Dealer
8014,4,95,2023-04-29,108147.53,15,East,Cash,No,Dealer
8015,73,15,2024-09-21,105681.49,22,East,Financing,No,Dealer
8016,23,77,2024-10-06,134751.98,13,South,Cash,Yes,Online
8017,159,48,2024-10-07,126142.76,1,West,Financing,Yes,Online
8018,196,25,2024-07-09,117013.46,5,West,Financing,Yes,Dealer
8019,39,49,2024-12-09,99768.92,22,North,Financing,Yes,Online
8020,159,29,2024-08-24,134156.57,28,South,Cash,Yes,Dealer
8021,88,81,2024-04-12,52033.74,17,West,Cash,Yes,Online
8022,3,35,2022-10-14,78170.5,5,North,Cash,No,Online
8023,198,45,2023-01-13,51875.75,6,North,Cash,No,Dealer
8024,90,53,2023-02-18,72682.28,16,South,Financing,Yes,Online
8025,131,50,2024-07-26,52902.92,30,North,Cash,No,Online
8026,14,13,2023-04-07,99245.59,22,South,Cash,Yes,Dealer
8027,150,23,2024-09-04,62052.38,23,East,Financing,Yes,Dealer
8028,111,11,2024-11-20,107900.27,28,South,Cash,Yes,Online
8029,152,63,2024-10-18,108022.25,27,East,Financing,Yes,Online
8030,192,72,2025-05-19,95581.15,6,East,Cash,No,Online
8031,46,10,2022-12-15,77615.86,26,West,Cash,No,Dealer
8032,97,95,2025-08-08,87738.7,2,North,Cash,Yes,Online
8033,142,53,2024-05-17,89824.35,4,West,Cash,No,Online
8034,52,44,2025-05-29,153618.67,8,East,Financing,Yes,Online
8035,68,20,2023-07-27,90310.28,29,East,Financing,Yes,Online
8036,111,47,2024-09-04,114698.97,19,South,Financing,No,Online
8037,127,94,2025-04-25,124213.02,6,West,Cash,Yes,Dealer
8038,182,56,2025-06-19,61675.48,24,North,Cash,No,Online
8039,22,84,2023-08-22,84230.27,8,South,Financing,Yes,Dealer
8040,126,12,2023-06-04,90554.51,13,West,Cash,No,Online
8041,39,19,2023-12-06,97080.13,24,North,Cash,No,Online
8042,25,3,2024-02-09,143649.86,18,South,Cash,Yes,Online
8043,78,91,2024-02-11,66748.31,8,South,Financing,Yes,Dealer
8044,64,12,2025-09-07,78158.56,22,South,Cash,Yes,Dealer
8045,60,11,2023-12-28,112188.82,8,South,Financing,Yes,Dealer
8046,119,10,2024-10-31,153118.84,7,North,Financing,Yes,Online
8047,130,61,2024-07-31,71050.07,22,North,Cash,Yes,Dealer
8048,173,95,2022-10-09,53673.84,15,East,Cash,No,Dealer
8049,189,5,2024-02-03,56973.67,20,East,Cash,No,Online
8050,197,76,2023-12-23,55747.93,20,South,Financing,No,Online
8051,58,16,2022-12-20,55364.74,28,East,Financing,No,Online
8052,150,46,2024-09-28,56937.4,9,South,Cash,Yes,Dealer
8053,66,6,2024-02-22,118432.38,6,East,Financing,Yes,Online
8054,135,68,2023-09-20,134185.67,20,North,Financing,Yes,Online
8055,134,86,2022-11-02,73704.97,15,East,Cash,Yes,Dealer
8056,155,81,2025-09-11,134085.76,26,West,Financing,No,Online
8057,144,96,2025-08-28,124606.98,15,East,Financing,No,Dealer
8058,128,43,2025-09-22,89892.9,8,North,Financing,No,Online
8059,95,25,2024-10-20,112571.14,5,North,Cash,Yes,Online
8060,110,20,2023-01-15,160644.21,4,West,Financing,No,Dealer
8061,149,99,2025-09-19,72645.87,7,North,Financing,Yes,Dealer
8062,74,79,2022-11-23,108990.08,4,North,Financing,Yes,Dealer
8063,72,44,2023-12-10,77366.39,4,West,Financing,Yes,Online
8064,192,4,2023-06-12,100534.01,13,West,Cash,Yes,Online
8065,123,84,2023-11-13,156024.7,9,East,Cash,No,Online
8066,69,53,2022-12-30,85231.82,27,West,Cash,Yes,Online
8067,98,92,2024-01-27,121649.16,30,East,Financing,Yes,Online
8068,198,68,2025-06-02,50920.48,16,East,Cash,Yes,Dealer
8069,54,43,2023-08-02,121404.26,22,East,Cash,Yes,Online
8070,58,9,2024-06-21,55368.79,29,West,Financing,No,Online
8071,35,32,2023-09-17,141407.01,6,South,Financing,No,Online
8072,108,79,2022-12-16,152257.0,16,South,Financing,No,Dealer
8073,41,98,2025-01-23,53769.22,2,West,Cash,No,Online
8074,120,15,2022-10-07,133270.05,24,West,Financing,No,Dealer
8075,91,47,2024-08-25,140415.92,24,South,Financing,Yes,Online
8076,69,63,2024-08-10,85458.34,14,West,Financing,No,Dealer
8077,79,1,2023-07-22,92306.39,14,East,Cash,No,Online
8078,42,66,2025-02-14,144838.34,7,South,Cash,Yes,Online
8079,26,83,2025-08-27,93924.03,22,West,Cash,Yes,Online
8080,146,70,2023-07-30,80653.86,24,North,Cash,Yes,Online
8081,91,55,2025-04-01,149606.44,21,West,Cash,Yes,Dealer
8082,171,16,2024-03-22,75894.34,14,North,Financing,Yes,Online
8083,63,99,2023-12-26,134715.76,24,West,Financing,Yes,Dealer
8084,152,43,2023-05-27,102348.38,18,East,Cash,No,Online
8085,76,83,2025-09-29,135974.14,16,South,Financing,Yes,Online
8086,31,66,2023-02-03,87936.02,26,West,Financing,Yes,Dealer
8087,58,24,2025-06-12,57470.53,6,East,Financing,No,Online
8088,59,55,2022-11-04,122575.96,14,North,Cash,Yes,Dealer
8089,38,94,2022-12-28,104023.51,26,South,Cash,Yes,Online
8090,137,74,2025-09-13,102526.76,3,East,Cash,Yes,Online
8091,117,11,2024-08-13,114602.17,20,North,Financing,No,Dealer
8092,171,7,2023-04-11,71589.69,23,South,Cash,Yes,Online
8093,152,33,2023-04-06,111105.26,15,West,Financing,No,Dealer
8094,51,34,2023-05-16,129891.95,26,East,Financing,Yes,Dealer
8095,67,52,2025-03-25,78849.79,27,West,Cash,Yes,Online
8096,3,6,2024-12-28,77609.19,8,East,Financing,Yes,Dealer
8097,171,52,2025-04-15,77481.99,26,South,Financing,Yes,Dealer
8098,64,96,2024-09-23,87469.74,21,North,Cash,Yes,Dealer
8099,4,97,2025-03-30,100971.82,1,South,Financing,Yes,Online
8100,125,85,2024-10-16,153497.2,24,West,Financing,Yes,Dealer
8101,99,45,2025-07-22,76476.6,14,South,Financing,Yes,Dealer
8102,10,81,2023-07-22,91093.01,9,South,Financing,Yes,Dealer
8103,181,48,2023-01-27,91917.4,3,East,Cash,No,Dealer
8104,190,34,2025-08-06,90299.7,14,South,Cash,No,Dealer
8105,196,52,2025-01-11,104431.14,13,West,Financing,Yes,Online
8106,166,20,2024-08-27,133855.97,13,South,Financing,Yes,Dealer
8107,26,39,2022-12-25,90102.95,4,East,Financing,Yes,Online
8108,80,66,2024-02-07,95213.05,20,East,Financing,Yes,Dealer
8109,99,73,2022-12-15,70544.45,12,East,Financing,No,Dealer
8110,119,47,2023-12-30,142849.97,12,North,Cash,Yes,Dealer
8111,5,6,2024-04-01,98094.14,3,East,Cash,Yes,Online
8112,76,4,2025-06-14,120599.49,21,North,Financing,No,Online
8113,152,92,2023-07-03,106179.03,26,North,Cash,Yes,Online
8114,118,18,2025-06-20,113542.61,25,East,Cash,No,Online
8115,48,4,2022-12-15,84079.84,17,East,Cash,No,Dealer
8116,117,94,2024-04-19,122848.51,17,East,Cash,Yes,Dealer
8117,39,27,2024-03-28,103307.74,2,West,Cash,No,Dealer
8118,26,82,2023-03-02,88087.01,7,North,Financing,No,Dealer
8119,148,64,2023-11-14,121654.79,17,East,Cash,No,Online
8120,83,69,2024-11-14,90321.87,11,East,Financing,No,Online
8121,81,35,2024-05-12,87481.14,4,South,Financing,Yes,Dealer
8122,62,71,2023-08-19,73138.14,16,East,Cash,Yes,Dealer
8123,143,97,2023-10-06,154079.51,13,West,Financing,Yes,Dealer
8124,77,95,2022-11-05,58003.51,5,North,Financing,Yes,Online
8125,200,64,2024-10-26,101247.36,11,North,Cash,No,Dealer
8126,5,68,2023-01-29,87662.2,18,West,Cash,No,Dealer
8127,86,35,2023-05-25,90793.06,12,East,Cash,No,Dealer
8128,62,62,2025-07-01,81279.73,2,East,Financing,No,Online
8129,156,71,2023-09-28,140726.15,12,West,Cash,No,Online
8130,91,13,2024-02-12,147014.9,27,East,Financing,Yes,Online
8131,118,47,2024-04-01,114873.05,12,West,Cash,Yes,Dealer
8132,46,76,2024-10-28,76486.72,11,South,Financing,Yes,Dealer
8133,140,29,2023-02-23,59826.91,10,North,Cash,Yes,Dealer
8134,89,39,2024-10-23,64850.67,25,North,Financing,No,Online
8135,102,47,2025-09-23,86255.28,7,South,Cash,No,Dealer
8136,112,26,2023-04-28,64350.75,10,West,Financing,Yes,Dealer
8137,191,42,2023-07-09,126261.62,16,South,Cash,No,Dealer
8138,87,82,2023-02-01,50837.71,10,South,Cash,Yes,Online
8139,154,81,2025-08-16,108685.2,26,South,Cash,Yes,Online
8140,31,88,2023-10-16,83937.71,2,West,Financing,Yes,Online
8141,9,58,2024-02-10,140053.65,24,North,Financing,No,Online
8142,178,54,2024-04-23,82855.31,28,West,Financing,Yes,Online
8143,23,56,2024-10-27,131582.25,11,South,Cash,Yes,Online
8144,126,18,2023-12-14,82831.82,26,North,Cash,No,Online
8145,93,40,2025-03-21,142502.83,7,South,Financing,No,Dealer
8146,123,85,2023-04-16,150180.38,8,East,Cash,No,Online
8147,125,23,2023-08-15,158414.08,12,North,Cash,No,Online
8148,171,48,2025-02-22,71036.56,17,West,Cash,Yes,Online
8149,53,24,2024-02-05,61721.54,27,South,Cash,Yes,Online
8150,98,85,2024-07-01,121467.16,18,West,Cash,Yes,Dealer
8151,59,65,2023-12-14,113976.11,12,East,Financing,No,Online
8152,89,13,2024-05-06,64599.9,21,West,Financing,Yes,Dealer
8153,41,50,2023-10-21,54670.18,26,East,Financing,Yes,Dealer
8154,127,62,2025-09-06,122764.02,25,East,Cash,Yes,Online
8155,129,6,2025-04-01,57900.58,2,South,Financing,No,Online
8156,52,42,2025-05-12,145777.5,22,East,Financing,No,Dealer
8157,36,48,2024-05-31,143574.88,5,South,Cash,No,Dealer
8158,194,75,2023-11-18,74162.54,30,East,Cash,No,Online
8159,92,53,2023-09-06,119982.41,12,South,Financing,Yes,Dealer
8160,50,40,2022-11-27,137321.0,18,North,Cash,Yes,Online
8161,7,22,2025-09-09,61017.11,9,North,Cash,No,Dealer
8162,97,4,2024-04-05,89978.77,13,South,Financing,No,Dealer
8163,140,61,2023-01-26,62295.82,10,North,Cash,No,Dealer
8164,45,12,2022-11-08,151331.94,16,South,Financing,No,Online
8165,20,91,2024-10-30,145485.99,20,East,Financing,Yes,Online
8166,111,62,2023-05-29,109371.52,4,West,Financing,Yes,Online
8167,99,31,2023-10-21,73324.6,23,South,Financing,No,Online
8168,79,45,2023-02-02,99473.34,21,East,Cash,No,Online
8169,196,28,2024-11-22,118474.06,7,West,Cash,Yes,Online
8170,181,36,2025-08-27,90727.44,27,East,Cash,No,Online
8171,75,79,2023-01-06,96756.21,15,South,Financing,No,Dealer
8172,100,27,2025-06-17,53506.3,26,West,Financing,No,Dealer
8173,146,56,2024-03-23,82498.3,28,North,Cash,Yes,Online
8174,4,10,2022-12-30,105105.48,25,South,Cash,Yes,Dealer
8175,194,75,2024-01-15,84209.39,12,North,Cash,Yes,Dealer
8176,187,72,2024-11-19,99374.65,17,North,Cash,Yes,Online
8177,61,48,2024-11-20,123590.43,4,East,Cash,Yes,Dealer
8178,185,34,2023-01-19,123126.7,19,East,Financing,No,Online
8179,54,11,2023-10-19,117897.53,16,North,Cash,Yes,Online
8180,41,36,2025-04-06,51711.46,16,West,Cash,Yes,Online
8181,75,11,2025-03-07,90549.5,9,South,Financing,No,Dealer
8182,71,91,2023-03-09,100518.66,11,East,Cash,No,Online
8183,194,83,2022-11-21,73408.39,7,West,Financing,No,Dealer
8184,101,48,2024-02-04,129541.03,15,East,Cash,No,Dealer
8185,91,43,2023-12-16,150165.14,21,North,Financing,Yes,Dealer
8186,65,20,2024-03-09,96128.5,3,West,Cash,Yes,Dealer
8187,24,39,2025-07-10,68285.81,16,South,Cash,Yes,Dealer
8188,85,26,2024-12-17,65771.72,4,East,Cash,No,Dealer
8189,75,13,2023-05-17,97240.41,18,East,Financing,Yes,Online
8190,133,42,2023-02-07,98211.31,24,North,Financing,Yes,Online
8191,200,60,2024-03-25,100042.84,25,North,Cash,No,Dealer
8192,85,95,2023-04-08,67022.69,19,South,Cash,Yes,Dealer
8193,6,85,2025-02-11,61372.82,30,North,Financing,No,Dealer
8194,178,75,2023-01-25,86500.77,30,West,Financing,Yes,Dealer
8195,83,56,2025-02-17,80048.42,16,West,Financing,No,Dealer
8196,31,94,2023-08-13,88211.55,14,North,Cash,No,Online
8197,168,67,2023-08-21,106558.09,12,East,Cash,Yes,Dealer
8198,74,90,2023-12-18,108265.93,3,North,Financing,No,Online
8199,28,70,2023-11-12,118330.77,18,North,Financing,No,Dealer
8200,52,35,2023-07-18,154185.65,17,East,Cash,No,Dealer
8201,106,58,2024-10-26,124748.92,12,North,Financing,No,Dealer
8202,7,18,2023-10-28,60238.18,7,South,Financing,Yes,Dealer
8203,144,26,2024-08-07,124138.48,20,West,Financing,No,Online
8204,57,82,2025-04-19,141533.06,21,East,Financing,Yes,Online
8205,28,55,2022-12-13,124063.92,18,East,Cash,Yes,Online
8206,188,35,2023-12-04,75848.79,29,North,Cash,Yes,Dealer
8207,138,79,2025-02-10,149750.2,22,North,Cash,Yes,Dealer
8208,188,60,2023-12-14,79304.92,13,North,Financing,Yes,Dealer
8209,179,24,2024-02-12,113960.23,24,South,Cash,Yes,Dealer
8210,200,73,2025-04-02,105526.16,26,East,Cash,No,Dealer
8211,44,16,2023-02-03,142253.56,28,East,Cash,Yes,Dealer
8212,34,57,2023-11-19,126926.65,26,North,Financing,No,Dealer
8213,95,36,2023-11-20,117792.88,29,North,Financing,No,Online
8214,5,31,2023-02-27,92127.42,15,South,Financing,No,Dealer
8215,177,8,2022-10-29,143513.84,17,South,Cash,No,Online
8216,145,34,2023-06-21,116591.11,17,West,Cash,No,Dealer
8217,125,20,2022-12-06,148913.82,19,West,Cash,Yes,Dealer
8218,55,58,2023-12-05,142242.13,23,North,Cash,No,Dealer
8219,38,1,2024-01-07,113737.12,6,South,Cash,No,Dealer
8220,1,99,2024-03-30,135479.23,18,West,Financing,Yes,Online
8221,81,86,2024-03-27,86570.3,6,East,Cash,No,Dealer
8222,64,12,2025-08-08,88596.34,2,South,Cash,Yes,Online
8223,6,28,2022-12-12,60910.58,13,East,Cash,Yes,Online
8224,187,44,2025-04-06,104739.16,27,East,Cash,No,Online
8225,151,66,2023-07-15,92447.48,7,North,Cash,Yes,Dealer
8226,49,4,2023-03-24,137799.44,30,East,Cash,Yes,Dealer
8227,192,40,2024-03-13,90952.69,12,South,Financing,No,Dealer
8228,133,48,2024-01-03,96295.56,18,West,Financing,No,Dealer
8229,168,57,2023-05-16,107790.34,9,South,Cash,Yes,Online
8230,138,52,2025-08-24,133503.62,9,East,Cash,No,Dealer
8231,72,60,2025-08-01,81075.69,3,West,Financing,Yes,Dealer
8232,93,70,2025-01-04,140599.24,18,East,Cash,No,Dealer
8233,22,20,2025-04-13,82559.3,9,North,Cash,No,Online
8234,26,21,2024-08-28,91318.02,26,North,Cash,Yes,Dealer
8235,14,59,2024-09-05,93659.69,13,North,Cash,No,Online
8236,105,94,2023-02-14,59716.03,6,East,Financing,Yes,Online
8237,41,7,2022-11-09,52853.55,13,East,Cash,Yes,Online
8238,72,33,2024-02-13,72709.72,7,East,Financing,Yes,Dealer
8239,112,68,2025-01-01,62376.14,23,South,Financing,Yes,Dealer
8240,45,99,2023-07-05,147572.86,9,West,Cash,No,Online
8241,18,68,2023-09-22,140614.98,28,West,Cash,No,Online
8242,80,35,2024-11-27,86396.47,13,South,Financing,No,Dealer
8243,188,46,2022-12-09,69783.53,16,North,Financing,No,Online
8244,73,90,2024-07-20,103973.37,5,North,Financing,Yes,Online
8245,26,36,2025-07-22,89048.09,1,North,Cash,No,Dealer
8246,80,77,2024-04-14,95519.39,5,North,Financing,Yes,Online
8247,133,29,2024-06-18,103287.73,28,South,Financing,Yes,Online
8248,187,34,2024-10-27,97693.11,5,North,Financing,No,Online
8249,33,17,2025-05-02,100010.75,11,North,Financing,No,Online
8250,8,36,2025-02-11,110444.58,28,East,Cash,No,Online
8251,69,29,2025-09-15,77761.52,21,East,Financing,No,Dealer
8252,102,28,2025-02-27,81183.85,20,North,Cash,Yes,Online
8253,99,27,2025-02-27,71431.33,8,West,Financing,No,Dealer
8254,153,60,2024-04-12,83968.81,11,West,Financing,No,Dealer
8255,97,85,2022-11-02,84237.3,14,West,Financing,No,Online
8256,57,39,2022-10-26,139467.92,23,West,Financing,Yes,Online
8257,43,39,2024-10-24,111259.29,25,North,Financing,No,Dealer
8258,52,90,2023-06-10,151741.77,5,East,Financing,Yes,Online
8259,79,52,2022-12-20,87093.57,4,East,Cash,No,Online
8260,14,43,2023-02-10,98314.09,27,South,Financing,No,Online
8261,196,38,2022-11-01,113378.63,13,East,Cash,Yes,Dealer
8262,106,46,2023-04-25,127714.01,7,North,Cash,No,Dealer
8263,138,28,2024-04-20,135361.9,25,North,Cash,No,Dealer
8264,10,76,2024-07-01,82006.54,11,South,Financing,No,Dealer
8265,29,27,2022-10-31,78974.27,30,East,Cash,Yes,Dealer
8266,45,94,2023-01-12,145441.45,5,North,Financing,No,Online
8267,49,13,2024-01-18,144601.0,5,North,Financing,No,Dealer
8268,148,79,2023-09-29,121709.93,28,East,Cash,No,Online
8269,156,89,2025-01-17,124567.6,15,West,Financing,No,Online
8270,98,6,2023-09-16,114573.17,4,North,Financing,Yes,Online
8271,34,71,2025-07-15,137419.1,2,South,Financing,Yes,Online
8272,102,10,2024-07-29,78870.91,29,North,Financing,Yes,Online
8273,168,54,2024-10-13,100372.0,11,North,Cash,Yes,Dealer
8274,105,71,2024-08-21,67689.52,16,West,Cash,Yes,Dealer
8275,61,62,2025-05-09,125549.09,1,East,Cash,No,Dealer
8276,11,27,2023-11-25,122773.11,12,West,Financing,Yes,Online
8277,51,86,2024-10-17,120743.55,4,South,Cash,Yes,Dealer
8278,51,33,2023-01-05,130323.68,23,West,Financing,Yes,Online
8279,52,89,2023-09-25,141315.4,26,South,Cash,No,Online
8280,152,36,2023-07-10,105978.89,28,West,Cash,Yes,Dealer
8281,108,94,2024-09-23,155439.71,4,North,Financing,No,Dealer
8282,66,58,2024-09-26,115727.96,12,South,Financing,Yes,Online
8283,123,38,2023-05-17,141272.27,17,South,Cash,No,Online
8284,55,89,2023-05-13,149127.58,8,East,Cash,No,Dealer
8285,29,65,2023-06-07,81821.51,1,West,Financing,No,Dealer
8286,138,19,2023-03-07,149805.7,11,East,Cash,No,Dealer
8287,23,19,2024-07-15,149345.0,7,East,Financing,Yes,Dealer
8288,2,62,2025-05-28,136553.28,26,North,Financing,Yes,Dealer
8289,175,87,2023-07-31,127426.45,17,South,Financing,No,Dealer
8290,114,25,2023-03-25,60892.2,4,South,Financing,Yes,Dealer
8291,64,27,2022-10-29,84370.73,18,East,Financing,No,Online
8292,31,86,2025-07-16,83485.16,3,East,Cash,No,Online
8293,159,30,2024-02-06,128980.19,19,West,Cash,Yes,Online
8294,197,45,2025-10-02,51403.38,29,West,Cash,No,Online
8295,45,72,2025-05-27,140806.52,22,East,Financing,No,Online
8296,99,36,2025-04-21,68491.64,18,South,Financing,No,Online
8297,159,76,2025-07-15,126939.51,26,East,Cash,Yes,Dealer
8298,199,6,2024-08-28,103221.58,13,East,Cash,Yes,Online
8299,171,80,2023-03-22,68300.08,13,South,Financing,Yes,Online
8300,59,80,2025-07-03,118706.68,4,East,Financing,No,Dealer
8301,91,33,2023-01-28,143458.07,26,North,Cash,Yes,Dealer
8302,130,50,2023-05-24,72985.34,12,West,Financing,Yes,Online
8303,156,83,2023-01-17,128116.99,14,East,Cash,No,Dealer
8304,32,73,2023-10-02,63375.3,24,North,Cash,No,Online
8305,186,30,2025-05-11,109449.48,13,West,Financing,Yes,Online
8306,31,70,2024-10-19,93939.41,17,East,Cash,Yes,Dealer
8307,115,100,2022-11-04,62439.45,23,South,Cash,Yes,Dealer
8308,29,61,2023-05-30,75627.13,21,South,Financing,No,Online
8309,114,16,2025-02-15,60000.24,21,North,Financing,No,Dealer
8310,157,12,2024-05-05,90024.78,6,East,Cash,Yes,Online
8311,163,87,2023-07-23,124565.69,16,East,Financing,No,Dealer
8312,193,93,2024-01-23,57581.64,24,East,Cash,Yes,Dealer
8313,7,39,2024-03-17,59754.23,15,South,Cash,No,Online
8314,168,89,2024-07-17,104907.83,6,West,Cash,Yes,Online
8315,2,29,2023-04-03,152804.87,28,North,Cash,No,Dealer
8316,22,80,2025-08-18,88894.65,26,West,Cash,No,Dealer
8317,39,34,2024-08-17,98157.85,2,West,Cash,Yes,Dealer
8318,153,9,2024-02-05,84293.97,26,East,Financing,Yes,Online
8319,154,20,2024-08-27,112459.15,20,North,Cash,No,Dealer
8320,91,72,2025-04-07,142595.74,26,East,Financing,Yes,Online
8321,10,42,2025-01-25,90599.29,10,West,Cash,Yes,Online
8322,154,65,2022-10-31,116610.62,22,West,Financing,Yes,Online
8323,167,47,2025-05-20,93997.94,22,South,Financing,Yes,Dealer
8324,192,28,2024-04-09,93544.55,5,North,Cash,No,Online
8325,156,95,2025-01-06,141096.41,12,East,Financing,No,Online
8326,34,77,2024-11-22,131603.87,29,North,Financing,No,Online
8327,19,45,2024-02-29,61979.14,23,West,Financing,No,Online
8328,128,37,2023-11-14,84279.13,27,South,Cash,Yes,Dealer
8329,101,32,2025-02-19,129273.55,28,North,Cash,No,Dealer
8330,30,88,2023-04-14,97270.58,15,East,Cash,No,Online
8331,196,9,2025-02-06,114125.49,18,West,Financing,No,Online
8332,48,65,2024-11-02,80772.65,17,West,Cash,No,Online
8333,119,35,2025-07-13,142615.27,29,North,Cash,No,Online
8334,1,98,2024-07-29,134068.1,12,South,Financing,Yes,Online
8335,96,12,2023-09-25,74156.02,16,East,Financing,No,Dealer
8336,4,3,2024-11-26,106741.94,20,West,Financing,No,Online
8337,178,61,2022-10-17,90365.19,22,South,Financing,Yes,Dealer
8338,108,14,2023-03-06,147242.06,4,East,Financing,Yes,Dealer
8339,162,4,2024-01-12,114032.04,26,West,Cash,Yes,Online
8340,93,71,2025-04-24,125368.27,3,North,Cash,No,Online
8341,29,10,2025-08-16,79018.68,25,East,Cash,No,Online
8342,38,97,2025-06-12,105842.25,28,East,Cash,No,Online
8343,176,62,2024-08-17,52230.63,26,South,Financing,No,Dealer
8344,120,2,2024-07-04,143169.03,22,North,Financing,Yes,Dealer
8345,14,44,2025-02-04,103692.43,23,West,Financing,Yes,Dealer
8346,25,12,2023-04-26,144147.03,18,East,Cash,Yes,Dealer
8347,186,36,2025-06-24,112038.31,2,North,Financing,Yes,Online
8348,83,29,2023-02-15,85132.81,4,South,Financing,No,Online
8349,90,86,2024-02-16,65005.63,12,East,Cash,Yes,Online
8350,67,11,2023-03-31,86960.98,10,North,Cash,No,Online
8351,99,48,2025-02-20,75082.0,18,East,Cash,No,Online
8352,138,27,2023-09-10,149898.59,28,West,Financing,No,Online
8353,184,53,2023-09-18,136141.79,30,East,Financing,No,Dealer
8354,113,7,2024-09-25,102447.45,20,North,Financing,No,Dealer
8355,85,73,2023-03-14,62111.92,4,South,Financing,No,Dealer
8356,158,28,2024-06-20,102126.39,1,East,Financing,No,Dealer
8357,65,77,2024-08-16,95467.23,21,South,Cash,Yes,Dealer
8358,122,15,2025-04-18,59353.39,29,East,Financing,No,Online
8359,168,87,2025-04-23,101566.96,30,West,Cash,Yes,Online
8360,130,32,2024-07-11,71150.01,15,North,Cash,Yes,Online
8361,178,83,2024-09-29,80801.67,25,North,Cash,Yes,Online
8362,73,59,2022-10-17,98991.43,1,East,Financing,No,Dealer
8363,81,30,2023-07-29,87743.11,25,South,Financing,No,Dealer
8364,35,12,2023-08-05,154982.9,27,North,Financing,Yes,Online
8365,2,73,2025-01-01,139822.13,9,South,Financing,No,Online
8366,19,53,2025-02-11,61369.58,11,East,Financing,Yes,Online
8367,1,1,2024-01-05,136567.32,18,West,Financing,No,Online
8368,79,31,2023-08-25,99215.9,15,South,Cash,Yes,Dealer
8369,84,55,2025-08-09,145887.08,26,South,Cash,No,Online
8370,91,37,2024-10-14,147715.72,18,North,Financing,Yes,Online
8371,119,54,2022-10-30,153328.7,28,North,Cash,Yes,Dealer
8372,121,58,2024-04-07,86935.09,8,North,Cash,No,Online
8373,117,85,2023-05-24,129767.06,11,South,Cash,No,Dealer
8374,30,89,2024-08-12,102138.11,12,East,Financing,Yes,Online
8375,127,34,2025-02-09,124746.89,30,West,Cash,Yes,Dealer
8376,198,80,2024-10-30,54579.06,27,North,Cash,Yes,Online
8377,194,96,2023-08-08,73893.76,25,West,Cash,No,Dealer
8378,82,69,2025-08-28,146076.15,22,West,Cash,No,Online
8379,95,29,2025-01-11,115341.22,23,West,Financing,No,Dealer
8380,184,32,2024-11-12,133295.58,5,East,Financing,No,Online
8381,125,1,2024-10-01,154510.97,6,West,Cash,No,Online
8382,54,71,2023-02-21,117173.61,1,North,Cash,Yes,Dealer
8383,190,56,2023-04-16,88544.75,6,West,Cash,No,Online
8384,68,22,2024-08-12,97434.03,17,North,Financing,Yes,Dealer
8385,139,42,2024-03-18,131059.03,24,East,Financing,Yes,Dealer
8386,130,68,2024-06-15,70339.77,19,South,Cash,Yes,Online
8387,172,95,2025-05-10,145523.67,8,North,Financing,No,Online
8388,25,62,2025-06-12,146260.65,20,South,Financing,No,Dealer
8389,65,45,2024-11-28,85919.47,24,East,Financing,Yes,Dealer
8390,7,100,2024-03-26,65778.5,10,East,Cash,No,Online
8391,24,55,2022-12-28,65919.7,24,West,Financing,Yes,Dealer
8392,15,7,2025-04-07,122595.56,2,West,Cash,No,Dealer
8393,69,17,2024-09-21,76019.63,4,North,Financing,No,Online
8394,96,87,2023-09-13,78940.55,25,East,Financing,Yes,Online
8395,186,72,2022-10-21,114137.32,22,West,Cash,Yes,Dealer
8396,37,36,2023-12-27,100851.69,5,West,Financing,Yes,Online
8397,194,72,2024-03-14,78499.8,23,West,Cash,Yes,Dealer
8398,154,55,2024-07-15,121664.64,25,West,Financing,Yes,Dealer
8399,159,41,2025-08-14,140742.45,29,West,Cash,Yes,Dealer
8400,183,5,2023-10-30,146479.64,2,East,Financing,Yes,Dealer
8401,177,50,2023-05-28,129358.05,12,West,Cash,Yes,Online
8402,113,9,2025-01-07,98893.78,24,East,Cash,No,Online
8403,124,16,2024-06-27,127933.07,17,North,Financing,Yes,Dealer
8404,36,4,2022-10-12,149467.68,3,East,Financing,No,Dealer
8405,21,32,2025-03-17,107582.44,8,East,Cash,No,Online
8406,65,71,2024-01-22,86947.07,29,North,Cash,No,Online
8407,99,19,2022-11-21,74507.5,12,West,Cash,No,Online
8408,192,83,2025-01-16,99213.72,24,South,Cash,No,Online
8409,138,64,2024-04-22,137916.6,23,East,Cash,No,Dealer
8410,97,12,2025-01-05,88471.72,1,North,Financing,Yes,Dealer
8411,191,65,2023-11-19,119158.96,28,West,Cash,Yes,Online
8412,147,90,2025-09-10,104627.21,18,South,Financing,No,Online
8413,77,46,2025-06-30,60665.42,1,North,Financing,No,Online
8414,59,60,2025-07-24,121321.5,10,South,Financing,Yes,Online
8415,87,9,2023-02-07,50635.14,10,West,Cash,Yes,Online
8416,80,9,2022-11-14,95367.56,11,South,Cash,Yes,Online
8417,168,81,2025-06-19,102986.43,20,South,Financing,Yes,Online
8418,12,88,2024-07-12,68783.53,13,South,Cash,No,Dealer
8419,119,30,2024-05-25,149487.75,15,West,Financing,No,Dealer
8420,165,14,2023-06-25,91753.92,1,East,Financing,Yes,Online
8421,123,17,2023-10-08,146282.62,25,East,Cash,Yes,Dealer
8422,99,34,2023-08-13,70844.29,19,North,Cash,Yes,Online
8423,152,66,2024-04-27,116072.72,28,East,Financing,No,Online
8424,183,18,2025-03-09,143176.69,27,East,Financing,Yes,Online
8425,131,44,2024-02-18,57556.52,28,East,Cash,Yes,Dealer
8426,189,26,2025-04-04,52765.8,5,East,Financing,Yes,Online
8427,55,95,2024-11-27,148627.3,7,South,Cash,No,Dealer
8428,26,81,2024-05-09,85952.6,29,North,Cash,Yes,Dealer
8429,36,27,2023-01-07,153958.89,23,West,Financing,Yes,Online
8430,191,16,2023-06-04,131690.51,7,East,Cash,Yes,Online
8431,31,10,2023-06-03,87777.7,4,North,Cash,Yes,Dealer
8432,150,73,2022-10-31,62135.55,7,South,Cash,Yes,Online
8433,133,84,2023-11-10,96080.54,20,West,Cash,Yes,Online
8434,195,66,2023-06-21,129796.68,5,West,Cash,Yes,Dealer
8435,61,27,2024-07-01,128343.04,25,West,Cash,Yes,Dealer
8436,130,92,2024-07-22,66926.35,18,West,Financing,No,Online
8437,118,53,2024-08-14,118933.04,18,North,Cash,No,Dealer
8438,108,34,2022-11-24,143563.31,9,South,Financing,No,Dealer
8439,132,35,2023-02-08,110863.56,1,South,Financing,Yes,Online
8440,148,6,2022-12-05,114511.18,26,East,Financing,Yes,Online
8441,164,34,2025-05-16,150039.03,18,North,Cash,No,Dealer
8442,100,70,2023-05-31,52673.75,19,South,Financing,Yes,Online
8443,86,80,2025-06-07,95810.06,13,West,Financing,Yes,Dealer
8444,14,100,2024-03-01,103099.1,8,East,Financing,No,Dealer
8445,62,54,2024-07-09,78114.0,15,South,Cash,No,Online
8446,56,34,2023-02-10,137041.49,12,North,Cash,Yes,Dealer
8447,92,76,2023-03-31,120394.62,13,North,Financing,No,Dealer
8448,100,48,2024-05-02,53571.68,17,North,Financing,No,Online
8449,13,62,2023-10-05,57050.41,2,North,Financing,Yes,Online
8450,43,85,2023-10-06,123019.76,7,East,Financing,Yes,Dealer
8451,90,67,2022-11-03,71994.63,11,South,Cash,No,Online
8452,153,86,2025-07-27,76929.56,10,West,Cash,No,Dealer
8453,137,85,2025-07-04,109775.38,23,West,Cash,Yes,Dealer
8454,73,42,2025-06-01,102454.01,15,West,Financing,Yes,Dealer
8455,167,28,2024-02-28,88362.69,26,North,Cash,No,Online
8456,166,7,2024-11-18,140425.12,8,North,Financing,No,Dealer
8457,109,57,2024-06-29,149972.32,26,South,Cash,No,Online
8458,146,91,2023-12-09,83960.38,22,East,Financing,No,Online
8459,29,89,2025-04-05,83551.16,22,South,Cash,No,Online
8460,192,12,2025-01-11,97318.5,25,South,Financing,No,Dealer
8461,179,29,2022-10-24,107472.05,4,East,Cash,No,Online
8462,196,19,2024-03-15,118512.45,13,North,Cash,No,Dealer
8463,39,49,2024-05-03,106023.24,7,South,Cash,Yes,Dealer
8464,180,67,2023-12-25,116726.86,28,East,Financing,No,Dealer
8465,108,19,2024-03-31,148279.71,2,East,Cash,Yes,Online
8466,24,67,2023-07-19,63397.39,14,South,Financing,Yes,Dealer
8467,59,96,2023-09-23,109231.87,10,North,Financing,No,Dealer
8468,186,33,2025-06-09,113612.81,4,North,Cash,No,Online
8469,166,46,2023-09-17,148058.8,29,North,Cash,Yes,Dealer
8470,135,22,2024-01-19,142174.24,24,South,Financing,No,Online
8471,70,27,2023-11-17,135807.79,26,West,Cash,No,Dealer
8472,188,14,2023-06-13,77675.67,18,West,Cash,No,Dealer
8473,121,30,2024-01-26,92055.48,27,East,Financing,Yes,Dealer
8474,178,58,2025-03-27,83628.92,6,West,Cash,Yes,Online
8475,114,10,2024-06-21,55304.01,5,West,Financing,Yes,Online
8476,186,14,2024-01-24,110391.88,11,South,Cash,No,Online
8477,151,88,2024-07-31,97383.62,19,North,Financing,Yes,Dealer
8478,180,44,2025-01-27,120947.0,30,West,Cash,Yes,Dealer
8479,70,25,2023-08-09,128896.62,5,North,Financing,Yes,Online
8480,130,59,2022-12-05,70222.04,15,East,Financing,No,Online
8481,4,37,2024-05-09,100332.74,5,North,Financing,No,Dealer
8482,105,91,2024-11-08,59499.66,1,West,Financing,No,Dealer
8483,147,27,2023-01-15,106954.45,27,South,Financing,Yes,Dealer
8484,164,92,2025-02-08,156224.94,2,West,Cash,No,Online
8485,5,64,2025-03-12,100171.41,22,South,Cash,Yes,Online
8486,28,97,2025-08-15,114306.13,7,South,Financing,Yes,Online
8487,21,79,2022-10-21,118497.43,11,South,Financing,No,Dealer
8488,124,37,2024-06-28,124774.63,28,East,Financing,Yes,Online
8489,38,83,2023-06-01,114421.38,30,North,Financing,No,Dealer
8490,120,95,2025-03-16,142974.88,17,East,Cash,No,Dealer
8491,68,62,2023-02-16,92026.35,10,North,Cash,Yes,Online
8492,78,29,2025-04-01,64981.01,22,North,Financing,Yes,Dealer
8493,50,87,2023-05-07,139437.27,17,North,Cash,Yes,Dealer
8494,46,85,2023-02-12,83552.57,9,East,Cash,No,Dealer
8495,82,63,2023-03-11,143881.71,8,East,Cash,No,Dealer
8496,28,23,2025-07-27,110017.09,30,West,Cash,Yes,Dealer
8497,147,87,2023-02-20,107758.37,18,North,Financing,No,Online
8498,46,24,2024-06-18,79478.18,5,North,Cash,Yes,Online
8499,61,94,2024-11-26,125891.51,28,North,Cash,No,Dealer
8500,3,79,2025-07-31,74097.55,22,South,Cash,No,Dealer
8501,94,6,2024-04-30,59404.51,15,South,Cash,Yes,Online
8502,177,91,2025-07-25,138709.09,24,South,Financing,No,Online
8503,57,6,2024-05-27,136881.63,21,North,Cash,No,Dealer
8504,169,63,2023-06-19,58688.68,2,South,Financing,No,Online
8505,193,49,2023-11-09,64143.25,9,East,Cash,Yes,Online
8506,47,22,2025-05-31,139130.66,10,South,Financing,Yes,Online
8507,7,17,2023-06-27,61035.14,8,South,Cash,Yes,Online
8508,184,70,2022-11-25,134901.0,11,North,Financing,Yes,Dealer
8509,60,41,2025-01-12,105444.99,2,North,Financing,Yes,Dealer
8510,24,7,2022-10-28,66862.82,23,East,Cash,Yes,Online
8511,1,43,2025-01-21,126875.68,20,East,Cash,Yes,Dealer
8512,168,32,2024-03-15,104295.19,21,North,Financing,Yes,Dealer
8513,156,69,2025-02-24,124093.67,28,West,Cash,Yes,Online
8514,153,84,2025-07-21,83468.79,24,North,Cash,No,Dealer
8515,54,94,2025-09-21,125104.53,4,West,Cash,Yes,Dealer
8516,29,1,2022-12-23,85189.28,30,South,Cash,No,Dealer
8517,171,45,2025-09-20,78242.49,13,North,Cash,Yes,Online
8518,181,64,2024-12-15,94403.06,7,East,Cash,Yes,Dealer
8519,34,48,2024-09-17,138577.04,21,South,Cash,No,Dealer
8520,90,53,2025-04-09,70757.06,23,North,Financing,No,Online
8521,37,60,2025-08-02,98867.76,27,East,Financing,Yes,Online
8522,59,3,2023-05-25,125173.27,12,West,Cash,No,Online
8523,64,84,2023-03-28,79337.37,24,West,Cash,No,Online
8524,5,51,2024-03-15,93534.61,18,West,Financing,Yes,Online
8525,16,92,2023-04-16,108588.81,22,South,Cash,No,Dealer
8526,12,35,2024-10-27,69891.09,1,North,Financing,No,Dealer
8527,82,88,2024-09-18,134894.62,2,West,Cash,Yes,Dealer
8528,139,34,2024-03-19,120394.58,17,North,Financing,Yes,Dealer
8529,86,83,2023-09-09,99429.73,24,South,Financing,Yes,Dealer
8530,122,5,2025-04-19,56661.7,11,West,Financing,No,Online
8531,124,19,2024-03-16,122341.97,19,West,Cash,No,Online
8532,58,35,2024-10-27,51518.01,12,East,Cash,Yes,Online
8533,107,77,2023-11-24,88305.92,15,South,Cash,Yes,Online
8534,183,23,2025-06-06,151592.36,30,North,Financing,Yes,Online
8535,165,47,2025-06-12,87870.73,13,North,Cash,No,Dealer
8536,14,44,2023-04-30,102707.38,18,West,Financing,No,Online
8537,150,61,2023-04-01,56729.67,24,South,Financing,Yes,Dealer
8538,76,97,2024-05-05,137631.37,23,East,Cash,Yes,Dealer
8539,72,41,2022-12-18,73695.85,12,North,Cash,Yes,Online
8540,26,58,2024-12-23,92104.74,29,East,Financing,No,Online
8541,48,66,2024-12-28,75002.53,8,East,Financing,No,Online
8542,113,77,2025-06-18,103326.58,27,South,Cash,No,Dealer
8543,166,44,2023-08-25,143409.23,1,East,Financing,No,Dealer
8544,18,56,2024-06-29,140425.62,7,South,Cash,Yes,Dealer
8545,185,73,2023-12-09,113973.49,25,North,Cash,Yes,Online
8546,130,76,2024-06-13,76077.45,24,West,Cash,Yes,Online
8547,22,56,2025-06-08,82943.11,29,East,Financing,Yes,Dealer
8548,57,1,2023-12-18,148117.64,2,East,Cash,Yes,Dealer
8549,149,6,2025-08-15,75568.21,3,East,Cash,No,Dealer
8550,194,43,2024-08-04,78020.91,23,East,Cash,No,Dealer
8551,187,57,2023-04-03,98320.19,7,South,Cash,No,Online
8552,95,97,2023-09-17,122701.97,16,East,Cash,No,Online
8553,109,47,2025-06-20,144563.91,14,East,Financing,No,Dealer
8554,4,51,2024-03-10,103087.91,7,East,Financing,No,Online
8555,115,15,2025-02-28,62969.18,3,West,Financing,No,Online
8556,158,24,2023-01-05,108567.7,9,West,Cash,Yes,Dealer
8557,73,26,2025-08-30,100321.93,14,South,Financing,Yes,Dealer
8558,107,24,2023-05-18,88586.55,23,West,Financing,No,Dealer
8559,162,38,2024-11-09,120416.27,3,South,Cash,Yes,Dealer
8560,190,8,2024-04-03,81526.62,4,West,Financing,No,Dealer
8561,198,88,2023-09-04,51034.67,2,East,Financing,Yes,Online
8562,85,71,2023-09-24,66979.82,27,North,Financing,No,Dealer
8563,157,93,2023-12-24,85236.51,29,North,Financing,Yes,Dealer
8564,98,39,2024-10-19,118612.78,18,West,Financing,Yes,Dealer
8565,116,51,2024-04-21,120645.62,10,North,Cash,No,Online
8566,170,22,2025-07-17,73796.66,29,West,Financing,Yes,Online
8567,128,13,2023-01-23,85887.95,30,South,Cash,No,Online
8568,105,50,2025-04-11,67666.18,24,West,Financing,No,Online
8569,156,8,2025-10-03,140064.24,13,North,Financing,Yes,Dealer
8570,175,64,2025-03-04,124538.1,25,South,Financing,No,Dealer
8571,106,10,2024-02-10,124776.71,9,West,Financing,No,Dealer
8572,161,16,2023-03-09,61627.54,14,South,Cash,No,Online
8573,183,85,2023-04-14,155791.4,24,South,Financing,No,Dealer
8574,187,58,2023-09-19,97236.74,6,East,Cash,No,Dealer
8575,70,69,2024-04-16,141926.47,23,West,Cash,No,Online
8576,7,75,2024-04-28,67838.97,20,East,Financing,Yes,Online
8577,53,67,2023-08-26,66770.27,21,West,Cash,Yes,Online
8578,192,15,2025-06-21,96228.82,12,West,Financing,Yes,Dealer
8579,50,32,2024-09-29,145864.57,21,North,Financing,Yes,Online
8580,140,87,2025-06-15,60033.61,13,West,Cash,No,Dealer
8581,107,95,2024-10-04,82900.15,19,North,Cash,Yes,Dealer
8582,92,68,2024-10-26,116910.77,13,North,Financing,Yes,Dealer
8583,198,35,2025-02-18,55330.53,4,North,Financing,No,Online
8584,52,1,2024-11-03,137605.24,13,East,Financing,Yes,Dealer
8585,23,81,2024-03-03,146457.92,26,North,Financing,Yes,Online
8586,81,84,2023-09-01,86586.97,16,West,Financing,No,Online
8587,44,39,2024-02-09,155366.99,25,West,Cash,Yes,Online
8588,118,73,2023-04-04,114317.42,23,East,Financing,No,Dealer
8589,139,96,2023-01-25,132777.86,29,North,Financing,No,Online
8590,167,8,2024-12-26,90423.46,4,East,Cash,No,Online
8591,197,36,2024-08-31,50915.17,23,West,Cash,No,Dealer
8592,188,82,2025-09-12,73610.03,13,West,Cash,Yes,Dealer
8593,29,18,2023-01-09,84658.72,17,West,Cash,No,Dealer
8594,59,12,2023-02-23,112590.34,15,South,Financing,No,Online
8595,101,74,2024-10-06,131497.76,25,West,Cash,Yes,Online
8596,85,87,2024-04-14,68415.38,2,South,Financing,Yes,Online
8597,110,20,2025-07-17,143117.69,20,East,Financing,Yes,Online
8598,62,34,2025-09-28,73898.88,27,East,Financing,Yes,Online
8599,5,42,2024-08-26,91939.85,16,South,Cash,Yes,Dealer
8600,1,49,2023-10-20,121428.96,17,West,Cash,No,Online
8601,37,33,2022-10-07,93242.87,12,East,Cash,Yes,Online
8602,121,51,2023-12-20,93651.71,21,North,Financing,Yes,Online
8603,197,87,2025-01-16,51166.99,19,West,Financing,No,Dealer
8604,59,83,2023-07-30,113969.44,30,South,Financing,No,Dealer
8605,19,53,2022-11-28,64270.12,23,East,Financing,Yes,Online
8606,100,3,2024-10-27,53659.46,14,North,Cash,Yes,Online
8607,176,21,2022-12-10,52186.45,7,South,Cash,Yes,Dealer
8608,128,21,2025-10-04,84431.79,14,West,Cash,Yes,Online
8609,106,77,2023-07-27,119967.57,2,North,Cash,No,Online
8610,12,52,2025-09-23,73842.8,5,East,Cash,No,Online
8611,75,71,2023-01-21,99352.13,11,North,Cash,No,Online
8612,150,21,2024-01-05,61517.88,3,East,Cash,No,Dealer
8613,141,45,2024-08-23,52448.91,17,South,Financing,No,Dealer
8614,124,55,2024-08-14,133932.7,30,South,Cash,Yes,Online
8615,190,63,2024-01-29,86870.51,7,South,Financing,No,Dealer
8616,111,35,2023-04-18,110517.03,8,East,Cash,Yes,Dealer
8617,173,58,2024-02-08,51093.27,1,East,Financing,No,Online
8618,143,32,2023-03-07,151965.13,12,West,Financing,Yes,Online
8619,13,75,2024-09-13,55770.2,9,North,Financing,No,Dealer
8620,152,84,2023-03-16,106077.31,24,South,Cash,Yes,Dealer
8621,13,69,2024-02-10,60340.47,1,West,Financing,Yes,Online
8622,169,91,2024-08-02,61444.75,24,East,Financing,No,Dealer
8623,3,4,2024-09-28,77925.29,28,East,Cash,No,Online
8624,152,66,2024-12-07,111516.63,8,West,Financing,No,Dealer
8625,162,26,2025-02-12,124845.33,22,North,Financing,Yes,Dealer
8626,60,33,2025-03-15,115462.59,15,North,Financing,No,Online
8627,66,100,2023-09-27,125565.59,27,West,Cash,No,Dealer
8628,65,45,2025-06-21,87503.07,26,South,Financing,Yes,Dealer
8629,149,14,2023-11-15,77807.17,10,West,Financing,No,Online
8630,25,84,2025-03-27,151702.55,17,North,Cash,No,Dealer
8631,100,99,2023-09-16,51523.73,17,East,Financing,Yes,Dealer
8632,22,50,2023-05-15,87359.09,11,North,Financing,Yes,Dealer
8633,142,87,2022-11-19,89259.8,15,North,Cash,No,Dealer
8634,106,25,2023-05-08,118718.03,29,South,Financing,No,Online
8635,9,24,2025-06-22,136787.45,25,West,Financing,No,Online
8636,86,62,2024-07-22,96189.02,18,West,Financing,Yes,Dealer
8637,200,4,2023-03-31,104434.53,8,North,Cash,Yes,Dealer
8638,83,72,2022-11-20,80461.22,14,East,Financing,No,Dealer
8639,177,91,2024-10-19,139003.78,4,East,Cash,No,Online
8640,177,21,2023-01-14,142987.71,16,South,Cash,Yes,Online
8641,125,15,2022-11-21,150601.27,1,West,Cash,Yes,Online
8642,58,89,2024-08-30,53750.95,20,East,Financing,Yes,Online
8643,126,24,2023-12-20,82572.49,5,West,Financing,Yes,Online
8644,110,18,2025-06-22,151825.75,12,West,Cash,No,Online
8645,31,35,2024-01-23,92782.91,22,West,Financing,No,Online
8646,99,26,2022-11-24,74999.22,4,South,Cash,No,Online
8647,167,95,2023-02-17,88767.43,29,West,Cash,Yes,Online
8648,145,22,2023-09-25,118532.27,18,East,Financing,Yes,Online
8649,112,83,2025-07-16,66369.58,23,South,Financing,No,Dealer
8650,163,82,2023-09-27,115477.41,7,East,Cash,No,Dealer
8651,41,1,2023-01-01,56222.03,10,East,Financing,Yes,Dealer
8652,100,60,2023-09-22,51058.69,22,West,Financing,Yes,Dealer
8653,105,72,2024-02-11,59565.76,17,East,Cash,Yes,Dealer
8654,23,26,2022-11-26,149259.86,24,West,Cash,Yes,Online
8655,102,85,2024-02-28,85452.72,10,North,Financing,No,Dealer
8656,144,74,2024-10-13,126161.04,2,South,Cash,No,Online
8657,120,30,2023-02-21,137923.3,12,North,Cash,Yes,Dealer
8658,122,86,2024-12-27,54752.7,17,East,Financing,Yes,Dealer
8659,21,22,2023-01-04,118487.79,1,East,Cash,No,Online
8660,10,16,2024-09-27,81862.21,19,South,Financing,No,Dealer
8661,39,9,2023-09-23,102526.89,21,South,Cash,No,Dealer
8662,40,33,2025-04-24,107623.84,10,West,Cash,Yes,Online
8663,109,54,2023-08-25,137621.88,30,East,Financing,No,Dealer
8664,14,25,2025-02-11,105060.1,15,West,Cash,Yes,Online
8665,145,48,2024-08-29,130248.35,23,West,Financing,Yes,Online
8666,88,100,2024-06-04,54996.46,23,East,Cash,No,Online
8667,27,61,2023-02-03,55519.79,21,East,Financing,Yes,Online
8668,184,93,2022-12-06,133330.39,16,North,Financing,No,Online
8669,93,71,2023-12-14,138471.04,19,West,Cash,Yes,Online
8670,120,67,2024-03-02,126935.66,9,West,Cash,No,Dealer
8671,21,45,2023-10-31,112044.13,28,South,Cash,Yes,Online
8672,5,34,2024-02-23,94390.53,29,North,Financing,Yes,Dealer
8673,168,43,2022-11-05,106012.99,29,East,Cash,Yes,Online
8674,114,1,2024-01-29,57775.97,29,West,Cash,No,Dealer
8675,53,76,2023-08-04,60116.26,3,West,Financing,Yes,Online
8676,121,65,2023-05-27,91777.8,7,West,Cash,Yes,Online
8677,186,36,2024-11-27,104607.1,16,North,Cash,No,Online
8678,192,48,2023-11-12,96416.87,29,South,Cash,No,Dealer
8679,151,21,2023-10-15,94255.27,29,South,Cash,Yes,Online
8680,75,19,2023-03-20,89454.5,28,West,Financing,Yes,Online
8681,38,91,2023-04-23,110624.46,19,South,Cash,Yes,Online
8682,52,16,2025-05-24,141599.37,19,East,Cash,No,Online
8683,50,95,2024-04-15,144755.95,12,South,Financing,Yes,Dealer
8684,188,37,2024-11-07,74703.31,15,South,Financing,No,Online
8685,156,67,2022-12-31,132735.53,16,South,Cash,Yes,Dealer
8686,39,26,2024-09-13,94701.5,25,South,Cash,Yes,Dealer
8687,82,40,2025-09-03,149073.45,3,West,Cash,No,Dealer
8688,74,37,2025-07-21,110286.58,1,East,Financing,No,Dealer
8689,91,25,2023-11-08,142066.25,6,North,Cash,No,Online
8690,123,5,2024-10-24,157515.5,26,East,Cash,No,Online
8691,4,89,2025-04-20,112826.85,16,West,Financing,No,Dealer
8692,193,46,2023-11-06,57358.44,24,West,Cash,Yes,Dealer
8693,199,41,2023-07-28,109840.21,25,East,Financing,No,Online
8694,128,48,2024-10-10,83966.15,8,West,Cash,Yes,Dealer
8695,177,74,2024-10-11,134971.39,28,West,Cash,No,Dealer
8696,71,73,2022-12-01,101135.02,16,North,Cash,Yes,Dealer
8697,152,41,2024-11-18,103008.26,30,South,Financing,Yes,Online
8698,16,75,2024-09-20,105956.26,4,East,Financing,Yes,Dealer
8699,191,7,2024-03-19,129088.78,5,North,Financing,Yes,Dealer
8700,6,56,2024-09-24,59015.05,22,North,Cash,No,Dealer
8701,142,74,2022-10-19,90145.01,13,South,Financing,Yes,Dealer
8702,98,78,2025-01-31,109860.13,5,North,Cash,No,Online
8703,29,70,2023-06-29,74224.01,30,East,Financing,No,Online
8704,84,5,2024-11-12,149267.28,26,East,Cash,No,Dealer
8705,155,2,2025-02-25,133618.87,14,South,Financing,No,Online
8706,119,2,2023-10-03,141937.83,29,North,Financing,Yes,Online
8707,198,77,2023-07-10,51931.57,4,North,Financing,Yes,Dealer
8708,39,72,2025-07-13,94202.72,29,West,Financing,Yes,Dealer
8709,122,74,2023-12-20,54230.46,15,South,Cash,Yes,Dealer
8710,189,38,2023-02-22,57449.61,11,North,Financing,No,Online
8711,191,32,2023-12-08,129823.84,23,South,Cash,No,Dealer
8712,1,6,2024-05-29,126423.1,19,North,Financing,Yes,Dealer
8713,187,46,2025-06-12,106975.59,16,West,Cash,Yes,Online
8714,176,57,2023-09-15,57273.2,11,East,Financing,No,Online
8715,98,41,2023-07-20,114712.29,28,North,Cash,Yes,Online
8716,188,80,2024-06-06,79135.05,7,South,Cash,No,Dealer
8717,103,23,2024-05-12,106717.56,1,West,Financing,Yes,Online
8718,107,100,2023-11-03,89430.99,3,East,Cash,Yes,Online
8719,129,90,2024-07-23,58452.46,22,South,Financing,Yes,Online
8720,46,56,2024-06-22,85358.74,10,South,Cash,Yes,Online
8721,89,14,2022-12-31,67852.23,21,South,Financing,No,Online
8722,180,57,2025-03-13,107910.75,15,South,Financing,No,Online
8723,109,30,2023-08-28,141346.52,14,South,Cash,Yes,Dealer
8724,177,29,2025-01-07,145008.76,5,South,Financing,Yes,Online
8725,18,82,2025-04-03,140285.02,3,North,Cash,Yes,Online
8726,123,28,2023-06-05,150422.25,17,North,Cash,Yes,Online
8727,23,18,2024-05-19,143841.02,9,West,Financing,Yes,Online
8728,16,10,2023-07-11,100984.91,2,East,Financing,Yes,Online
8729,186,45,2024-03-08,105384.55,23,North,Cash,No,Online
8730,83,65,2025-06-16,85836.83,1,East,Cash,Yes,Online
8731,83,3,2023-07-06,88213.36,22,North,Cash,Yes,Dealer
8732,16,10,2025-03-28,108933.88,4,West,Financing,Yes,Online
8733,102,60,2023-10-16,75947.35,26,North,Financing,Yes,Online
8734,113,79,2024-01-30,91649.09,19,South,Financing,Yes,Online
8735,9,36,2025-08-28,132087.65,12,North,Financing,No,Online
8736,127,41,2023-01-20,117587.33,25,North,Financing,Yes,Dealer
8737,139,93,2024-02-12,124582.13,8,North,Cash,No,Dealer
8738,59,54,2024-03-26,111606.12,24,West,Cash,No,Online
8739,196,30,2023-02-20,107010.96,22,East,Financing,No,Online
8740,199,98,2023-12-21,103684.66,27,North,Financing,Yes,Dealer
8741,188,54,2023-04-02,78992.35,7,West,Financing,Yes,Dealer
8742,136,43,2022-10-11,80859.02,17,North,Financing,No,Dealer
8743,122,11,2022-11-15,59236.86,16,West,Financing,No,Dealer
8744,110,56,2023-05-12,142119.26,30,West,Cash,Yes,Dealer
8745,27,5,2023-02-09,50846.79,10,North,Cash,Yes,Dealer
8746,53,91,2023-07-15,62891.18,24,West,Cash,Yes,Dealer
8747,160,60,2025-07-07,141064.18,18,West,Financing,Yes,Dealer
8748,155,1,2024-06-12,134751.59,2,East,Cash,No,Dealer
8749,84,41,2025-04-13,149411.53,2,East,Cash,No,Dealer
8750,79,31,2024-02-14,95019.0,25,East,Financing,Yes,Dealer
8751,103,23,2024-06-11,112269.71,14,East,Cash,Yes,Online
8752,137,30,2023-09-18,103016.27,7,East,Cash,No,Dealer
8753,47,74,2025-07-31,154921.35,24,South,Financing,No,Dealer
8754,174,59,2025-04-04,61330.32,3,West,Cash,No,Online
8755,15,11,2023-09-28,120419.25,7,South,Financing,No,Online
8756,139,61,2025-07-22,129554.95,22,West,Cash,Yes,Online
8757,148,8,2023-05-29,119457.08,30,West,Cash,No,Dealer
8758,13,7,2023-08-21,59233.75,20,West,Cash,No,Online
8759,150,99,2025-04-30,58031.53,9,West,Financing,Yes,Dealer
8760,1,54,2023-04-13,128507.69,17,South,Financing,No,Online
8761,130,67,2024-09-30,74758.68,25,West,Cash,No,Dealer
8762,7,57,2023-08-12,59462.1,22,North,Cash,Yes,Dealer
8763,31,53,2023-10-07,91109.03,22,North,Financing,No,Online
8764,49,64,2024-03-28,141374.79,19,South,Cash,Yes,Dealer
8765,58,25,2024-02-22,50188.49,25,South,Financing,Yes,Dealer
8766,73,58,2025-07-21,95370.47,1,East,Financing,Yes,Online
8767,53,11,2024-09-23,66950.79,8,East,Financing,No,Online
8768,89,49,2025-09-29,59977.36,12,West,Cash,No,Online
8769,3,62,2024-12-08,75699.34,9,South,Cash,No,Online
8770,15,11,2023-12-21,119110.28,5,North,Financing,Yes,Dealer
8771,45,7,2022-11-30,144839.12,16,West,Financing,No,Dealer
8772,81,87,2025-05-13,77113.79,15,West,Financing,Yes,Dealer
8773,5,4,2025-07-21,99404.75,14,West,Cash,No,Dealer
8774,132,58,2023-03-25,111287.55,26,East,Cash,Yes,Online
8775,162,45,2025-05-03,113549.63,4,North,Financing,Yes,Online
8776,59,43,2025-06-16,116292.2,28,North,Cash,No,Dealer
8777,185,15,2022-11-05,128436.51,16,East,Cash,Yes,Dealer
8778,97,3,2025-02-17,78953.95,14,West,Cash,Yes,Dealer
8779,88,89,2025-10-06,58553.61,2,East,Financing,Yes,Online
8780,172,62,2024-01-29,144875.49,18,West,Financing,Yes,Online
8781,70,85,2023-05-12,130137.83,9,East,Cash,Yes,Dealer
8782,177,41,2023-10-06,140005.11,19,North,Cash,No,Dealer
8783,28,63,2022-11-07,121525.09,11,West,Cash,No,Dealer
8784,149,1,2025-08-06,73829.54,27,North,Financing,Yes,Online
8785,16,2,2023-02-28,108715.15,15,South,Financing,No,Dealer
8786,60,57,2024-07-07,104366.8,1,South,Financing,Yes,Dealer
8787,166,18,2024-02-12,137062.66,5,West,Financing,Yes,Online
8788,80,69,2023-03-20,90827.89,16,West,Cash,Yes,Online
8789,27,3,2025-03-18,54382.66,23,West,Cash,No,Dealer
8790,51,11,2024-08-01,120212.44,30,East,Financing,Yes,Online
8791,198,50,2025-07-30,49258.33,11,West,Cash,Yes,Dealer
8792,136,34,2025-04-18,79338.71,14,West,Financing,No,Dealer
8793,139,33,2023-07-18,123539.39,2,North,Cash,Yes,Dealer
8794,69,75,2023-09-11,76735.48,15,East,Financing,No,Dealer
8795,19,21,2025-06-11,58819.37,27,South,Financing,No,Dealer
8796,164,39,2023-06-20,144369.5,3,West,Cash,Yes,Online
8797,17,90,2024-10-01,105524.18,20,West,Cash,Yes,Online
8798,129,21,2025-10-02,56400.21,19,West,Cash,Yes,Online
8799,127,11,2022-12-23,126510.5,25,North,Cash,No,Online
8800,165,92,2023-06-14,86939.47,8,West,Financing,No,Online
8801,127,72,2024-06-03,117881.12,7,West,Financing,No,Dealer
8802,49,22,2024-09-05,135259.14,10,North,Financing,No,Dealer
8803,145,98,2024-10-28,124122.26,14,West,Cash,No,Dealer
8804,11,34,2022-12-10,133724.47,3,South,Cash,No,Dealer
8805,29,63,2023-11-19,78453.57,3,East,Financing,No,Online
8806,166,72,2024-03-10,143720.72,7,South,Cash,No,Dealer
8807,11,2,2023-08-07,119856.02,10,East,Financing,No,Dealer
8808,30,22,2024-01-19,92935.11,2,South,Cash,No,Online
8809,138,6,2024-06-27,146380.22,13,South,Financing,Yes,Online
8810,159,82,2023-02-25,133174.97,20,West,Financing,No,Dealer
8811,51,17,2023-10-11,128489.79,20,South,Cash,No,Dealer
8812,156,74,2024-11-13,129425.83,2,East,Cash,No,Online
8813,71,54,2025-08-19,95000.05,27,North,Cash,Yes,Online
8814,186,35,2025-08-13,111996.91,13,North,Financing,Yes,Dealer
8815,155,28,2025-06-25,134224.37,18,West,Cash,Yes,Online
8816,195,89,2022-11-14,123838.11,13,North,Financing,Yes,Online
8817,144,48,2024-05-17,122484.9,2,South,Financing,Yes,Dealer
8818,64,40,2023-05-23,81517.84,2,West,Financing,No,Online
8819,194,15,2024-08-21,77371.06,16,South,Financing,Yes,Online
8820,19,59,2023-09-27,61419.74,12,East,Cash,No,Dealer
8821,141,15,2025-09-12,49681.72,10,West,Financing,Yes,Online
8822,188,47,2023-10-21,71093.49,8,West,Cash,Yes,Online
8823,153,16,2025-03-26,75365.7,30,South,Cash,Yes,Dealer
8824,72,84,2023-04-01,71183.83,26,West,Financing,Yes,Online
8825,99,22,2023-09-15,77287.16,18,East,Cash,Yes,Online
8826,170,63,2024-01-06,71101.63,13,South,Financing,No,Dealer
8827,36,76,2023-02-14,138984.3,9,South,Financing,No,Online
8828,36,21,2023-06-26,142147.48,29,West,Cash,Yes,Online
8829,57,40,2023-02-20,133876.94,24,West,Cash,Yes,Online
8830,35,20,2025-06-11,145036.59,22,West,Cash,No,Dealer
8831,136,28,2024-02-09,82375.6,10,North,Financing,Yes,Online
8832,160,65,2024-06-20,160018.19,26,North,Cash,Yes,Dealer
8833,188,85,2024-09-02,72034.65,5,South,Financing,Yes,Dealer
8834,155,64,2023-11-11,122311.07,12,South,Cash,Yes,Online
8835,151,63,2024-07-22,94656.03,25,North,Cash,Yes,Online
8836,105,57,2023-06-03,63816.64,15,North,Financing,No,Dealer
8837,70,99,2024-02-17,135766.59,24,East,Financing,No,Online
8838,154,83,2024-10-11,120472.18,15,West,Cash,No,Online
8839,42,30,2024-03-05,157276.79,7,East,Cash,Yes,Dealer
8840,173,46,2023-03-12,56550.06,12,West,Cash,No,Dealer
8841,24,30,2024-04-27,61543.69,20,North,Cash,No,Dealer
8842,56,15,2024-08-11,140511.49,5,West,Financing,No,Dealer
8843,178,96,2025-03-13,82764.32,20,East,Financing,Yes,Dealer
8844,123,14,2022-12-05,157906.05,27,North,Financing,Yes,Online
8845,59,29,2025-09-17,114708.43,8,South,Financing,No,Online
8846,32,27,2023-12-12,63691.65,11,East,Cash,Yes,Online
8847,187,34,2023-02-19,94457.75,3,South,Financing,Yes,Online
8848,7,85,2025-02-21,65498.37,21,South,Cash,Yes,Dealer
8849,59,70,2022-11-17,122994.83,6,West,Cash,No,Dealer
8850,162,72,2023-03-03,124748.4,23,West,Financing,Yes,Online
8851,193,62,2024-08-03,61051.77,1,West,Financing,No,Online
8852,153,96,2022-11-16,79495.98,20,West,Financing,No,Online
8853,148,22,2023-05-10,115934.28,20,East,Cash,Yes,Online
8854,33,80,2023-02-12,97595.57,30,South,Cash,No,Online
8855,146,32,2024-04-20,89860.78,5,East,Cash,Yes,Dealer
8856,156,38,2024-10-25,132094.9,28,West,Cash,Yes,Online
8857,179,11,2025-07-08,103407.38,28,North,Financing,No,Online
8858,52,22,2023-08-26,146019.66,8,West,Cash,Yes,Dealer
8859,98,40,2025-03-24,116850.1,29,North,Cash,No,Online
8860,192,50,2023-05-08,102453.49,10,East,Financing,No,Online
8861,50,80,2023-01-01,141781.19,14,West,Cash,No,Online
8862,14,68,2022-12-14,91142.16,1,West,Cash,Yes,Online
8863,42,54,2024-05-20,152283.92,2,East,Cash,Yes,Online
8864,178,35,2023-06-04,83767.23,20,North,Cash,No,Online
8865,144,67,2022-11-02,123983.38,17,South,Cash,Yes,Online
8866,80,95,2024-06-22,86652.3,9,South,Cash,No,Online
8867,111,5,2024-10-19,103697.46,25,West,Cash,Yes,Online
8868,18,17,2024-06-22,144520.04,28,North,Cash,Yes,Dealer
8869,194,13,2023-10-07,83944.32,1,North,Financing,No,Dealer
8870,174,4,2024-07-23,68362.69,10,South,Cash,No,Dealer
8871,173,52,2025-04-05,55929.87,28,South,Cash,Yes,Online
8872,155,40,2023-09-13,123068.04,11,East,Cash,Yes,Online
8873,99,42,2024-01-31,76286.64,24,South,Financing,Yes,Dealer
8874,124,100,2025-05-21,123380.12,23,East,Cash,No,Dealer
8875,40,26,2022-10-31,117488.49,8,West,Financing,Yes,Dealer
8876,80,34,2023-03-07,87464.14,17,West,Financing,Yes,Dealer
8877,3,10,2025-09-25,70500.82,13,West,Financing,Yes,Online
8878,125,26,2024-11-21,145861.64,15,East,Financing,No,Dealer
8879,136,31,2023-09-28,76818.51,13,North,Financing,Yes,Online
8880,55,66,2024-01-06,141046.2,20,North,Cash,Yes,Dealer
8881,114,72,2023-12-03,54284.99,17,South,Cash,No,Dealer
8882,35,28,2023-08-12,156507.4,9,South,Cash,Yes,Dealer
8883,195,17,2022-12-22,127084.11,5,North,Cash,Yes,Dealer
8884,163,36,2025-09-16,111456.32,26,North,Financing,No,Dealer
8885,87,97,2022-10-20,52862.79,15,North,Financing,Yes,Online
8886,92,16,2024-05-17,117717.53,16,East,Cash,Yes,Online
8887,139,40,2024-03-16,136822.37,8,South,Cash,Yes,Online
8888,112,78,2025-10-02,61176.79,14,West,Cash,Yes,Dealer
8889,171,94,2023-10-27,73121.55,18,East,Cash,Yes,Dealer
8890,109,85,2025-03-19,144842.25,23,North,Cash,No,Dealer
8891,176,49,2024-11-27,56853.46,30,East,Financing,No,Dealer
8892,78,55,2023-12-10,62154.68,19,West,Financing,Yes,Online
8893,141,21,2025-03-10,55464.38,16,West,Financing,No,Dealer
8894,184,70,2022-12-26,123855.78,6,East,Financing,No,Dealer
8895,63,38,2024-04-10,132574.58,10,South,Cash,Yes,Online
8896,50,63,2024-06-07,133992.48,22,South,Financing,Yes,Online
8897,61,63,2024-04-03,135241.68,5,South,Cash,No,Dealer
8898,192,47,2022-11-22,104254.35,8,East,Cash,Yes,Dealer
8899,163,8,2024-09-23,122967.76,11,West,Cash,No,Dealer
8900,117,74,2025-01-11,117764.66,18,North,Cash,Yes,Online
8901,50,5,2024-07-15,130094.09,9,North,Financing,No,Online
8902,185,4,2025-05-06,112767.06,21,North,Financing,Yes,Online
8903,64,65,2024-01-26,81092.67,18,East,Financing,No,Online
8904,110,21,2023-10-06,141920.47,16,North,Cash,No,Online
8905,19,77,2023-06-13,61457.36,18,East,Cash,No,Dealer
8906,116,94,2023-12-11,117823.7,13,West,Cash,Yes,Dealer
8907,83,9,2024-02-16,83797.66,13,South,Financing,No,Dealer
8908,122,26,2024-04-14,51588.2,16,South,Cash,No,Online
8909,94,19,2024-07-27,58786.77,8,West,Financing,Yes,Online
8910,2,73,2024-05-06,139380.13,17,East,Cash,No,Online
8911,88,81,2024-08-24,54553.69,16,South,Cash,Yes,Online
8912,83,39,2025-04-09,91312.24,21,South,Financing,Yes,Dealer
8913,40,1,2023-03-28,112133.54,7,West,Cash,Yes,Online
8914,162,64,2023-05-12,119463.47,2,West,Cash,No,Dealer
8915,138,6,2024-05-09,131972.84,8,West,Financing,Yes,Dealer
8916,183,78,2023-12-11,140915.9,1,West,Financing,Yes,Online
8917,87,43,2024-03-19,55250.5,19,North,Financing,Yes,Dealer
8918,69,79,2024-11-30,81603.93,23,West,Cash,No,Online
8919,48,72,2023-05-13,80434.35,15,South,Financing,Yes,Online
8920,84,44,2024-08-07,140689.05,30,East,Cash,No,Dealer
8921,163,6,2024-06-10,119934.81,17,North,Financing,No,Online
8922,60,54,2024-08-26,106961.81,8,North,Financing,Yes,Dealer
8923,145,28,2023-01-06,118800.61,4,South,Cash,No,Online
8924,75,42,2023-10-11,99108.84,26,North,Financing,Yes,Online
8925,46,95,2025-07-13,80888.64,25,East,Financing,No,Online
8926,104,39,2023-02-05,104534.49,19,West,Cash,No,Online
8927,163,65,2024-08-20,118522.24,14,East,Cash,No,Dealer
8928,120,39,2025-01-16,140725.91,21,West,Financing,Yes,Dealer
8929,168,89,2024-04-19,108789.58,29,North,Financing,Yes,Online
8930,36,45,2023-09-14,151234.74,15,West,Cash,Yes,Online
8931,38,34,2023-11-13,111425.34,30,West,Cash,No,Dealer
8932,14,53,2023-09-22,96116.01,16,West,Financing,Yes,Online
8933,199,87,2024-03-20,95308.3,22,North,Financing,No,Dealer
8934,78,83,2023-09-22,60712.58,15,East,Financing,Yes,Online
8935,104,44,2024-10-06,91597.86,13,East,Financing,No,Online
8936,86,53,2025-05-15,95663.07,19,South,Financing,Yes,Dealer
8937,35,65,2023-12-14,148976.9,24,South,Financing,Yes,Dealer
8938,46,20,2023-05-04,82569.41,27,East,Financing,No,Dealer
8939,151,63,2025-03-17,95834.08,17,North,Cash,No,Online
8940,156,36,2025-03-01,137408.01,29,North,Financing,No,Dealer
8941,60,44,2024-01-12,111574.16,22,North,Cash,Yes,Dealer
8942,36,79,2024-02-16,142627.12,3,East,Cash,Yes,Online
8943,28,24,2025-02-18,108144.86,20,East,Financing,Yes,Online
8944,101,82,2022-10-18,133139.69,21,South,Financing,Yes,Online
8945,199,29,2022-11-11,99547.33,23,East,Financing,Yes,Dealer
8946,132,9,2023-06-19,108026.9,24,East,Cash,Yes,Online
8947,140,44,2025-03-10,60751.49,6,South,Cash,Yes,Dealer
8948,48,29,2023-06-23,74291.96,3,East,Financing,No,Online
8949,66,80,2025-02-27,122901.24,24,South,Cash,Yes,Online
8950,97,85,2023-01-06,81993.74,2,South,Financing,No,Online
8951,194,91,2023-11-16,83825.91,6,East,Financing,Yes,Online
8952,153,86,2024-06-01,80124.16,25,West,Financing,Yes,Online
8953,1,57,2023-10-17,128598.05,10,North,Financing,No,Dealer
8954,72,23,2025-06-16,73099.06,15,North,Cash,Yes,Online
8955,137,72,2024-06-07,106237.01,29,West,Cash,Yes,Online
8956,70,8,2024-09-28,126378.89,3,South,Cash,Yes,Dealer
8957,139,5,2024-10-15,134704.17,30,South,Cash,Yes,Dealer
8958,94,81,2024-11-28,59523.26,21,North,Financing,No,Online
8959,19,65,2025-02-15,65715.07,30,North,Financing,No,Dealer
8960,165,8,2025-08-31,88876.53,22,East,Financing,Yes,Dealer
8961,6,7,2025-09-20,58031.18,26,West,Cash,No,Online
8962,117,18,2025-08-10,122536.67,26,East,Cash,No,Dealer
8963,54,87,2025-06-28,123086.97,3,West,Cash,Yes,Dealer
8964,152,67,2023-04-14,116041.9,4,South,Cash,No,Online
8965,146,31,2024-09-10,89875.61,2,East,Financing,Yes,Online
8966,149,35,2023-10-30,80644.79,14,West,Financing,Yes,Dealer
8967,106,100,2025-01-29,118475.3,4,East,Financing,Yes,Online
8968,24,3,2025-06-13,65103.24,28,North,Financing,Yes,Dealer
8969,142,90,2024-12-24,84715.45,14,East,Financing,Yes,Dealer
8970,85,62,2025-05-07,65798.08,6,South,Financing,Yes,Online
8971,140,54,2025-09-16,62438.7,26,West,Financing,No,Online
8972,167,62,2023-08-28,93107.19,5,South,Financing,Yes,Dealer
8973,49,45,2023-11-01,142611.51,20,North,Cash,Yes,Dealer
8974,20,85,2022-12-24,140856.21,30,North,Cash,Yes,Dealer
8975,134,56,2025-03-16,73086.52,4,North,Cash,Yes,Online
8976,84,67,2023-01-12,143251.89,1,North,Cash,Yes,Online
8977,15,88,2025-08-14,131895.6,9,South,Financing,No,Dealer
8978,58,67,2023-03-30,52124.66,22,South,Financing,No,Dealer
8979,140,15,2024-03-04,63413.82,20,South,Cash,Yes,Online
8980,49,57,2024-11-09,136460.57,8,West,Financing,No,Online
8981,133,9,2024-10-19,95800.23,11,North,Financing,No,Online
8982,55,99,2024-09-02,140413.12,14,West,Cash,No,Dealer
8983,102,34,2024-10-03,84686.12,29,East,Financing,No,Dealer
8984,57,9,2024-06-03,147211.47,2,South,Financing,No,Dealer
8985,80,24,2025-02-26,88757.79,16,North,Financing,Yes,Online
8986,96,45,2024-05-27,80316.97,5,West,Financing,Yes,Dealer
8987,146,33,2025-01-06,83898.28,9,North,Cash,No,Dealer
8988,107,68,2023-07-20,92845.58,28,South,Financing,Yes,Dealer
8989,66,43,2023-07-19,125563.81,28,South,Cash,No,Online
8990,36,25,2024-01-03,153765.98,2,North,Cash,Yes,Dealer
8991,50,79,2023-09-04,128385.39,15,East,Cash,Yes,Online
8992,39,86,2025-05-17,101169.65,8,North,Financing,Yes,Online
8993,16,73,2022-11-29,94987.09,10,West,Financing,No,Online
8994,146,23,2025-04-16,84614.65,30,South,Financing,No,Online
8995,29,1,2023-01-11,82313.08,19,West,Cash,Yes,Dealer
8996,160,9,2024-05-27,157305.03,3,South,Financing,No,Dealer
8997,119,54,2023-09-11,146644.91,5,West,Financing,No,Dealer
8998,156,27,2023-02-13,122456.2,30,West,Cash,Yes,Dealer
8999,142,23,2024-01-26,87813.38,3,South,Financing,Yes,Online
9000,104,95,2023-08-28,99912.65,17,West,Financing,Yes,Dealer
9001,64,39,2024-10-09,85396.4,12,West,Cash,No,Dealer
9002,50,13,2025-04-10,127991.47,3,South,Financing,No,Online
9003,81,72,2025-03-25,81495.85,13,East,Financing,No,Dealer
9004,58,16,2025-09-26,51036.23,7,North,Financing,No,Online
9005,52,54,2024-04-04,137282.71,17,South,Cash,Yes,Dealer
9006,111,1,2022-12-20,110675.91,28,East,Financing,No,Dealer
9007,9,61,2023-01-20,135714.65,5,North,Cash,No,Dealer
9008,27,63,2025-03-30,54226.24,30,North,Financing,Yes,Dealer
9009,179,21,2023-04-01,106696.42,16,North,Cash,No,Online
9010,127,42,2025-06-11,110690.83,23,South,Financing,Yes,Online
9011,48,5,2023-05-14,74029.58,10,West,Cash,Yes,Online
9012,50,50,2024-09-13,139103.65,6,North,Financing,Yes,Online
9013,22,28,2023-06-02,84165.12,1,West,Financing,Yes,Dealer
9014,118,15,2023-10-30,117969.77,19,West,Financing,Yes,Dealer
9015,45,52,2025-07-17,141324.56,13,East,Cash,No,Online
9016,105,85,2024-01-10,62236.58,23,West,Cash,Yes,Dealer
9017,56,21,2023-11-05,125880.38,30,South,Financing,Yes,Online
9018,22,46,2023-07-04,87850.57,4,West,Cash,No,Online
9019,118,29,2023-07-04,124167.88,4,West,Cash,No,Online
9020,142,34,2023-11-06,85088.73,5,West,Cash,No,Dealer
9021,3,42,2023-12-20,75558.09,10,North,Cash,Yes,Dealer
9022,28,17,2025-02-11,113860.46,24,West,Cash,No,Online
9023,28,35,2023-04-03,117950.44,9,West,Financing,Yes,Dealer
9024,135,83,2025-02-28,150902.87,28,South,Financing,Yes,Online
9025,176,46,2023-10-26,55743.69,20,South,Cash,No,Online
9026,108,65,2025-08-22,160094.73,14,East,Cash,Yes,Dealer
9027,18,11,2024-03-09,144145.09,30,West,Cash,Yes,Online
9028,186,18,2025-04-11,116287.86,17,West,Financing,No,Dealer
9029,169,45,2025-08-19,61595.29,7,South,Financing,No,Dealer
9030,59,21,2025-10-01,121356.6,14,East,Cash,No,Dealer
9031,198,58,2024-05-30,49846.75,15,North,Financing,Yes,Online
9032,88,85,2025-08-08,55261.36,5,East,Cash,No,Online
9033,118,10,2025-07-23,123232.25,23,West,Cash,No,Dealer
9034,112,34,2023-05-14,63655.84,16,East,Financing,Yes,Dealer
9035,99,33,2023-06-27,70102.44,4,North,Financing,No,Dealer
9036,200,6,2025-03-04,93386.19,24,West,Cash,No,Dealer
9037,31,26,2023-03-30,85703.83,24,West,Cash,Yes,Online
9038,169,34,2022-11-13,60826.97,26,West,Cash,Yes,Dealer
9039,161,44,2025-07-09,64793.73,28,East,Cash,Yes,Dealer
9040,56,88,2025-05-02,126586.68,26,South,Cash,No,Dealer
9041,6,43,2023-07-29,64198.21,24,East,Cash,Yes,Online
9042,185,54,2024-08-06,128229.44,1,West,Financing,No,Online
9043,73,8,2023-08-02,104667.66,13,South,Financing,No,Dealer
9044,184,46,2025-08-07,126666.65,17,North,Cash,Yes,Online
9045,121,82,2022-12-14,86620.47,26,East,Financing,No,Online
9046,190,3,2024-03-12,86593.95,14,East,Cash,No,Dealer
9047,127,79,2023-10-17,122188.19,11,East,Cash,No,Dealer
9048,26,41,2024-06-18,94154.71,25,East,Cash,No,Dealer
9049,126,54,2024-04-02,82991.35,9,West,Cash,Yes,Online
9050,78,72,2024-04-01,61794.8,26,West,Financing,Yes,Dealer
9051,184,8,2025-07-20,122938.42,28,South,Financing,No,Dealer
9052,191,42,2023-02-22,128889.75,3,North,Financing,Yes,Online
9053,164,23,2025-08-08,140388.51,23,West,Financing,No,Dealer
9054,153,80,2024-08-27,78454.18,6,South,Financing,Yes,Dealer
9055,184,94,2025-09-09,119492.57,24,West,Cash,No,Online
9056,138,79,2023-02-26,149560.7,23,East,Financing,Yes,Dealer
9057,105,79,2024-06-09,64963.03,5,North,Cash,Yes,Dealer
9058,138,60,2024-03-01,137556.91,25,East,Cash,Yes,Online
9059,183,66,2023-04-28,144333.3,16,North,Financing,No,Dealer
9060,122,10,2025-09-10,54421.03,18,East,Cash,Yes,Online
9061,66,5,2025-08-26,112768.5,18,West,Cash,Yes,Dealer
9062,187,90,2025-09-29,102654.01,11,North,Financing,Yes,Dealer
9063,9,76,2023-10-19,148754.69,7,North,Cash,Yes,Online
9064,86,84,2023-09-10,102377.97,19,South,Financing,Yes,Online
9065,185,37,2024-08-11,114039.28,4,West,Financing,No,Online
9066,169,6,2024-10-29,61193.58,14,East,Financing,No,Online
9067,193,79,2023-10-07,61783.47,1,East,Financing,Yes,Online
9068,20,92,2025-08-04,153878.87,4,North,Cash,No,Online
9069,40,49,2023-02-23,105505.7,29,East,Financing,No,Online
9070,119,89,2023-08-06,147966.73,15,North,Financing,Yes,Online
9071,80,46,2024-09-15,96152.56,5,West,Financing,No,Dealer
9072,130,66,2024-09-05,75346.18,1,North,Financing,No,Online
9073,98,4,2025-02-22,117199.66,11,North,Financing,No,Dealer
9074,71,13,2023-04-25,93658.62,28,South,Cash,Yes,Online
9075,43,27,2023-09-21,114027.89,3,West,Cash,No,Dealer
9076,130,5,2023-09-13,73257.98,6,East,Financing,No,Dealer
9077,85,24,2023-10-13,64319.63,28,West,Cash,Yes,Dealer
9078,106,18,2023-09-15,129188.31,17,East,Cash,Yes,Online
9079,182,70,2022-11-27,62836.76,3,West,Cash,No,Online
9080,158,88,2023-03-25,103666.56,8,East,Financing,Yes,Online
9081,98,12,2025-05-31,118688.0,11,North,Cash,Yes,Dealer
9082,67,81,2025-07-25,86626.56,21,South,Cash,Yes,Online
9083,159,54,2024-11-21,135931.34,30,West,Cash,Yes,Dealer
9084,120,88,2024-01-30,134686.77,11,North,Financing,No,Dealer
9085,99,18,2024-07-31,69664.02,23,East,Financing,No,Dealer
9086,105,91,2024-07-03,59442.72,20,East,Financing,No,Dealer
9087,159,90,2024-03-04,143352.04,28,North,Financing,Yes,Online
9088,151,41,2022-10-18,99783.72,20,North,Financing,No,Online
9089,56,17,2024-09-08,140116.73,13,West,Cash,No,Online
9090,15,30,2025-04-13,125278.91,4,South,Cash,No,Online
9091,62,30,2024-10-05,81301.7,1,South,Financing,No,Dealer
9092,123,54,2023-06-27,152572.01,22,West,Financing,Yes,Dealer
9093,76,12,2025-07-07,128456.58,2,North,Cash,No,Online
9094,145,79,2022-11-26,122204.91,24,South,Cash,No,Dealer
9095,90,15,2024-12-20,71896.13,11,West,Cash,Yes,Dealer
9096,52,37,2025-08-15,145448.51,26,West,Cash,Yes,Online
9097,60,84,2023-03-04,118066.27,21,West,Cash,No,Online
9098,168,29,2023-11-30,109371.98,30,East,Financing,Yes,Dealer
9099,73,63,2024-03-27,92484.24,12,South,Financing,No,Online
9100,145,80,2024-08-23,130661.24,28,South,Financing,Yes,Dealer
9101,150,84,2023-11-01,62398.62,22,South,Financing,Yes,Online
9102,94,18,2024-02-10,57622.99,12,North,Financing,No,Online
9103,111,38,2024-06-22,113721.67,7,North,Financing,No,Online
9104,193,93,2025-04-03,60572.05,13,East,Cash,No,Online
9105,99,72,2025-07-24,72523.25,6,East,Financing,Yes,Online
9106,10,8,2023-10-21,91608.68,19,South,Cash,No,Online
9107,24,61,2022-12-30,60811.54,16,East,Cash,No,Dealer
9108,62,15,2025-09-29,77172.46,23,East,Cash,Yes,Online
9109,88,17,2024-01-09,57532.21,4,South,Financing,Yes,Dealer
9110,2,74,2023-06-22,142600.05,19,West,Cash,No,Dealer
9111,26,30,2022-11-26,83283.1,3,South,Financing,No,Online
9112,86,77,2024-06-20,92134.34,10,South,Cash,No,Dealer
9113,97,98,2025-09-13,81840.53,15,South,Financing,No,Online
9114,156,51,2022-12-30,141661.41,9,South,Financing,No,Online
9115,131,100,2024-05-08,50781.44,12,North,Cash,Yes,Online
9116,17,100,2023-09-06,120583.13,20,East,Financing,Yes,Online
9117,139,11,2024-12-27,124435.74,10,East,Cash,Yes,Online
9118,123,92,2025-07-01,141132.35,9,East,Financing,No,Online
9119,40,47,2023-12-25,113360.47,12,South,Financing,Yes,Online
9120,162,2,2023-11-30,116942.67,16,North,Cash,No,Dealer
9121,42,78,2025-07-26,150707.13,27,West,Cash,Yes,Dealer
9122,83,25,2023-05-07,80879.84,17,South,Cash,No,Dealer
9123,15,35,2023-10-26,118690.01,23,North,Cash,No,Dealer
9124,11,9,2024-10-16,119437.6,16,East,Cash,No,Dealer
9125,194,37,2024-10-22,82562.26,9,North,Cash,No,Dealer
9126,176,32,2024-11-15,52354.31,21,South,Cash,Yes,Dealer
9127,77,75,2024-12-23,56780.95,6,West,Cash,No,Dealer
9128,200,88,2024-11-13,100843.87,21,North,Cash,Yes,Dealer
9129,124,55,2022-12-26,125300.64,21,East,Cash,Yes,Online
9130,82,26,2025-04-27,142708.15,24,East,Cash,Yes,Dealer
9131,195,57,2025-07-29,126379.31,3,East,Cash,No,Online
9132,74,46,2024-05-28,102389.68,30,West,Cash,No,Online
9133,83,44,2025-01-08,85743.88,8,East,Financing,No,Dealer
9134,147,76,2022-10-14,109316.0,4,North,Cash,No,Dealer
9135,118,88,2025-09-07,114702.51,30,East,Financing,Yes,Online
9136,32,97,2023-07-10,64002.36,28,North,Cash,Yes,Online
9137,38,95,2022-11-19,117408.58,27,South,Cash,No,Online
9138,195,83,2024-09-06,127736.38,29,South,Financing,Yes,Dealer
9139,53,87,2025-03-24,65624.82,4,South,Cash,Yes,Online
9140,37,56,2024-11-07,100589.46,11,South,Cash,Yes,Online
9141,114,37,2023-07-25,60392.81,26,West,Cash,Yes,Dealer
9142,66,67,2022-12-17,112500.41,10,South,Cash,Yes,Dealer
9143,105,53,2023-03-19,63681.49,11,North,Financing,Yes,Online
9144,97,20,2023-08-29,88924.69,5,South,Cash,Yes,Dealer
9145,71,100,2023-02-02,98976.48,14,East,Financing,No,Dealer
9146,179,73,2025-02-12,113081.36,29,North,Financing,No,Dealer
9147,14,60,2023-05-19,94145.36,29,East,Financing,Yes,Dealer
9148,48,85,2025-07-15,80548.48,21,North,Financing,No,Online
9149,107,78,2023-03-13,86489.93,5,South,Cash,Yes,Dealer
9150,107,19,2022-11-01,94493.26,15,South,Financing,Yes,Dealer
9151,3,9,2025-03-21,78095.85,5,North,Financing,Yes,Dealer
9152,94,67,2025-02-10,55423.73,17,South,Financing,Yes,Dealer
9153,132,42,2023-10-10,109702.54,19,North,Financing,No,Dealer
9154,130,85,2023-08-19,71940.12,30,East,Cash,No,Online
9155,139,51,2023-01-09,127197.12,30,West,Financing,No,Online
9156,174,25,2025-05-24,64062.05,28,South,Financing,No,Dealer
9157,37,72,2024-09-21,88227.8,27,West,Financing,Yes,Dealer
9158,176,52,2023-04-10,54628.69,24,North,Cash,Yes,Online
9159,87,62,2024-12-20,50476.06,17,South,Cash,No,Dealer
9160,10,70,2025-02-24,85177.41,8,West,Cash,No,Online
9161,160,48,2024-02-29,145735.22,22,East,Financing,Yes,Dealer
9162,138,61,2025-05-01,140179.15,26,East,Financing,No,Online
9163,129,69,2023-10-02,55800.65,8,North,Cash,Yes,Online
9164,6,57,2024-03-12,60178.89,20,East,Cash,No,Dealer
9165,91,17,2025-09-24,142938.28,27,South,Cash,Yes,Dealer
9166,83,18,2025-04-11,83457.71,30,North,Cash,Yes,Dealer
9167,52,94,2024-08-03,151676.06,16,North,Cash,No,Dealer
9168,15,26,2022-11-01,123140.86,28,North,Financing,Yes,Dealer
9169,54,6,2024-09-15,123224.3,7,South,Financing,No,Dealer
9170,70,29,2022-11-14,131660.72,21,East,Cash,Yes,Dealer
9171,36,95,2024-01-24,147663.66,18,North,Financing,No,Online
9172,111,6,2023-10-06,111855.28,23,West,Cash,Yes,Dealer
9173,173,80,2025-03-13,54235.0,21,North,Cash,Yes,Online
9174,197,36,2025-05-08,52532.4,6,West,Cash,Yes,Dealer
9175,65,51,2023-07-13,96660.44,26,West,Cash,No,Dealer
9176,100,10,2025-02-04,55338.84,2,West,Cash,Yes,Dealer
9177,117,77,2025-09-04,125466.23,9,West,Financing,No,Dealer
9178,132,79,2024-01-10,107995.39,18,South,Cash,No,Online
9179,124,5,2025-07-22,131835.21,10,East,Cash,No,Dealer
9180,33,31,2023-06-11,102963.63,8,South,Cash,No,Dealer
9181,46,75,2023-03-13,76658.06,2,West,Cash,No,Dealer
9182,16,95,2023-10-22,103096.17,22,East,Cash,No,Online
9183,51,7,2025-07-06,123455.77,16,East,Cash,Yes,Online
9184,51,45,2024-08-12,134077.25,20,North,Financing,No,Online
9185,142,26,2023-05-25,88241.73,19,South,Financing,Yes,Online
9186,53,7,2025-03-24,64358.66,16,South,Financing,Yes,Dealer
9187,67,19,2023-06-14,83681.26,24,West,Cash,Yes,Dealer
9188,166,63,2022-11-27,149861.6,20,North,Cash,Yes,Online
9189,31,88,2022-12-06,93707.13,14,South,Cash,Yes,Dealer
9190,104,31,2025-07-05,100273.92,29,North,Financing,Yes,Online
9191,187,13,2023-02-16,96399.65,12,North,Cash,No,Online
9192,42,59,2025-06-20,145180.26,27,West,Financing,Yes,Online
9193,177,66,2024-08-02,133043.5,19,South,Cash,No,Dealer
9194,66,18,2025-02-07,114422.62,22,South,Cash,No,Dealer
9195,133,15,2025-04-22,100660.66,30,North,Financing,Yes,Dealer
9196,107,47,2024-09-21,87359.51,21,West,Cash,No,Dealer
9197,39,9,2023-01-31,96523.67,23,North,Financing,Yes,Dealer
9198,15,87,2025-04-18,119666.56,5,South,Cash,Yes,Dealer
9199,167,16,2022-11-13,93828.94,4,North,Cash,No,Dealer
9200,83,44,2023-06-14,81768.29,17,North,Financing,Yes,Online
9201,70,33,2025-09-09,126562.14,12,North,Financing,No,Dealer
9202,64,60,2025-05-08,84947.69,1,South,Financing,Yes,Online
9203,161,29,2025-07-25,66283.34,6,South,Financing,No,Dealer
9204,7,77,2025-03-08,64684.6,18,East,Cash,No,Online
9205,91,89,2023-08-24,137166.49,25,North,Cash,Yes,Dealer
9206,129,69,2025-08-30,53408.01,28,South,Cash,No,Dealer
9207,195,45,2023-09-19,124190.93,5,South,Cash,No,Online
9208,53,2,2023-11-20,60568.49,25,North,Cash,No,Online
9209,27,90,2024-02-28,56431.37,6,North,Cash,No,Online
9210,13,76,2023-12-31,59720.02,22,North,Financing,Yes,Online
9211,182,18,2025-06-30,61634.72,24,West,Financing,No,Dealer
9212,181,77,2025-05-17,94480.09,16,North,Cash,No,Online
9213,27,56,2023-01-25,51318.15,26,South,Financing,Yes,Dealer
9214,93,57,2023-03-08,134344.93,10,East,Financing,No,Dealer
9215,22,63,2024-10-06,79620.21,15,East,Financing,No,Dealer
9216,65,31,2023-03-04,87772.81,5,East,Financing,No,Online
9217,28,69,2024-06-14,109163.05,21,West,Cash,Yes,Online
9218,100,26,2023-12-05,49966.38,9,South,Financing,Yes,Online
9219,73,66,2025-03-16,95273.1,5,North,Financing,Yes,Online
9220,116,99,2024-03-13,122618.35,7,North,Cash,No,Online
9221,190,27,2024-08-01,88829.4,23,East,Financing,Yes,Dealer
9222,169,21,2024-10-31,61152.98,11,West,Financing,Yes,Online
9223,49,14,2025-10-04,136394.78,25,West,Cash,Yes,Dealer
9224,165,69,2022-12-21,84917.9,9,South,Financing,Yes,Online
9225,147,3,2022-11-27,112364.02,30,East,Financing,Yes,Dealer
9226,101,80,2022-10-12,137197.79,25,West,Financing,No,Dealer
9227,16,12,2025-06-09,105049.05,11,East,Cash,Yes,Dealer
9228,11,80,2024-07-11,130083.44,30,East,Financing,No,Dealer
9229,167,21,2022-10-20,94278.2,2,North,Financing,Yes,Dealer
9230,200,71,2024-06-11,98731.58,26,North,Financing,No,Online
9231,81,92,2023-05-12,87207.47,25,South,Cash,Yes,Dealer
9232,126,53,2024-10-27,87864.65,15,South,Financing,No,Online
9233,18,48,2024-09-17,142167.21,8,North,Cash,No,Online
9234,114,25,2024-10-30,56463.16,29,South,Cash,No,Online
9235,128,17,2024-12-08,90034.06,9,East,Financing,Yes,Dealer
9236,121,34,2024-01-16,85921.32,12,North,Financing,Yes,Online
9237,152,20,2025-01-10,116168.48,29,South,Financing,No,Dealer
9238,86,89,2022-10-14,97056.36,21,East,Financing,No,Online
9239,29,21,2023-05-10,83912.25,27,North,Cash,No,Dealer
9240,83,88,2024-02-06,83771.04,11,South,Cash,No,Online
9241,124,93,2023-12-20,123769.71,9,South,Financing,Yes,Dealer
9242,3,61,2025-09-14,79537.98,21,South,Cash,No,Online
9243,74,22,2025-08-15,106596.86,7,East,Cash,Yes,Online
9244,140,76,2024-09-15,60404.39,1,West,Cash,Yes,Dealer
9245,52,63,2024-01-25,153174.34,17,North,Financing,Yes,Online
9246,150,88,2023-07-06,61776.45,23,East,Financing,Yes,Dealer
9247,161,43,2023-01-08,63910.1,25,North,Cash,No,Online
9248,56,98,2023-12-22,128847.02,17,North,Financing,No,Online
9249,65,79,2025-03-12,98738.78,24,North,Cash,Yes,Dealer
9250,57,17,2024-08-28,144143.34,8,East,Cash,No,Online
9251,158,54,2023-03-25,98010.66,5,South,Financing,No,Online
9252,173,47,2023-05-25,54690.06,28,South,Cash,Yes,Online
9253,54,58,2023-01-17,119982.63,22,South,Cash,No,Online
9254,84,71,2024-02-27,146585.08,6,East,Cash,No,Online
9255,83,79,2023-07-13,80271.22,11,East,Financing,No,Dealer
9256,104,39,2024-05-21,102703.85,5,South,Financing,Yes,Online
9257,10,54,2023-05-07,86273.02,8,West,Cash,No,Dealer
9258,16,38,2025-06-10,96478.3,27,North,Financing,Yes,Online
9259,159,38,2025-04-08,136216.01,29,West,Financing,Yes,Online
9260,163,85,2025-08-16,117438.12,15,South,Cash,No,Dealer
9261,11,15,2022-11-09,132255.07,8,South,Financing,No,Online
9262,70,76,2022-11-04,135613.35,4,North,Financing,No,Online
9263,85,59,2022-11-26,68926.79,19,West,Cash,Yes,Online
9264,130,7,2024-11-13,68666.88,24,North,Cash,No,Online
9265,47,41,2024-05-08,147191.73,12,East,Cash,Yes,Online
9266,39,17,2025-10-02,93881.02,5,South,Financing,Yes,Dealer
9267,111,4,2024-04-07,109946.6,29,East,Cash,No,Dealer
9268,41,99,2023-10-15,51993.77,9,West,Financing,No,Dealer
9269,179,27,2023-12-17,105726.56,24,North,Cash,No,Online
9270,187,40,2023-04-29,98665.69,1,East,Financing,No,Online
9271,164,28,2024-11-07,152302.64,2,North,Cash,No,Online
9272,70,46,2024-03-13,131133.12,13,South,Cash,No,Online
9273,100,59,2025-08-20,50763.7,27,East,Cash,Yes,Dealer
9274,34,41,2024-08-30,135520.89,24,North,Financing,Yes,Online
9275,124,13,2024-09-29,123519.63,11,South,Financing,Yes,Dealer
9276,180,21,2024-03-30,107326.72,24,West,Cash,No,Online
9277,120,15,2024-08-21,136967.4,13,South,Cash,No,Online
9278,127,65,2024-11-21,110954.17,4,East,Cash,No,Dealer
9279,4,25,2023-10-08,106379.94,11,South,Financing,No,Online
9280,19,97,2023-11-18,66674.35,4,South,Financing,No,Dealer
9281,24,40,2024-03-03,62494.39,9,North,Financing,No,Dealer
9282,155,71,2023-10-10,123434.3,10,East,Cash,Yes,Dealer
9283,182,80,2024-12-08,57516.89,3,West,Financing,No,Dealer
9284,88,6,2024-03-14,54318.81,13,South,Cash,Yes,Online
9285,7,55,2023-02-08,66378.19,18,East,Cash,Yes,Online
9286,13,39,2023-11-20,60866.7,5,East,Cash,Yes,Dealer
9287,120,2,2024-04-06,128911.86,9,East,Financing,Yes,Online
9288,52,52,2025-05-13,136275.22,16,East,Cash,Yes,Online
9289,185,7,2025-04-22,111537.21,28,East,Financing,No,Online
9290,17,73,2025-05-24,106790.78,8,East,Financing,No,Dealer
9291,57,13,2023-04-20,131632.53,1,North,Cash,Yes,Dealer
9292,112,84,2024-06-20,67273.28,11,South,Financing,No,Online
9293,165,90,2023-11-07,97271.87,30,West,Financing,Yes,Online
9294,134,95,2025-04-17,72573.18,20,West,Cash,No,Online
9295,45,73,2023-05-24,141945.44,9,West,Financing,Yes,Dealer
9296,129,80,2024-10-10,53641.47,1,East,Cash,Yes,Dealer
9297,123,45,2024-01-27,148780.98,9,East,Cash,Yes,Online
9298,108,81,2025-06-06,155412.64,26,North,Financing,No,Online
9299,110,55,2025-09-03,155191.57,10,West,Cash,Yes,Online
9300,7,3,2024-08-19,64665.32,7,North,Financing,Yes,Dealer
9301,114,52,2025-10-01,61304.84,11,East,Financing,No,Online
9302,144,70,2024-01-16,121412.55,18,North,Cash,No,Online
9303,18,74,2025-07-01,129826.58,7,North,Cash,No,Online
9304,151,99,2023-05-14,91145.31,14,East,Financing,Yes,Online
9305,141,64,2023-08-17,55545.98,8,East,Cash,Yes,Online
9306,26,47,2024-12-12,88100.73,25,East,Cash,No,Dealer
9307,129,19,2023-05-10,55563.29,21,South,Cash,No,Dealer
9308,122,40,2024-12-13,52984.8,30,South,Financing,No,Dealer
9309,91,41,2023-03-28,152655.97,8,South,Financing,Yes,Dealer
9310,89,89,2023-01-03,61862.52,30,South,Cash,No,Dealer
9311,65,32,2022-11-24,93458.51,5,South,Cash,Yes,Online
9312,48,16,2023-07-16,75047.12,25,West,Cash,Yes,Online
9313,163,84,2024-02-28,111402.57,23,West,Cash,Yes,Dealer
9314,8,8,2024-07-29,108038.71,21,North,Financing,Yes,Online
9315,194,68,2024-06-19,74614.98,10,North,Financing,No,Dealer
9316,176,83,2023-08-23,54368.37,15,South,Cash,No,Online
9317,171,82,2025-08-08,73068.53,16,West,Financing,Yes,Online
9318,114,70,2025-02-24,59209.68,11,West,Cash,Yes,Online
9319,186,35,2025-09-20,116027.7,23,West,Cash,No,Dealer
9320,48,95,2025-01-08,79795.41,7,North,Financing,Yes,Online
9321,134,7,2025-01-02,80464.4,19,North,Financing,No,Dealer
9322,85,90,2025-02-14,67198.53,5,East,Cash,No,Online
9323,7,33,2023-12-06,60397.56,30,North,Cash,Yes,Online
9324,99,99,2024-11-15,73649.16,6,East,Cash,Yes,Dealer
9325,155,17,2022-11-30,128159.71,16,North,Cash,Yes,Online
9326,172,29,2024-04-17,156047.67,23,West,Financing,Yes,Online
9327,111,92,2025-04-21,109594.45,11,West,Financing,Yes,Online
9328,19,77,2025-03-09,58788.98,1,North,Financing,No,Dealer
9329,3,48,2024-02-01,74931.66,25,East,Financing,No,Online
9330,57,72,2025-06-19,143235.03,3,West,Cash,No,Dealer
9331,124,38,2023-07-30,136718.82,20,North,Financing,Yes,Online
9332,37,68,2025-07-25,90494.55,12,West,Cash,No,Online
9333,51,4,2023-09-04,124075.86,23,West,Financing,Yes,Online
9334,180,60,2024-11-19,111413.85,6,West,Cash,Yes,Dealer
9335,129,100,2025-03-31,54089.22,11,North,Financing,Yes,Dealer
9336,57,77,2023-10-27,147979.84,12,South,Financing,No,Dealer
9337,48,18,2025-04-20,75734.72,9,East,Cash,Yes,Dealer
9338,37,50,2025-08-08,98310.42,25,South,Financing,Yes,Dealer
9339,66,39,2023-02-14,115558.99,18,East,Cash,Yes,Dealer
9340,79,44,2022-10-19,98795.06,21,West,Cash,Yes,Online
9341,164,59,2023-05-20,154418.98,16,South,Financing,No,Dealer
9342,165,97,2024-06-10,89808.76,14,North,Financing,Yes,Dealer
9343,87,90,2023-10-05,55145.35,23,West,Cash,Yes,Dealer
9344,27,59,2023-07-28,49671.81,17,East,Financing,Yes,Online
9345,110,39,2024-01-12,142171.57,16,South,Cash,No,Dealer
9346,175,38,2023-10-13,124368.74,26,South,Cash,No,Dealer
9347,92,63,2024-06-20,120798.48,19,West,Financing,No,Online
9348,177,27,2023-06-15,132602.35,10,East,Financing,No,Dealer
9349,190,49,2023-11-24,82996.59,24,West,Financing,No,Online
9350,115,71,2024-11-09,71963.24,29,North,Cash,Yes,Dealer
9351,91,80,2024-09-18,146397.85,16,West,Financing,No,Online
9352,65,80,2023-02-26,98113.82,12,North,Financing,Yes,Dealer
9353,22,96,2025-02-01,89888.48,20,North,Cash,No,Dealer
9354,110,44,2023-03-05,156851.3,26,South,Cash,No,Online
9355,162,25,2024-10-26,114143.18,13,North,Financing,No,Dealer
9356,121,78,2023-10-17,97938.82,8,South,Financing,Yes,Online
9357,161,60,2025-04-21,62855.35,18,South,Financing,Yes,Online
9358,68,12,2024-01-06,93946.44,8,North,Cash,No,Dealer
9359,21,39,2024-10-26,106531.79,27,North,Cash,Yes,Online
9360,99,64,2023-07-27,70109.47,16,West,Financing,Yes,Online
9361,117,99,2022-12-16,131443.8,21,West,Financing,Yes,Online
9362,86,44,2024-06-12,101211.14,18,West,Cash,No,Online
9363,1,67,2023-10-01,119343.57,4,North,Financing,Yes,Online
9364,43,34,2024-01-06,120280.14,1,West,Financing,No,Dealer
9365,134,49,2024-04-05,79443.25,23,West,Financing,No,Dealer
9366,52,32,2023-01-02,137572.97,17,South,Cash,Yes,Online
9367,113,81,2024-06-02,94599.46,27,West,Cash,Yes,Online
9368,11,61,2024-04-29,125208.04,15,East,Cash,Yes,Dealer
9369,68,11,2023-12-08,102236.75,9,North,Cash,No,Dealer
9370,123,73,2024-08-28,150991.08,18,South,Financing,Yes,Online
9371,158,78,2025-05-17,105455.07,28,East,Cash,No,Online
9372,40,1,2025-05-03,112742.24,20,East,Financing,No,Dealer
9373,128,92,2022-11-19,78340.48,2,West,Financing,No,Online
9374,26,17,2025-02-27,92721.62,26,North,Financing,Yes,Online
9375,71,13,2024-02-11,105012.85,30,North,Financing,Yes,Dealer
9376,19,5,2023-07-12,58179.02,3,South,Cash,Yes,Dealer
9377,50,44,2024-08-26,144872.59,25,South,Financing,Yes,Online
9378,187,42,2023-07-12,106465.92,14,West,Cash,No,Online
9379,154,50,2023-09-11,119601.08,5,East,Cash,No,Dealer
9380,113,37,2024-04-14,99144.34,13,East,Financing,Yes,Online
9381,44,85,2025-04-03,143543.96,24,South,Financing,No,Dealer
9382,181,70,2025-08-09,100787.98,29,South,Cash,Yes,Dealer
9383,97,17,2022-11-09,81416.43,23,East,Cash,No,Dealer
9384,61,13,2024-07-24,134760.03,18,South,Financing,No,Dealer
9385,106,66,2023-11-23,129609.53,16,West,Financing,Yes,Dealer
9386,177,77,2024-06-30,144908.03,24,East,Financing,Yes,Dealer
9387,190,89,2023-05-12,89255.57,20,West,Financing,No,Online
9388,31,49,2022-10-15,92643.13,28,East,Financing,No,Dealer
9389,134,4,2023-12-23,71228.2,4,North,Cash,No,Online
9390,170,96,2025-06-28,74823.28,26,East,Cash,Yes,Online
9391,38,7,2024-01-04,111174.04,12,East,Financing,No,Online
9392,179,69,2023-07-16,105041.39,8,West,Cash,No,Online
9393,171,69,2023-12-16,72760.99,6,North,Financing,No,Online
9394,102,19,2024-10-16,87340.87,12,North,Financing,Yes,Dealer
9395,26,13,2025-05-03,95451.45,20,North,Financing,No,Online
9396,97,83,2024-03-09,85636.22,19,South,Cash,Yes,Online
9397,111,63,2023-10-16,117222.13,23,West,Financing,No,Online
9398,21,97,2024-08-02,121842.59,19,West,Cash,Yes,Online
9399,23,99,2025-02-13,131377.73,6,South,Financing,Yes,Online
9400,30,51,2025-01-01,106330.14,8,West,Financing,Yes,Online
9401,141,73,2025-09-23,54061.65,5,South,Cash,No,Online
9402,156,92,2023-11-21,132837.3,11,South,Financing,No,Dealer
9403,150,24,2023-09-11,61248.7,8,West,Financing,Yes,Dealer
9404,39,75,2025-06-12,101483.19,24,West,Financing,Yes,Online
9405,115,36,2023-08-28,68944.6,5,West,Cash,Yes,Online
9406,45,19,2025-05-01,149355.67,17,North,Cash,Yes,Online
9407,165,61,2024-07-11,92850.41,2,West,Cash,Yes,Online
9408,74,9,2025-01-07,108309.54,15,South,Financing,Yes,Online
9409,60,76,2024-12-13,105927.64,7,North,Financing,No,Dealer
9410,171,84,2025-08-12,74277.52,29,West,Financing,Yes,Dealer
9411,41,31,2023-06-02,55566.64,25,East,Financing,Yes,Dealer
9412,6,99,2024-01-02,60112.16,29,North,Cash,Yes,Online
9413,175,98,2025-06-01,130046.95,8,North,Cash,Yes,Online
9414,62,40,2022-12-25,76130.86,30,East,Cash,Yes,Online
9415,85,87,2025-04-22,62554.58,28,East,Cash,Yes,Online
9416,171,55,2024-09-01,68435.69,12,North,Cash,Yes,Online
9417,130,40,2023-12-06,75136.03,21,South,Financing,No,Dealer
9418,154,8,2024-06-03,119678.69,8,North,Cash,No,Dealer
9419,148,76,2023-11-03,117331.71,3,South,Financing,No,Online
9420,98,81,2024-06-15,105940.11,26,East,Financing,Yes,Online
9421,29,87,2023-10-27,79711.63,30,East,Financing,Yes,Dealer
9422,125,24,2025-08-26,149030.65,7,North,Financing,No,Dealer
9423,39,62,2025-06-11,105633.98,25,South,Financing,No,Dealer
9424,182,8,2025-03-23,58391.16,15,East,Cash,Yes,Online
9425,187,97,2024-08-11,102346.59,17,South,Cash,No,Online
9426,52,93,2024-11-29,145513.17,16,East,Cash,No,Online
9427,175,82,2023-06-17,121971.42,30,West,Financing,Yes,Dealer
9428,58,46,2023-03-14,56242.23,26,West,Financing,No,Dealer
9429,91,23,2024-10-29,155060.81,20,North,Financing,Yes,Online
9430,50,51,2023-05-28,126467.48,4,North,Financing,No,Online
9431,188,43,2023-10-14,69008.72,4,North,Cash,No,Online
9432,12,80,2025-04-24,76961.76,26,West,Cash,No,Dealer
9433,108,19,2024-02-24,142308.97,15,West,Financing,Yes,Online
9434,93,74,2023-05-29,141074.62,8,East,Financing,Yes,Dealer
9435,128,94,2022-11-06,81112.68,6,West,Financing,Yes,Dealer
9436,119,37,2023-09-25,147532.53,5,North,Financing,No,Dealer
9437,110,42,2024-12-27,151847.6,3,East,Financing,No,Dealer
9438,55,96,2025-06-09,145737.62,4,North,Cash,Yes,Dealer
9439,172,69,2023-03-20,152103.21,19,East,Cash,No,Online
9440,111,98,2023-07-05,113492.5,8,East,Cash,Yes,Online
9441,174,88,2024-01-25,61052.47,17,South,Cash,No,Online
9442,170,92,2023-06-20,78032.97,2,South,Financing,Yes,Online
9443,3,84,2024-08-04,78124.45,5,North,Financing,Yes,Dealer
9444,147,89,2025-02-16,98662.74,18,West,Cash,No,Online
9445,67,49,2025-05-16,84288.81,16,West,Financing,Yes,Dealer
9446,19,50,2024-10-28,60383.55,3,South,Cash,No,Online
9447,112,83,2025-07-30,62392.41,6,West,Financing,No,Online
9448,42,31,2025-05-10,156115.28,29,South,Financing,No,Dealer
9449,103,9,2023-09-08,107356.78,3,East,Financing,No,Dealer
9450,18,88,2025-02-02,130973.66,27,North,Financing,No,Dealer
9451,167,82,2023-10-15,87445.66,3,South,Financing,Yes,Dealer
9452,86,10,2023-11-05,100218.98,22,South,Cash,Yes,Online
9453,25,88,2022-10-26,141525.56,17,West,Financing,Yes,Dealer
9454,150,14,2024-01-27,57611.68,30,North,Cash,Yes,Dealer
9455,33,56,2025-06-21,96754.09,2,West,Financing,Yes,Dealer
9456,75,96,2025-05-16,100837.59,29,West,Financing,Yes,Online
9457,87,71,2023-01-04,56516.85,25,East,Financing,No,Online
9458,186,18,2023-05-03,119012.38,17,West,Cash,No,Online
9459,138,80,2023-05-29,131660.86,18,West,Financing,No,Dealer
9460,42,86,2022-10-12,147590.82,9,South,Cash,No,Dealer
9461,127,39,2022-11-22,120062.0,23,North,Cash,Yes,Dealer
9462,91,75,2023-03-27,152288.53,19,South,Financing,No,Online
9463,200,27,2024-01-14,98851.76,18,West,Cash,No,Dealer
9464,99,96,2022-10-20,75834.15,15,West,Cash,Yes,Dealer
9465,166,59,2025-06-21,142402.93,14,West,Cash,No,Dealer
9466,170,74,2023-07-07,74614.75,15,North,Cash,Yes,Dealer
9467,191,36,2023-04-18,121384.7,14,West,Financing,Yes,Online
9468,56,88,2022-11-14,139662.8,14,West,Cash,No,Dealer
9469,69,60,2023-10-28,85635.43,21,West,Cash,No,Dealer
9470,83,86,2024-12-28,84321.09,16,West,Financing,Yes,Online
9471,160,37,2023-06-05,153739.12,17,South,Cash,Yes,Dealer
9472,193,27,2025-03-28,60538.02,20,West,Cash,Yes,Dealer
9473,70,64,2025-01-08,131266.42,4,West,Financing,Yes,Dealer
9474,162,35,2023-07-04,122583.55,11,West,Cash,No,Online
9475,158,59,2025-01-30,107460.22,15,North,Financing,Yes,Online
9476,98,33,2025-03-14,105962.14,27,South,Financing,Yes,Online
9477,45,18,2023-07-16,139585.19,15,West,Cash,Yes,Dealer
9478,117,24,2024-09-25,123488.32,4,East,Financing,Yes,Online
9479,169,56,2022-10-29,63548.16,3,North,Financing,No,Online
9480,164,91,2022-10-28,143424.56,20,South,Cash,No,Online
9481,133,2,2024-07-10,99549.08,12,East,Financing,Yes,Online
9482,182,54,2025-05-04,65303.0,30,West,Cash,Yes,Online
9483,145,54,2025-01-22,116703.21,21,East,Financing,Yes,Online
9484,101,34,2025-08-27,134086.86,2,West,Financing,Yes,Online
9485,114,11,2023-06-29,58770.27,30,South,Financing,Yes,Online
9486,6,94,2025-04-01,60321.45,19,West,Cash,No,Dealer
9487,12,57,2024-03-20,76673.84,16,East,Cash,No,Online
9488,3,36,2024-07-13,71397.7,7,North,Cash,No,Dealer
9489,56,15,2024-07-25,132605.89,25,West,Financing,Yes,Dealer
9490,138,78,2025-06-05,145858.49,21,South,Financing,No,Online
9491,70,18,2024-10-07,130969.9,15,North,Financing,Yes,Dealer
9492,84,8,2023-03-12,140654.71,24,North,Financing,Yes,Online
9493,110,39,2025-05-17,140265.54,15,East,Financing,No,Online
9494,180,35,2025-04-27,113023.44,2,South,Cash,No,Dealer
9495,97,70,2025-07-11,86432.79,17,South,Cash,Yes,Online
9496,164,62,2023-01-08,155554.97,3,North,Cash,Yes,Online
9497,145,35,2024-06-16,118244.36,2,East,Financing,No,Dealer
9498,164,81,2023-04-30,154587.06,20,South,Cash,No,Dealer
9499,200,70,2022-11-22,96318.21,8,East,Financing,No,Online
9500,173,70,2025-03-29,52681.34,14,North,Cash,Yes,Online
9501,177,89,2023-12-09,145520.05,4,North,Financing,No,Dealer
9502,172,36,2024-12-16,148352.93,15,South,Cash,No,Dealer
9503,98,32,2024-02-26,114069.88,17,South,Cash,Yes,Dealer
9504,3,52,2023-01-18,77060.44,30,West,Financing,No,Dealer
9505,61,5,2024-05-24,137917.17,18,South,Financing,Yes,Dealer
9506,113,5,2022-12-17,92294.28,21,West,Cash,Yes,Dealer
9507,109,30,2025-10-05,144153.36,13,South,Cash,Yes,Dealer
9508,77,49,2024-08-26,55992.44,3,East,Cash,Yes,Online
9509,138,84,2025-06-15,138632.42,21,West,Cash,Yes,Dealer
9510,187,16,2023-10-27,102745.27,27,East,Cash,No,Dealer
9511,174,14,2024-07-15,64539.5,4,North,Cash,Yes,Online
9512,167,28,2023-01-16,86932.64,3,South,Cash,Yes,Dealer
9513,18,20,2025-09-10,148143.27,10,South,Cash,Yes,Dealer
9514,191,30,2023-05-03,131561.15,11,West,Cash,Yes,Online
9515,105,41,2025-08-13,60212.54,16,South,Cash,Yes,Dealer
9516,179,44,2024-11-25,104416.32,18,East,Financing,Yes,Online
9517,175,33,2024-02-01,128045.64,27,North,Financing,Yes,Dealer
9518,1,52,2024-06-11,125807.34,11,North,Financing,No,Online
9519,154,67,2023-06-06,111224.82,25,South,Cash,No,Dealer
9520,47,82,2024-07-30,148916.74,28,South,Cash,Yes,Online
9521,185,87,2023-12-18,124261.79,10,West,Financing,Yes,Dealer
9522,70,54,2024-12-18,137012.85,3,South,Cash,No,Dealer
9523,63,4,2024-05-27,125757.27,22,West,Financing,No,Online
9524,4,13,2024-11-01,107405.73,21,East,Financing,No,Dealer
9525,150,77,2023-02-14,60936.62,27,South,Financing,No,Online
9526,114,12,2024-01-16,55521.73,5,North,Financing,No,Dealer
9527,92,90,2024-04-13,128797.33,5,East,Financing,Yes,Online
9528,176,39,2024-03-12,55320.74,25,North,Cash,Yes,Dealer
9529,162,31,2023-02-15,113428.96,15,East,Financing,Yes,Dealer
9530,16,76,2025-03-04,105477.51,13,North,Financing,No,Online
9531,118,89,2023-04-21,120378.81,25,East,Cash,Yes,Online
9532,117,65,2024-06-21,121731.46,1,West,Financing,No,Online
9533,131,75,2024-09-16,50332.37,7,North,Financing,Yes,Dealer
9534,129,35,2025-03-19,59882.34,5,West,Cash,Yes,Dealer
9535,21,71,2023-02-17,115106.0,28,South,Financing,No,Dealer
9536,94,59,2024-02-27,58022.52,6,West,Cash,No,Online
9537,186,39,2024-03-07,112197.22,28,South,Cash,Yes,Online
9538,101,98,2023-05-27,120619.35,16,East,Financing,Yes,Dealer
9539,119,87,2023-05-06,135651.5,16,West,Financing,Yes,Online
9540,68,54,2023-03-03,93080.21,2,North,Cash,Yes,Dealer
9541,52,99,2024-02-23,136471.53,5,North,Cash,No,Online
9542,19,28,2024-01-18,60824.95,25,South,Cash,No,Dealer
9543,63,69,2025-01-06,134657.37,24,West,Financing,No,Online
9544,160,56,2025-09-04,145252.02,12,West,Financing,Yes,Online
9545,160,93,2025-05-08,144436.88,30,East,Cash,No,Online
9546,140,31,2025-05-18,68457.04,20,East,Cash,No,Online
9547,4,71,2025-03-16,109067.4,30,South,Financing,Yes,Online
9548,76,55,2024-11-10,134574.92,27,North,Financing,Yes,Online
9549,163,70,2023-10-17,118683.79,22,South,Financing,Yes,Online
9550,41,95,2023-01-26,52649.62,27,North,Cash,No,Online
9551,79,25,2023-01-28,90586.44,15,East,Financing,No,Dealer
9552,199,93,2024-05-15,103572.72,8,East,Cash,Yes,Online
9553,128,43,2024-03-04,87921.05,17,East,Cash,No,Dealer
9554,95,76,2022-11-17,123274.81,10,West,Cash,Yes,Dealer
9555,172,7,2024-09-04,162834.28,3,South,Financing,No,Dealer
9556,91,79,2024-03-09,146120.14,11,West,Cash,Yes,Dealer
9557,31,89,2025-05-02,88855.29,3,East,Cash,No,Online
9558,142,59,2024-09-17,81057.39,30,East,Cash,Yes,Dealer
9559,13,27,2025-01-21,59567.18,26,West,Financing,Yes,Online
9560,84,21,2025-05-07,136880.18,10,North,Financing,No,Dealer
9561,62,90,2024-10-26,77855.55,23,East,Financing,No,Online
9562,163,82,2024-11-02,120135.84,26,South,Financing,No,Dealer
9563,89,98,2025-05-02,66929.16,7,West,Cash,Yes,Online
9564,73,67,2025-06-13,106042.15,5,South,Cash,No,Online
9565,94,87,2023-11-07,60292.56,19,West,Financing,No,Online
9566,98,54,2024-09-14,107491.43,1,North,Financing,No,Dealer
9567,135,52,2023-07-01,132994.13,12,East,Cash,Yes,Dealer
9568,94,48,2023-05-03,54929.23,18,North,Cash,No,Dealer
9569,168,4,2025-02-25,105857.65,12,West,Financing,Yes,Online
9570,49,56,2024-05-04,129341.52,1,East,Cash,Yes,Online
9571,188,55,2025-05-01,76835.12,8,South,Financing,Yes,Online
9572,109,75,2025-02-24,149981.02,23,North,Financing,No,Online
9573,17,74,2023-05-15,117494.55,4,South,Cash,Yes,Dealer
9574,85,12,2024-04-28,65574.65,14,North,Financing,No,Online
9575,27,42,2025-05-13,52080.99,7,North,Cash,Yes,Dealer
9576,131,58,2025-09-07,50880.54,29,North,Cash,Yes,Online
9577,170,94,2024-01-16,81107.44,12,East,Cash,Yes,Dealer
9578,136,75,2024-06-23,85026.57,1,North,Financing,Yes,Dealer
9579,37,29,2025-01-26,92604.61,5,East,Cash,Yes,Dealer
9580,156,22,2024-12-18,137375.88,22,South,Cash,Yes,Dealer
9581,51,1,2024-05-24,124080.56,5,South,Cash,Yes,Online
9582,103,81,2025-04-14,103854.81,3,South,Financing,No,Online
9583,66,84,2023-01-17,124175.09,22,East,Financing,No,Online
9584,4,78,2023-03-28,110570.13,21,North,Cash,Yes,Dealer
9585,164,93,2023-05-20,137684.16,18,West,Financing,No,Dealer
9586,136,40,2024-04-07,76789.69,11,South,Financing,Yes,Online
9587,90,87,2025-02-10,68047.51,25,East,Cash,No,Online
9588,200,9,2023-08-22,92235.47,22,North,Cash,Yes,Dealer
9589,22,27,2025-06-06,80922.59,13,East,Cash,No,Online
9590,81,8,2023-07-08,78783.1,8,East,Cash,Yes,Dealer
9591,61,94,2023-03-05,137111.9,22,East,Financing,No,Online
9592,106,22,2023-07-13,132642.21,12,South,Cash,Yes,Dealer
9593,170,84,2024-07-13,79639.39,5,North,Cash,No,Online
9594,48,17,2024-02-25,83672.89,13,South,Financing,Yes,Dealer
9595,7,17,2023-05-14,65021.78,6,North,Cash,No,Dealer
9596,21,9,2024-08-09,118309.32,1,South,Financing,Yes,Dealer
9597,91,54,2024-10-03,154044.94,15,East,Financing,No,Dealer
9598,156,87,2025-08-18,135162.31,17,West,Cash,Yes,Online
9599,57,21,2023-07-18,141155.14,29,East,Financing,Yes,Online
9600,28,28,2022-12-11,112415.71,18,South,Cash,Yes,Online
9601,198,32,2024-02-19,54543.17,29,North,Cash,Yes,Dealer
9602,188,22,2024-08-05,72588.85,20,North,Cash,Yes,Online
9603,153,26,2025-05-22,73595.91,22,East,Financing,Yes,Online
9604,44,4,2024-02-11,152295.35,25,South,Cash,Yes,Online
9605,84,46,2024-05-20,146193.99,13,North,Financing,Yes,Dealer
9606,181,21,2024-11-13,99741.03,8,North,Financing,Yes,Dealer
9607,73,39,2022-12-26,98771.52,8,South,Cash,No,Online
9608,91,79,2023-02-06,138575.42,14,West,Financing,Yes,Online
9609,9,95,2024-11-25,150073.67,19,West,Financing,Yes,Online
9610,84,18,2023-03-29,147520.89,15,West,Financing,No,Dealer
9611,141,71,2024-04-11,50747.7,3,North,Financing,Yes,Online
9612,60,64,2025-09-03,115227.93,12,East,Cash,No,Online
9613,18,39,2024-12-16,131348.92,1,West,Financing,Yes,Dealer
9614,62,91,2022-12-11,73986.94,25,West,Cash,No,Online
9615,138,37,2022-12-30,146384.97,1,East,Financing,Yes,Online
9616,47,85,2025-05-09,153488.86,18,South,Cash,Yes,Online
9617,13,37,2025-09-11,54557.78,21,East,Financing,Yes,Dealer
9618,91,73,2023-07-13,144431.13,28,West,Cash,Yes,Online
9619,31,67,2025-02-13,81349.51,15,East,Cash,No,Online
9620,60,86,2025-09-21,108535.57,28,East,Cash,Yes,Online
9621,106,74,2023-09-18,129087.26,18,West,Cash,Yes,Dealer
9622,161,50,2023-06-12,65645.87,7,West,Cash,Yes,Dealer
9623,176,37,2024-05-30,57900.55,14,West,Financing,No,Dealer
9624,32,47,2024-12-26,61257.43,22,West,Cash,Yes,Dealer
9625,169,45,2023-04-16,56954.58,28,West,Cash,No,Dealer
9626,177,71,2024-04-30,137196.04,10,South,Financing,Yes,Dealer
9627,149,77,2025-03-07,82080.57,9,East,Financing,Yes,Dealer
9628,58,41,2023-03-04,52901.47,8,West,Financing,No,Dealer
9629,188,88,2024-03-18,73584.3,1,West,Financing,Yes,Online
9630,176,21,2023-11-28,51863.39,13,West,Cash,Yes,Dealer
9631,194,9,2023-11-19,73649.34,4,East,Cash,Yes,Online
9632,38,46,2024-10-27,114730.61,22,West,Cash,Yes,Online
9633,73,68,2023-09-22,99460.36,10,East,Financing,No,Dealer
9634,19,90,2025-09-18,59751.33,3,South,Cash,No,Online
9635,109,99,2023-12-17,132103.84,20,South,Cash,No,Online
9636,190,99,2023-11-13,84841.04,20,South,Cash,No,Dealer
9637,114,67,2025-08-07,54428.01,28,West,Financing,No,Dealer
9638,185,59,2025-08-27,123579.4,14,East,Financing,Yes,Dealer
9639,143,61,2023-12-29,152137.1,27,East,Financing,No,Online
9640,21,99,2025-06-30,115672.01,17,West,Cash,No,Online
9641,136,94,2023-04-30,74582.04,15,West,Cash,Yes,Dealer
9642,162,69,2025-06-23,119641.82,27,West,Cash,No,Dealer
9643,185,28,2024-09-04,125793.18,6,North,Cash,No,Online
9644,87,85,2024-06-23,54136.51,24,West,Financing,Yes,Dealer
9645,178,51,2025-04-25,78667.0,5,South,Cash,Yes,Dealer
9646,79,81,2023-12-27,100469.8,19,East,Financing,Yes,Dealer
9647,23,83,2025-08-25,149957.6,8,South,Financing,No,Online
9648,186,17,2024-07-07,115720.81,8,North,Financing,Yes,Dealer
9649,44,11,2022-12-26,150017.15,26,South,Financing,No,Dealer
9650,189,100,2025-09-29,56335.81,22,East,Cash,No,Online
9651,139,19,2024-12-18,119384.43,12,West,Cash,Yes,Dealer
9652,18,8,2022-11-15,134401.3,7,North,Financing,No,Online
9653,184,70,2024-09-05,122938.32,7,East,Cash,Yes,Dealer
9654,35,57,2023-03-02,144476.18,2,West,Financing,Yes,Dealer
9655,154,62,2023-10-09,110011.14,13,South,Financing,Yes,Dealer
9656,165,6,2023-07-19,94829.29,8,South,Financing,Yes,Online
9657,59,37,2023-11-10,125382.19,3,West,Cash,Yes,Online
9658,118,8,2025-07-21,116672.23,2,East,Financing,No,Online
9659,160,4,2022-11-30,144130.41,4,West,Cash,No,Online
9660,10,73,2025-09-20,88153.11,22,North,Cash,No,Online
9661,165,74,2024-12-18,87037.9,9,North,Financing,Yes,Online
9662,24,97,2023-10-03,65427.18,26,West,Cash,No,Dealer
9663,185,24,2024-08-17,126835.27,12,West,Cash,No,Dealer
9664,62,55,2023-04-12,77844.7,18,West,Financing,No,Dealer
9665,166,3,2023-02-14,147395.05,10,West,Financing,Yes,Dealer
9666,41,67,2025-03-13,53119.66,12,West,Financing,Yes,Online
9667,136,61,2023-04-30,83885.91,3,North,Cash,No,Online
9668,90,99,2025-05-25,65354.37,10,North,Cash,Yes,Online
9669,24,89,2022-11-22,66170.83,5,West,Cash,No,Dealer
9670,82,40,2025-06-11,151322.5,16,South,Cash,No,Dealer
9671,156,92,2025-03-30,122767.93,3,North,Cash,Yes,Dealer
9672,151,78,2024-01-26,96706.82,4,East,Cash,Yes,Dealer
9673,103,57,2025-08-01,112412.62,2,East,Financing,Yes,Online
9674,195,4,2024-04-03,133415.89,23,West,Financing,No,Online
9675,75,2,2023-05-31,96184.64,13,South,Financing,Yes,Online
9676,89,37,2025-03-07,64732.0,5,South,Financing,No,Dealer
9677,10,72,2025-06-26,92300.43,17,East,Cash,No,Dealer
9678,68,39,2025-04-18,103049.68,10,South,Cash,No,Online
9679,185,32,2025-04-01,122753.75,25,East,Cash,No,Online
9680,118,27,2023-10-29,119637.0,8,North,Financing,Yes,Dealer
9681,123,80,2023-12-13,150119.38,20,North,Financing,Yes,Online
9682,14,2,2023-06-17,94193.66,13,North,Financing,No,Online
9683,119,52,2023-01-28,139191.27,4,East,Financing,No,Online
9684,169,56,2024-12-02,56736.02,20,South,Cash,Yes,Online
9685,15,77,2025-02-11,119464.13,6,North,Cash,No,Online
9686,30,88,2025-06-11,100497.92,13,North,Financing,No,Online
9687,158,67,2023-04-30,104804.49,27,West,Financing,No,Online
9688,161,54,2025-04-19,60297.68,21,West,Cash,Yes,Online
9689,134,94,2023-05-23,80914.69,5,South,Cash,Yes,Online
9690,62,48,2024-09-30,76887.41,7,East,Financing,Yes,Dealer
9691,178,5,2023-01-12,85649.9,11,East,Cash,Yes,Dealer
9692,39,6,2023-10-08,101831.24,14,East,Financing,No,Dealer
9693,125,94,2024-11-10,162147.39,25,West,Cash,Yes,Online
9694,132,81,2023-11-27,112862.33,9,South,Financing,Yes,Online
9695,11,51,2022-11-16,124605.59,23,South,Financing,No,Dealer
9696,91,57,2024-03-06,146490.5,10,South,Financing,No,Online
9697,111,96,2024-07-09,111481.68,3,West,Financing,Yes,Online
9698,56,68,2022-11-06,139569.98,3,East,Cash,No,Online
9699,143,70,2023-06-05,140069.52,1,South,Cash,No,Online
9700,3,97,2023-01-29,77225.52,12,South,Financing,Yes,Dealer
9701,177,70,2023-09-22,141183.25,11,East,Cash,No,Dealer
9702,102,9,2025-03-16,86359.13,9,North,Financing,No,Online
9703,116,50,2024-12-16,114739.4,1,South,Cash,No,Dealer
9704,174,74,2025-01-26,68656.81,17,West,Financing,Yes,Dealer
9705,39,34,2024-02-13,103433.76,22,South,Financing,Yes,Dealer
9706,195,92,2025-03-28,125395.1,6,North,Financing,Yes,Online
9707,158,31,2024-05-07,103786.26,30,East,Cash,No,Online
9708,184,24,2025-06-14,132839.93,9,East,Financing,No,Dealer
9709,60,40,2024-04-22,105622.39,21,East,Cash,Yes,Online
9710,143,52,2025-01-27,150853.43,25,South,Cash,Yes,Online
9711,13,56,2024-08-12,58362.07,5,East,Cash,Yes,Online
9712,11,91,2025-09-17,120897.89,15,North,Cash,Yes,Online
9713,188,82,2024-05-19,78229.81,12,West,Cash,No,Dealer
9714,22,34,2024-07-04,80065.73,17,East,Cash,Yes,Online
9715,87,79,2022-12-16,53270.4,11,East,Financing,No,Online
9716,153,29,2024-11-08,79248.46,20,South,Financing,Yes,Dealer
9717,91,6,2024-07-29,156815.93,5,West,Cash,No,Online
9718,69,98,2023-11-04,85759.25,22,South,Financing,Yes,Dealer
9719,153,41,2023-12-06,80570.08,14,North,Financing,Yes,Online
9720,121,8,2025-04-29,91632.28,8,West,Cash,No,Online
9721,100,29,2023-05-08,54720.58,29,North,Financing,Yes,Dealer
9722,124,26,2024-11-10,125356.05,15,North,Cash,No,Dealer
9723,140,64,2025-04-08,64940.1,18,North,Financing,Yes,Online
9724,139,37,2024-06-29,119184.07,10,North,Cash,Yes,Dealer
9725,83,67,2022-12-07,85835.08,15,East,Financing,Yes,Online
9726,55,3,2022-12-10,132841.48,6,North,Cash,No,Online
9727,162,45,2024-07-03,112352.43,10,East,Cash,Yes,Dealer
9728,200,1,2025-02-26,105178.55,26,West,Financing,No,Dealer
9729,171,8,2023-03-28,75644.25,27,North,Cash,Yes,Dealer
9730,18,80,2023-12-25,137040.93,18,East,Cash,Yes,Online
9731,182,90,2022-12-26,57154.41,24,East,Financing,No,Dealer
9732,138,14,2023-03-06,146722.15,19,South,Cash,Yes,Online
9733,101,9,2025-05-22,122745.18,12,East,Cash,Yes,Online
9734,113,62,2023-06-20,103481.56,20,West,Financing,Yes,Dealer
9735,120,82,2023-09-08,126432.84,23,West,Cash,Yes,Dealer
9736,12,10,2024-01-31,73238.38,30,West,Financing,Yes,Dealer
9737,176,37,2023-10-06,56073.2,26,North,Cash,Yes,Online
9738,105,3,2024-10-25,61721.91,23,East,Financing,Yes,Dealer
9739,186,97,2024-09-05,104853.08,21,West,Cash,No,Dealer
9740,158,49,2024-05-13,99997.24,29,West,Cash,Yes,Online
9741,188,13,2023-09-20,76953.49,6,East,Cash,Yes,Online
9742,132,91,2023-09-19,108422.38,20,North,Cash,No,Online
9743,175,38,2023-01-03,126294.57,22,East,Cash,No,Dealer
9744,22,28,2025-08-11,78474.39,16,East,Cash,No,Dealer
9745,134,42,2024-12-21,72013.73,8,North,Cash,No,Dealer
9746,62,73,2025-09-08,82316.39,8,North,Cash,No,Dealer
9747,72,41,2024-01-06,73814.88,19,North,Financing,Yes,Online
9748,148,86,2025-09-15,119788.66,11,West,Financing,No,Online
9749,115,21,2022-11-12,63019.07,12,South,Cash,Yes,Online
9750,38,7,2023-07-29,109280.71,26,South,Cash,Yes,Dealer
9751,55,66,2023-03-15,136531.33,10,South,Cash,Yes,Dealer
9752,147,60,2024-11-06,102860.82,17,West,Financing,Yes,Online
9753,38,49,2024-04-22,103911.36,13,North,Cash,Yes,Online
9754,31,68,2023-07-18,83376.79,14,East,Cash,Yes,Dealer
9755,82,9,2025-08-03,133775.55,8,West,Cash,No,Online
9756,171,53,2025-07-09,74919.63,10,West,Financing,Yes,Dealer
9757,6,28,2023-06-20,59711.34,10,South,Cash,No,Dealer
9758,85,18,2024-11-24,68942.44,16,South,Cash,No,Online
9759,150,46,2023-12-15,58691.61,25,East,Cash,Yes,Dealer
9760,83,34,2024-12-11,86637.01,28,West,Financing,No,Dealer
9761,135,96,2023-09-12,134066.96,27,South,Financing,Yes,Dealer
9762,110,52,2024-04-12,159618.04,3,North,Financing,Yes,Online
9763,113,35,2023-08-04,101319.31,20,North,Cash,No,Online
9764,141,6,2023-01-27,55708.42,5,South,Cash,No,Dealer
9765,111,60,2024-05-02,116215.87,15,East,Cash,Yes,Dealer
9766,51,48,2024-05-23,132815.07,20,South,Financing,No,Dealer
9767,200,46,2024-12-04,104830.31,29,West,Financing,No,Dealer
9768,117,68,2024-05-25,123524.77,29,North,Financing,No,Online
9769,160,69,2025-09-25,150946.08,19,East,Cash,No,Online
9770,82,92,2022-10-13,133233.42,17,East,Cash,Yes,Online
9771,42,1,2023-12-04,140428.73,25,West,Cash,No,Online
9772,3,14,2024-04-22,73142.08,10,South,Cash,Yes,Online
9773,195,80,2024-09-16,133499.07,4,South,Cash,No,Online
9774,125,76,2025-05-15,158344.05,7,East,Cash,No,Online
9775,4,62,2023-08-14,110077.73,3,East,Financing,No,Online
9776,156,4,2025-01-01,136251.58,8,North,Financing,Yes,Online
9777,56,30,2024-09-01,128539.49,4,South,Financing,Yes,Dealer
9778,179,61,2024-04-19,111092.3,5,North,Financing,Yes,Online
9779,19,47,2025-08-09,64264.98,27,West,Financing,No,Online
9780,61,65,2023-10-01,130458.75,28,South,Financing,Yes,Online
9781,25,91,2023-11-27,158060.86,13,North,Cash,Yes,Online
9782,135,57,2025-07-07,143050.93,26,East,Cash,No,Online
9783,173,37,2025-07-21,54565.19,1,East,Financing,No,Dealer
9784,19,43,2025-05-29,65047.68,27,West,Cash,Yes,Online
9785,156,75,2022-12-15,135990.2,3,North,Cash,Yes,Online
9786,145,11,2023-05-08,122854.13,15,North,Cash,Yes,Dealer
9787,119,83,2022-12-31,136242.28,26,East,Financing,No,Dealer
9788,163,72,2023-08-27,123086.58,15,West,Cash,Yes,Online
9789,183,58,2022-11-14,150432.73,16,East,Financing,No,Online
9790,89,49,2023-03-31,63715.5,12,South,Financing,No,Online
9791,76,69,2022-10-18,122968.2,3,North,Cash,Yes,Online
9792,158,88,2023-03-19,100456.4,12,East,Financing,No,Dealer
9793,49,42,2022-12-04,136452.0,6,North,Financing,Yes,Dealer
9794,161,74,2022-10-13,61089.54,3,North,Financing,No,Dealer
9795,37,64,2024-12-05,88452.47,10,East,Financing,No,Dealer
9796,83,36,2024-08-13,82079.36,26,South,Cash,Yes,Online
9797,109,41,2025-07-12,133560.63,4,East,Financing,Yes,Online
9798,104,99,2025-04-23,93396.69,8,North,Cash,No,Online
9799,18,28,2024-12-19,143211.46,27,North,Cash,Yes,Online
9800,113,93,2024-10-09,91708.12,14,East,Cash,No,Online
9801,23,70,2023-05-07,148897.6,25,East,Cash,Yes,Online
9802,31,72,2025-03-13,87658.71,11,North,Cash,Yes,Dealer
9803,90,63,2025-07-30,65441.57,1,North,Financing,Yes,Online
9804,69,69,2024-05-03,78087.28,12,West,Cash,No,Dealer
9805,134,94,2022-10-18,76915.65,4,South,Cash,No,Dealer
9806,35,76,2023-12-17,144749.45,16,South,Financing,No,Dealer
9807,32,76,2024-11-21,60465.39,5,West,Financing,No,Online
9808,116,90,2023-06-08,118044.99,23,North,Cash,Yes,Online
9809,101,16,2024-11-19,122129.73,2,North,Cash,Yes,Online
9810,126,5,2025-07-09,79419.77,10,West,Financing,Yes,Dealer
9811,77,66,2023-12-14,58097.44,2,North,Financing,Yes,Online
9812,12,64,2023-11-10,70975.29,30,West,Cash,Yes,Dealer
9813,174,30,2023-12-23,63518.29,4,East,Cash,Yes,Dealer
9814,123,15,2025-04-05,147555.97,19,West,Financing,No,Dealer
9815,17,88,2023-01-03,110486.26,13,North,Financing,No,Dealer
9816,141,88,2024-06-03,54733.04,27,East,Financing,No,Online
9817,74,44,2025-05-07,111899.84,2,West,Financing,No,Online
9818,129,55,2025-05-02,60870.36,18,East,Financing,Yes,Online
9819,107,43,2025-01-16,84075.93,29,West,Financing,No,Online
9820,28,44,2025-04-08,110372.2,12,East,Cash,No,Online
9821,47,12,2024-03-15,139964.24,3,North,Financing,No,Online
9822,101,28,2023-06-21,125674.73,10,East,Financing,No,Dealer
9823,17,1,2024-04-07,110199.04,10,West,Cash,No,Online
9824,78,23,2025-09-03,63555.6,27,South,Financing,Yes,Dealer
9825,3,3,2024-08-13,71094.32,11,North,Cash,No,Online
9826,122,23,2025-03-19,55612.4,11,West,Cash,Yes,Online
9827,17,81,2024-01-11,104330.21,9,East,Financing,No,Online
9828,106,15,2024-08-29,127946.44,12,East,Financing,Yes,Online
9829,18,99,2024-03-09,136938.48,24,South,Financing,No,Dealer
9830,162,25,2025-03-19,127510.62,8,South,Cash,Yes,Dealer
9831,25,15,2025-02-02,153284.68,28,South,Financing,No,Online
9832,158,89,2023-12-09,107165.13,22,East,Cash,Yes,Online
9833,60,82,2023-10-24,108470.37,27,South,Financing,No,Dealer
9834,153,56,2023-11-07,82889.84,8,South,Financing,No,Online
9835,116,37,2024-03-16,130310.3,19,West,Cash,No,Dealer
9836,83,56,2024-03-26,81859.29,4,West,Cash,No,Dealer
9837,166,42,2022-10-15,147505.72,30,North,Financing,Yes,Dealer
9838,36,42,2023-02-10,138696.98,18,East,Cash,Yes,Online
9839,87,62,2024-11-09,52830.05,3,West,Financing,Yes,Dealer
9840,152,79,2023-06-23,106178.66,26,East,Financing,No,Online
9841,121,79,2025-02-22,87824.65,15,North,Cash,No,Dealer
9842,191,10,2022-12-10,117900.06,10,North,Financing,No,Dealer
9843,14,68,2024-07-12,99742.43,16,North,Financing,Yes,Dealer
9844,29,66,2024-02-22,77891.59,17,East,Cash,No,Dealer
9845,42,15,2025-06-29,142590.25,13,South,Cash,Yes,Online
9846,189,67,2024-03-30,54140.2,2,East,Financing,No,Online
9847,22,94,2025-03-12,79305.18,30,South,Cash,No,Dealer
9848,109,32,2024-05-29,135499.98,7,North,Financing,No,Online
9849,113,54,2025-04-17,98754.41,30,North,Cash,No,Dealer
9850,7,49,2023-12-20,65388.64,20,East,Cash,Yes,Dealer
9851,16,88,2023-11-11,103317.08,4,South,Financing,Yes,Dealer
9852,189,44,2024-09-02,50489.94,30,East,Cash,No,Dealer
9853,111,24,2024-10-13,108472.71,19,North,Financing,No,Dealer
9854,47,10,2023-10-12,137567.64,19,South,Financing,No,Online
9855,48,41,2025-01-26,82450.99,18,East,Cash,No,Dealer
9856,107,8,2024-12-30,94337.32,17,South,Cash,No,Online
9857,85,36,2025-03-06,60848.27,14,West,Financing,No,Online
9858,163,61,2024-03-24,123087.37,26,East,Financing,No,Dealer
9859,194,77,2025-05-19,75109.92,23,East,Cash,Yes,Dealer
9860,137,65,2023-11-16,107510.72,13,East,Financing,Yes,Online
9861,33,23,2024-07-07,99585.56,1,West,Financing,No,Dealer
9862,93,26,2024-02-24,136908.54,3,West,Financing,No,Dealer
9863,35,88,2024-11-08,148983.67,22,East,Cash,Yes,Online
9864,77,85,2023-12-11,62606.03,4,South,Cash,No,Online
9865,164,61,2025-03-18,142626.59,1,East,Cash,No,Dealer
9866,132,48,2024-12-21,105587.61,16,North,Financing,Yes,Online
9867,160,34,2022-10-11,152822.57,13,South,Cash,Yes,Dealer
9868,101,51,2025-01-05,134936.23,30,West,Cash,No,Online
9869,31,59,2022-11-10,91059.43,5,South,Financing,Yes,Online
9870,84,62,2022-10-13,144596.05,10,East,Cash,Yes,Dealer
9871,111,82,2025-03-18,112607.1,2,South,Cash,Yes,Dealer
9872,90,35,2024-03-30,63791.73,6,West,Cash,Yes,Dealer
9873,14,8,2025-03-19,98074.73,23,East,Cash,No,Online
9874,103,13,2022-11-24,107777.41,29,South,Cash,Yes,Online
9875,117,45,2023-12-26,116325.32,3,East,Financing,No,Dealer
9876,152,54,2023-11-01,117428.52,23,North,Cash,Yes,Online
9877,16,18,2025-01-24,98244.93,6,North,Financing,Yes,Online
9878,144,11,2022-12-17,123404.54,11,East,Financing,Yes,Online
9879,37,34,2024-03-05,93336.06,21,East,Cash,Yes,Dealer
9880,2,39,2024-01-01,141623.78,8,North,Financing,Yes,Online
9881,150,48,2024-10-22,58537.45,17,South,Financing,Yes,Dealer
9882,179,30,2025-09-12,100222.84,9,North,Cash,Yes,Online
9883,90,60,2022-10-24,65773.95,6,East,Cash,Yes,Dealer
9884,145,15,2023-05-01,117447.86,17,South,Cash,No,Dealer
9885,31,54,2024-05-07,88818.57,5,West,Cash,No,Dealer
9886,79,72,2025-08-07,90853.53,3,South,Cash,Yes,Dealer
9887,40,86,2024-11-07,109204.96,4,North,Cash,Yes,Online
9888,78,64,2024-12-27,69452.42,10,West,Cash,No,Online
9889,142,45,2025-04-03,88929.94,12,South,Financing,Yes,Online
9890,180,45,2025-02-20,118402.67,23,West,Financing,Yes,Dealer
9891,130,82,2024-04-22,69897.04,29,West,Financing,No,Online
9892,158,99,2023-01-10,98410.51,29,South,Financing,No,Dealer
9893,48,4,2024-06-13,73968.08,5,East,Cash,Yes,Online
9894,78,70,2025-04-28,61566.79,30,East,Financing,Yes,Online
9895,137,76,2024-02-22,113799.23,24,South,Cash,Yes,Dealer
9896,51,88,2024-09-17,136304.61,22,South,Cash,No,Online
9897,191,36,2024-06-02,121556.05,20,North,Cash,No,Online
9898,119,51,2024-09-27,150821.19,6,East,Cash,Yes,Online
9899,167,1,2023-07-09,92959.49,30,North,Financing,No,Online
9900,190,35,2024-01-07,83755.28,1,West,Financing,Yes,Online
9901,29,68,2023-04-16,80445.55,30,West,Cash,No,Online
9902,129,76,2023-10-02,53545.61,3,South,Cash,Yes,Online
9903,1,49,2023-03-16,133080.35,5,East,Financing,Yes,Dealer
9904,193,3,2022-11-27,61434.84,3,West,Financing,No,Online
9905,88,3,2023-10-13,56288.17,20,West,Financing,No,Online
9906,19,83,2024-12-20,60415.53,8,North,Financing,Yes,Online
9907,154,29,2022-10-23,106728.71,27,South,Cash,Yes,Online
9908,54,47,2022-12-12,121529.66,23,West,Cash,No,Dealer
9909,43,99,2024-11-12,116197.0,27,East,Financing,Yes,Online
9910,147,13,2023-01-03,102877.02,14,South,Financing,No,Online
9911,2,70,2022-11-01,146906.39,16,East,Cash,Yes,Dealer
9912,74,68,2024-04-06,111914.06,25,North,Cash,No,Dealer
9913,3,56,2025-05-11,72560.87,23,West,Financing,No,Dealer
9914,17,63,2025-01-15,112120.95,5,West,Financing,Yes,Online
9915,148,15,2025-05-30,109784.96,5,West,Financing,No,Dealer
9916,75,34,2023-07-08,91660.57,4,South,Cash,Yes,Online
9917,189,48,2025-02-12,50003.24,20,South,Financing,Yes,Online
9918,13,75,2023-08-19,54961.07,6,South,Financing,Yes,Dealer
9919,70,39,2025-05-13,131643.34,12,South,Cash,Yes,Dealer
9920,110,74,2023-08-04,151299.19,11,East,Financing,Yes,Dealer
9921,105,39,2023-05-14,62649.66,10,East,Cash,No,Dealer
9922,25,63,2023-06-04,151802.34,22,South,Cash,Yes,Online
9923,135,65,2023-04-17,150483.77,7,East,Cash,No,Dealer
9924,85,42,2023-03-25,69882.7,25,North,Financing,No,Online
9925,159,87,2024-06-30,126672.37,17,North,Cash,No,Dealer
9926,69,4,2024-08-15,74579.03,2,North,Financing,No,Dealer
9927,122,77,2025-02-15,53102.42,2,West,Financing,No,Dealer
9928,78,18,2022-10-31,62109.43,22,North,Financing,No,Online
9929,178,65,2024-02-07,85052.73,14,West,Cash,No,Dealer
9930,159,56,2023-09-27,127574.56,29,East,Financing,Yes,Online
9931,171,26,2023-06-11,68927.6,24,South,Financing,Yes,Dealer
9932,177,59,2023-08-07,133767.87,19,North,Financing,No,Dealer
9933,136,16,2024-09-03,74788.27,1,East,Financing,No,Dealer
9934,93,9,2023-01-21,128218.64,6,East,Financing,Yes,Dealer
9935,174,73,2025-08-24,64628.16,23,North,Cash,Yes,Online
9936,175,29,2022-10-20,137800.52,6,West,Cash,No,Dealer
9937,183,9,2023-04-07,146424.58,16,South,Cash,Yes,Dealer
9938,171,8,2023-12-22,75582.87,20,East,Financing,No,Online
9939,41,23,2025-06-01,52767.14,5,South,Financing,Yes,Online
9940,117,46,2023-07-14,116880.74,10,South,Cash,Yes,Online
9941,35,35,2025-10-05,139961.01,5,South,Cash,No,Online
9942,181,67,2024-09-30,99098.99,9,West,Financing,Yes,Dealer
9943,131,45,2025-08-12,51804.55,16,South,Cash,No,Dealer
9944,123,90,2024-04-03,140625.01,15,West,Financing,Yes,Online
9945,166,76,2022-12-24,146667.84,24,South,Cash,Yes,Dealer
9946,11,15,2023-11-17,120682.61,17,South,Financing,No,Online
9947,50,15,2025-06-27,138059.07,14,West,Financing,Yes,Dealer
9948,22,69,2025-05-19,79659.02,17,East,Financing,No,Dealer
9949,22,48,2025-06-05,79046.94,29,North,Financing,No,Dealer
9950,156,72,2025-01-15,124079.6,5,East,Cash,No,Online
9951,122,53,2024-02-18,59116.53,25,West,Cash,Yes,Dealer
9952,78,2,2023-10-20,68263.16,21,North,Cash,Yes,Dealer
9953,57,48,2024-12-13,135791.55,11,East,Cash,No,Online
9954,3,99,2024-03-09,80402.17,29,East,Financing,Yes,Online
9955,163,54,2022-12-11,121981.2,23,East,Cash,Yes,Online
9956,37,47,2024-05-04,94494.87,19,South,Financing,No,Online
9957,115,12,2025-01-22,66255.87,2,North,Cash,Yes,Online
9958,162,1,2025-03-07,114001.95,8,South,Cash,Yes,Dealer
9959,182,40,2023-06-29,58307.85,8,West,Financing,No,Online
9960,111,90,2023-09-29,107728.59,28,North,Cash,No,Dealer
9961,181,40,2025-03-26,89749.59,29,South,Cash,No,Online
9962,131,22,2024-07-11,52735.6,9,West,Cash,Yes,Online
9963,159,82,2024-09-15,126701.8,16,East,Cash,No,Online
9964,153,76,2025-06-05,81682.19,13,West,Cash,Yes,Online
9965,90,13,2023-09-10,69750.5,12,West,Cash,Yes,Online
9966,106,97,2024-05-19,131467.88,27,South,Financing,No,Online
9967,199,47,2024-09-09,109105.82,21,South,Cash,Yes,Online
9968,168,48,2025-09-16,103488.47,8,East,Financing,Yes,Online
9969,82,22,2023-05-18,148065.86,23,North,Cash,No,Dealer
9970,135,53,2024-01-11,150720.58,4,East,Financing,No,Online
9971,174,24,2024-06-01,63329.61,9,West,Financing,Yes,Dealer
9972,52,99,2024-02-13,146385.98,17,West,Cash,Yes,Online
9973,182,54,2023-05-23,61622.4,13,South,Cash,Yes,Dealer
9974,80,58,2023-07-21,88231.34,13,South,Financing,No,Dealer
9975,37,95,2024-04-25,90154.57,18,North,Cash,Yes,Dealer
9976,94,11,2023-02-17,55401.57,27,West,Cash,No,Online
9977,113,21,2025-02-19,96837.14,20,South,Cash,Yes,Dealer
9978,158,89,2024-04-12,103538.84,1,West,Cash,Yes,Online
9979,151,52,2022-11-18,91962.98,8,East,Cash,Yes,Online
9980,71,8,2024-09-26,104802.55,10,North,Cash,No,Online
9981,123,54,2024-05-02,153460.6,1,West,Cash,Yes,Dealer
9982,123,62,2023-04-09,152552.64,27,West,Financing,Yes,Dealer
9983,120,4,2024-02-25,142173.29,9,South,Cash,No,Dealer
9984,185,39,2023-09-29,124192.42,16,West,Cash,No,Dealer
9985,64,2,2022-11-09,85824.65,23,South,Cash,No,Dealer
9986,31,42,2025-01-04,89590.58,8,East,Cash,Yes,Dealer
9987,4,83,2025-09-19,104703.41,21,North,Cash,Yes,Online
9988,194,53,2025-06-19,74956.64,28,East,Cash,Yes,Online
9989,71,2,2023-03-19,101942.79,23,East,Cash,No,Dealer
9990,147,26,2024-07-14,101719.0,17,North,Financing,Yes,Online
9991,194,19,2025-09-16,80837.65,11,South,Financing,No,Dealer
9992,7,18,2025-05-21,60411.23,19,South,Cash,Yes,Online
9993,123,55,2025-09-14,139330.33,28,South,Cash,Yes,Online
9994,106,42,2023-06-04,130178.16,17,West,Financing,Yes,Dealer
9995,85,95,2023-11-20,61715.24,3,West,Financing,Yes,Online
9996,133,88,2024-10-24,99682.16,1,South,Cash,No,Dealer
9997,150,4,2024-10-09,60187.01,26,West,Cash,No,Online
9998,128,61,2025-05-29,90044.06,8,North,Financing,Yes,Dealer
9999,118,47,2025-03-26,114110.55,8,East,Cash,No,Online
10000,50,22,2023-08-21,131588.53,21,South,Cash,No,Online
