ServiceID,TruckID,ServiceDate,ServiceType,ServiceCost,DealerID,FeedbackScore,DowntimeDays,PartReplaced
1,101,2023-11-17,Warranty,3888.46,19,5,1,Brakes
2,188,2023-02-27,Warranty,198.26,17,6,2,Transmission
3,192,2024-08-19,Warranty,4572.9,3,8,4,Engine
4,101,2023-08-17,Repair,3793.9,13,9,2,Transmission
5,124,2023-10-16,Warranty,3479.39,26,7,4,Brakes
6,102,2023-04-11,Warranty,1847.85,24,6,0,Brakes
7,123,2023-05-21,Routine,3725.85,25,2,4,Brakes
8,108,2025-05-28,Repair,4940.15,2,4,5,Transmission
9,4,2025-03-30,Warranty,3307.84,26,6,2,Tires
10,92,2025-01-19,Warranty,1750.32,14,6,2,Engine
11,72,2024-05-18,Routine,3521.92,6,9,3,Engine
12,79,2023-05-12,Routine,3078.44,11,2,1,Brakes
13,40,2022-10-27,Repair,3883.51,26,2,2,Engine
14,22,2022-12-14,Routine,4876.49,21,2,4,Engine
15,89,2023-11-12,Warranty,1583.38,2,5,5,Brakes
16,172,2025-04-23,Routine,2156.34,18,6,4,Engine
17,167,2025-07-22,Warranty,634.15,24,7,5,Brakes
18,85,2025-04-08,Routine,2936.94,12,3,3,Brakes
19,75,2024-04-17,Repair,1850.49,23,7,2,Brakes
20,75,2024-06-01,Repair,2830.31,16,6,4,Tires
21,92,2025-02-11,Repair,751.68,19,1,2,Engine
22,31,2023-04-12,Routine,1978.97,22,1,1,Transmission
23,133,2025-01-13,Warranty,2965.99,10,8,3,Transmission
24,111,2025-01-21,Routine,2962.05,24,1,1,Transmission
25,103,2023-07-18,Repair,2287.39,8,6,2,Transmission
26,160,2025-07-02,Repair,3645.62,28,2,5,Brakes
27,99,2024-08-13,Repair,4410.95,13,2,3,Brakes
28,92,2024-11-15,Repair,976.82,7,10,1,Transmission
29,43,2023-05-03,Warranty,3286.79,28,9,3,Brakes
30,169,2023-12-08,Warranty,3454.64,24,8,2,Brakes
31,161,2023-04-05,Warranty,742.46,15,6,0,Brakes
32,20,2023-01-17,Repair,2648.68,25,7,1,Engine
33,121,2024-03-23,Routine,4284.05,3,10,2,Transmission
34,171,2024-05-20,Warranty,2814.07,15,5,5,Engine
35,114,2023-05-07,Repair,4553.62,19,4,4,Brakes
36,71,2025-07-10,Routine,1005.11,3,4,3,Tires
37,105,2024-12-09,Routine,3269.25,23,9,2,Engine
38,97,2025-01-10,Repair,2335.71,19,3,5,Engine
39,102,2024-06-21,Repair,2356.84,25,1,5,Tires
40,95,2025-04-07,Routine,1196.08,23,6,0,Engine
41,189,2023-09-19,Routine,1682.25,14,8,5,Engine
42,72,2023-05-20,Repair,2590.88,28,8,5,Engine
43,34,2024-01-14,Repair,3675.73,8,3,4,Transmission
44,182,2022-12-05,Repair,2496.03,8,9,2,Transmission
45,65,2023-02-23,Warranty,2125.03,5,4,4,Engine
46,159,2024-09-28,Repair,2410.11,11,8,5,Transmission
47,65,2022-10-28,Warranty,571.49,29,9,3,Transmission
48,73,2024-11-04,Repair,2674.87,23,10,3,Engine
49,177,2025-05-24,Repair,4246.81,30,7,0,Engine
50,143,2023-08-09,Repair,1492.46,1,4,2,Brakes
51,88,2025-07-10,Routine,109.24,24,7,5,Transmission
52,9,2024-11-23,Warranty,2287.99,26,7,0,Brakes
53,184,2023-04-12,Repair,3817.56,22,6,1,Engine
54,9,2025-01-22,Warranty,2344.6,21,4,2,Engine
55,93,2025-02-13,Repair,1453.63,5,3,5,Engine
56,37,2024-12-19,Routine,1304.18,18,1,4,Tires
57,62,2024-10-27,Warranty,368.41,26,9,0,Transmission
58,181,2024-06-07,Routine,2324.29,12,5,0,Brakes
59,186,2025-04-24,Routine,220.38,14,3,3,Transmission
60,69,2025-08-29,Warranty,3786.59,11,7,0,Tires
61,34,2025-07-26,Routine,1976.96,25,5,4,Transmission
62,129,2025-02-04,Warranty,4642.41,5,3,4,Brakes
63,90,2024-04-26,Repair,1803.85,7,6,1,Brakes
64,6,2024-02-17,Routine,4070.86,11,5,4,Engine
65,60,2023-08-09,Routine,4773.66,1,2,2,Transmission
66,199,2024-10-18,Repair,4158.38,4,2,4,Tires
67,183,2024-08-14,Repair,2340.05,10,4,4,Engine
68,195,2023-11-23,Repair,4790.26,22,2,4,Tires
69,176,2023-12-02,Repair,443.05,2,2,1,Brakes
70,168,2024-03-13,Repair,427.13,22,7,1,Tires
71,75,2023-04-09,Repair,1901.21,15,5,4,Tires
72,77,2023-08-13,Warranty,3663.39,25,7,1,Engine
73,109,2025-08-31,Routine,3564.28,19,5,4,Transmission
74,125,2025-01-18,Repair,183.24,7,3,0,Transmission
75,101,2024-06-22,Routine,2444.71,26,5,1,Brakes
76,108,2024-07-25,Warranty,4596.52,10,8,1,Brakes
77,93,2024-02-24,Routine,1534.64,12,9,4,Tires
78,6,2024-07-18,Warranty,989.19,4,10,4,Engine
79,157,2024-10-20,Routine,4660.64,3,1,1,Transmission
80,63,2023-01-29,Warranty,3434.45,28,1,5,Engine
81,155,2023-02-24,Routine,2296.21,19,4,4,Tires
82,144,2024-07-22,Warranty,1310.98,25,1,1,Engine
83,109,2024-12-06,Routine,2317.86,22,8,0,Transmission
84,46,2023-04-12,Warranty,2482.59,26,4,2,Tires
85,15,2025-08-07,Repair,2771.9,22,9,5,Brakes
86,171,2024-01-25,Routine,1325.99,2,7,5,Tires
87,161,2022-11-27,Routine,3105.4,27,8,2,Brakes
88,39,2024-04-18,Repair,2509.52,11,9,1,Engine
89,80,2023-09-07,Warranty,742.29,28,5,2,Brakes
90,131,2024-09-16,Routine,1275.6,6,2,1,Engine
91,18,2023-05-04,Warranty,1170.17,28,7,5,Brakes
92,35,2023-11-26,Repair,4830.38,13,4,2,Transmission
93,26,2023-11-14,Warranty,4380.6,3,4,3,Engine
94,73,2024-12-09,Repair,2001.66,16,10,3,Brakes
95,64,2025-04-23,Repair,4728.72,12,4,0,Tires
96,75,2023-07-24,Repair,3560.82,28,7,4,Engine
97,77,2023-11-14,Warranty,1084.08,17,7,1,Tires
98,126,2025-07-11,Repair,2810.53,4,9,0,Engine
99,121,2024-01-22,Routine,383.94,15,9,5,Transmission
100,153,2023-06-30,Repair,1375.6,13,7,2,Engine
101,14,2023-01-09,Routine,1912.44,5,5,0,Tires
102,196,2025-07-14,Repair,2322.13,2,5,1,Engine
103,182,2023-11-05,Repair,1606.63,1,6,5,Engine
104,49,2024-01-01,Routine,2584.16,15,5,4,Transmission
105,180,2024-04-23,Warranty,831.7,19,3,4,Engine
106,16,2025-09-10,Warranty,4379.15,23,8,3,Tires
107,172,2025-09-17,Repair,3087.04,17,10,0,Brakes
108,132,2022-11-18,Warranty,3412.32,19,2,3,Transmission
109,151,2022-10-21,Repair,4009.73,27,4,4,Brakes
110,67,2024-01-26,Warranty,2209.17,16,7,2,Transmission
111,22,2024-12-08,Repair,683.48,24,1,0,Transmission
112,6,2025-03-30,Routine,1261.86,11,1,5,Engine
113,168,2023-02-03,Warranty,3899.49,16,2,0,Tires
114,6,2025-10-01,Repair,2211.03,22,1,1,Tires
115,169,2025-08-11,Routine,267.11,15,3,3,Brakes
116,124,2025-09-23,Warranty,2108.38,10,5,3,Brakes
117,35,2022-10-22,Repair,311.9,22,8,2,Transmission
118,112,2024-07-24,Routine,2861.19,6,10,5,Brakes
119,190,2024-08-29,Warranty,1161.47,18,6,4,Brakes
120,4,2024-10-18,Repair,2584.45,3,5,4,Transmission
121,16,2023-11-23,Routine,2990.94,15,3,2,Transmission
122,84,2023-09-02,Routine,2343.4,4,5,2,Engine
123,50,2024-10-03,Routine,2729.59,10,8,2,Transmission
124,114,2024-10-01,Warranty,655.07,7,2,0,Engine
125,120,2024-12-12,Repair,111.93,13,3,3,Engine
126,175,2024-07-04,Repair,470.62,5,5,0,Tires
127,103,2025-08-31,Routine,124.61,20,10,1,Tires
128,144,2023-07-28,Routine,389.11,4,4,2,Tires
129,54,2023-06-10,Warranty,1025.87,25,8,2,Brakes
130,37,2024-06-16,Repair,1873.82,3,10,4,Engine
131,22,2025-07-18,Warranty,3723.35,12,8,4,Engine
132,51,2023-12-03,Warranty,2274.34,13,9,5,Tires
133,64,2023-10-22,Repair,3073.6,27,9,0,Transmission
134,62,2024-06-09,Repair,3381.18,20,3,2,Engine
135,127,2023-06-09,Warranty,4245.07,26,3,4,Transmission
136,27,2024-11-20,Routine,552.64,7,6,5,Brakes
137,84,2025-07-10,Warranty,1528.74,2,4,2,Brakes
138,24,2025-06-14,Warranty,674.69,28,3,0,Brakes
139,138,2025-09-14,Warranty,3940.24,17,10,0,Tires
140,90,2024-11-03,Repair,314.72,10,6,2,Brakes
141,54,2023-12-16,Routine,853.84,6,10,5,Tires
142,168,2023-09-21,Repair,1042.21,26,5,2,Brakes
143,190,2024-07-13,Routine,951.88,20,8,4,Engine
144,7,2023-03-18,Warranty,4470.42,11,9,4,Tires
145,188,2022-12-16,Routine,3746.6,24,2,3,Transmission
146,42,2022-11-28,Routine,2069.14,8,4,2,Engine
147,189,2023-12-31,Repair,1163.28,2,6,0,Tires
148,56,2024-07-04,Warranty,1140.73,10,7,3,Tires
149,19,2025-03-04,Repair,4476.56,12,1,4,Tires
150,108,2025-07-29,Repair,1456.72,4,6,3,Brakes
151,126,2022-12-10,Routine,690.12,18,8,0,Tires
152,23,2025-02-15,Routine,125.84,8,4,2,Engine
153,152,2025-05-29,Routine,956.58,14,10,4,Brakes
154,97,2025-02-10,Routine,3450.37,26,4,3,Engine
155,140,2023-02-15,Routine,1892.42,25,10,3,Transmission
156,105,2024-01-03,Routine,1087.45,10,9,5,Tires
157,10,2025-09-13,Warranty,3560.76,15,5,3,Tires
158,90,2024-03-05,Routine,3805.0,6,1,1,Brakes
159,178,2025-02-14,Repair,3197.89,23,1,0,Brakes
160,59,2023-04-24,Warranty,127.69,6,1,0,Engine
161,181,2024-09-24,Repair,3111.05,6,5,0,Tires
162,176,2024-04-19,Routine,781.39,17,3,0,Tires
163,20,2024-10-05,Routine,2803.06,4,1,5,Tires
164,13,2022-12-06,Repair,4028.92,13,10,5,Brakes
165,88,2025-05-06,Routine,3583.17,13,1,0,Engine
166,78,2024-12-29,Repair,731.73,22,9,3,Engine
167,104,2025-07-30,Warranty,865.08,18,2,3,Tires
168,68,2022-10-19,Warranty,180.15,16,8,2,Tires
169,45,2023-10-06,Repair,3076.32,5,10,2,Transmission
170,103,2025-03-13,Routine,2888.46,29,7,0,Engine
171,115,2022-12-20,Warranty,1515.96,13,7,2,Transmission
172,7,2024-07-18,Routine,1806.58,24,10,2,Engine
173,194,2023-04-12,Repair,1299.55,26,6,2,Engine
174,163,2024-05-13,Warranty,4874.01,27,8,4,Tires
175,57,2024-07-22,Repair,1591.41,1,7,3,Tires
176,166,2022-12-12,Warranty,4693.73,19,2,4,Transmission
177,63,2023-09-09,Routine,3235.68,27,4,1,Tires
178,3,2022-10-18,Warranty,4899.6,18,2,0,Brakes
179,119,2025-06-05,Warranty,4625.86,9,2,3,Brakes
180,108,2025-07-20,Warranty,2697.74,24,3,0,Tires
181,110,2025-04-03,Repair,133.8,22,10,4,Brakes
182,38,2023-01-04,Warranty,415.23,29,8,2,Transmission
183,96,2025-08-14,Routine,4862.69,13,9,1,Tires
184,105,2023-01-03,Routine,871.37,20,9,3,Transmission
185,24,2024-03-07,Warranty,3146.73,26,7,4,Engine
186,57,2023-05-07,Warranty,4999.9,17,2,0,Brakes
187,166,2025-01-04,Warranty,2547.16,2,5,0,Brakes
188,137,2024-02-11,Warranty,1238.95,19,7,2,Engine
189,11,2023-07-28,Warranty,4677.71,24,4,0,Engine
190,137,2024-01-21,Repair,2826.44,11,9,1,Tires
191,135,2025-06-23,Routine,1002.77,9,9,5,Transmission
192,92,2023-08-10,Routine,2324.94,5,5,4,Transmission
193,13,2022-11-12,Repair,3778.43,6,4,3,Engine
194,23,2025-03-23,Warranty,3338.63,27,7,4,Engine
195,176,2023-10-19,Repair,829.52,20,8,1,Brakes
196,168,2023-09-01,Repair,1925.83,17,8,3,Transmission
197,69,2024-01-14,Repair,3757.17,18,1,4,Tires
198,43,2024-06-09,Routine,2667.66,25,2,4,Brakes
199,113,2023-01-05,Repair,3930.63,5,1,3,Tires
200,123,2024-10-03,Warranty,880.11,14,10,4,Transmission
201,121,2025-08-08,Warranty,972.98,5,5,0,Transmission
202,129,2024-09-27,Repair,2581.83,24,1,2,Brakes
203,135,2024-06-19,Repair,2604.58,18,10,1,Tires
204,146,2025-03-01,Repair,4450.95,17,3,5,Tires
205,32,2023-11-14,Warranty,1851.96,29,2,5,Tires
206,122,2023-12-29,Repair,2236.87,3,7,4,Transmission
207,119,2025-04-18,Routine,4052.58,27,10,1,Tires
208,125,2025-06-30,Repair,1728.12,14,6,0,Tires
209,111,2025-06-08,Repair,3072.41,30,9,1,Engine
210,69,2025-08-12,Routine,3014.03,7,10,2,Brakes
211,41,2024-03-31,Warranty,2924.71,4,4,0,Tires
212,176,2022-12-24,Routine,1702.73,8,9,5,Transmission
213,197,2023-01-27,Repair,1388.52,26,4,1,Engine
214,109,2025-08-27,Routine,3059.3,16,8,2,Brakes
215,94,2023-06-27,Warranty,4305.56,3,7,4,Transmission
216,191,2023-12-13,Warranty,2115.51,11,8,0,Transmission
217,168,2024-06-05,Warranty,713.53,12,1,4,Transmission
218,180,2024-03-25,Warranty,1944.16,12,4,5,Brakes
219,71,2025-03-06,Repair,1373.62,30,10,2,Engine
220,13,2024-02-05,Repair,4329.54,10,9,2,Engine
221,3,2025-02-01,Repair,277.91,24,1,3,Tires
222,62,2024-04-09,Repair,1239.75,25,5,4,Transmission
223,22,2024-07-29,Warranty,2199.27,11,9,4,Transmission
224,155,2025-09-02,Routine,1530.85,26,1,5,Tires
225,142,2023-10-19,Warranty,4633.01,13,4,4,Tires
226,19,2025-01-27,Repair,180.64,7,9,3,Engine
227,59,2024-07-08,Warranty,1031.28,28,1,0,Tires
228,17,2024-01-10,Warranty,834.34,4,7,5,Engine
229,111,2023-10-27,Routine,3912.48,23,9,1,Engine
230,122,2025-03-07,Repair,4498.96,20,5,5,Transmission
231,128,2024-02-14,Repair,4402.44,1,5,1,Engine
232,89,2023-04-28,Warranty,399.92,2,1,0,Engine
233,17,2024-07-15,Warranty,845.0,17,1,5,Transmission
234,48,2025-09-06,Routine,695.92,2,10,0,Transmission
235,138,2025-06-17,Repair,4426.27,18,10,0,Engine
236,79,2023-01-25,Routine,833.38,6,7,5,Transmission
237,58,2024-03-26,Repair,1810.96,23,5,2,Engine
238,163,2024-09-13,Repair,3894.08,21,8,4,Tires
239,38,2025-08-29,Repair,4252.16,21,3,1,Engine
240,43,2023-04-14,Routine,3161.78,3,6,1,Engine
241,121,2025-01-12,Repair,4517.34,27,4,2,Brakes
242,39,2022-11-12,Repair,4650.43,12,9,1,Transmission
243,11,2023-06-19,Repair,2325.08,4,8,2,Tires
244,22,2025-02-18,Repair,4583.9,21,7,1,Engine
245,74,2024-04-16,Repair,3660.8,23,9,2,Tires
246,123,2023-11-14,Routine,2189.09,21,10,5,Brakes
247,108,2024-03-30,Routine,2519.62,24,6,3,Brakes
248,173,2025-08-22,Warranty,2057.57,27,2,2,Engine
249,94,2023-06-09,Warranty,244.67,11,2,5,Tires
250,86,2023-06-17,Repair,167.99,28,5,5,Engine
251,25,2024-08-23,Routine,3240.38,16,8,2,Engine
252,27,2023-11-04,Routine,2683.32,21,7,5,Engine
253,59,2025-08-30,Warranty,2627.62,4,10,2,Tires
254,115,2023-11-04,Routine,2157.81,2,2,3,Engine
255,170,2025-04-12,Warranty,3749.06,20,6,4,Tires
256,44,2023-05-21,Warranty,1323.19,12,3,2,Brakes
257,116,2024-09-21,Warranty,1572.97,1,1,5,Transmission
258,92,2023-05-11,Warranty,2974.2,20,6,5,Tires
259,71,2023-05-13,Warranty,4961.3,1,10,4,Tires
260,144,2025-08-28,Routine,3307.42,20,9,1,Engine
261,166,2025-01-10,Repair,4301.29,11,10,5,Transmission
262,49,2023-07-02,Warranty,1253.04,1,8,3,Brakes
263,169,2023-11-21,Repair,655.97,27,9,4,Brakes
264,50,2023-03-03,Warranty,2990.76,18,4,2,Engine
265,9,2023-06-26,Repair,1201.47,6,9,5,Transmission
266,74,2023-07-08,Routine,1903.96,19,5,4,Transmission
267,4,2023-07-02,Repair,4330.35,15,5,2,Brakes
268,137,2024-10-13,Routine,863.46,18,5,0,Engine
269,115,2023-04-07,Warranty,4894.74,2,10,2,Transmission
270,79,2025-08-05,Routine,4940.06,29,3,3,Transmission
271,136,2024-09-16,Warranty,879.3,5,6,4,Transmission
272,97,2024-11-22,Routine,2382.26,17,9,0,Engine
273,92,2023-06-24,Warranty,1232.08,4,5,3,Brakes
274,149,2022-11-20,Warranty,1173.32,27,9,3,Brakes
275,68,2025-09-10,Warranty,2478.62,12,4,3,Brakes
276,168,2025-09-09,Routine,2673.1,13,9,2,Engine
277,28,2024-10-05,Warranty,1364.16,27,6,3,Tires
278,136,2024-06-13,Repair,1194.74,24,9,3,Engine
279,94,2022-11-22,Warranty,2346.47,2,6,0,Engine
280,86,2025-01-23,Repair,2366.58,6,2,4,Transmission
281,192,2023-07-14,Routine,3302.77,3,1,1,Engine
282,14,2022-11-10,Repair,3332.46,8,8,2,Engine
283,119,2023-07-22,Routine,2696.67,21,4,1,Tires
284,160,2024-11-09,Warranty,2512.43,10,9,1,Transmission
285,194,2023-08-31,Warranty,3398.18,2,3,4,Tires
286,185,2025-02-13,Warranty,1907.92,21,6,5,Brakes
287,130,2024-07-18,Repair,3785.92,3,2,3,Brakes
288,121,2025-07-22,Routine,2822.51,1,2,1,Transmission
289,200,2023-04-12,Routine,2473.93,5,3,5,Brakes
290,104,2024-07-15,Repair,3074.44,1,7,4,Tires
291,200,2023-07-04,Warranty,2515.39,9,5,4,Brakes
292,23,2025-08-12,Routine,1068.75,15,3,1,Engine
293,105,2025-04-08,Routine,1465.86,28,9,0,Transmission
294,42,2024-03-02,Repair,1492.98,29,6,4,Tires
295,99,2023-11-17,Routine,4296.03,19,3,4,Transmission
296,191,2024-05-31,Repair,4782.75,30,4,2,Brakes
297,14,2024-08-17,Repair,182.39,26,5,0,Engine
298,91,2025-06-01,Warranty,3190.11,2,5,2,Engine
299,51,2025-03-11,Repair,4072.62,28,6,0,Brakes
300,167,2023-01-03,Warranty,945.48,13,3,3,Engine
301,121,2025-03-21,Routine,1895.88,12,5,0,Brakes
302,182,2023-02-12,Warranty,2585.61,6,1,0,Brakes
303,18,2023-08-07,Routine,2203.47,28,2,1,Brakes
304,54,2024-09-25,Routine,2974.29,5,9,5,Transmission
305,184,2023-06-24,Warranty,3257.52,9,6,0,Brakes
306,38,2024-03-23,Repair,3290.37,15,1,3,Transmission
307,110,2025-07-07,Repair,4651.32,1,7,2,Tires
308,167,2023-04-25,Routine,3833.11,22,8,0,Transmission
309,126,2024-03-09,Routine,4697.51,4,6,5,Brakes
310,185,2025-06-19,Routine,531.34,8,9,4,Tires
311,30,2023-08-05,Warranty,3724.34,3,1,2,Tires
312,33,2023-11-11,Routine,4400.61,7,3,3,Brakes
313,91,2024-01-10,Repair,1426.02,25,9,4,Tires
314,102,2024-09-13,Warranty,2521.69,13,7,5,Tires
315,88,2023-11-02,Repair,2311.82,1,2,4,Tires
316,60,2024-04-03,Routine,1747.57,9,9,1,Tires
317,171,2023-06-03,Warranty,1885.9,1,2,0,Tires
318,79,2025-06-25,Warranty,4598.09,26,8,5,Tires
319,192,2024-09-24,Routine,3464.61,29,7,2,Brakes
320,66,2025-06-30,Routine,1770.71,27,3,1,Engine
321,168,2025-01-30,Warranty,850.1,8,1,1,Transmission
322,166,2024-10-11,Warranty,3756.58,24,5,4,Engine
323,83,2024-03-16,Warranty,2178.09,15,9,3,Brakes
324,54,2023-01-23,Repair,898.9,25,2,4,Transmission
325,102,2024-06-18,Routine,517.17,28,10,3,Transmission
326,52,2023-01-25,Routine,4134.37,2,7,3,Tires
327,63,2022-11-09,Warranty,3328.78,12,2,4,Tires
328,119,2024-06-04,Routine,3323.3,20,3,0,Tires
329,134,2022-12-25,Warranty,2725.73,13,4,4,Tires
330,89,2023-09-16,Warranty,1789.52,4,1,5,Brakes
331,65,2023-06-11,Repair,2247.22,13,1,4,Engine
332,67,2024-11-23,Warranty,119.24,18,2,1,Transmission
333,198,2024-06-30,Repair,3511.14,5,7,0,Engine
334,21,2024-03-07,Routine,536.55,25,7,3,Brakes
335,162,2023-10-16,Warranty,4006.19,4,1,5,Tires
336,140,2023-03-29,Repair,2336.02,12,10,5,Brakes
337,155,2023-03-06,Routine,4183.88,22,9,0,Brakes
338,65,2024-03-10,Routine,4003.3,1,8,3,Transmission
339,150,2023-08-20,Repair,2786.11,13,7,0,Tires
340,158,2023-04-25,Routine,658.73,4,6,1,Transmission
341,168,2022-12-23,Routine,2333.38,26,4,5,Engine
342,71,2023-02-28,Warranty,4614.42,7,2,1,Transmission
343,83,2023-09-07,Warranty,1035.97,1,1,5,Transmission
344,183,2023-11-23,Routine,4952.17,29,4,2,Tires
345,171,2025-03-31,Warranty,3123.01,30,2,3,Transmission
346,114,2022-12-16,Routine,2201.06,6,5,0,Engine
347,100,2024-06-04,Repair,2862.5,6,4,2,Tires
348,69,2025-04-28,Warranty,3781.51,15,3,4,Engine
349,129,2022-12-29,Warranty,3805.85,27,4,3,Brakes
350,83,2023-01-31,Repair,4902.33,19,7,0,Transmission
351,185,2024-07-31,Warranty,4726.4,18,9,1,Transmission
352,172,2022-11-19,Routine,618.81,11,9,0,Engine
353,44,2024-06-23,Routine,3775.2,16,4,3,Tires
354,184,2024-01-08,Repair,4939.52,13,8,3,Engine
355,190,2024-03-22,Routine,1864.28,21,3,3,Brakes
356,49,2023-09-20,Repair,4096.8,22,5,1,Tires
357,79,2023-12-04,Repair,2821.93,16,1,0,Tires
358,45,2023-04-07,Warranty,153.72,14,5,4,Transmission
359,145,2023-03-22,Warranty,1157.87,23,9,4,Brakes
360,147,2025-09-15,Warranty,2804.66,16,5,3,Engine
361,183,2024-05-15,Repair,4509.0,22,6,4,Engine
362,73,2025-06-26,Repair,1827.95,10,4,1,Brakes
363,32,2023-06-01,Repair,3208.91,5,10,0,Tires
364,41,2023-03-13,Repair,728.38,16,6,4,Engine
365,93,2023-06-15,Warranty,1962.01,26,5,2,Brakes
366,124,2025-05-02,Repair,3540.05,7,1,2,Engine
367,112,2025-01-03,Warranty,1081.54,17,5,1,Tires
368,31,2025-04-27,Repair,4672.14,17,5,4,Engine
369,3,2025-01-14,Routine,2033.31,13,1,4,Transmission
370,103,2025-05-27,Repair,251.3,5,3,4,Brakes
371,56,2022-11-11,Routine,251.52,21,10,1,Transmission
372,56,2023-03-19,Warranty,1678.06,8,9,4,Brakes
373,82,2024-09-17,Routine,4146.93,16,7,5,Transmission
374,41,2023-08-22,Warranty,922.52,3,8,0,Tires
375,116,2024-12-21,Routine,3644.63,16,8,2,Brakes
376,104,2025-10-01,Warranty,2279.46,8,7,5,Engine
377,57,2024-02-09,Routine,4081.32,13,9,2,Brakes
378,158,2024-08-27,Repair,2724.99,24,3,4,Brakes
379,54,2023-01-20,Warranty,462.11,14,6,3,Engine
380,122,2023-03-23,Routine,150.26,18,4,0,Tires
381,98,2023-01-12,Repair,499.46,10,9,4,Transmission
382,141,2023-06-04,Warranty,2477.25,19,5,4,Brakes
383,169,2024-02-13,Warranty,2321.72,27,9,5,Brakes
384,176,2023-06-02,Routine,4984.3,22,2,4,Brakes
385,172,2023-04-30,Routine,3753.77,20,3,0,Tires
386,181,2025-03-09,Routine,4085.17,16,3,0,Brakes
387,180,2025-02-08,Routine,4286.81,14,7,5,Brakes
388,37,2024-08-01,Repair,2989.1,17,8,1,Engine
389,17,2023-04-29,Routine,3007.87,28,3,0,Tires
390,134,2024-11-17,Routine,2091.47,27,2,1,Brakes
391,110,2025-08-30,Warranty,2791.65,6,6,3,Engine
392,27,2024-01-18,Warranty,3770.7,12,10,3,Transmission
393,28,2024-07-15,Repair,1806.94,19,7,5,Brakes
394,181,2025-09-15,Routine,3386.61,1,7,3,Engine
395,53,2024-04-20,Warranty,3409.86,5,4,4,Transmission
396,112,2025-06-03,Routine,2920.88,13,10,0,Brakes
397,117,2024-03-22,Repair,429.53,30,3,4,Brakes
398,185,2023-01-08,Warranty,450.19,19,8,2,Transmission
399,125,2023-09-23,Repair,326.41,7,9,1,Brakes
400,178,2024-02-24,Routine,4227.41,28,5,3,Brakes
401,6,2024-01-07,Warranty,740.0,4,10,5,Engine
402,115,2024-06-17,Warranty,4884.52,9,3,2,Engine
403,141,2024-09-14,Warranty,4134.46,7,6,3,Transmission
404,38,2024-04-10,Repair,3428.61,1,2,5,Engine
405,28,2023-02-21,Warranty,2470.5,9,5,5,Brakes
406,120,2023-05-15,Routine,343.37,6,10,2,Engine
407,158,2023-05-02,Warranty,616.04,1,2,3,Tires
408,170,2024-07-16,Warranty,2572.67,18,3,1,Engine
409,105,2025-05-10,Repair,2454.96,18,7,2,Brakes
410,161,2024-03-28,Warranty,1402.49,18,6,1,Brakes
411,92,2023-05-16,Warranty,3853.09,19,3,5,Engine
412,35,2025-07-17,Warranty,3200.86,28,2,3,Transmission
413,95,2025-03-22,Routine,1877.81,29,8,2,Transmission
414,113,2024-06-18,Routine,1289.85,25,5,1,Transmission
415,101,2025-07-02,Repair,1484.09,21,10,4,Tires
416,162,2023-01-16,Repair,4013.99,14,1,1,Brakes
417,92,2023-07-07,Repair,1976.02,1,1,5,Engine
418,83,2024-06-10,Routine,2296.08,23,7,2,Engine
419,160,2023-04-09,Repair,264.58,26,1,3,Tires
420,178,2022-12-04,Repair,2101.6,17,4,5,Transmission
421,60,2023-09-19,Routine,4103.14,29,3,4,Engine
422,156,2024-03-01,Warranty,3208.81,9,8,3,Brakes
423,167,2023-10-25,Routine,4358.97,9,10,4,Transmission
424,18,2024-03-16,Routine,2128.28,6,1,3,Engine
425,156,2023-06-11,Repair,3604.55,8,8,5,Engine
426,102,2025-08-06,Warranty,2574.45,4,8,4,Engine
427,165,2025-04-21,Warranty,2381.92,3,2,3,Transmission
428,168,2022-12-21,Warranty,4815.84,19,5,5,Engine
429,15,2024-02-02,Repair,1971.09,11,3,2,Brakes
430,116,2023-08-24,Repair,745.41,26,8,4,Tires
431,46,2024-03-12,Repair,680.68,21,8,5,Engine
432,50,2024-10-22,Repair,4415.48,15,7,2,Transmission
433,113,2023-05-10,Routine,1391.89,24,4,3,Tires
434,137,2023-09-27,Routine,4234.02,19,2,3,Tires
435,154,2024-06-24,Warranty,2613.5,1,8,5,Engine
436,16,2022-12-02,Routine,1906.53,28,9,4,Brakes
437,143,2024-10-07,Repair,321.87,4,6,1,Brakes
438,68,2023-12-12,Routine,4268.4,10,2,0,Brakes
439,45,2025-05-22,Routine,1196.7,2,3,0,Transmission
440,7,2022-12-29,Warranty,4659.28,21,3,4,Brakes
441,118,2023-02-22,Warranty,4669.58,1,10,3,Brakes
442,108,2024-05-01,Routine,827.73,8,4,1,Engine
443,4,2025-01-24,Routine,934.06,5,6,1,Engine
444,37,2023-04-15,Routine,300.0,9,3,1,Tires
445,25,2024-11-08,Repair,3737.65,16,7,0,Engine
446,103,2023-11-26,Warranty,3453.62,9,9,5,Brakes
447,65,2024-12-29,Warranty,2228.23,15,1,5,Brakes
448,152,2023-09-19,Warranty,956.97,1,7,4,Engine
449,69,2024-06-20,Repair,329.61,29,9,1,Engine
450,163,2024-12-30,Routine,3891.38,30,7,5,Brakes
451,118,2023-06-12,Routine,4119.25,18,10,3,Brakes
452,189,2024-10-09,Repair,1147.91,29,9,1,Transmission
453,75,2023-03-25,Routine,2274.86,11,1,0,Brakes
454,99,2024-03-10,Repair,3791.69,18,1,4,Tires
455,107,2024-11-02,Routine,798.7,10,1,3,Tires
456,160,2024-02-16,Routine,813.93,8,5,4,Brakes
457,195,2024-08-04,Warranty,4457.73,25,3,3,Engine
458,100,2023-12-25,Repair,4859.51,21,5,2,Transmission
459,61,2023-01-13,Warranty,2836.84,9,6,2,Engine
460,56,2024-08-14,Routine,1243.31,27,7,0,Transmission
461,47,2022-12-21,Repair,992.72,27,1,5,Engine
462,153,2025-08-28,Repair,1165.27,22,4,5,Tires
463,158,2024-09-09,Repair,809.6,10,1,2,Tires
464,200,2023-03-01,Repair,813.4,5,1,2,Brakes
465,106,2025-05-02,Repair,1088.57,22,9,4,Engine
466,166,2023-01-16,Repair,3648.36,15,4,0,Transmission
467,180,2024-12-01,Routine,3334.76,13,10,2,Tires
468,184,2022-10-09,Routine,4076.89,2,3,1,Engine
469,181,2024-07-09,Warranty,4361.36,6,8,4,Transmission
470,150,2025-03-10,Routine,870.02,12,1,2,Transmission
471,8,2024-11-19,Routine,2466.33,23,1,5,Brakes
472,133,2025-03-15,Routine,4919.43,28,1,0,Engine
473,172,2024-01-17,Routine,2979.24,2,2,0,Engine
474,144,2025-08-06,Routine,2880.03,2,3,4,Brakes
475,29,2025-04-10,Routine,1066.77,25,9,4,Transmission
476,131,2023-06-30,Repair,661.27,4,5,0,Transmission
477,129,2025-01-23,Routine,2184.74,19,5,0,Engine
478,101,2025-09-18,Warranty,1478.7,6,3,4,Tires
479,174,2024-02-03,Repair,1904.67,29,4,4,Transmission
480,13,2023-11-27,Repair,4760.32,19,2,2,Tires
481,41,2022-10-24,Warranty,3747.36,6,1,2,Brakes
482,36,2025-07-01,Warranty,1211.27,23,2,5,Tires
483,136,2022-11-19,Repair,1713.89,30,5,4,Transmission
484,55,2022-10-16,Repair,4236.16,6,5,3,Transmission
485,15,2023-01-28,Repair,988.73,10,5,4,Tires
486,40,2024-08-26,Routine,4203.74,6,1,0,Engine
487,191,2023-07-25,Routine,3932.27,10,2,0,Engine
488,112,2025-01-02,Routine,3057.15,21,1,5,Transmission
489,118,2025-02-19,Routine,1346.79,21,4,0,Brakes
490,70,2023-01-11,Warranty,1155.38,4,6,0,Engine
491,95,2023-12-15,Routine,1103.76,9,6,3,Tires
492,20,2025-02-21,Routine,4791.24,12,2,1,Tires
493,46,2023-11-08,Warranty,3230.77,22,2,2,Engine
494,169,2025-10-01,Repair,3695.95,9,4,4,Engine
495,84,2025-03-27,Repair,2942.12,8,10,4,Engine
496,184,2022-10-12,Warranty,4487.74,12,8,1,Transmission
497,100,2023-08-30,Repair,3277.08,18,2,4,Engine
498,109,2023-12-11,Warranty,2820.85,5,7,0,Brakes
499,101,2023-10-21,Repair,1246.31,5,5,5,Engine
500,148,2025-07-26,Repair,4997.62,3,4,5,Tires
501,145,2024-11-16,Routine,3004.57,8,5,2,Engine
502,86,2023-02-23,Repair,1413.42,24,7,1,Brakes
503,23,2025-09-06,Routine,2273.53,18,1,3,Brakes
504,110,2025-01-10,Repair,564.3,18,1,4,Tires
505,77,2024-10-27,Repair,2151.88,28,1,5,Transmission
506,127,2022-12-24,Warranty,4206.61,20,9,4,Transmission
507,176,2023-05-01,Routine,2651.03,28,8,2,Brakes
508,60,2023-01-10,Warranty,3131.93,7,9,5,Tires
509,199,2025-09-01,Repair,3815.82,5,9,4,Engine
510,79,2025-06-29,Warranty,2052.25,19,3,2,Brakes
511,91,2024-05-08,Repair,4420.02,24,1,1,Engine
512,84,2025-07-26,Warranty,3758.93,8,4,0,Brakes
513,19,2024-08-14,Repair,4250.54,7,2,2,Tires
514,170,2023-10-19,Repair,472.13,16,5,1,Engine
515,156,2025-05-26,Routine,4655.96,27,7,1,Engine
516,151,2023-01-16,Warranty,4467.75,15,2,2,Tires
517,116,2023-03-22,Repair,3286.26,6,5,1,Tires
518,132,2023-12-07,Repair,3713.02,22,1,0,Tires
519,103,2024-04-29,Warranty,603.84,29,7,0,Engine
520,5,2023-11-28,Repair,3367.57,16,3,2,Tires
521,164,2025-06-23,Warranty,4695.35,27,7,0,Tires
522,11,2023-02-24,Warranty,1869.85,30,2,0,Engine
523,163,2023-11-11,Warranty,4603.51,25,4,0,Transmission
524,176,2025-01-08,Repair,1548.37,4,2,0,Tires
525,119,2024-09-27,Repair,4818.07,18,1,1,Transmission
526,27,2025-08-13,Routine,533.01,7,10,2,Brakes
527,178,2024-03-12,Routine,318.79,15,4,3,Transmission
528,111,2024-07-21,Routine,2227.06,30,3,4,Transmission
529,159,2024-06-07,Warranty,419.47,17,6,4,Tires
530,183,2024-10-16,Warranty,1749.41,29,1,3,Tires
531,83,2024-09-30,Warranty,3000.22,21,2,2,Brakes
532,193,2024-01-22,Repair,983.72,29,6,5,Engine
533,156,2023-05-25,Routine,1944.34,1,2,2,Brakes
534,161,2024-05-07,Repair,1355.9,22,4,0,Transmission
535,43,2023-05-30,Routine,4930.06,8,4,0,Engine
536,79,2024-04-24,Repair,3902.53,22,3,0,Brakes
537,52,2023-10-10,Routine,4337.31,11,10,3,Brakes
538,18,2024-12-21,Repair,3002.54,3,4,5,Transmission
539,127,2023-12-24,Warranty,1351.81,14,5,2,Engine
540,169,2024-11-17,Routine,650.55,25,10,0,Transmission
541,196,2023-07-02,Repair,824.23,2,3,5,Engine
542,128,2025-03-16,Warranty,1608.95,18,7,5,Engine
543,51,2023-01-27,Routine,134.62,5,4,5,Engine
544,41,2024-03-31,Routine,1738.77,20,3,2,Tires
545,180,2023-08-23,Warranty,1313.84,5,10,5,Engine
546,29,2023-09-21,Routine,262.37,5,10,3,Engine
547,22,2023-03-16,Warranty,1378.84,6,5,1,Brakes
548,102,2024-08-20,Warranty,796.42,1,7,3,Brakes
549,46,2023-12-26,Routine,3023.57,23,8,0,Brakes
550,64,2023-12-01,Routine,357.33,24,10,5,Tires
551,85,2024-07-29,Repair,108.91,29,4,2,Brakes
552,97,2024-12-20,Warranty,3238.4,23,9,3,Engine
553,72,2023-05-01,Routine,1153.11,18,7,3,Tires
554,102,2024-01-29,Warranty,1075.1,22,1,5,Engine
555,64,2023-02-15,Warranty,2456.76,17,6,3,Transmission
556,99,2023-11-13,Routine,1247.91,29,3,4,Brakes
557,60,2023-03-28,Repair,4243.87,7,5,1,Engine
558,178,2023-10-09,Repair,541.58,9,3,3,Brakes
559,187,2022-12-17,Routine,1799.38,26,4,4,Tires
560,73,2024-06-30,Routine,1524.54,26,2,3,Engine
561,165,2025-05-20,Routine,487.73,24,9,2,Brakes
562,82,2025-03-02,Repair,3244.73,30,10,3,Brakes
563,62,2023-01-25,Routine,3213.06,25,9,3,Brakes
564,95,2024-07-22,Routine,2392.57,3,3,3,Transmission
565,172,2023-05-11,Routine,1840.65,20,6,4,Engine
566,132,2025-02-18,Warranty,2635.26,10,2,0,Brakes
567,69,2025-08-05,Repair,3014.93,10,4,0,Transmission
568,73,2024-03-12,Warranty,4701.2,30,9,5,Brakes
569,13,2025-07-06,Repair,3894.06,20,7,4,Engine
570,38,2023-02-12,Warranty,2555.61,15,10,0,Engine
571,165,2024-05-29,Routine,2086.98,6,10,4,Tires
572,23,2024-09-17,Warranty,349.62,29,7,1,Tires
573,78,2023-03-04,Routine,1914.31,5,1,1,Engine
574,109,2023-01-23,Repair,4417.26,24,2,1,Transmission
575,91,2024-05-07,Routine,1171.76,23,5,4,Engine
576,167,2024-11-22,Warranty,3882.81,30,2,1,Transmission
577,15,2024-07-16,Repair,4107.31,27,5,3,Tires
578,184,2025-08-27,Routine,688.44,26,3,2,Tires
579,190,2024-10-17,Warranty,2727.17,23,8,0,Engine
580,76,2023-02-21,Repair,3948.56,11,10,1,Brakes
581,145,2023-10-10,Routine,1845.81,14,9,5,Tires
582,195,2024-05-12,Warranty,4894.7,16,8,5,Brakes
583,30,2024-02-25,Repair,4086.18,16,10,5,Tires
584,160,2023-03-23,Repair,1206.79,2,5,2,Brakes
585,198,2023-04-06,Routine,3248.94,27,10,3,Tires
586,15,2024-06-23,Routine,4705.11,13,10,2,Engine
587,123,2022-11-06,Routine,3159.14,1,5,0,Transmission
588,63,2024-01-27,Warranty,4744.73,8,4,2,Engine
589,199,2024-04-04,Warranty,135.83,1,10,1,Brakes
590,23,2023-08-22,Repair,3492.66,17,4,5,Tires
591,148,2024-10-20,Repair,3486.91,3,10,1,Transmission
592,97,2023-10-01,Warranty,2006.59,24,10,0,Engine
593,11,2023-12-22,Routine,2553.54,19,1,3,Brakes
594,161,2023-05-13,Routine,2643.5,6,6,0,Tires
595,165,2025-09-13,Routine,3107.17,30,4,2,Transmission
596,9,2025-01-23,Warranty,4419.93,15,8,5,Transmission
597,81,2025-01-20,Repair,3892.31,10,1,3,Tires
598,182,2025-06-19,Warranty,3325.03,13,9,0,Tires
599,200,2024-08-18,Repair,4675.39,16,10,0,Engine
600,23,2024-12-12,Warranty,1031.18,26,9,2,Transmission
601,173,2023-03-14,Repair,4667.79,18,10,0,Brakes
602,160,2023-11-24,Routine,676.27,6,8,0,Tires
603,149,2024-12-14,Repair,2007.24,27,10,3,Engine
604,67,2024-01-23,Repair,2937.27,22,8,5,Brakes
605,131,2024-03-15,Routine,2017.67,19,5,4,Engine
606,58,2025-06-11,Routine,3684.34,22,3,4,Tires
607,189,2025-05-07,Repair,3193.84,28,1,2,Tires
608,85,2024-09-01,Routine,1614.97,8,2,2,Brakes
609,22,2024-05-19,Repair,3764.31,23,6,0,Tires
610,7,2024-09-03,Repair,3342.28,7,5,0,Brakes
611,149,2023-11-05,Routine,2222.66,18,8,4,Brakes
612,55,2024-09-17,Repair,874.12,6,1,0,Brakes
613,172,2024-01-11,Warranty,1750.76,28,10,2,Transmission
614,34,2025-02-19,Routine,4202.44,19,6,0,Tires
615,171,2024-03-16,Routine,2983.49,6,4,3,Brakes
616,55,2025-03-15,Warranty,236.3,30,2,5,Transmission
617,37,2025-01-21,Repair,185.65,23,8,3,Engine
618,33,2023-09-06,Routine,4938.89,9,5,2,Engine
619,86,2025-06-14,Warranty,3468.73,13,1,3,Brakes
620,124,2024-04-24,Warranty,2887.75,22,10,2,Tires
621,162,2024-07-18,Routine,3595.05,2,10,4,Brakes
622,99,2022-12-06,Routine,4469.89,14,10,1,Transmission
623,116,2023-02-02,Routine,2583.43,9,7,2,Transmission
624,188,2023-04-11,Routine,3992.46,2,3,4,Tires
625,194,2025-07-29,Repair,221.92,23,5,4,Brakes
626,89,2025-02-07,Repair,1139.23,24,2,3,Transmission
627,16,2023-05-20,Warranty,4452.22,16,9,3,Transmission
628,122,2023-01-05,Warranty,1290.5,20,7,5,Engine
629,154,2024-07-17,Routine,316.89,12,9,2,Transmission
630,179,2025-08-18,Routine,4688.62,30,8,3,Transmission
631,66,2023-04-10,Repair,4277.97,4,7,1,Brakes
632,78,2024-03-17,Repair,4673.23,22,2,4,Engine
633,23,2025-05-12,Warranty,238.42,6,3,4,Engine
634,78,2024-02-25,Warranty,1366.59,7,3,0,Transmission
635,67,2022-11-19,Routine,434.53,17,6,4,Transmission
636,43,2023-12-31,Repair,1985.89,2,3,1,Transmission
637,21,2023-06-14,Routine,3769.14,20,9,0,Transmission
638,96,2024-08-26,Warranty,363.47,2,7,3,Engine
639,132,2024-07-11,Routine,4462.7,8,9,5,Engine
640,110,2024-11-09,Repair,4649.11,19,4,4,Brakes
641,130,2023-03-06,Warranty,3467.11,16,10,5,Engine
642,176,2023-02-22,Routine,1066.31,15,6,1,Engine
643,92,2023-02-03,Routine,1032.78,29,10,4,Brakes
644,130,2024-09-17,Routine,4876.78,16,1,0,Brakes
645,54,2023-10-14,Warranty,3930.39,28,8,0,Tires
646,57,2024-07-03,Routine,1529.67,3,6,0,Transmission
647,53,2023-06-19,Warranty,4784.39,17,9,1,Brakes
648,130,2024-10-17,Warranty,2266.9,20,2,0,Tires
649,119,2023-01-03,Repair,3483.47,11,9,0,Engine
650,20,2025-02-04,Warranty,167.91,25,9,0,Transmission
651,112,2023-12-18,Warranty,4389.32,27,9,4,Engine
652,184,2023-08-27,Routine,2591.8,4,5,3,Engine
653,69,2023-03-26,Warranty,3418.04,8,1,0,Engine
654,87,2023-12-22,Warranty,1488.99,27,4,1,Tires
655,157,2025-03-02,Warranty,368.64,14,8,0,Tires
656,81,2025-01-31,Routine,3139.3,7,3,5,Transmission
657,115,2023-05-17,Warranty,2155.02,3,9,3,Brakes
658,16,2025-04-29,Repair,2523.02,4,3,3,Engine
659,157,2023-02-10,Repair,3694.05,22,3,5,Transmission
660,174,2025-03-10,Repair,1304.69,10,10,2,Transmission
661,159,2023-08-29,Repair,2794.88,27,7,5,Engine
662,182,2023-03-21,Warranty,807.69,13,1,2,Engine
663,116,2023-12-06,Warranty,1930.13,20,9,5,Brakes
664,11,2025-02-09,Routine,1773.49,8,1,1,Transmission
665,99,2023-12-04,Routine,265.45,13,9,2,Tires
666,16,2024-07-19,Warranty,4375.26,7,5,5,Transmission
667,200,2024-07-04,Routine,132.02,26,7,4,Transmission
668,50,2023-03-04,Routine,4710.21,25,4,3,Transmission
669,39,2024-12-04,Warranty,486.12,8,2,5,Engine
670,160,2023-02-02,Repair,4193.04,10,10,3,Tires
671,170,2024-11-07,Routine,249.78,4,3,0,Transmission
672,58,2024-12-29,Warranty,481.11,1,4,2,Engine
673,22,2025-03-01,Repair,199.79,1,8,1,Tires
674,166,2022-11-09,Repair,4823.96,15,3,3,Engine
675,155,2023-01-15,Warranty,3585.56,11,4,3,Engine
676,180,2025-08-11,Repair,1031.65,6,6,4,Tires
677,140,2023-07-29,Routine,1521.45,22,5,4,Brakes
678,37,2023-08-02,Routine,4302.08,17,9,2,Transmission
679,98,2025-07-03,Routine,3342.22,30,4,3,Brakes
680,61,2025-09-11,Routine,2108.57,19,2,1,Tires
681,1,2024-09-30,Repair,2713.25,5,6,2,Brakes
682,87,2025-04-06,Warranty,4733.57,13,1,4,Engine
683,101,2024-09-25,Routine,1814.71,23,8,1,Brakes
684,12,2023-10-17,Repair,1595.17,26,4,3,Brakes
685,140,2023-02-14,Warranty,572.88,6,8,0,Transmission
686,73,2025-03-08,Routine,3176.77,8,10,2,Engine
687,16,2024-01-15,Repair,2659.84,26,2,5,Engine
688,110,2024-08-22,Routine,3183.16,2,2,1,Brakes
689,28,2024-06-18,Routine,1840.7,25,5,3,Brakes
690,61,2025-02-14,Repair,4079.46,17,9,2,Brakes
691,196,2024-06-05,Repair,2894.85,21,9,0,Brakes
692,43,2025-01-15,Routine,2856.53,11,4,2,Transmission
693,181,2024-06-22,Warranty,3920.43,22,4,3,Tires
694,47,2023-08-28,Routine,1591.56,26,2,2,Transmission
695,6,2023-04-11,Warranty,1935.17,19,2,0,Tires
696,104,2023-12-11,Routine,1781.25,26,9,4,Brakes
697,104,2025-05-16,Routine,219.6,4,5,2,Transmission
698,191,2025-08-16,Repair,3377.96,22,2,5,Tires
699,147,2025-03-19,Repair,1078.0,25,1,2,Engine
700,21,2024-02-18,Repair,4665.87,8,2,4,Tires
701,174,2024-06-15,Warranty,1916.88,25,6,2,Tires
702,44,2024-08-29,Repair,1913.8,8,9,4,Transmission
703,33,2023-06-30,Repair,1888.66,19,6,2,Brakes
704,72,2022-12-22,Routine,115.7,3,8,5,Engine
705,84,2023-12-11,Routine,3958.71,10,10,4,Brakes
706,45,2023-09-09,Warranty,3394.68,20,5,3,Transmission
707,43,2024-12-28,Repair,881.96,20,5,4,Brakes
708,91,2025-07-11,Repair,3609.02,9,10,2,Transmission
709,48,2023-12-26,Routine,1573.61,14,6,2,Engine
710,13,2024-05-13,Routine,3451.72,5,1,4,Transmission
711,41,2023-03-11,Repair,3452.14,20,9,1,Transmission
712,97,2024-01-09,Warranty,2584.93,3,9,2,Engine
713,69,2025-06-17,Repair,726.03,2,10,5,Tires
714,57,2025-02-10,Repair,664.17,26,3,1,Engine
715,28,2025-05-14,Warranty,1060.4,26,2,0,Brakes
716,36,2024-09-01,Routine,1310.64,13,9,4,Transmission
717,132,2023-10-14,Warranty,2099.15,10,7,4,Transmission
718,124,2025-04-02,Repair,3702.23,7,2,2,Brakes
719,147,2024-01-16,Routine,996.08,26,2,4,Engine
720,66,2023-06-27,Warranty,4570.2,7,7,0,Tires
721,108,2023-06-29,Routine,1411.81,19,4,3,Tires
722,179,2023-09-02,Repair,1360.62,24,7,4,Tires
723,78,2024-03-22,Warranty,423.99,5,2,0,Transmission
724,114,2024-11-04,Warranty,3091.13,1,1,2,Brakes
725,163,2023-10-27,Routine,1223.65,28,7,5,Engine
726,87,2022-10-13,Warranty,4790.74,4,8,0,Engine
727,66,2024-05-27,Warranty,4170.55,1,5,3,Tires
728,195,2023-09-29,Repair,1221.37,25,10,4,Brakes
729,37,2024-09-15,Repair,288.58,17,2,2,Tires
730,189,2024-09-29,Warranty,4307.35,21,8,4,Engine
731,179,2025-10-03,Warranty,1759.28,21,8,5,Brakes
732,84,2023-12-16,Routine,1728.5,17,5,0,Transmission
733,63,2023-08-04,Warranty,3050.79,4,3,3,Tires
734,10,2025-07-10,Routine,2125.53,25,10,1,Engine
735,86,2023-07-06,Warranty,3307.01,7,1,2,Engine
736,182,2025-01-27,Warranty,2469.47,14,5,4,Engine
737,199,2024-10-11,Repair,3108.75,27,9,5,Engine
738,52,2025-08-30,Warranty,1248.12,22,1,1,Brakes
739,124,2023-12-29,Warranty,3360.07,12,9,0,Brakes
740,180,2025-02-15,Warranty,589.51,1,3,0,Transmission
741,6,2024-12-14,Warranty,3551.69,20,5,4,Tires
742,119,2025-03-24,Warranty,420.37,3,5,0,Engine
743,48,2023-11-12,Warranty,232.94,28,2,3,Engine
744,182,2023-07-04,Repair,1142.8,18,2,0,Transmission
745,128,2022-12-22,Repair,4898.56,1,10,3,Transmission
746,2,2022-12-18,Repair,3565.26,6,10,0,Brakes
747,122,2025-01-26,Routine,2403.81,26,4,1,Transmission
748,138,2024-05-04,Repair,3594.01,21,8,4,Engine
749,16,2023-01-06,Repair,3703.54,26,9,4,Tires
750,17,2025-09-20,Warranty,3481.11,14,7,1,Engine
751,129,2025-05-27,Repair,720.94,12,6,3,Transmission
752,97,2023-06-24,Repair,2744.96,23,10,5,Engine
753,83,2024-06-07,Warranty,1573.79,29,2,0,Transmission
754,171,2025-06-10,Repair,3021.21,24,2,0,Tires
755,54,2022-12-20,Routine,4819.74,10,6,1,Tires
756,36,2025-08-31,Warranty,3865.72,14,7,5,Transmission
757,146,2024-05-18,Repair,2114.69,29,7,4,Engine
758,14,2024-06-28,Warranty,956.15,15,2,3,Engine
759,67,2022-11-14,Routine,2530.82,4,7,2,Engine
760,75,2023-11-23,Warranty,4825.07,30,8,0,Brakes
761,142,2025-03-02,Repair,565.25,8,4,0,Engine
762,19,2024-09-26,Repair,2475.04,12,8,0,Engine
763,138,2023-05-03,Routine,4661.58,8,8,4,Tires
764,157,2025-01-16,Routine,2569.57,30,5,2,Transmission
765,4,2025-03-03,Warranty,3143.26,22,4,1,Engine
766,31,2025-01-02,Routine,840.14,7,3,1,Brakes
767,167,2025-07-01,Repair,352.06,12,6,3,Engine
768,60,2024-12-26,Routine,3847.4,28,5,2,Transmission
769,42,2024-05-23,Repair,2805.07,21,3,0,Transmission
770,167,2022-12-26,Repair,4926.98,23,8,1,Tires
771,22,2024-08-02,Warranty,4702.74,11,10,3,Engine
772,173,2024-06-14,Repair,403.46,13,7,3,Tires
773,125,2024-03-09,Routine,1434.94,3,5,5,Transmission
774,165,2024-03-16,Warranty,1180.98,27,9,2,Tires
775,152,2024-07-26,Repair,625.3,15,6,3,Engine
776,7,2023-12-29,Warranty,1236.82,11,7,5,Transmission
777,163,2023-11-13,Repair,358.39,8,4,5,Engine
778,19,2024-08-21,Warranty,2646.96,15,3,5,Engine
779,192,2023-12-04,Warranty,1749.38,2,3,3,Brakes
780,184,2025-08-02,Routine,980.4,24,6,4,Transmission
781,144,2022-12-28,Repair,1659.43,8,2,3,Engine
782,179,2024-01-14,Repair,1794.75,2,6,5,Engine
783,56,2024-04-24,Routine,4669.91,17,3,1,Transmission
784,40,2023-02-16,Routine,1956.79,20,6,4,Brakes
785,71,2023-01-05,Warranty,4632.57,24,7,0,Tires
786,39,2024-03-13,Warranty,4575.49,2,9,4,Brakes
787,82,2024-05-23,Repair,4110.89,5,8,5,Engine
788,189,2024-08-25,Warranty,2555.12,7,2,2,Transmission
789,148,2024-02-02,Routine,3103.5,10,9,3,Engine
790,136,2023-08-18,Routine,3016.71,17,2,5,Transmission
791,137,2023-03-04,Repair,4460.24,1,7,0,Tires
792,66,2025-03-27,Warranty,2642.64,12,1,5,Transmission
793,27,2025-08-31,Warranty,2261.41,30,1,0,Brakes
794,106,2024-09-18,Routine,821.81,11,1,0,Transmission
795,52,2025-04-30,Repair,2029.98,12,2,1,Transmission
796,80,2025-06-05,Repair,993.97,21,6,4,Tires
797,98,2023-11-21,Repair,966.47,18,2,5,Brakes
798,34,2023-02-22,Warranty,2695.19,17,4,2,Tires
799,27,2024-06-08,Routine,280.99,9,10,2,Brakes
800,102,2025-07-06,Repair,4576.87,29,7,1,Brakes
801,84,2023-11-10,Routine,1836.27,29,2,0,Tires
802,166,2022-10-29,Routine,2756.56,8,5,2,Brakes
803,23,2025-01-14,Routine,936.29,2,10,0,Tires
804,115,2024-08-02,Repair,3531.6,12,8,3,Engine
805,120,2022-11-21,Routine,1789.99,4,6,0,Tires
806,106,2024-07-13,Warranty,3502.92,27,8,1,Tires
807,122,2023-08-03,Routine,805.17,27,2,4,Brakes
808,126,2024-05-31,Repair,521.05,6,9,5,Transmission
809,138,2024-11-30,Routine,4081.93,27,4,1,Engine
810,109,2023-10-05,Repair,4829.06,12,10,3,Transmission
811,18,2023-04-30,Repair,1779.86,8,3,0,Brakes
812,34,2025-03-29,Repair,3140.02,30,2,5,Transmission
813,117,2024-07-16,Routine,266.2,22,3,4,Engine
814,142,2024-03-16,Warranty,4121.49,12,6,5,Engine
815,116,2024-11-18,Warranty,2994.4,6,9,4,Brakes
816,57,2024-07-17,Warranty,664.37,23,10,4,Transmission
817,141,2024-11-02,Repair,1581.37,8,6,1,Tires
818,165,2024-04-08,Repair,202.66,13,7,0,Tires
819,102,2023-03-18,Routine,4565.26,10,10,0,Engine
820,131,2025-09-11,Warranty,1750.53,18,1,4,Engine
821,86,2023-07-28,Warranty,975.04,16,6,0,Transmission
822,180,2025-05-14,Warranty,2123.72,8,3,4,Brakes
823,197,2025-01-21,Repair,159.61,6,4,4,Transmission
824,82,2024-08-16,Routine,557.62,28,4,2,Tires
825,133,2023-09-29,Repair,853.8,23,1,4,Tires
826,24,2025-01-19,Repair,1547.98,17,7,5,Brakes
827,199,2024-07-12,Repair,4299.8,2,3,2,Tires
828,188,2025-04-03,Warranty,4390.33,16,8,1,Transmission
829,50,2025-09-03,Routine,4012.33,25,10,1,Engine
830,28,2024-12-01,Warranty,264.47,21,3,5,Brakes
831,139,2025-08-13,Repair,1447.37,2,9,2,Transmission
832,45,2024-05-29,Routine,1240.33,20,3,0,Transmission
833,86,2025-05-17,Routine,4740.15,29,6,2,Transmission
834,164,2023-12-14,Repair,1260.98,28,4,3,Transmission
835,19,2023-04-13,Repair,4958.32,2,8,3,Transmission
836,187,2025-04-13,Warranty,1715.89,14,10,3,Brakes
837,39,2024-09-04,Repair,231.74,10,8,0,Tires
838,5,2023-12-09,Routine,3493.51,29,2,4,Brakes
839,85,2025-02-03,Warranty,3915.33,1,9,5,Brakes
840,102,2024-12-19,Warranty,4339.9,23,6,0,Transmission
841,198,2025-01-06,Warranty,826.26,2,6,5,Tires
842,167,2024-03-13,Routine,1939.06,27,8,2,Transmission
843,146,2025-02-27,Routine,4811.89,22,5,1,Brakes
844,194,2023-07-14,Routine,2798.97,5,8,1,Engine
845,51,2023-11-26,Routine,3395.94,1,4,1,Brakes
846,8,2023-10-18,Repair,2781.79,10,1,5,Engine
847,4,2023-02-03,Repair,1162.24,9,5,2,Transmission
848,48,2025-06-19,Routine,2549.97,27,10,1,Engine
849,127,2023-02-11,Repair,963.3,5,4,1,Tires
850,120,2022-12-19,Routine,3446.88,15,5,4,Tires
851,74,2025-01-11,Repair,4974.25,8,3,5,Brakes
852,87,2023-07-22,Repair,2899.24,22,5,4,Tires
853,144,2023-09-25,Warranty,3967.91,6,8,2,Transmission
854,94,2024-09-11,Warranty,2801.34,12,7,5,Tires
855,28,2025-05-15,Routine,115.15,8,8,0,Engine
856,109,2024-03-06,Routine,1745.31,5,10,5,Engine
857,101,2024-05-10,Routine,3847.22,19,9,1,Tires
858,191,2023-03-22,Repair,4195.41,28,7,5,Tires
859,149,2024-05-29,Repair,4423.68,11,7,5,Tires
860,103,2024-04-20,Repair,155.14,23,1,3,Transmission
861,166,2023-09-09,Repair,4015.1,5,6,0,Brakes
862,187,2024-06-18,Warranty,2099.98,2,3,3,Brakes
863,75,2025-06-05,Warranty,4197.34,23,8,4,Tires
864,160,2024-08-12,Routine,3864.63,10,5,5,Tires
865,43,2023-07-16,Repair,3411.46,14,10,5,Tires
866,58,2025-07-13,Routine,1903.93,15,6,2,Tires
867,22,2025-04-12,Warranty,2361.69,11,5,4,Engine
868,88,2025-08-14,Routine,948.27,22,3,5,Tires
869,18,2024-11-29,Warranty,3720.16,24,9,4,Transmission
870,97,2024-11-21,Routine,466.42,17,6,2,Engine
871,179,2023-11-15,Warranty,653.58,17,10,0,Transmission
872,109,2023-06-24,Warranty,675.68,20,6,3,Tires
873,142,2024-03-01,Routine,393.45,25,9,5,Transmission
874,198,2024-09-13,Routine,2673.0,19,1,5,Brakes
875,97,2024-10-20,Repair,3669.34,27,3,1,Tires
876,147,2024-11-13,Warranty,3998.89,1,4,2,Brakes
877,200,2023-12-04,Repair,1418.31,27,10,3,Tires
878,118,2023-11-04,Routine,904.9,11,2,2,Tires
879,20,2024-08-07,Repair,1009.89,11,5,4,Brakes
880,190,2025-03-02,Routine,3001.93,16,6,5,Brakes
881,9,2024-04-22,Routine,267.26,9,7,0,Tires
882,36,2025-05-02,Repair,4301.87,27,8,2,Transmission
883,177,2023-11-28,Routine,4875.25,24,9,2,Transmission
884,161,2025-05-03,Repair,2592.88,17,6,3,Transmission
885,8,2023-05-02,Routine,3325.3,12,6,3,Tires
886,153,2024-04-01,Warranty,2410.41,25,4,5,Brakes
887,146,2025-06-22,Routine,2711.07,22,2,4,Tires
888,11,2025-07-11,Repair,2553.66,12,5,3,Tires
889,45,2023-02-25,Routine,3542.04,19,9,4,Brakes
890,93,2024-07-29,Routine,1889.96,17,4,0,Transmission
891,99,2024-08-10,Warranty,770.38,27,1,2,Tires
892,35,2025-02-19,Routine,792.87,13,5,2,Brakes
893,181,2024-05-30,Routine,2469.77,4,4,4,Tires
894,158,2024-10-30,Routine,3689.63,13,5,1,Transmission
895,144,2023-09-13,Warranty,1611.6,27,6,0,Transmission
896,6,2023-07-05,Routine,4726.4,3,5,1,Brakes
897,59,2022-11-25,Warranty,1652.88,11,1,2,Tires
898,179,2022-11-20,Routine,1920.24,24,2,0,Transmission
899,34,2025-07-26,Warranty,4428.94,2,1,1,Engine
900,30,2024-08-09,Routine,4468.96,21,5,0,Brakes
901,93,2025-05-14,Warranty,4550.95,17,1,2,Transmission
902,1,2023-06-16,Warranty,891.63,5,1,4,Brakes
903,176,2025-01-06,Routine,615.01,1,9,4,Tires
904,87,2024-05-18,Repair,516.71,6,3,4,Brakes
905,126,2023-09-26,Routine,3609.81,2,2,1,Tires
906,145,2024-04-12,Repair,2944.62,5,7,0,Tires
907,12,2023-05-12,Repair,637.59,6,4,0,Engine
908,3,2025-07-07,Warranty,3379.59,2,5,4,Tires
909,38,2023-11-08,Repair,290.58,11,1,5,Brakes
910,94,2025-05-04,Routine,3877.5,22,9,4,Brakes
911,71,2024-03-14,Repair,2514.41,24,5,4,Tires
912,114,2023-10-21,Warranty,2995.65,17,8,4,Brakes
913,99,2023-10-21,Warranty,3670.5,23,2,0,Transmission
914,167,2023-12-17,Warranty,3683.39,25,7,5,Tires
915,100,2023-10-29,Repair,3385.22,13,4,1,Transmission
916,111,2023-02-11,Warranty,3562.33,8,2,4,Brakes
917,153,2024-02-06,Warranty,4125.28,15,8,3,Brakes
918,75,2024-09-01,Warranty,3228.09,12,9,2,Engine
919,101,2025-04-07,Routine,4688.23,14,7,1,Tires
920,113,2023-08-07,Repair,1552.28,26,9,2,Tires
921,45,2023-11-05,Routine,4150.66,10,5,0,Transmission
922,138,2025-07-07,Routine,688.89,7,5,1,Engine
923,172,2024-09-25,Repair,2390.29,23,4,4,Engine
924,49,2024-09-14,Repair,342.51,6,6,2,Tires
925,72,2025-09-24,Routine,2474.43,1,5,0,Brakes
926,65,2023-10-30,Routine,4970.53,8,6,4,Brakes
927,8,2023-05-28,Warranty,2434.69,24,1,5,Tires
928,167,2024-10-30,Repair,4672.84,5,7,0,Brakes
929,98,2024-06-08,Repair,2137.98,21,4,2,Tires
930,34,2024-04-19,Warranty,1694.35,29,3,4,Tires
931,132,2025-08-27,Routine,3512.64,1,2,1,Engine
932,29,2024-08-04,Warranty,4565.36,8,8,5,Transmission
933,132,2024-12-22,Repair,3877.49,11,7,2,Brakes
934,20,2023-05-26,Routine,2433.64,24,8,5,Engine
935,3,2023-10-30,Warranty,651.19,6,1,2,Brakes
936,155,2025-04-22,Routine,367.25,1,5,5,Engine
937,97,2023-11-16,Warranty,4045.24,16,3,5,Engine
938,78,2023-11-30,Routine,4041.65,19,10,0,Transmission
939,132,2024-09-16,Routine,1451.67,29,2,0,Transmission
940,118,2025-07-07,Routine,1817.98,22,1,1,Engine
941,12,2023-05-13,Warranty,4665.99,19,10,1,Engine
942,163,2023-09-10,Warranty,106.01,14,9,2,Brakes
943,131,2023-06-23,Routine,4164.67,21,2,1,Tires
944,49,2024-04-03,Warranty,3926.65,26,5,0,Engine
945,132,2023-08-31,Repair,799.81,27,5,1,Brakes
946,60,2023-10-08,Routine,2379.04,26,7,0,Brakes
947,111,2025-08-03,Routine,658.45,7,10,3,Tires
948,161,2025-05-30,Repair,4539.61,12,2,5,Transmission
949,141,2023-11-21,Warranty,2816.26,2,6,3,Transmission
950,61,2022-11-30,Routine,3771.14,9,7,1,Tires
951,58,2024-06-21,Repair,1403.01,4,3,5,Brakes
952,116,2022-10-28,Warranty,1165.28,8,1,5,Tires
953,95,2024-04-05,Warranty,2366.32,23,5,0,Brakes
954,158,2024-07-14,Warranty,2199.88,26,4,3,Transmission
955,145,2024-05-28,Routine,4290.03,25,5,1,Tires
956,57,2024-01-01,Repair,3216.48,3,3,3,Transmission
957,125,2024-09-18,Routine,4694.26,6,8,5,Transmission
958,186,2023-03-12,Warranty,3914.12,5,9,1,Transmission
959,88,2023-09-15,Routine,4306.77,1,4,0,Brakes
960,54,2023-10-14,Repair,2614.24,12,4,3,Transmission
961,41,2024-07-27,Routine,3126.69,11,8,0,Brakes
962,38,2023-07-01,Routine,2983.02,25,4,0,Brakes
963,19,2023-08-20,Repair,2890.22,11,3,1,Brakes
964,152,2025-09-10,Warranty,4221.55,28,2,2,Engine
965,9,2025-07-07,Warranty,557.2,12,6,0,Transmission
966,146,2022-11-26,Routine,903.27,16,2,0,Engine
967,143,2024-04-28,Warranty,2276.23,23,9,4,Tires
968,13,2022-12-10,Routine,1181.4,2,9,5,Engine
969,26,2024-04-10,Routine,729.85,24,1,1,Transmission
970,6,2022-11-01,Repair,242.54,19,4,3,Tires
971,145,2025-02-01,Routine,4953.03,13,7,4,Engine
972,116,2023-12-18,Warranty,2561.37,5,8,4,Brakes
973,178,2025-05-10,Repair,3981.85,10,7,4,Transmission
974,156,2023-03-15,Warranty,2936.53,1,1,1,Brakes
975,21,2024-07-22,Routine,2269.06,19,9,0,Tires
976,69,2023-11-24,Repair,110.2,28,8,4,Engine
977,155,2024-12-30,Repair,2972.77,30,4,2,Brakes
978,16,2023-12-26,Repair,4368.37,6,1,2,Transmission
979,136,2024-03-10,Routine,1708.12,28,1,0,Tires
980,72,2023-05-13,Routine,582.06,8,2,5,Transmission
981,125,2023-01-28,Repair,4434.96,1,3,5,Engine
982,15,2023-11-12,Repair,1302.07,16,6,1,Tires
983,195,2025-09-01,Repair,3443.24,22,3,5,Brakes
984,110,2024-09-11,Warranty,1130.93,12,8,2,Tires
985,137,2023-01-12,Warranty,569.9,9,9,1,Transmission
986,80,2023-11-24,Repair,2880.48,6,5,4,Tires
987,159,2024-05-09,Routine,2585.28,13,5,3,Tires
988,168,2024-02-29,Warranty,1757.72,26,8,1,Brakes
989,167,2022-12-19,Routine,4831.08,1,2,1,Transmission
990,156,2024-04-05,Repair,985.02,5,3,4,Engine
991,17,2024-04-30,Repair,4190.78,27,1,3,Engine
992,108,2023-06-26,Warranty,4136.64,18,4,1,Engine
993,125,2025-01-02,Routine,1467.44,4,8,2,Brakes
994,9,2025-04-26,Repair,3914.62,3,1,2,Tires
995,115,2024-02-24,Routine,4231.13,24,5,1,Engine
996,38,2023-01-22,Repair,4186.18,25,7,3,Engine
997,172,2025-07-30,Routine,1444.02,17,5,0,Tires
998,37,2023-03-01,Warranty,1202.99,24,5,1,Engine
999,11,2025-07-09,Repair,1403.43,20,1,4,Tires
1000,33,2025-08-08,Warranty,2393.79,26,7,3,Transmission
1001,76,2024-09-26,Repair,1320.96,5,4,5,Brakes
1002,32,2023-08-12,Routine,1848.03,7,3,0,Brakes
1003,162,2023-06-04,Repair,505.76,15,5,0,Tires
1004,95,2024-01-07,Repair,4611.37,4,3,5,Transmission
1005,120,2024-07-14,Routine,3103.07,30,7,0,Transmission
1006,151,2023-01-14,Repair,2919.62,8,7,0,Transmission
1007,80,2023-04-22,Repair,2783.07,13,9,1,Engine
1008,121,2023-05-03,Warranty,2972.25,28,6,5,Brakes
1009,16,2022-12-22,Repair,2414.94,16,5,5,Transmission
1010,71,2025-04-07,Warranty,1089.78,18,8,0,Tires
1011,54,2023-06-16,Routine,1044.02,25,7,1,Engine
1012,125,2024-02-15,Warranty,612.73,9,7,3,Tires
1013,58,2025-02-10,Routine,693.53,4,9,1,Transmission
1014,39,2024-08-19,Warranty,4264.87,12,8,1,Tires
1015,171,2023-03-16,Repair,4353.66,16,2,3,Tires
1016,179,2023-11-21,Routine,4869.46,28,7,5,Tires
1017,119,2023-02-24,Warranty,1758.32,29,7,0,Engine
1018,85,2023-01-22,Warranty,3476.92,15,5,0,Tires
1019,117,2025-06-10,Repair,688.33,20,5,1,Brakes
1020,60,2025-08-29,Routine,3526.24,9,3,0,Transmission
1021,135,2025-02-11,Repair,4965.56,17,3,1,Tires
1022,59,2023-03-31,Repair,3657.88,28,3,0,Brakes
1023,165,2023-10-09,Warranty,2829.71,5,9,3,Transmission
1024,56,2024-04-20,Repair,2883.38,6,9,5,Transmission
1025,14,2025-06-29,Warranty,3953.5,20,4,4,Tires
1026,127,2025-06-03,Warranty,1928.84,12,9,4,Brakes
1027,78,2025-02-11,Routine,845.75,9,9,0,Engine
1028,153,2024-05-29,Warranty,168.57,9,5,2,Engine
1029,113,2024-03-15,Warranty,212.98,15,2,3,Engine
1030,89,2023-08-03,Repair,4108.89,25,10,2,Tires
1031,14,2024-02-17,Routine,3451.8,12,7,1,Brakes
1032,111,2022-11-30,Routine,2264.59,22,7,4,Brakes
1033,111,2024-04-06,Repair,1489.42,8,1,3,Tires
1034,146,2023-11-08,Repair,2126.57,14,3,0,Tires
1035,124,2024-09-22,Routine,1513.76,29,10,2,Transmission
1036,184,2023-01-08,Repair,4807.91,13,7,2,Brakes
1037,153,2023-08-20,Warranty,4551.67,30,10,4,Transmission
1038,176,2025-06-15,Routine,119.97,20,8,0,Engine
1039,72,2025-03-16,Repair,2144.41,13,6,5,Brakes
1040,35,2024-06-01,Repair,3698.96,23,3,2,Transmission
1041,29,2024-02-27,Routine,1718.88,7,1,3,Tires
1042,182,2025-09-03,Warranty,4896.28,1,2,4,Engine
1043,186,2025-05-31,Repair,3718.88,25,1,3,Transmission
1044,145,2023-03-25,Repair,1554.25,8,9,4,Engine
1045,181,2024-02-03,Routine,4339.1,21,2,0,Tires
1046,188,2025-06-22,Warranty,522.29,1,6,4,Engine
1047,103,2024-11-11,Routine,2662.95,16,4,4,Transmission
1048,1,2023-08-14,Repair,3105.28,27,9,1,Tires
1049,105,2022-12-30,Routine,1003.27,28,8,0,Brakes
1050,104,2022-11-02,Warranty,1180.62,3,9,4,Transmission
1051,88,2025-02-06,Routine,1653.13,29,7,4,Transmission
1052,90,2023-06-13,Warranty,986.1,30,5,1,Transmission
1053,153,2023-07-04,Repair,4613.9,22,10,3,Tires
1054,36,2023-08-25,Repair,739.59,11,8,0,Engine
1055,107,2022-11-01,Repair,3584.19,17,6,4,Brakes
1056,192,2025-07-13,Routine,4608.48,13,5,5,Tires
1057,168,2023-12-15,Warranty,4754.75,11,1,2,Brakes
1058,119,2024-07-10,Warranty,4870.81,12,5,4,Engine
1059,71,2022-12-11,Warranty,1748.38,20,2,0,Tires
1060,29,2024-03-09,Routine,485.21,29,9,4,Transmission
1061,165,2025-07-20,Repair,2898.18,6,1,2,Tires
1062,116,2024-01-08,Routine,2518.13,4,10,1,Transmission
1063,178,2023-01-27,Repair,4845.62,13,6,5,Engine
1064,167,2023-09-19,Routine,3855.14,17,1,1,Tires
1065,127,2023-12-21,Routine,3559.19,24,3,5,Tires
1066,72,2023-03-20,Repair,323.88,20,6,0,Tires
1067,145,2023-04-20,Repair,2155.22,21,5,0,Engine
1068,40,2023-01-11,Repair,2478.78,18,2,3,Engine
1069,117,2025-08-04,Routine,2960.9,8,9,2,Engine
1070,70,2024-09-07,Repair,2704.86,29,3,2,Tires
1071,99,2024-04-02,Repair,613.66,22,9,5,Brakes
1072,195,2024-09-06,Routine,4215.18,10,3,4,Transmission
1073,188,2023-05-28,Routine,2264.72,25,5,0,Transmission
1074,80,2024-11-07,Routine,2709.96,16,8,0,Tires
1075,75,2024-09-21,Routine,3262.66,19,1,3,Brakes
1076,5,2023-11-26,Routine,2448.38,26,6,5,Transmission
1077,151,2024-07-06,Routine,4408.02,9,3,5,Engine
1078,92,2025-04-06,Routine,4818.06,2,10,5,Tires
1079,172,2023-02-09,Repair,1746.45,7,7,5,Engine
1080,126,2024-01-13,Repair,3945.99,11,6,2,Brakes
1081,45,2024-02-18,Routine,4314.21,7,1,3,Tires
1082,50,2023-04-12,Repair,2272.72,25,10,5,Transmission
1083,149,2025-02-25,Warranty,1171.93,23,2,2,Brakes
1084,147,2024-08-12,Warranty,1867.85,23,7,0,Transmission
1085,161,2023-04-05,Warranty,2666.28,2,5,4,Engine
1086,144,2022-11-23,Routine,2217.52,17,10,5,Engine
1087,174,2022-12-12,Repair,512.74,19,3,2,Tires
1088,124,2022-10-24,Repair,2183.81,5,4,0,Brakes
1089,78,2024-06-09,Warranty,3496.29,11,5,0,Tires
1090,50,2023-06-01,Warranty,2895.5,2,5,1,Transmission
1091,106,2025-08-21,Warranty,1551.51,14,1,2,Tires
1092,176,2024-10-16,Routine,3988.92,16,10,4,Transmission
1093,31,2024-12-14,Warranty,4381.57,8,1,3,Tires
1094,124,2024-04-02,Routine,2409.44,23,4,0,Engine
1095,40,2024-05-11,Warranty,2591.42,22,9,2,Brakes
1096,127,2024-02-07,Routine,3647.47,23,5,0,Transmission
1097,145,2024-05-11,Routine,4389.16,11,2,3,Engine
1098,120,2024-03-29,Routine,2814.81,4,3,1,Engine
1099,64,2022-11-26,Repair,811.8,4,7,5,Engine
1100,53,2024-06-23,Warranty,3890.03,5,9,0,Engine
1101,12,2022-12-03,Routine,3040.19,25,10,2,Engine
1102,134,2023-10-27,Warranty,4802.83,21,5,4,Tires
1103,8,2025-07-13,Routine,1345.37,7,8,0,Tires
1104,118,2023-01-08,Repair,1087.51,29,5,0,Tires
1105,16,2023-02-20,Routine,2000.6,6,6,3,Brakes
1106,191,2023-06-05,Warranty,1431.08,1,9,2,Transmission
1107,21,2023-02-02,Warranty,2831.42,25,3,4,Brakes
1108,56,2023-02-17,Warranty,2741.78,19,5,1,Transmission
1109,121,2024-06-19,Routine,4804.21,28,2,4,Brakes
1110,162,2023-06-10,Warranty,443.28,30,6,0,Transmission
1111,81,2025-01-20,Routine,263.35,21,10,5,Transmission
1112,43,2023-05-07,Routine,1367.94,22,7,4,Engine
1113,141,2023-04-11,Routine,3856.81,5,2,1,Brakes
1114,85,2024-05-10,Repair,4261.0,2,10,4,Brakes
1115,46,2023-11-15,Repair,3541.38,3,5,2,Transmission
1116,162,2025-08-04,Warranty,3850.09,18,4,0,Tires
1117,105,2024-09-20,Repair,4985.94,18,1,2,Engine
1118,25,2024-10-18,Routine,2153.82,12,7,4,Tires
1119,81,2024-08-25,Warranty,765.66,7,2,4,Engine
1120,177,2024-11-23,Warranty,762.35,4,5,3,Tires
1121,169,2022-10-14,Warranty,2822.81,17,8,4,Engine
1122,128,2022-11-05,Repair,2513.37,2,1,4,Brakes
1123,159,2024-11-12,Routine,982.99,6,3,0,Engine
1124,36,2025-06-05,Repair,4654.83,4,4,2,Tires
1125,32,2024-03-27,Warranty,3547.63,15,2,4,Brakes
1126,33,2025-08-31,Routine,1722.57,29,2,3,Transmission
1127,154,2024-01-30,Warranty,1839.19,3,7,2,Engine
1128,153,2023-08-06,Warranty,2538.19,15,3,0,Brakes
1129,102,2025-06-25,Repair,4519.41,1,2,2,Transmission
1130,10,2024-07-29,Routine,2316.89,27,9,5,Tires
1131,199,2025-07-12,Repair,2422.06,9,7,5,Transmission
1132,112,2025-07-31,Routine,681.13,22,5,0,Brakes
1133,173,2025-08-27,Warranty,3088.21,4,3,4,Brakes
1134,48,2024-09-10,Warranty,1214.75,6,5,5,Transmission
1135,200,2024-02-24,Warranty,276.44,22,1,0,Tires
1136,8,2024-12-11,Repair,2244.12,30,6,3,Transmission
1137,54,2023-10-10,Warranty,3514.69,13,7,4,Engine
1138,17,2024-10-23,Warranty,3191.42,2,10,4,Transmission
1139,199,2023-03-30,Repair,2717.57,7,3,4,Engine
1140,71,2025-07-07,Routine,4439.6,12,8,1,Brakes
1141,190,2024-04-01,Warranty,2042.47,14,1,2,Transmission
1142,39,2023-02-08,Repair,3773.32,22,8,1,Brakes
1143,53,2025-03-18,Routine,2942.48,16,2,2,Tires
1144,41,2025-06-30,Warranty,2729.58,22,5,2,Brakes
1145,24,2023-08-29,Repair,135.8,22,10,3,Engine
1146,160,2025-05-27,Routine,1100.42,4,8,3,Brakes
1147,101,2025-01-05,Routine,3018.78,24,9,3,Tires
1148,14,2024-11-16,Repair,1854.11,30,3,5,Brakes
1149,78,2022-11-09,Warranty,1917.69,29,9,0,Brakes
1150,184,2023-06-01,Repair,2081.81,11,10,5,Tires
1151,132,2023-09-28,Routine,3053.5,19,8,1,Tires
1152,27,2023-03-03,Routine,2725.59,25,7,3,Tires
1153,23,2025-08-17,Routine,2776.87,15,9,2,Tires
1154,24,2023-06-30,Warranty,4757.6,30,6,5,Tires
1155,59,2024-09-03,Repair,1797.23,20,5,2,Brakes
1156,54,2023-03-25,Warranty,3728.76,27,3,0,Tires
1157,106,2022-10-11,Routine,477.75,28,2,0,Tires
1158,89,2023-06-06,Warranty,2365.69,20,10,5,Tires
1159,48,2024-10-01,Warranty,1307.21,6,5,0,Brakes
1160,38,2023-03-14,Routine,2127.87,10,3,4,Brakes
1161,97,2024-08-03,Routine,3114.65,11,7,2,Tires
1162,92,2025-04-10,Repair,4846.85,23,4,2,Transmission
1163,98,2023-07-16,Warranty,2515.16,4,10,5,Transmission
1164,67,2024-02-04,Repair,4692.12,3,7,5,Tires
1165,120,2024-11-16,Repair,2300.59,1,10,2,Engine
1166,45,2025-02-28,Routine,1032.21,1,6,4,Transmission
1167,97,2023-04-23,Repair,252.26,7,2,3,Transmission
1168,8,2023-08-08,Routine,4931.04,19,3,5,Transmission
1169,107,2024-10-21,Repair,637.51,23,8,1,Brakes
1170,56,2023-08-22,Repair,3061.1,7,2,1,Engine
1171,41,2023-04-26,Repair,447.02,21,6,0,Brakes
1172,56,2025-08-11,Repair,2970.47,5,2,4,Transmission
1173,161,2024-07-31,Repair,1303.26,7,7,1,Transmission
1174,197,2023-06-12,Routine,332.4,10,7,0,Engine
1175,46,2025-03-16,Warranty,643.05,4,3,5,Tires
1176,20,2023-07-28,Warranty,1494.02,13,5,5,Transmission
1177,159,2023-09-15,Warranty,2734.12,14,5,4,Brakes
1178,34,2022-11-29,Warranty,499.81,7,5,4,Tires
1179,175,2022-12-09,Repair,3632.45,17,2,2,Brakes
1180,4,2024-11-17,Routine,572.17,25,5,3,Tires
1181,80,2024-04-19,Warranty,4861.01,22,9,0,Transmission
1182,22,2023-04-13,Repair,2497.38,16,9,1,Transmission
1183,109,2023-10-03,Repair,2491.75,20,9,1,Tires
1184,72,2023-06-16,Warranty,2694.84,20,7,2,Transmission
1185,40,2023-01-17,Repair,1307.01,12,7,2,Tires
1186,81,2025-08-04,Routine,4260.86,13,10,1,Brakes
1187,52,2022-10-28,Warranty,3707.49,17,6,0,Transmission
1188,196,2025-03-05,Routine,4348.2,19,1,3,Brakes
1189,27,2025-05-09,Warranty,993.75,23,3,4,Tires
1190,9,2022-10-31,Repair,4097.76,8,4,2,Engine
1191,128,2022-11-08,Routine,4319.32,24,8,0,Tires
1192,23,2023-01-11,Routine,4317.46,11,9,5,Transmission
1193,47,2023-01-26,Repair,4572.79,4,1,0,Transmission
1194,198,2023-11-17,Routine,1051.4,17,3,4,Engine
1195,25,2023-08-11,Routine,4178.66,27,9,5,Brakes
1196,165,2024-01-08,Repair,3068.44,26,5,0,Tires
1197,166,2024-07-17,Routine,2510.83,17,5,2,Transmission
1198,91,2025-07-01,Warranty,2789.2,23,9,5,Brakes
1199,173,2023-07-18,Warranty,1844.87,2,3,2,Tires
1200,86,2023-03-21,Routine,4577.79,30,2,3,Brakes
1201,12,2023-09-15,Warranty,4177.71,16,4,2,Tires
1202,117,2024-11-12,Warranty,4232.27,30,2,1,Brakes
1203,185,2024-11-22,Routine,2522.26,12,10,4,Tires
1204,134,2023-04-30,Warranty,2794.43,5,5,0,Engine
1205,179,2025-05-27,Routine,180.64,9,8,0,Engine
1206,23,2024-03-04,Warranty,1797.65,24,4,1,Engine
1207,134,2024-04-23,Routine,3194.69,24,8,2,Transmission
1208,98,2025-08-17,Repair,1510.07,21,4,5,Brakes
1209,38,2023-01-02,Warranty,4028.63,28,4,0,Transmission
1210,80,2024-07-31,Routine,829.92,6,10,1,Engine
1211,198,2025-04-27,Routine,1621.91,23,9,4,Engine
1212,108,2025-08-06,Repair,1425.58,19,7,1,Transmission
1213,36,2025-01-21,Warranty,1135.31,3,7,5,Engine
1214,189,2024-07-14,Warranty,949.76,12,9,1,Brakes
1215,70,2023-11-24,Repair,1303.41,19,3,2,Transmission
1216,154,2024-06-21,Routine,2146.83,15,10,0,Transmission
1217,82,2022-12-15,Warranty,1528.55,12,2,1,Brakes
1218,9,2025-07-26,Routine,1908.45,17,2,0,Brakes
1219,8,2024-10-01,Routine,297.16,2,6,4,Engine
1220,28,2024-11-19,Repair,4045.29,28,4,2,Brakes
1221,65,2023-05-05,Warranty,1430.46,19,6,5,Transmission
1222,32,2023-08-28,Repair,4326.42,7,7,3,Brakes
1223,145,2022-12-01,Repair,1056.46,1,9,3,Tires
1224,112,2023-11-14,Warranty,2152.55,11,10,0,Engine
1225,45,2024-09-24,Repair,3275.42,20,10,0,Tires
1226,192,2025-02-24,Routine,805.39,2,3,2,Engine
1227,158,2024-08-31,Repair,1830.45,30,3,4,Transmission
1228,51,2024-03-10,Warranty,420.91,8,5,2,Tires
1229,158,2025-03-15,Warranty,1834.49,18,3,3,Tires
1230,113,2022-10-11,Repair,3363.7,16,9,1,Brakes
1231,19,2024-12-22,Warranty,4357.67,21,7,3,Brakes
1232,53,2024-02-07,Repair,827.11,23,6,3,Brakes
1233,116,2023-06-07,Routine,398.3,6,6,0,Transmission
1234,199,2024-01-17,Repair,4131.17,12,10,0,Tires
1235,18,2023-03-09,Warranty,2754.03,16,3,3,Brakes
1236,57,2023-02-18,Repair,361.53,23,2,2,Brakes
1237,26,2023-06-03,Routine,528.79,16,10,4,Brakes
1238,57,2025-04-12,Repair,770.68,23,5,1,Brakes
1239,51,2025-02-13,Repair,3718.28,10,3,4,Engine
1240,113,2024-09-27,Routine,4904.06,4,4,0,Brakes
1241,200,2022-11-30,Routine,3378.46,11,1,3,Brakes
1242,58,2024-08-28,Routine,1495.35,26,9,5,Tires
1243,69,2025-07-13,Repair,1462.8,29,6,0,Brakes
1244,170,2025-01-16,Repair,4363.86,27,9,4,Transmission
1245,15,2024-05-24,Repair,1349.3,12,9,0,Engine
1246,92,2025-04-19,Warranty,980.91,15,6,1,Tires
1247,79,2024-03-27,Routine,357.86,20,10,5,Brakes
1248,51,2025-01-23,Warranty,787.73,7,2,2,Brakes
1249,171,2025-10-02,Warranty,4365.22,6,3,1,Brakes
1250,39,2025-08-18,Routine,513.72,26,7,5,Engine
1251,194,2024-04-04,Repair,942.03,26,5,2,Transmission
1252,14,2025-08-31,Warranty,308.37,19,9,3,Brakes
1253,167,2025-07-28,Routine,1194.94,3,9,2,Transmission
1254,163,2024-10-09,Routine,1604.89,27,3,1,Transmission
1255,68,2024-09-23,Warranty,1064.98,29,1,5,Brakes
1256,132,2024-07-15,Routine,3992.23,22,10,5,Tires
1257,95,2024-09-13,Repair,3288.65,8,2,2,Transmission
1258,165,2023-08-09,Routine,2334.12,29,1,1,Tires
1259,116,2025-04-30,Routine,3311.31,15,7,0,Brakes
1260,55,2024-08-04,Repair,4311.31,7,1,3,Brakes
1261,89,2025-01-25,Warranty,3174.28,19,10,0,Transmission
1262,113,2024-03-13,Routine,769.44,21,2,3,Tires
1263,12,2025-01-01,Warranty,585.0,29,6,1,Tires
1264,35,2024-04-01,Routine,2228.01,28,3,1,Transmission
1265,92,2023-10-16,Routine,609.48,5,2,4,Transmission
1266,80,2023-07-14,Repair,2426.63,24,4,1,Tires
1267,22,2025-05-16,Routine,880.3,17,2,5,Transmission
1268,195,2025-08-17,Repair,4478.88,18,7,1,Tires
1269,55,2023-11-15,Warranty,450.23,14,4,5,Engine
1270,133,2025-06-15,Warranty,2318.37,9,7,3,Transmission
1271,119,2023-02-15,Routine,248.03,3,10,0,Brakes
1272,51,2025-05-17,Warranty,3805.77,21,1,3,Transmission
1273,47,2023-05-26,Repair,1143.25,12,7,4,Tires
1274,111,2023-01-27,Routine,2813.68,30,10,5,Engine
1275,104,2024-02-10,Routine,1856.58,20,3,0,Engine
1276,5,2024-07-27,Routine,1253.68,29,7,3,Transmission
1277,84,2023-07-28,Routine,3207.52,18,3,3,Brakes
1278,57,2023-05-24,Repair,3017.22,16,8,5,Brakes
1279,19,2025-03-19,Repair,4448.17,23,10,5,Brakes
1280,104,2024-01-15,Repair,1495.39,11,9,2,Transmission
1281,134,2024-10-27,Warranty,4438.84,11,4,5,Brakes
1282,94,2025-09-08,Repair,4398.28,16,4,1,Transmission
1283,179,2024-11-07,Routine,4802.34,28,4,2,Engine
1284,195,2023-10-22,Routine,3008.35,9,10,4,Engine
1285,21,2025-01-19,Warranty,2164.72,19,9,5,Transmission
1286,48,2024-03-10,Routine,572.67,29,4,3,Tires
1287,155,2025-04-26,Repair,2552.74,14,8,5,Brakes
1288,9,2025-04-13,Repair,3073.26,13,8,5,Brakes
1289,52,2025-08-06,Repair,846.7,18,2,4,Brakes
1290,102,2025-07-18,Warranty,3269.16,22,5,4,Engine
1291,16,2023-09-20,Warranty,239.99,3,4,4,Engine
1292,26,2023-06-26,Routine,4794.61,6,10,1,Tires
1293,162,2025-07-12,Repair,2076.84,30,4,1,Engine
1294,44,2025-02-02,Repair,1216.22,19,10,4,Tires
1295,151,2023-08-30,Warranty,3540.93,19,8,5,Tires
1296,12,2022-12-02,Routine,1214.19,30,10,1,Engine
1297,60,2023-05-06,Warranty,1119.55,5,10,5,Engine
1298,106,2024-12-04,Warranty,3994.22,23,9,2,Engine
1299,15,2024-03-20,Repair,548.05,25,7,1,Brakes
1300,94,2023-09-05,Routine,4888.48,4,4,4,Tires
1301,146,2023-11-24,Warranty,308.94,5,2,1,Brakes
1302,168,2023-12-27,Routine,4000.18,2,5,1,Brakes
1303,139,2023-07-10,Warranty,1740.02,19,2,4,Brakes
1304,75,2022-11-11,Routine,1911.93,8,7,2,Engine
1305,182,2023-09-18,Repair,3542.73,19,5,3,Tires
1306,197,2023-02-05,Repair,1867.36,30,10,4,Engine
1307,55,2025-01-25,Routine,2053.85,29,6,2,Tires
1308,63,2023-06-29,Warranty,1774.15,4,5,1,Tires
1309,120,2023-08-09,Repair,1915.66,19,5,5,Brakes
1310,40,2024-06-03,Routine,1066.41,16,10,4,Transmission
1311,15,2024-09-25,Routine,945.99,9,7,0,Engine
1312,40,2025-08-28,Repair,3623.09,4,5,1,Transmission
1313,147,2023-12-18,Repair,226.0,14,9,2,Brakes
1314,49,2023-05-07,Repair,4688.5,25,5,0,Transmission
1315,79,2023-04-22,Routine,3105.94,19,8,4,Brakes
1316,124,2023-01-11,Warranty,2765.44,14,8,5,Engine
1317,169,2024-11-24,Repair,810.63,14,8,2,Brakes
1318,120,2025-07-08,Warranty,456.21,11,8,3,Transmission
1319,131,2023-12-04,Routine,1891.98,10,1,5,Engine
1320,111,2025-04-10,Warranty,2565.85,11,8,4,Transmission
1321,20,2025-05-17,Warranty,2030.5,3,8,2,Transmission
1322,117,2023-07-09,Routine,4426.05,11,7,1,Transmission
1323,158,2024-09-13,Routine,2211.56,16,7,4,Tires
1324,90,2025-05-29,Repair,3947.26,3,1,1,Brakes
1325,142,2025-01-29,Routine,4424.01,20,3,2,Transmission
1326,86,2025-05-28,Repair,4723.98,8,7,4,Engine
1327,42,2025-01-31,Warranty,1602.54,18,2,5,Tires
1328,94,2024-10-31,Repair,1918.67,11,2,0,Transmission
1329,197,2022-12-30,Repair,3919.33,11,6,4,Brakes
1330,147,2025-06-24,Warranty,843.27,22,6,3,Engine
1331,152,2024-02-16,Repair,3229.42,29,5,3,Brakes
1332,181,2024-09-07,Repair,4857.63,20,8,1,Brakes
1333,1,2023-08-01,Repair,1675.23,17,5,1,Transmission
1334,199,2024-01-08,Repair,4828.86,25,10,1,Transmission
1335,79,2025-08-23,Repair,2934.97,25,9,4,Transmission
1336,191,2024-03-20,Warranty,2205.38,30,9,1,Tires
1337,149,2025-06-08,Repair,2946.41,4,2,5,Tires
1338,113,2024-09-21,Repair,3750.85,23,3,4,Tires
1339,143,2024-10-23,Repair,3808.64,1,4,2,Engine
1340,199,2024-04-28,Repair,791.9,17,7,2,Transmission
1341,126,2024-07-08,Warranty,4705.25,27,1,4,Brakes
1342,182,2023-06-13,Repair,4018.37,27,7,3,Engine
1343,118,2025-08-23,Routine,397.62,15,1,1,Brakes
1344,177,2023-11-08,Routine,3126.55,28,10,0,Brakes
1345,13,2025-06-11,Routine,4001.9,1,5,2,Engine
1346,20,2023-11-06,Repair,763.61,27,5,2,Engine
1347,7,2023-10-23,Routine,1217.12,20,3,1,Tires
1348,118,2023-11-27,Repair,836.52,6,5,1,Engine
1349,91,2023-01-24,Warranty,2144.35,13,1,2,Engine
1350,144,2023-08-05,Routine,4650.7,5,1,3,Transmission
1351,146,2023-01-07,Routine,3440.25,20,5,3,Brakes
1352,149,2023-04-24,Repair,4652.41,29,6,3,Tires
1353,45,2023-06-13,Repair,106.77,5,9,0,Transmission
1354,95,2022-11-19,Repair,3543.67,20,2,5,Engine
1355,147,2023-06-29,Warranty,306.5,1,5,3,Tires
1356,149,2023-07-17,Warranty,314.02,25,2,2,Tires
1357,133,2025-09-24,Warranty,2585.58,30,6,4,Engine
1358,48,2023-03-06,Warranty,380.73,25,3,3,Brakes
1359,84,2025-04-20,Warranty,4537.28,26,2,2,Engine
1360,111,2024-06-08,Warranty,1765.85,17,7,2,Transmission
1361,49,2023-09-30,Routine,1224.9,28,9,2,Engine
1362,85,2023-10-18,Routine,2864.86,12,5,5,Brakes
1363,134,2025-08-23,Repair,2428.57,13,2,5,Engine
1364,45,2025-01-13,Routine,4251.43,7,7,4,Brakes
1365,142,2023-01-09,Warranty,2287.34,26,1,4,Transmission
1366,7,2023-07-31,Warranty,2955.06,16,8,1,Engine
1367,88,2024-09-01,Routine,3008.36,29,8,3,Tires
1368,165,2025-07-17,Warranty,1991.52,2,10,1,Transmission
1369,118,2024-01-27,Repair,2992.08,23,9,2,Brakes
1370,32,2024-09-16,Routine,1506.45,4,1,4,Transmission
1371,172,2023-12-31,Warranty,1330.31,1,7,3,Tires
1372,127,2024-12-20,Repair,670.89,1,9,2,Brakes
1373,84,2024-08-24,Repair,715.62,14,2,3,Tires
1374,46,2024-01-28,Routine,3119.94,23,7,1,Tires
1375,102,2025-10-01,Warranty,487.0,22,1,5,Transmission
1376,82,2025-06-16,Warranty,2653.32,22,1,3,Transmission
1377,61,2022-10-17,Routine,915.83,18,1,2,Transmission
1378,183,2025-05-12,Warranty,4612.94,25,3,3,Brakes
1379,177,2024-12-24,Warranty,4847.65,30,5,4,Brakes
1380,121,2023-06-27,Repair,528.24,26,1,3,Engine
1381,165,2024-06-11,Repair,326.9,21,4,2,Engine
1382,151,2025-02-11,Repair,2308.81,22,1,0,Transmission
1383,75,2025-03-12,Repair,750.38,14,9,1,Tires
1384,139,2023-11-06,Warranty,518.51,7,5,2,Engine
1385,103,2024-09-21,Repair,1243.44,10,5,5,Tires
1386,105,2024-01-09,Routine,4728.93,19,1,0,Brakes
1387,133,2023-08-16,Warranty,1764.08,28,9,3,Tires
1388,108,2023-12-17,Repair,2652.46,17,1,5,Tires
1389,171,2024-05-28,Routine,2765.24,5,3,2,Transmission
1390,76,2023-04-18,Routine,796.82,21,7,1,Brakes
1391,81,2025-09-02,Warranty,1721.84,20,6,0,Engine
1392,195,2022-10-15,Warranty,4477.81,9,1,3,Tires
1393,193,2025-01-26,Routine,167.65,27,1,3,Transmission
1394,153,2025-07-19,Repair,3517.4,10,2,4,Engine
1395,39,2023-04-26,Warranty,4917.58,2,2,0,Transmission
1396,176,2024-03-01,Warranty,4406.85,30,9,1,Engine
1397,189,2024-01-31,Repair,3720.76,12,5,0,Engine
1398,167,2024-11-09,Warranty,1234.51,23,8,0,Transmission
1399,191,2022-12-01,Routine,4791.16,28,10,1,Brakes
1400,25,2024-04-13,Repair,2122.42,1,3,0,Transmission
1401,178,2025-01-22,Routine,1879.56,12,5,3,Engine
1402,113,2024-10-02,Warranty,1132.81,18,10,4,Tires
1403,70,2023-11-23,Routine,3362.51,15,2,1,Engine
1404,34,2023-01-25,Warranty,4937.45,1,6,5,Tires
1405,2,2023-01-10,Warranty,167.27,19,1,0,Tires
1406,55,2022-11-13,Repair,3179.1,1,9,2,Transmission
1407,22,2024-08-20,Routine,4437.34,13,5,0,Tires
1408,28,2023-11-04,Routine,4760.76,28,2,5,Brakes
1409,185,2024-10-15,Routine,1091.44,10,1,0,Brakes
1410,121,2023-10-14,Warranty,988.3,21,1,4,Engine
1411,126,2024-12-09,Routine,905.97,14,5,0,Brakes
1412,177,2023-09-10,Routine,4825.46,13,6,3,Transmission
1413,152,2023-01-10,Repair,1770.68,30,10,4,Engine
1414,9,2023-06-24,Repair,767.76,2,10,0,Transmission
1415,154,2024-12-01,Repair,2455.42,29,1,4,Brakes
1416,37,2025-05-31,Warranty,2342.94,8,3,2,Engine
1417,141,2025-07-13,Warranty,1550.88,7,1,0,Transmission
1418,12,2024-03-17,Repair,2065.31,10,1,0,Brakes
1419,167,2024-05-31,Routine,1940.24,18,7,0,Brakes
1420,37,2024-11-25,Routine,4311.98,14,5,2,Brakes
1421,58,2023-07-26,Repair,4230.1,15,6,3,Transmission
1422,130,2025-07-14,Repair,4321.89,6,5,3,Engine
1423,114,2023-10-20,Repair,2222.04,5,6,4,Transmission
1424,150,2022-11-18,Warranty,2191.79,17,7,1,Engine
1425,87,2025-09-30,Warranty,1737.04,27,7,3,Brakes
1426,131,2023-05-02,Routine,2004.18,5,9,1,Tires
1427,44,2025-04-03,Routine,3007.47,7,10,4,Transmission
1428,36,2024-12-02,Warranty,3448.49,30,8,5,Transmission
1429,200,2022-12-31,Routine,775.62,23,8,2,Brakes
1430,138,2023-07-29,Routine,1289.26,23,2,1,Engine
1431,173,2023-11-19,Warranty,4545.85,26,10,4,Engine
1432,36,2024-12-05,Routine,2230.45,8,6,5,Tires
1433,50,2024-01-21,Repair,615.59,7,5,4,Transmission
1434,179,2024-02-24,Repair,2755.65,10,7,3,Engine
1435,190,2023-01-22,Repair,2330.98,20,2,2,Brakes
1436,169,2023-11-13,Warranty,1923.92,22,7,0,Transmission
1437,44,2025-01-23,Routine,1648.35,9,10,2,Transmission
1438,116,2024-01-19,Warranty,1048.03,5,2,1,Brakes
1439,184,2023-01-12,Routine,1939.81,25,5,1,Tires
1440,165,2024-12-01,Repair,4533.49,11,9,5,Transmission
1441,127,2023-07-02,Warranty,4800.17,3,6,1,Tires
1442,184,2024-05-17,Routine,3535.63,16,4,1,Tires
1443,17,2024-05-18,Routine,1586.4,13,7,1,Engine
1444,162,2023-05-17,Routine,3059.78,16,1,0,Tires
1445,36,2025-04-09,Repair,1883.42,16,3,3,Brakes
1446,94,2023-02-17,Routine,3906.98,9,6,3,Engine
1447,22,2023-09-06,Warranty,4302.44,24,4,3,Brakes
1448,44,2024-10-08,Warranty,1209.47,9,9,5,Tires
1449,180,2024-04-28,Repair,2365.77,28,6,4,Transmission
1450,194,2023-12-04,Warranty,2884.92,14,2,2,Brakes
1451,88,2024-11-11,Repair,2093.12,2,7,0,Transmission
1452,20,2025-03-16,Routine,2511.34,7,2,2,Transmission
1453,28,2023-04-16,Warranty,1667.54,3,4,5,Engine
1454,108,2025-04-29,Routine,2098.08,19,7,5,Engine
1455,50,2025-08-18,Routine,660.58,4,3,4,Transmission
1456,66,2025-06-27,Warranty,1957.13,14,9,1,Tires
1457,27,2024-06-06,Repair,489.71,24,4,2,Transmission
1458,183,2023-03-14,Routine,2917.77,4,7,1,Brakes
1459,153,2024-01-19,Routine,285.54,25,1,3,Tires
1460,134,2022-12-30,Routine,843.89,21,4,0,Engine
1461,148,2023-07-17,Repair,1991.61,26,5,4,Engine
1462,142,2022-10-27,Warranty,1858.56,14,10,5,Transmission
1463,23,2022-12-04,Repair,3423.3,29,9,5,Engine
1464,69,2022-12-01,Warranty,306.83,24,9,4,Brakes
1465,17,2025-07-14,Routine,1086.69,6,1,4,Brakes
1466,176,2023-05-11,Routine,3668.32,15,7,1,Transmission
1467,87,2025-03-02,Repair,3218.21,14,7,4,Transmission
1468,91,2024-08-16,Repair,981.83,25,10,2,Brakes
1469,42,2023-09-23,Warranty,4451.43,15,1,5,Tires
1470,74,2023-06-09,Repair,4000.06,14,7,3,Engine
1471,29,2024-04-25,Repair,3892.32,23,10,4,Tires
1472,140,2023-08-28,Warranty,4783.45,10,2,3,Tires
1473,134,2023-06-30,Repair,2998.11,28,5,2,Engine
1474,98,2025-06-02,Repair,189.03,17,3,2,Transmission
1475,57,2025-09-05,Warranty,1445.8,21,10,5,Tires
1476,4,2023-11-16,Routine,2642.52,7,9,4,Brakes
1477,67,2025-03-19,Warranty,2945.62,9,1,0,Engine
1478,82,2022-10-15,Warranty,1355.07,28,3,0,Tires
1479,51,2022-10-10,Routine,1133.02,23,1,3,Tires
1480,129,2023-09-18,Repair,4261.26,15,6,1,Tires
1481,170,2025-04-09,Warranty,134.36,28,1,5,Transmission
1482,167,2024-05-11,Warranty,3184.54,10,1,1,Tires
1483,127,2024-10-22,Warranty,3333.0,7,10,3,Brakes
1484,139,2024-06-04,Routine,1580.52,26,7,3,Transmission
1485,76,2025-03-27,Repair,3066.33,14,4,1,Tires
1486,28,2023-01-11,Repair,4009.36,13,10,4,Transmission
1487,66,2024-02-25,Repair,3278.99,6,1,0,Transmission
1488,190,2025-02-16,Routine,4364.84,6,9,5,Tires
1489,133,2023-08-20,Warranty,4480.07,15,1,3,Transmission
1490,105,2023-08-15,Repair,820.84,12,9,4,Tires
1491,58,2023-10-25,Routine,1488.39,2,9,3,Transmission
1492,53,2022-10-20,Repair,4209.81,1,1,5,Engine
1493,14,2023-02-15,Repair,1135.57,20,6,5,Transmission
1494,121,2023-01-03,Repair,1017.93,7,3,3,Transmission
1495,99,2025-04-18,Warranty,4761.13,3,9,4,Tires
1496,70,2023-02-11,Repair,722.47,4,4,5,Brakes
1497,108,2023-03-22,Routine,4549.23,1,7,4,Engine
1498,184,2025-03-18,Warranty,2539.69,18,6,3,Transmission
1499,51,2025-01-12,Warranty,4268.08,12,5,3,Brakes
1500,70,2024-01-23,Warranty,3374.8,6,4,2,Transmission
1501,80,2024-04-19,Repair,865.05,26,1,3,Transmission
1502,88,2024-01-17,Repair,1209.97,5,10,5,Transmission
1503,83,2025-06-05,Routine,2697.08,12,9,0,Engine
1504,21,2023-12-09,Repair,3568.14,29,10,3,Transmission
1505,110,2025-03-06,Repair,3575.72,21,2,2,Transmission
1506,172,2023-06-20,Routine,4462.9,21,8,5,Tires
1507,147,2023-05-13,Repair,4006.45,5,10,3,Transmission
1508,166,2024-04-08,Repair,1965.38,30,9,0,Engine
1509,193,2024-07-06,Routine,933.77,29,4,0,Brakes
1510,120,2023-10-30,Repair,3793.92,5,2,1,Tires
1511,81,2024-08-31,Repair,2399.3,18,10,1,Tires
1512,34,2024-07-26,Repair,4765.3,8,1,1,Engine
1513,31,2025-07-13,Warranty,4649.16,20,1,3,Tires
1514,54,2022-12-31,Repair,3161.09,29,8,3,Tires
1515,66,2024-03-27,Repair,3333.08,27,8,2,Brakes
1516,171,2025-03-29,Routine,4373.52,26,1,1,Engine
1517,144,2022-12-01,Routine,2464.46,25,4,3,Brakes
1518,28,2024-03-09,Warranty,596.95,20,7,5,Transmission
1519,183,2024-10-19,Repair,506.25,24,1,4,Transmission
1520,101,2024-01-11,Warranty,3819.6,27,5,3,Brakes
1521,142,2024-12-03,Warranty,369.93,23,9,1,Brakes
1522,119,2022-11-25,Warranty,602.94,27,8,4,Tires
1523,173,2025-07-12,Repair,3802.17,6,7,4,Engine
1524,164,2023-08-28,Routine,3205.8,7,5,2,Engine
1525,44,2025-01-23,Repair,4049.88,19,10,0,Transmission
1526,190,2023-08-14,Routine,2002.8,15,4,3,Engine
1527,27,2023-04-29,Warranty,4831.61,17,2,0,Engine
1528,181,2024-07-28,Routine,4249.4,15,6,1,Transmission
1529,132,2025-06-26,Repair,3579.2,9,3,3,Engine
1530,1,2023-08-04,Warranty,3544.69,12,9,5,Brakes
1531,79,2023-11-09,Warranty,3420.47,25,8,5,Transmission
1532,140,2024-06-20,Warranty,3700.45,21,2,2,Transmission
1533,122,2023-06-21,Repair,3441.31,19,9,0,Transmission
1534,141,2025-02-12,Repair,2095.43,10,6,5,Transmission
1535,116,2024-05-06,Routine,1065.67,6,7,5,Engine
1536,178,2025-01-02,Warranty,2890.66,15,8,3,Engine
1537,15,2024-11-17,Warranty,3259.98,28,1,1,Transmission
1538,137,2025-01-24,Repair,636.87,14,2,4,Tires
1539,116,2024-03-14,Repair,481.9,9,10,4,Brakes
1540,135,2025-08-23,Repair,2626.23,17,9,3,Transmission
1541,194,2022-12-29,Warranty,889.82,8,7,4,Transmission
1542,24,2024-02-18,Repair,2715.89,21,6,0,Brakes
1543,22,2024-05-05,Repair,3202.59,6,8,1,Engine
1544,85,2024-11-08,Routine,4000.22,27,9,0,Tires
1545,156,2025-02-12,Routine,1465.64,30,4,3,Engine
1546,190,2023-06-05,Warranty,4163.28,5,2,5,Tires
1547,178,2023-11-16,Warranty,1995.04,4,10,5,Tires
1548,88,2023-02-09,Warranty,890.47,3,9,2,Engine
1549,50,2023-07-24,Routine,2559.2,25,10,4,Engine
1550,192,2024-11-28,Warranty,4919.91,16,2,0,Tires
1551,156,2023-09-21,Warranty,2289.39,22,5,4,Brakes
1552,75,2025-06-15,Routine,4235.9,8,7,3,Tires
1553,17,2024-12-27,Repair,665.02,13,4,4,Engine
1554,55,2024-06-26,Warranty,3168.45,23,10,3,Transmission
1555,136,2023-08-09,Repair,2608.15,18,10,3,Brakes
1556,71,2025-05-27,Repair,712.83,7,4,3,Transmission
1557,87,2023-01-21,Routine,3685.52,5,6,3,Brakes
1558,120,2025-06-02,Routine,3353.58,4,9,5,Transmission
1559,49,2023-05-07,Repair,3718.84,7,2,1,Engine
1560,137,2023-11-29,Routine,1528.2,11,2,4,Tires
1561,59,2023-02-16,Routine,319.24,12,8,3,Brakes
1562,31,2023-08-03,Repair,620.45,17,4,2,Tires
1563,166,2023-11-29,Repair,4108.09,26,9,2,Brakes
1564,146,2023-10-03,Warranty,3778.18,19,5,0,Brakes
1565,94,2023-11-05,Routine,4069.25,8,3,1,Tires
1566,105,2025-03-03,Warranty,922.42,21,10,3,Brakes
1567,114,2025-01-22,Routine,4498.6,25,3,2,Transmission
1568,31,2025-07-08,Routine,4207.08,30,2,0,Brakes
1569,131,2023-08-18,Warranty,4155.36,8,4,0,Engine
1570,41,2024-05-01,Repair,4532.0,19,8,5,Tires
1571,66,2023-05-18,Routine,2479.24,11,7,5,Transmission
1572,98,2023-11-20,Routine,3308.77,22,5,1,Brakes
1573,52,2024-01-23,Repair,2071.33,16,8,4,Brakes
1574,23,2024-05-10,Routine,4108.37,8,7,3,Transmission
1575,27,2024-11-21,Warranty,1098.03,5,8,4,Transmission
1576,142,2025-02-23,Repair,4398.47,19,4,1,Brakes
1577,195,2023-08-02,Repair,3737.04,23,5,5,Tires
1578,170,2025-01-31,Warranty,4203.9,10,3,3,Brakes
1579,162,2023-10-11,Repair,1366.61,20,2,3,Transmission
1580,25,2024-07-17,Warranty,2641.66,9,8,5,Engine
1581,7,2023-05-10,Warranty,3819.99,17,3,5,Transmission
1582,130,2025-01-17,Routine,3133.82,21,5,5,Tires
1583,153,2023-08-17,Warranty,1413.08,2,3,0,Tires
1584,184,2024-02-21,Repair,1261.48,12,6,1,Tires
1585,131,2024-11-21,Warranty,2553.93,23,6,5,Brakes
1586,17,2024-11-22,Routine,3320.65,30,1,1,Brakes
1587,129,2023-06-22,Repair,208.46,4,5,4,Engine
1588,153,2024-08-26,Repair,1250.8,18,4,1,Engine
1589,170,2025-04-14,Routine,3385.08,26,6,3,Engine
1590,151,2024-03-20,Routine,3310.66,13,5,4,Brakes
1591,107,2024-01-27,Warranty,4529.47,11,6,5,Tires
1592,121,2024-10-27,Routine,4762.46,1,8,1,Transmission
1593,131,2024-08-17,Repair,1138.13,27,10,5,Transmission
1594,68,2025-07-07,Repair,3498.69,24,8,1,Transmission
1595,69,2023-03-25,Repair,3044.86,4,9,3,Tires
1596,170,2025-02-26,Routine,2839.22,1,2,0,Engine
1597,169,2025-06-12,Warranty,233.73,6,1,1,Engine
1598,8,2023-06-30,Warranty,2143.15,15,4,3,Transmission
1599,156,2024-07-14,Routine,120.17,1,2,0,Brakes
1600,48,2025-08-01,Warranty,4017.82,24,2,1,Tires
1601,35,2023-03-12,Repair,1857.02,18,1,1,Engine
1602,56,2023-02-26,Routine,2808.83,11,4,1,Brakes
1603,139,2024-04-20,Repair,1661.86,24,8,4,Transmission
1604,123,2025-06-13,Repair,3584.52,20,1,1,Brakes
1605,91,2025-02-11,Warranty,4591.21,19,7,0,Engine
1606,15,2025-07-15,Routine,1472.25,1,7,4,Brakes
1607,92,2024-04-30,Warranty,1588.51,5,2,5,Tires
1608,15,2022-12-31,Repair,1859.61,15,4,5,Brakes
1609,82,2024-09-21,Routine,3625.61,16,10,0,Transmission
1610,82,2023-05-11,Warranty,771.89,2,9,5,Engine
1611,104,2025-01-06,Warranty,1805.73,27,2,2,Brakes
1612,115,2024-04-03,Routine,561.52,30,3,5,Transmission
1613,71,2023-01-19,Warranty,660.33,1,10,3,Transmission
1614,107,2022-11-20,Routine,1403.64,9,6,2,Transmission
1615,106,2022-11-16,Routine,2964.16,16,3,2,Transmission
1616,139,2024-07-04,Routine,911.44,25,4,5,Brakes
1617,89,2023-04-23,Warranty,3907.68,18,8,3,Engine
1618,175,2025-03-14,Warranty,3705.86,5,8,0,Transmission
1619,171,2025-04-14,Routine,3263.01,12,7,0,Brakes
1620,196,2023-09-30,Routine,664.1,23,3,1,Transmission
1621,154,2025-09-30,Warranty,4134.08,5,2,2,Engine
1622,40,2023-12-06,Warranty,2612.67,6,6,5,Transmission
1623,68,2023-05-10,Repair,3818.05,15,2,5,Brakes
1624,75,2022-12-31,Repair,1307.15,1,5,1,Brakes
1625,62,2024-10-06,Repair,3757.27,27,2,0,Tires
1626,139,2025-04-28,Routine,2430.12,21,1,1,Tires
1627,162,2024-05-13,Warranty,3735.55,29,6,1,Tires
1628,145,2023-09-03,Routine,1177.34,27,5,3,Brakes
1629,182,2023-08-14,Routine,940.68,30,2,0,Tires
1630,124,2025-09-05,Routine,4373.22,2,2,3,Brakes
1631,169,2023-06-12,Routine,4492.4,29,7,1,Engine
1632,183,2024-02-27,Warranty,3294.26,29,2,5,Engine
1633,118,2023-01-20,Repair,848.37,21,8,4,Tires
1634,89,2023-02-06,Repair,638.76,14,4,5,Engine
1635,20,2023-09-18,Repair,4863.71,14,4,0,Brakes
1636,27,2024-08-02,Routine,4931.56,25,7,3,Brakes
1637,44,2025-08-01,Repair,2314.4,24,4,4,Tires
1638,134,2023-03-25,Repair,2615.54,20,3,4,Transmission
1639,77,2023-04-13,Repair,1426.44,23,3,3,Transmission
1640,64,2023-06-21,Repair,2991.33,1,9,5,Brakes
1641,199,2025-01-06,Routine,2669.89,27,4,1,Engine
1642,123,2023-11-02,Repair,4337.53,16,7,5,Tires
1643,193,2024-11-09,Warranty,4679.98,19,4,1,Tires
1644,180,2024-04-23,Repair,2034.09,26,2,3,Tires
1645,168,2023-11-12,Repair,2427.93,28,10,2,Transmission
1646,167,2023-08-27,Routine,1969.32,18,9,5,Transmission
1647,97,2025-05-02,Routine,3013.39,25,7,5,Tires
1648,7,2024-12-17,Repair,2005.3,16,7,1,Transmission
1649,186,2023-11-05,Routine,1056.27,6,9,2,Engine
1650,198,2024-10-23,Routine,3348.89,28,2,3,Tires
1651,138,2025-02-05,Routine,4694.27,27,5,4,Tires
1652,107,2025-07-04,Repair,359.63,22,6,3,Brakes
1653,50,2023-03-08,Warranty,222.34,22,6,2,Tires
1654,124,2025-06-09,Routine,2464.27,18,5,3,Brakes
1655,39,2025-01-28,Warranty,1792.09,22,5,5,Transmission
1656,117,2024-12-19,Repair,4585.93,10,3,1,Transmission
1657,94,2023-01-14,Repair,4398.38,29,2,4,Engine
1658,65,2022-11-25,Repair,1379.43,6,7,1,Tires
1659,192,2025-04-10,Routine,2186.8,28,8,2,Transmission
1660,71,2023-11-01,Warranty,3140.26,17,9,1,Transmission
1661,12,2025-07-04,Repair,4409.94,26,4,5,Engine
1662,132,2023-05-22,Routine,4218.4,5,9,0,Tires
1663,133,2023-03-05,Repair,255.82,29,7,0,Transmission
1664,149,2024-07-05,Repair,1318.04,19,5,0,Transmission
1665,181,2024-09-13,Warranty,4279.94,2,9,4,Brakes
1666,80,2025-04-13,Warranty,2993.92,16,3,5,Brakes
1667,43,2024-08-05,Repair,2708.17,20,4,0,Engine
1668,115,2024-11-01,Routine,3432.05,19,10,1,Engine
1669,191,2024-08-16,Warranty,1824.32,29,6,1,Brakes
1670,123,2024-03-22,Warranty,2385.62,16,1,2,Tires
1671,170,2024-11-09,Routine,4584.18,26,4,3,Engine
1672,138,2023-05-27,Warranty,3185.82,3,10,3,Brakes
1673,79,2025-01-13,Warranty,2417.08,29,7,5,Tires
1674,182,2025-04-15,Routine,1758.36,19,4,2,Transmission
1675,92,2025-02-14,Repair,1332.47,30,6,0,Engine
1676,28,2025-06-18,Warranty,1847.58,21,9,2,Tires
1677,93,2025-07-08,Repair,1738.29,12,7,1,Brakes
1678,45,2023-11-21,Routine,2331.54,27,2,2,Engine
1679,27,2023-02-20,Warranty,3270.85,27,5,1,Tires
1680,185,2024-09-24,Routine,2091.07,16,8,0,Brakes
1681,154,2024-10-25,Routine,2548.86,16,3,0,Brakes
1682,147,2023-01-11,Repair,4476.41,9,5,3,Transmission
1683,45,2024-03-05,Routine,1395.16,14,5,2,Brakes
1684,159,2024-09-25,Routine,3711.86,9,6,3,Brakes
1685,56,2025-07-19,Warranty,3107.43,2,2,5,Brakes
1686,165,2025-07-27,Warranty,1483.1,14,7,2,Tires
1687,24,2024-05-31,Warranty,1160.31,15,3,1,Tires
1688,35,2024-01-29,Routine,4982.94,22,3,1,Brakes
1689,86,2024-04-05,Repair,2810.33,14,7,3,Brakes
1690,124,2024-12-06,Repair,3533.22,23,3,4,Transmission
1691,71,2022-12-19,Warranty,851.48,29,6,4,Tires
1692,51,2023-02-10,Routine,3751.1,16,10,5,Engine
1693,137,2024-09-30,Repair,4957.21,3,9,0,Tires
1694,151,2024-09-22,Warranty,4043.82,22,10,2,Transmission
1695,110,2024-09-29,Repair,3174.74,21,8,1,Transmission
1696,34,2023-05-04,Warranty,2757.67,9,4,2,Brakes
1697,47,2025-08-03,Repair,4308.57,4,10,1,Brakes
1698,127,2023-08-06,Warranty,4802.02,12,4,3,Engine
1699,69,2025-02-06,Routine,4134.7,7,10,5,Tires
1700,56,2025-01-23,Repair,2609.28,16,3,2,Engine
1701,157,2023-10-08,Warranty,535.02,24,5,5,Engine
1702,44,2024-11-24,Routine,2952.78,28,5,3,Engine
1703,63,2023-06-13,Warranty,2799.48,9,10,4,Brakes
1704,23,2025-02-13,Routine,2060.81,19,5,4,Brakes
1705,142,2024-09-10,Warranty,4128.66,25,9,1,Engine
1706,117,2023-01-28,Repair,3134.32,9,6,4,Transmission
1707,124,2023-11-12,Warranty,712.84,7,2,0,Brakes
1708,29,2024-06-30,Repair,428.61,19,8,1,Engine
1709,16,2024-03-29,Routine,773.56,3,3,3,Engine
1710,138,2023-12-19,Routine,4812.37,5,10,0,Tires
1711,68,2024-11-14,Warranty,2507.62,13,1,3,Tires
1712,8,2022-11-06,Repair,2077.54,28,2,5,Brakes
1713,173,2023-01-18,Repair,2513.49,5,5,0,Engine
1714,103,2025-01-27,Routine,4036.19,16,10,5,Transmission
1715,183,2022-10-28,Repair,314.59,10,8,3,Engine
1716,79,2023-03-08,Warranty,638.37,13,2,3,Transmission
1717,98,2024-12-11,Warranty,2898.91,30,10,1,Engine
1718,29,2024-08-05,Warranty,2821.67,1,10,5,Brakes
1719,177,2022-11-08,Warranty,4290.33,21,4,4,Tires
1720,40,2025-07-29,Routine,3729.31,15,8,2,Engine
1721,49,2023-02-13,Warranty,1423.72,2,6,0,Tires
1722,117,2022-10-16,Warranty,1448.11,9,5,1,Brakes
1723,114,2023-10-02,Routine,2961.72,26,1,3,Engine
1724,169,2022-12-18,Repair,3501.44,7,10,0,Engine
1725,111,2023-08-07,Warranty,1100.14,4,6,2,Transmission
1726,149,2023-10-14,Repair,1470.67,23,2,0,Transmission
1727,167,2023-06-02,Warranty,3329.69,20,3,1,Tires
1728,156,2024-04-17,Repair,683.2,11,8,1,Tires
1729,182,2024-04-16,Warranty,3590.86,9,8,0,Brakes
1730,127,2024-03-21,Warranty,3054.19,22,10,1,Engine
1731,79,2025-02-18,Repair,735.9,15,9,4,Brakes
1732,177,2023-08-08,Routine,2830.63,9,4,0,Engine
1733,183,2023-05-27,Warranty,1512.09,25,7,0,Transmission
1734,90,2025-04-09,Routine,2147.96,19,6,4,Brakes
1735,132,2024-01-04,Warranty,3897.89,21,8,5,Tires
1736,144,2025-05-01,Warranty,3501.61,18,3,4,Engine
1737,133,2024-01-26,Warranty,2029.42,18,8,1,Transmission
1738,29,2022-12-08,Repair,4071.74,17,9,5,Engine
1739,80,2024-09-18,Routine,4620.66,14,9,0,Engine
1740,94,2023-01-10,Repair,2997.45,21,7,1,Brakes
1741,166,2024-01-19,Routine,3243.85,19,9,1,Engine
1742,19,2023-04-20,Repair,942.12,17,4,4,Engine
1743,179,2025-03-23,Routine,555.38,29,9,0,Brakes
1744,185,2024-06-08,Warranty,2026.4,17,1,1,Engine
1745,100,2025-02-24,Repair,2082.02,21,6,5,Tires
1746,128,2025-06-17,Routine,2815.67,11,5,5,Brakes
1747,52,2025-02-17,Warranty,4186.84,17,5,4,Engine
1748,4,2024-05-07,Repair,4471.11,13,4,5,Brakes
1749,34,2023-10-17,Warranty,637.06,12,7,0,Brakes
1750,39,2025-01-05,Repair,3582.86,7,10,5,Tires
1751,91,2023-07-02,Repair,4055.23,2,10,2,Brakes
1752,181,2024-06-10,Routine,1340.14,5,10,4,Transmission
1753,119,2025-06-15,Warranty,3285.95,30,3,1,Engine
1754,93,2024-01-13,Warranty,1788.95,22,10,1,Transmission
1755,121,2022-12-12,Repair,4434.07,25,2,1,Engine
1756,165,2025-10-04,Warranty,1281.71,19,8,1,Brakes
1757,145,2022-10-18,Routine,2872.0,16,2,5,Tires
1758,16,2023-09-08,Routine,3372.0,25,7,4,Engine
1759,139,2023-07-24,Repair,4037.67,4,4,2,Tires
1760,199,2023-04-24,Repair,3286.72,1,7,3,Tires
1761,73,2024-10-10,Repair,2983.75,2,4,5,Transmission
1762,7,2023-10-10,Repair,3176.78,11,2,1,Brakes
1763,114,2025-04-03,Warranty,917.51,21,4,2,Transmission
1764,106,2024-12-29,Warranty,1697.23,6,9,1,Brakes
1765,189,2024-10-29,Warranty,1960.05,3,5,2,Tires
1766,101,2024-06-14,Repair,863.61,11,2,1,Brakes
1767,44,2024-04-15,Repair,2499.08,1,4,3,Engine
1768,179,2024-05-04,Warranty,4160.44,27,1,1,Engine
1769,126,2023-08-08,Routine,2454.87,4,8,3,Engine
1770,160,2023-05-03,Routine,581.12,3,5,5,Transmission
1771,11,2023-06-20,Routine,4152.71,17,9,1,Engine
1772,173,2023-09-19,Warranty,924.26,26,3,3,Tires
1773,170,2023-02-20,Repair,1746.01,27,6,1,Brakes
1774,164,2024-12-03,Routine,2497.63,24,8,1,Brakes
1775,162,2024-01-08,Routine,4805.5,2,10,1,Engine
1776,142,2024-09-01,Warranty,4035.71,10,2,5,Engine
1777,21,2025-01-04,Routine,4848.36,13,9,3,Brakes
1778,198,2023-12-22,Routine,2226.68,28,10,2,Brakes
1779,5,2023-12-03,Routine,2280.93,28,9,0,Brakes
1780,48,2023-09-23,Routine,1629.97,11,9,2,Brakes
1781,27,2022-10-28,Routine,2191.47,16,3,0,Tires
1782,166,2023-05-31,Warranty,1730.08,23,8,5,Engine
1783,149,2024-04-23,Routine,471.42,5,5,4,Tires
1784,79,2023-08-28,Repair,413.32,4,6,2,Tires
1785,195,2023-01-20,Routine,4285.72,26,7,0,Engine
1786,126,2023-12-13,Warranty,1032.74,23,6,1,Brakes
1787,65,2023-04-11,Warranty,4167.87,19,4,5,Transmission
1788,185,2025-07-02,Repair,2989.26,5,6,0,Engine
1789,50,2024-12-27,Routine,1731.92,6,6,1,Transmission
1790,68,2023-05-22,Warranty,1883.48,26,1,2,Brakes
1791,194,2025-09-13,Repair,2045.92,21,5,1,Brakes
1792,169,2024-12-26,Repair,2934.44,7,10,0,Engine
1793,77,2025-09-17,Repair,976.86,24,1,4,Engine
1794,159,2023-07-03,Routine,1886.72,3,4,3,Brakes
1795,31,2024-10-20,Repair,2086.97,2,4,1,Engine
1796,108,2025-09-16,Repair,712.86,13,7,5,Transmission
1797,5,2025-09-27,Warranty,4190.06,11,4,2,Brakes
1798,81,2024-07-09,Repair,2052.55,8,1,1,Transmission
1799,124,2024-03-06,Repair,1287.2,3,5,5,Tires
1800,86,2022-11-23,Warranty,1429.9,16,5,2,Brakes
1801,124,2024-12-11,Routine,319.0,3,9,1,Transmission
1802,145,2024-02-01,Warranty,2319.64,2,10,5,Engine
1803,68,2025-07-18,Warranty,3823.1,3,7,2,Transmission
1804,118,2024-06-18,Warranty,4881.23,7,7,5,Tires
1805,171,2024-12-30,Warranty,377.33,17,1,0,Brakes
1806,84,2024-10-16,Routine,3098.87,24,1,2,Brakes
1807,48,2025-04-10,Routine,4417.89,29,10,3,Brakes
1808,107,2025-03-17,Repair,102.03,1,3,2,Tires
1809,182,2024-08-17,Routine,4985.05,27,8,0,Tires
1810,146,2023-10-27,Repair,743.72,9,4,5,Engine
1811,85,2022-10-14,Routine,2560.98,8,7,0,Engine
1812,172,2023-09-25,Repair,951.31,2,3,1,Transmission
1813,171,2024-01-09,Routine,1451.88,11,10,5,Tires
1814,133,2024-03-31,Repair,1843.93,22,8,2,Tires
1815,164,2024-10-17,Repair,4821.03,7,3,1,Tires
1816,181,2023-09-27,Routine,807.8,1,5,3,Transmission
1817,123,2023-10-25,Warranty,708.69,17,4,5,Brakes
1818,33,2024-09-29,Repair,1903.82,27,2,0,Tires
1819,21,2023-10-11,Repair,1119.87,17,5,5,Transmission
1820,117,2024-09-11,Warranty,1603.81,15,7,2,Transmission
1821,155,2023-06-22,Repair,1212.44,17,3,0,Engine
1822,123,2024-04-28,Routine,3397.29,29,2,0,Tires
1823,48,2023-02-18,Routine,3743.0,8,9,0,Brakes
1824,185,2024-07-31,Warranty,2306.91,25,7,0,Brakes
1825,185,2023-12-09,Repair,3988.03,10,2,3,Engine
1826,47,2023-01-24,Repair,4227.97,8,4,5,Transmission
1827,57,2024-11-17,Warranty,2939.44,14,10,0,Transmission
1828,142,2024-11-10,Warranty,277.36,15,2,3,Tires
1829,86,2025-06-04,Warranty,3602.99,7,4,1,Brakes
1830,24,2025-06-27,Repair,4304.01,20,1,1,Brakes
1831,63,2024-05-03,Repair,4714.7,3,4,0,Brakes
1832,91,2023-06-27,Warranty,389.65,23,9,0,Engine
1833,5,2025-02-28,Routine,3186.46,6,6,0,Brakes
1834,83,2024-07-15,Routine,2818.72,29,3,5,Engine
1835,79,2024-10-06,Repair,3165.73,10,8,4,Tires
1836,163,2024-04-25,Warranty,1306.31,11,7,5,Transmission
1837,87,2025-09-08,Repair,1681.75,9,3,0,Engine
1838,141,2025-08-04,Repair,4453.06,23,6,2,Tires
1839,134,2023-11-27,Routine,1560.04,14,8,0,Brakes
1840,47,2022-11-03,Repair,4998.6,19,1,3,Engine
1841,137,2023-12-24,Routine,4432.14,23,1,4,Tires
1842,84,2024-07-25,Warranty,2438.91,6,2,4,Engine
1843,45,2023-11-17,Routine,4590.4,9,5,1,Tires
1844,21,2025-03-07,Warranty,4313.92,24,3,2,Brakes
1845,84,2024-11-13,Routine,3985.8,24,9,0,Tires
1846,140,2025-04-28,Routine,3037.94,12,7,4,Brakes
1847,22,2024-10-04,Repair,2998.45,18,5,4,Brakes
1848,72,2023-05-23,Routine,4574.94,15,8,1,Tires
1849,200,2024-01-07,Repair,1063.03,15,7,1,Tires
1850,93,2023-01-20,Warranty,1969.22,21,10,0,Engine
1851,100,2023-03-20,Warranty,1602.12,8,6,4,Transmission
1852,155,2022-10-19,Repair,895.6,16,3,2,Transmission
1853,107,2024-11-17,Routine,2880.39,5,8,4,Brakes
1854,72,2023-09-22,Warranty,4089.56,17,9,1,Tires
1855,83,2025-08-02,Routine,3602.99,12,8,1,Tires
1856,198,2024-08-07,Routine,4729.91,5,10,1,Transmission
1857,162,2023-10-11,Warranty,3074.82,21,3,4,Engine
1858,128,2024-01-18,Repair,3662.33,2,8,0,Engine
1859,88,2025-09-07,Repair,2762.27,17,3,1,Transmission
1860,151,2023-03-30,Routine,1872.1,23,3,2,Tires
1861,152,2025-09-11,Repair,1724.12,3,5,1,Tires
1862,157,2022-10-17,Repair,2365.92,24,1,4,Transmission
1863,59,2025-07-04,Warranty,1106.6,17,10,0,Engine
1864,196,2023-03-14,Routine,4046.41,28,2,0,Engine
1865,29,2023-04-09,Routine,4078.84,18,4,5,Engine
1866,93,2022-12-03,Routine,176.5,21,4,2,Transmission
1867,36,2024-01-01,Repair,1312.73,22,5,0,Tires
1868,181,2025-08-12,Warranty,246.76,18,2,3,Transmission
1869,46,2024-08-01,Repair,1483.53,2,5,3,Brakes
1870,168,2025-09-05,Routine,2422.42,24,5,1,Engine
1871,29,2022-12-15,Routine,914.91,16,4,5,Transmission
1872,84,2024-10-11,Warranty,4745.37,4,3,5,Transmission
1873,3,2025-01-04,Repair,2690.51,25,10,2,Brakes
1874,135,2023-11-26,Repair,2802.49,19,8,1,Transmission
1875,27,2023-05-11,Repair,4540.9,20,8,5,Engine
1876,185,2023-07-03,Warranty,4519.26,13,8,2,Tires
1877,187,2023-01-03,Routine,2627.13,4,8,3,Brakes
1878,152,2023-01-06,Warranty,1369.99,15,5,4,Transmission
1879,191,2022-11-27,Routine,2090.59,20,2,3,Engine
1880,198,2023-03-29,Routine,976.66,26,8,3,Brakes
1881,195,2024-06-15,Warranty,4058.54,1,2,5,Tires
1882,125,2025-03-21,Warranty,149.77,8,6,1,Brakes
1883,22,2024-08-30,Routine,1084.68,19,4,5,Transmission
1884,81,2025-02-22,Repair,1520.8,27,8,3,Transmission
1885,82,2024-03-15,Repair,814.68,30,10,4,Transmission
1886,97,2025-08-19,Repair,1786.18,13,1,3,Engine
1887,127,2024-06-21,Routine,4899.0,7,2,2,Tires
1888,185,2023-06-07,Routine,227.49,6,1,4,Engine
1889,162,2025-03-31,Repair,2419.01,3,5,1,Transmission
1890,179,2025-06-07,Warranty,1203.61,3,4,4,Tires
1891,132,2025-06-09,Routine,1549.38,25,7,4,Tires
1892,143,2023-06-16,Warranty,3293.71,18,9,5,Engine
1893,175,2022-12-01,Repair,4617.53,7,3,2,Transmission
1894,48,2025-07-15,Repair,2253.43,23,1,1,Engine
1895,174,2025-05-11,Repair,383.8,16,6,1,Brakes
1896,174,2025-01-06,Warranty,4641.64,14,10,3,Transmission
1897,152,2025-05-21,Routine,3029.62,4,3,5,Brakes
1898,3,2024-06-20,Warranty,2032.66,18,6,4,Brakes
1899,162,2025-05-21,Routine,2411.66,12,5,4,Engine
1900,69,2024-04-12,Repair,4924.0,12,3,2,Brakes
1901,189,2024-07-03,Repair,146.45,10,9,5,Engine
1902,25,2024-07-07,Warranty,1639.95,29,4,5,Transmission
1903,28,2024-11-17,Repair,3799.88,8,6,1,Tires
1904,47,2023-03-13,Repair,4186.08,9,2,1,Tires
1905,64,2022-10-08,Repair,2715.67,23,9,3,Tires
1906,51,2024-02-02,Routine,682.89,7,6,4,Brakes
1907,148,2023-12-04,Routine,3558.8,23,1,5,Transmission
1908,123,2025-06-30,Warranty,4003.48,2,10,2,Tires
1909,2,2022-10-19,Routine,1680.97,14,7,0,Tires
1910,192,2024-11-03,Warranty,4110.47,3,6,5,Tires
1911,143,2023-03-05,Routine,3725.02,7,9,3,Engine
1912,189,2023-10-30,Repair,3540.99,14,2,1,Engine
1913,34,2025-07-08,Warranty,1432.37,3,8,3,Transmission
1914,127,2024-06-26,Warranty,4595.47,8,1,2,Engine
1915,115,2023-08-05,Routine,1595.95,18,4,3,Engine
1916,104,2023-11-17,Warranty,2183.75,1,4,0,Brakes
1917,93,2023-09-27,Routine,4589.79,18,7,4,Brakes
1918,173,2023-03-06,Routine,1991.14,10,4,5,Brakes
1919,74,2025-07-30,Repair,4827.11,24,2,0,Transmission
1920,74,2024-01-08,Warranty,4204.18,30,4,4,Transmission
1921,104,2023-04-04,Warranty,2662.75,15,10,3,Transmission
1922,78,2022-10-09,Routine,1230.61,10,3,2,Tires
1923,126,2025-09-21,Repair,1964.84,22,9,0,Engine
1924,117,2024-11-12,Routine,3433.73,20,7,1,Brakes
1925,73,2023-05-07,Repair,4571.57,4,2,4,Engine
1926,188,2024-05-22,Routine,1640.7,2,8,4,Tires
1927,49,2023-09-30,Routine,3593.0,15,4,2,Engine
1928,47,2022-11-16,Routine,2215.47,25,3,1,Brakes
1929,117,2023-02-17,Routine,1348.21,17,10,3,Transmission
1930,97,2023-08-08,Routine,1562.97,16,9,1,Transmission
1931,79,2023-05-14,Warranty,4255.86,18,8,4,Transmission
1932,181,2024-12-30,Routine,2581.41,25,3,4,Tires
1933,97,2022-11-05,Repair,4305.03,12,1,5,Brakes
1934,70,2025-04-09,Routine,4790.67,19,5,3,Engine
1935,42,2024-06-07,Warranty,3341.28,12,9,0,Transmission
1936,109,2023-02-24,Routine,495.57,10,5,4,Engine
1937,152,2024-05-23,Routine,664.89,23,4,0,Brakes
1938,144,2023-05-08,Warranty,4417.02,16,4,1,Brakes
1939,166,2023-02-11,Repair,4130.23,2,8,5,Engine
1940,79,2025-02-11,Warranty,2451.46,14,1,1,Engine
1941,34,2023-05-30,Repair,3860.59,17,2,5,Brakes
1942,192,2023-12-26,Routine,1471.08,5,8,5,Tires
1943,43,2024-02-09,Routine,3500.7,12,5,1,Transmission
1944,50,2023-08-07,Routine,4310.07,28,3,1,Engine
1945,124,2024-03-14,Warranty,1811.36,2,1,3,Tires
1946,118,2025-05-18,Warranty,138.56,24,8,4,Tires
1947,17,2024-06-04,Repair,1408.68,6,9,4,Transmission
1948,146,2025-06-24,Routine,1900.03,15,4,1,Transmission
1949,199,2025-05-25,Repair,2131.23,17,10,0,Engine
1950,107,2022-11-11,Warranty,1992.54,17,2,4,Engine
1951,181,2025-03-26,Repair,4475.31,9,3,1,Brakes
1952,23,2023-01-14,Repair,3398.18,9,2,5,Tires
1953,34,2025-08-07,Repair,1805.15,14,4,0,Transmission
1954,113,2023-04-21,Repair,3878.43,28,10,5,Tires
1955,73,2024-01-06,Repair,3748.57,9,6,3,Brakes
1956,84,2023-05-07,Repair,870.96,28,8,0,Tires
1957,167,2022-12-22,Routine,2211.18,11,8,3,Engine
1958,5,2023-07-13,Warranty,1438.86,3,5,2,Transmission
1959,76,2022-10-13,Warranty,3495.48,21,4,2,Transmission
1960,113,2023-04-18,Repair,666.67,24,6,3,Tires
1961,15,2023-10-01,Warranty,2511.86,11,5,1,Brakes
1962,178,2023-03-15,Repair,4682.66,6,9,3,Engine
1963,172,2025-03-05,Routine,4825.72,17,4,0,Tires
1964,59,2022-11-04,Warranty,4123.47,2,1,5,Brakes
1965,13,2024-10-10,Warranty,473.74,13,4,3,Engine
1966,34,2023-05-20,Warranty,3157.13,9,8,0,Brakes
1967,196,2022-11-20,Routine,2851.09,16,8,5,Brakes
1968,65,2022-10-07,Routine,3806.28,21,1,1,Tires
1969,62,2024-06-25,Repair,129.41,5,6,0,Tires
1970,148,2024-08-01,Routine,1322.05,3,9,0,Engine
1971,165,2024-09-26,Routine,1237.64,18,8,4,Transmission
1972,175,2023-10-31,Routine,4705.72,21,2,3,Tires
1973,47,2024-08-30,Warranty,4333.84,5,6,2,Tires
1974,29,2025-07-07,Routine,623.16,28,3,0,Engine
1975,57,2024-10-01,Routine,1417.8,22,1,3,Engine
1976,68,2024-01-05,Repair,3398.37,6,7,1,Brakes
1977,126,2023-05-31,Warranty,1019.2,11,5,4,Transmission
1978,83,2022-11-12,Warranty,1273.35,12,6,5,Tires
1979,159,2023-02-14,Repair,2743.32,29,8,5,Transmission
1980,63,2024-11-24,Routine,2656.14,6,7,3,Tires
1981,45,2025-02-19,Repair,3346.6,19,5,5,Brakes
1982,40,2022-12-01,Repair,539.14,9,8,2,Brakes
1983,192,2024-02-09,Warranty,3028.48,28,7,3,Transmission
1984,93,2022-12-29,Repair,4768.33,8,3,0,Engine
1985,37,2023-02-17,Repair,1216.78,30,6,4,Engine
1986,16,2024-07-03,Warranty,3001.83,15,3,2,Transmission
1987,95,2025-07-18,Repair,4244.55,14,1,5,Transmission
1988,170,2024-01-14,Routine,1006.4,16,2,2,Transmission
1989,67,2023-12-02,Repair,4266.47,25,1,0,Tires
1990,190,2025-04-25,Warranty,3924.81,18,4,2,Transmission
1991,196,2025-01-30,Warranty,1198.97,20,9,2,Tires
1992,171,2023-11-14,Repair,1688.82,23,4,0,Transmission
1993,15,2023-12-13,Repair,3977.04,14,4,3,Transmission
1994,109,2023-12-20,Routine,3435.41,29,10,3,Transmission
1995,148,2025-04-21,Warranty,3779.42,20,3,4,Transmission
1996,62,2024-12-02,Routine,2717.93,23,6,1,Engine
1997,5,2023-08-28,Repair,1181.6,12,7,5,Transmission
1998,177,2024-10-02,Routine,1420.21,30,5,4,Brakes
1999,43,2023-01-15,Routine,1338.13,28,7,3,Transmission
2000,6,2025-06-30,Repair,1338.32,25,7,2,Transmission
2001,42,2025-03-31,Warranty,2817.28,15,7,3,Brakes
2002,133,2023-06-23,Routine,1099.81,1,2,1,Transmission
2003,95,2023-02-25,Warranty,2339.61,17,1,3,Transmission
2004,100,2023-11-06,Repair,3357.27,15,9,1,Engine
2005,53,2025-07-10,Warranty,3214.84,22,3,4,Transmission
2006,131,2022-12-22,Repair,846.51,12,7,2,Brakes
2007,151,2025-05-16,Warranty,3999.35,18,7,0,Engine
2008,53,2025-09-07,Repair,1681.0,19,4,2,Engine
2009,84,2025-08-26,Warranty,3398.26,9,7,5,Brakes
2010,84,2024-11-03,Warranty,2811.11,12,9,0,Transmission
2011,180,2023-06-08,Repair,3026.43,17,8,5,Brakes
2012,194,2022-11-26,Warranty,4859.26,18,8,1,Transmission
2013,8,2024-09-23,Routine,3880.62,12,1,5,Brakes
2014,91,2024-02-03,Repair,2854.68,7,4,4,Tires
2015,35,2023-12-04,Warranty,399.5,11,1,4,Transmission
2016,50,2024-01-02,Warranty,301.81,3,1,4,Transmission
2017,63,2024-09-17,Warranty,479.07,7,7,3,Tires
2018,159,2024-09-19,Repair,1168.78,8,6,0,Engine
2019,9,2022-10-24,Routine,2644.75,29,1,3,Engine
2020,177,2024-04-20,Repair,2553.78,20,8,1,Engine
2021,32,2023-03-10,Routine,4144.68,20,5,0,Brakes
2022,62,2025-05-06,Warranty,942.59,9,3,2,Transmission
2023,22,2024-05-17,Warranty,4982.09,12,2,2,Engine
2024,87,2022-10-25,Warranty,878.67,29,9,2,Tires
2025,143,2025-09-16,Warranty,4906.65,25,10,4,Transmission
2026,187,2024-09-01,Routine,3150.01,3,7,5,Engine
2027,33,2024-10-27,Routine,2659.42,4,9,3,Engine
2028,163,2022-12-25,Warranty,605.37,29,9,1,Tires
2029,186,2023-06-18,Repair,3922.34,20,3,5,Transmission
2030,174,2023-08-24,Routine,2946.87,4,1,2,Brakes
2031,74,2023-08-12,Warranty,4172.44,1,8,2,Transmission
2032,27,2024-02-08,Warranty,698.26,20,5,2,Brakes
2033,53,2023-03-09,Repair,1089.01,21,10,0,Engine
2034,152,2025-06-25,Repair,952.6,2,10,5,Engine
2035,188,2025-07-15,Warranty,330.11,8,2,0,Tires
2036,14,2024-10-22,Routine,1162.51,13,5,3,Transmission
2037,128,2024-01-27,Routine,341.9,7,10,0,Transmission
2038,75,2024-12-17,Repair,465.4,30,10,5,Engine
2039,81,2023-03-01,Warranty,1842.34,18,1,4,Transmission
2040,120,2022-11-15,Repair,1292.02,9,10,2,Tires
2041,198,2025-07-07,Warranty,3476.1,5,7,1,Engine
2042,156,2025-02-27,Routine,4716.81,1,2,5,Transmission
2043,86,2023-03-06,Routine,2590.5,9,5,0,Brakes
2044,112,2023-11-01,Routine,3258.3,8,7,1,Brakes
2045,123,2023-02-10,Warranty,2143.22,21,4,2,Tires
2046,145,2024-03-10,Routine,4210.23,13,7,1,Tires
2047,161,2023-06-17,Warranty,1114.95,23,3,5,Brakes
2048,118,2022-11-17,Repair,1382.72,23,9,0,Transmission
2049,109,2022-12-04,Repair,4542.59,13,1,4,Transmission
2050,82,2023-12-09,Repair,1839.28,29,10,1,Tires
2051,69,2025-08-10,Warranty,1754.41,10,2,3,Transmission
2052,77,2025-08-24,Repair,3782.06,6,4,1,Transmission
2053,62,2023-08-06,Repair,2703.39,18,9,3,Transmission
2054,20,2024-05-19,Routine,3322.74,1,6,4,Tires
2055,138,2023-03-26,Routine,4756.79,27,8,0,Transmission
2056,153,2024-02-20,Warranty,2348.74,2,2,1,Engine
2057,191,2024-09-10,Repair,864.62,20,9,2,Engine
2058,39,2025-04-20,Routine,2645.97,27,1,5,Transmission
2059,75,2025-03-25,Routine,4672.72,13,3,4,Brakes
2060,105,2024-09-21,Repair,2474.51,17,7,0,Engine
2061,89,2023-01-03,Warranty,139.39,27,4,4,Brakes
2062,193,2022-12-28,Warranty,4602.68,20,2,5,Transmission
2063,149,2024-10-09,Repair,1736.29,14,1,2,Tires
2064,108,2022-10-10,Warranty,3469.84,9,1,3,Transmission
2065,47,2024-04-28,Repair,3345.4,2,1,1,Brakes
2066,179,2022-11-07,Warranty,1200.92,15,9,0,Tires
2067,58,2025-06-16,Repair,1615.61,16,7,4,Brakes
2068,7,2025-06-26,Warranty,1763.33,10,2,0,Tires
2069,138,2024-10-06,Warranty,1162.69,29,9,2,Transmission
2070,11,2024-01-02,Repair,4385.74,2,5,1,Tires
2071,19,2025-01-10,Warranty,2232.72,17,9,4,Engine
2072,175,2023-08-13,Repair,186.12,12,8,4,Tires
2073,59,2025-07-12,Warranty,4957.75,19,6,5,Engine
2074,189,2023-02-02,Warranty,4422.05,25,2,4,Engine
2075,75,2022-11-18,Warranty,3598.66,20,9,5,Brakes
2076,85,2023-06-25,Routine,2179.17,2,6,1,Transmission
2077,147,2023-03-13,Routine,4395.01,30,10,3,Brakes
2078,2,2024-03-13,Warranty,4579.54,24,8,5,Transmission
2079,125,2024-04-05,Routine,336.74,18,9,0,Brakes
2080,11,2023-10-23,Repair,1768.51,12,5,0,Engine
2081,3,2023-12-12,Routine,2123.01,7,10,4,Transmission
2082,40,2025-05-31,Warranty,4028.75,3,4,4,Brakes
2083,51,2023-06-20,Routine,2070.13,18,2,2,Brakes
2084,162,2025-04-17,Routine,822.21,9,5,1,Brakes
2085,134,2022-11-23,Repair,4870.13,23,7,2,Tires
2086,53,2023-12-15,Warranty,1597.9,8,6,1,Tires
2087,116,2023-12-25,Warranty,3830.73,24,5,0,Transmission
2088,52,2023-05-18,Repair,628.13,11,9,1,Tires
2089,53,2025-07-20,Routine,1090.35,8,2,4,Tires
2090,32,2023-12-12,Routine,4889.6,6,6,2,Transmission
2091,139,2025-09-23,Warranty,2482.64,22,9,3,Tires
2092,200,2022-12-09,Repair,2491.11,27,5,0,Engine
2093,174,2024-02-06,Routine,4963.43,13,4,2,Transmission
2094,174,2024-07-28,Routine,4216.78,21,1,4,Brakes
2095,61,2024-10-19,Warranty,4383.29,6,2,0,Tires
2096,4,2025-07-31,Routine,3870.36,17,5,5,Transmission
2097,166,2025-02-28,Warranty,582.19,3,2,3,Brakes
2098,92,2025-04-11,Repair,2472.5,11,9,2,Engine
2099,73,2025-03-07,Warranty,4917.26,12,5,3,Brakes
2100,89,2023-09-05,Warranty,4569.46,12,9,5,Tires
2101,128,2023-09-27,Repair,3865.08,13,7,1,Tires
2102,69,2024-10-24,Repair,2858.03,16,8,1,Brakes
2103,22,2024-12-30,Routine,2912.67,25,6,3,Tires
2104,64,2023-03-16,Warranty,3595.29,2,6,1,Transmission
2105,14,2025-06-08,Repair,1426.21,27,8,0,Brakes
2106,20,2023-06-21,Routine,4665.97,9,7,4,Brakes
2107,106,2022-11-08,Warranty,3338.54,3,9,1,Transmission
2108,163,2025-10-06,Warranty,4957.83,20,1,3,Tires
2109,12,2023-05-11,Repair,1734.35,9,1,4,Transmission
2110,79,2024-11-27,Routine,1387.18,22,2,3,Tires
2111,84,2023-10-31,Routine,3400.11,1,2,5,Tires
2112,154,2024-01-11,Warranty,4280.17,12,2,4,Tires
2113,124,2023-09-17,Warranty,457.4,29,8,2,Engine
2114,103,2025-05-23,Repair,3967.08,9,8,4,Tires
2115,141,2023-08-11,Repair,3663.95,19,4,4,Transmission
2116,194,2023-02-21,Repair,866.47,27,2,5,Engine
2117,132,2025-05-26,Warranty,3956.5,19,8,2,Tires
2118,189,2022-12-26,Repair,4418.19,23,3,0,Tires
2119,188,2023-08-11,Warranty,4332.78,27,2,1,Tires
2120,28,2023-08-31,Warranty,162.12,29,8,3,Engine
2121,131,2025-06-16,Warranty,2426.64,14,1,4,Tires
2122,191,2025-08-15,Repair,960.01,21,3,1,Brakes
2123,69,2023-10-15,Repair,533.77,3,5,5,Engine
2124,22,2024-04-17,Repair,3071.55,15,8,0,Brakes
2125,164,2024-11-07,Repair,1370.02,23,3,2,Tires
2126,31,2025-09-04,Warranty,4692.84,17,1,4,Engine
2127,174,2023-11-14,Repair,1424.52,23,8,5,Transmission
2128,52,2023-08-11,Warranty,2432.17,29,9,3,Tires
2129,27,2025-04-22,Warranty,1120.26,15,9,5,Tires
2130,199,2025-03-10,Routine,1877.33,23,8,2,Transmission
2131,3,2022-11-07,Repair,1711.81,9,2,5,Transmission
2132,58,2024-04-30,Warranty,2261.52,28,8,5,Engine
2133,93,2023-10-30,Repair,3828.6,26,8,1,Brakes
2134,1,2023-09-19,Routine,4107.61,13,9,4,Engine
2135,158,2024-03-20,Routine,3026.71,6,4,4,Brakes
2136,149,2023-08-23,Routine,4101.36,14,6,5,Brakes
2137,44,2024-04-23,Repair,2563.73,26,9,4,Transmission
2138,4,2025-03-29,Warranty,774.07,29,2,1,Tires
2139,66,2025-08-31,Repair,4257.36,26,5,0,Transmission
2140,198,2023-03-27,Warranty,1963.73,4,10,5,Tires
2141,87,2023-01-30,Repair,2580.08,19,1,3,Tires
2142,23,2024-05-23,Warranty,2977.92,7,2,5,Tires
2143,176,2023-02-19,Repair,3507.27,12,3,1,Transmission
2144,68,2025-05-09,Warranty,1359.81,7,7,1,Transmission
2145,25,2023-01-13,Warranty,2256.77,3,4,4,Transmission
2146,12,2023-07-29,Warranty,1051.44,30,9,4,Brakes
2147,18,2025-02-22,Repair,3673.82,14,3,5,Tires
2148,19,2023-11-05,Repair,1918.65,30,8,1,Transmission
2149,142,2024-04-02,Routine,1700.09,23,2,0,Transmission
2150,43,2023-04-27,Repair,3457.68,4,6,3,Brakes
2151,110,2024-09-08,Routine,1111.8,20,9,1,Brakes
2152,17,2025-10-04,Repair,4286.49,5,8,3,Transmission
2153,128,2025-01-30,Routine,4087.66,24,10,4,Engine
2154,1,2024-02-04,Warranty,1592.41,22,4,4,Tires
2155,144,2025-04-11,Routine,1906.04,12,10,3,Engine
2156,54,2023-12-20,Routine,917.25,28,2,1,Tires
2157,146,2024-08-11,Repair,1055.44,12,3,4,Engine
2158,49,2023-04-18,Repair,1147.37,5,2,2,Tires
2159,57,2023-10-03,Warranty,3379.29,27,6,0,Tires
2160,130,2024-09-14,Repair,3871.56,19,3,3,Transmission
2161,133,2023-02-14,Routine,3825.77,26,1,2,Transmission
2162,108,2025-04-24,Routine,1503.07,12,7,5,Brakes
2163,132,2024-07-10,Warranty,2697.6,6,4,1,Transmission
2164,107,2022-10-31,Routine,2786.72,18,7,1,Engine
2165,92,2023-12-29,Warranty,2481.91,6,8,3,Transmission
2166,117,2023-05-13,Repair,4842.86,10,3,5,Engine
2167,50,2025-07-04,Repair,3480.3,11,1,4,Tires
2168,70,2023-01-25,Repair,3099.83,29,9,4,Tires
2169,90,2025-01-03,Routine,1351.81,2,8,4,Transmission
2170,39,2023-01-31,Routine,1889.31,14,9,4,Transmission
2171,105,2025-08-20,Warranty,1942.0,4,9,1,Transmission
2172,144,2025-09-11,Warranty,3752.97,20,2,4,Brakes
2173,140,2024-04-16,Routine,2580.2,3,2,3,Transmission
2174,169,2023-12-31,Routine,4440.42,18,6,3,Tires
2175,131,2023-06-25,Repair,2796.45,18,3,1,Transmission
2176,59,2022-12-27,Repair,4377.57,9,5,5,Engine
2177,185,2024-12-13,Warranty,1245.69,3,4,0,Transmission
2178,114,2025-07-22,Routine,4550.7,14,7,0,Engine
2179,134,2024-07-14,Repair,3984.78,8,9,2,Engine
2180,198,2025-05-01,Repair,178.78,28,9,3,Engine
2181,18,2024-03-19,Repair,141.19,9,7,2,Engine
2182,73,2025-05-21,Warranty,1664.39,13,8,2,Tires
2183,82,2024-07-11,Routine,1958.81,30,7,3,Transmission
2184,66,2024-07-01,Routine,1706.38,23,6,3,Engine
2185,193,2025-01-31,Warranty,441.62,20,1,3,Tires
2186,89,2025-09-05,Routine,2364.28,21,4,4,Engine
2187,194,2025-04-03,Warranty,249.75,17,1,0,Tires
2188,103,2023-04-15,Routine,3396.5,25,10,2,Tires
2189,183,2023-09-24,Routine,836.4,11,3,0,Transmission
2190,170,2025-08-22,Repair,4271.09,17,6,0,Transmission
2191,106,2025-02-10,Routine,3796.91,28,8,2,Transmission
2192,49,2024-01-31,Routine,3334.78,28,7,5,Tires
2193,52,2025-09-05,Warranty,2941.19,23,7,5,Brakes
2194,28,2023-06-18,Warranty,4646.38,21,7,2,Engine
2195,50,2025-06-01,Routine,817.17,20,3,3,Tires
2196,17,2024-02-26,Warranty,3632.74,10,2,2,Tires
2197,74,2024-01-06,Warranty,413.56,15,9,4,Transmission
2198,175,2023-08-21,Repair,821.56,12,9,3,Brakes
2199,10,2025-02-07,Repair,2224.31,15,5,1,Engine
2200,115,2025-09-30,Routine,3385.71,1,2,4,Tires
2201,119,2024-06-15,Repair,2306.5,23,9,3,Brakes
2202,17,2025-04-19,Warranty,217.56,17,2,5,Transmission
2203,62,2024-04-24,Repair,283.51,25,1,4,Transmission
2204,33,2025-09-23,Warranty,2170.29,29,7,0,Tires
2205,71,2025-02-08,Warranty,3903.05,1,10,5,Transmission
2206,90,2024-07-04,Repair,4410.83,27,1,3,Engine
2207,144,2023-06-01,Routine,1954.32,12,9,5,Transmission
2208,45,2024-11-28,Repair,1141.18,2,8,4,Engine
2209,169,2023-12-12,Repair,2698.38,26,5,0,Engine
2210,138,2024-05-13,Warranty,1013.9,23,7,2,Brakes
2211,189,2025-03-30,Repair,1856.42,12,7,4,Engine
2212,114,2024-01-01,Warranty,936.63,18,10,5,Tires
2213,77,2025-01-11,Warranty,3465.88,23,5,4,Transmission
2214,55,2023-03-30,Routine,1643.52,9,8,0,Transmission
2215,158,2024-04-19,Warranty,4130.57,23,8,2,Brakes
2216,151,2024-09-03,Repair,2071.49,29,5,1,Engine
2217,95,2022-12-01,Routine,4135.18,6,3,2,Engine
2218,165,2025-08-10,Warranty,2816.2,5,6,0,Transmission
2219,192,2025-06-23,Routine,2722.09,28,7,3,Brakes
2220,190,2024-11-17,Repair,3135.95,22,7,3,Tires
2221,19,2025-05-12,Routine,4195.06,27,1,0,Brakes
2222,130,2023-11-21,Warranty,1397.3,8,10,1,Engine
2223,170,2025-07-21,Warranty,1244.01,16,2,0,Brakes
2224,178,2025-03-01,Routine,4750.87,16,9,4,Engine
2225,87,2023-09-08,Routine,2528.39,29,10,4,Tires
2226,17,2025-09-11,Repair,4947.35,20,3,4,Tires
2227,80,2025-08-08,Repair,4613.61,11,7,2,Transmission
2228,120,2023-10-14,Warranty,3082.51,14,10,4,Engine
2229,55,2022-11-11,Warranty,1176.98,5,9,2,Engine
2230,149,2025-05-09,Routine,193.02,11,2,2,Transmission
2231,153,2022-11-30,Routine,3416.14,26,5,0,Brakes
2232,45,2024-07-19,Routine,4447.3,30,9,4,Brakes
2233,110,2022-11-27,Repair,2997.37,25,6,1,Brakes
2234,97,2025-01-13,Routine,2093.94,14,5,1,Transmission
2235,180,2025-02-13,Routine,4976.09,15,8,5,Brakes
2236,128,2025-06-02,Routine,1055.39,23,9,3,Brakes
2237,101,2024-01-12,Warranty,706.78,5,9,4,Brakes
2238,155,2023-06-12,Warranty,4751.43,7,2,2,Tires
2239,144,2025-04-04,Repair,4374.95,30,10,2,Transmission
2240,100,2025-04-19,Warranty,4613.06,20,3,2,Transmission
2241,47,2023-08-02,Routine,1487.01,13,5,4,Engine
2242,160,2024-02-23,Repair,3402.84,5,3,4,Engine
2243,59,2023-01-18,Warranty,3989.59,19,10,4,Engine
2244,40,2024-11-09,Warranty,1252.47,11,6,1,Brakes
2245,79,2024-07-25,Warranty,4118.85,30,8,5,Engine
2246,38,2022-10-11,Repair,2947.32,9,8,3,Transmission
2247,161,2025-02-20,Routine,2219.86,26,6,3,Tires
2248,94,2024-07-24,Warranty,4127.67,27,6,5,Brakes
2249,133,2023-02-20,Routine,4487.52,9,5,2,Brakes
2250,168,2023-06-07,Repair,835.38,27,7,2,Tires
2251,41,2023-09-10,Routine,1216.22,6,5,4,Engine
2252,91,2025-03-17,Routine,3938.88,30,4,0,Tires
2253,76,2025-08-15,Repair,2726.01,8,3,5,Transmission
2254,164,2023-06-20,Repair,3959.77,6,10,2,Tires
2255,137,2024-11-11,Warranty,1028.36,29,6,1,Engine
2256,76,2024-12-22,Repair,2338.15,20,10,2,Transmission
2257,101,2023-12-21,Repair,219.14,16,3,2,Tires
2258,13,2025-03-09,Routine,625.22,28,5,1,Brakes
2259,195,2023-04-02,Repair,3693.93,2,5,4,Engine
2260,58,2023-01-08,Repair,904.25,29,2,3,Transmission
2261,144,2025-08-12,Repair,477.45,10,6,5,Engine
2262,94,2023-11-28,Warranty,3717.79,13,3,4,Transmission
2263,187,2023-03-08,Repair,1331.75,2,6,1,Transmission
2264,118,2022-11-18,Repair,1734.91,25,3,1,Brakes
2265,146,2024-06-15,Repair,2491.44,6,3,5,Engine
2266,177,2025-05-07,Routine,2390.76,18,8,2,Tires
2267,196,2024-06-07,Repair,2580.06,5,4,4,Tires
2268,45,2023-02-25,Warranty,1991.83,11,4,3,Tires
2269,27,2024-06-01,Warranty,515.43,29,2,1,Engine
2270,64,2023-09-16,Repair,4287.79,19,2,0,Transmission
2271,122,2025-07-20,Repair,1381.32,7,10,3,Transmission
2272,46,2025-05-29,Warranty,3278.53,28,1,1,Engine
2273,86,2024-07-14,Repair,732.43,9,9,4,Brakes
2274,165,2023-01-13,Warranty,2277.08,9,9,2,Brakes
2275,120,2024-01-18,Routine,714.66,9,8,5,Engine
2276,98,2025-05-29,Routine,3742.44,21,1,4,Brakes
2277,43,2025-05-24,Repair,593.75,15,9,4,Tires
2278,187,2024-06-06,Repair,833.28,21,4,0,Tires
2279,91,2023-12-27,Warranty,4888.99,22,2,5,Tires
2280,42,2024-05-03,Repair,2903.12,10,4,3,Engine
2281,10,2024-07-18,Warranty,4529.82,19,7,2,Engine
2282,43,2023-05-11,Warranty,4715.94,9,7,4,Engine
2283,153,2024-09-16,Routine,702.6,29,3,4,Engine
2284,152,2025-02-07,Repair,4375.24,15,7,4,Tires
2285,30,2023-09-27,Routine,3892.7,29,2,3,Brakes
2286,54,2025-01-03,Repair,3309.75,26,7,0,Brakes
2287,134,2024-03-05,Warranty,240.88,1,4,0,Transmission
2288,28,2023-12-08,Repair,540.47,17,1,1,Transmission
2289,54,2023-12-24,Routine,1201.13,26,5,3,Brakes
2290,28,2023-03-24,Warranty,310.79,25,3,5,Transmission
2291,200,2025-07-03,Routine,2457.56,21,2,4,Tires
2292,100,2023-03-23,Repair,4688.84,2,8,0,Tires
2293,137,2024-04-18,Warranty,4330.75,28,10,5,Engine
2294,94,2024-05-20,Warranty,1240.47,30,1,5,Engine
2295,8,2022-10-21,Repair,3427.85,23,6,2,Brakes
2296,195,2024-03-06,Routine,2238.47,3,2,1,Engine
2297,106,2023-10-23,Warranty,1566.45,25,5,4,Transmission
2298,62,2024-09-04,Repair,1730.53,24,1,4,Brakes
2299,159,2025-10-03,Routine,580.44,1,2,4,Transmission
2300,3,2024-10-25,Warranty,403.42,29,2,3,Transmission
2301,99,2022-12-04,Repair,4478.84,14,1,4,Tires
2302,104,2023-05-25,Routine,1335.08,29,6,2,Brakes
2303,133,2025-01-22,Routine,3441.47,29,10,0,Tires
2304,40,2025-08-17,Warranty,1876.94,19,6,4,Tires
2305,25,2024-09-03,Routine,4433.56,29,10,3,Brakes
2306,126,2024-10-04,Repair,4032.61,11,9,0,Tires
2307,59,2025-08-11,Routine,1044.2,1,5,2,Brakes
2308,125,2023-09-20,Repair,3359.41,9,7,1,Engine
2309,105,2024-11-16,Warranty,2430.99,26,6,2,Tires
2310,195,2024-08-18,Repair,128.29,15,9,3,Engine
2311,116,2024-06-27,Routine,4346.35,13,1,1,Transmission
2312,71,2024-07-17,Warranty,719.63,2,9,2,Tires
2313,168,2023-08-21,Warranty,3856.98,26,1,3,Tires
2314,200,2024-05-13,Repair,3025.49,26,10,3,Brakes
2315,24,2023-01-06,Warranty,2497.64,18,2,5,Transmission
2316,153,2024-02-17,Warranty,4937.97,17,3,1,Tires
2317,29,2024-01-09,Repair,4829.5,19,1,4,Tires
2318,130,2022-11-19,Routine,1731.08,13,1,2,Tires
2319,130,2023-02-28,Repair,3345.52,4,10,5,Engine
2320,40,2025-09-09,Repair,662.34,6,8,2,Brakes
2321,132,2023-09-14,Warranty,666.86,2,6,4,Tires
2322,146,2023-06-04,Routine,2684.71,2,2,5,Engine
2323,66,2025-03-30,Warranty,3857.36,4,1,4,Transmission
2324,156,2023-07-01,Warranty,4934.97,22,10,1,Transmission
2325,41,2024-05-26,Warranty,1566.75,11,1,5,Tires
2326,5,2023-06-20,Warranty,1092.93,24,4,3,Brakes
2327,45,2022-10-14,Routine,2823.03,13,1,4,Brakes
2328,138,2023-06-14,Routine,3871.96,15,9,4,Tires
2329,104,2023-07-02,Warranty,3476.97,25,6,3,Transmission
2330,95,2025-04-14,Warranty,2698.97,10,3,0,Brakes
2331,178,2023-06-17,Repair,1165.05,22,7,4,Tires
2332,133,2023-08-16,Routine,158.79,2,5,4,Engine
2333,105,2023-12-15,Repair,2802.55,18,5,0,Transmission
2334,89,2025-08-26,Warranty,4542.66,29,2,3,Brakes
2335,160,2023-03-29,Warranty,1087.47,24,10,3,Brakes
2336,191,2024-04-19,Routine,4382.68,8,9,3,Brakes
2337,160,2023-11-15,Repair,2266.07,16,1,2,Brakes
2338,90,2025-07-24,Warranty,696.38,23,10,2,Brakes
2339,150,2025-01-01,Routine,232.96,2,10,2,Transmission
2340,157,2025-05-06,Warranty,1906.56,10,8,2,Engine
2341,80,2024-12-16,Routine,2693.69,11,4,3,Tires
2342,28,2025-07-16,Repair,4332.31,27,9,2,Tires
2343,62,2022-11-21,Repair,2961.07,10,1,1,Engine
2344,63,2025-01-03,Warranty,845.21,10,3,2,Transmission
2345,56,2025-05-24,Warranty,4431.71,7,3,4,Engine
2346,47,2025-02-22,Warranty,2389.84,18,4,2,Brakes
2347,168,2022-12-09,Repair,702.52,20,8,1,Transmission
2348,19,2024-02-12,Warranty,1595.53,15,9,3,Tires
2349,141,2025-03-16,Warranty,967.15,13,9,2,Transmission
2350,70,2023-11-24,Routine,566.9,7,2,3,Tires
2351,115,2022-10-28,Warranty,2057.12,18,2,0,Tires
2352,49,2024-04-30,Repair,4361.84,24,8,2,Brakes
2353,61,2024-09-02,Warranty,2962.19,19,10,4,Engine
2354,159,2023-10-16,Repair,1791.49,1,5,1,Brakes
2355,25,2024-02-25,Warranty,2881.71,12,10,4,Transmission
2356,2,2023-04-06,Repair,725.09,9,9,0,Tires
2357,155,2024-12-15,Routine,3856.42,8,7,4,Brakes
2358,12,2024-09-26,Warranty,4889.0,4,7,5,Engine
2359,106,2024-03-05,Routine,1983.17,9,7,4,Engine
2360,170,2023-07-24,Routine,1783.53,24,8,5,Transmission
2361,62,2024-09-13,Routine,4800.32,26,10,3,Brakes
2362,185,2023-01-22,Routine,2567.1,30,2,5,Transmission
2363,10,2025-06-13,Warranty,2383.69,17,6,1,Tires
2364,22,2025-09-02,Warranty,2306.72,17,7,1,Tires
2365,138,2023-03-18,Repair,2362.51,10,3,5,Transmission
2366,116,2024-08-18,Repair,4268.07,19,4,2,Tires
2367,132,2024-01-04,Warranty,4829.53,18,6,1,Brakes
2368,42,2023-05-02,Repair,2528.62,11,10,3,Tires
2369,195,2023-07-21,Warranty,4147.75,18,8,3,Transmission
2370,12,2023-05-19,Routine,976.41,10,1,1,Tires
2371,72,2025-03-22,Repair,3348.85,26,10,0,Brakes
2372,184,2024-01-13,Warranty,4722.44,8,1,5,Brakes
2373,69,2024-09-10,Routine,4803.01,1,2,4,Transmission
2374,147,2025-02-12,Repair,2574.73,18,10,1,Transmission
2375,143,2024-03-16,Repair,2517.85,29,2,2,Engine
2376,111,2023-04-09,Repair,2828.89,19,1,0,Tires
2377,168,2025-05-21,Warranty,2826.84,21,6,0,Engine
2378,19,2024-09-16,Routine,2717.3,21,5,5,Brakes
2379,93,2024-06-19,Routine,2177.74,21,1,2,Engine
2380,125,2024-04-19,Repair,2638.73,20,3,0,Engine
2381,162,2023-05-03,Repair,2936.26,16,3,0,Tires
2382,101,2025-01-08,Routine,3078.46,5,6,5,Engine
2383,114,2024-09-03,Repair,2101.45,27,7,2,Engine
2384,14,2025-09-04,Routine,251.07,15,3,5,Brakes
2385,88,2023-03-24,Warranty,4285.2,26,6,3,Brakes
2386,183,2022-10-20,Routine,2619.7,18,10,3,Engine
2387,37,2025-01-04,Repair,2399.2,4,6,2,Engine
2388,164,2023-02-14,Warranty,2031.34,10,1,2,Transmission
2389,193,2024-11-27,Repair,217.91,23,5,1,Engine
2390,99,2024-10-11,Warranty,4543.19,23,2,3,Transmission
2391,99,2024-06-17,Warranty,2256.88,15,2,3,Tires
2392,155,2024-04-14,Routine,260.27,26,1,3,Engine
2393,163,2022-10-08,Repair,2728.61,15,10,2,Tires
2394,66,2023-02-24,Routine,3349.02,12,8,0,Brakes
2395,16,2023-03-04,Repair,3664.21,7,9,3,Brakes
2396,63,2023-05-11,Warranty,472.35,27,6,4,Tires
2397,53,2024-10-16,Warranty,313.57,28,4,0,Brakes
2398,72,2025-07-24,Repair,4410.02,18,3,1,Transmission
2399,70,2023-04-10,Warranty,4532.74,25,4,2,Brakes
2400,78,2023-03-23,Routine,1522.2,23,10,4,Tires
2401,5,2024-12-28,Routine,1594.52,4,9,4,Engine
2402,116,2024-03-06,Repair,2697.56,10,1,0,Brakes
2403,118,2025-04-30,Routine,2302.92,14,9,3,Brakes
2404,142,2023-10-21,Warranty,4908.59,25,6,0,Tires
2405,36,2025-03-18,Warranty,3436.15,9,2,2,Tires
2406,47,2023-10-03,Warranty,4434.46,27,10,4,Engine
2407,66,2023-05-07,Routine,3917.47,7,5,5,Engine
2408,105,2024-03-30,Warranty,3621.38,7,7,5,Tires
2409,113,2022-11-28,Warranty,1775.51,11,9,3,Tires
2410,97,2023-03-28,Repair,206.08,4,4,2,Tires
2411,167,2024-11-26,Routine,4072.09,9,7,0,Engine
2412,87,2024-06-09,Routine,1846.68,7,10,3,Tires
2413,138,2023-10-05,Repair,4869.39,26,8,0,Brakes
2414,19,2024-10-12,Repair,3154.97,1,9,1,Tires
2415,120,2023-08-15,Routine,2981.25,15,8,4,Brakes
2416,161,2025-06-17,Routine,1009.31,9,8,0,Brakes
2417,75,2024-09-03,Repair,4262.42,12,1,3,Engine
2418,27,2025-05-17,Routine,1705.94,2,3,5,Transmission
2419,88,2024-09-03,Warranty,1172.47,15,8,1,Brakes
2420,77,2023-03-07,Repair,3753.82,3,3,5,Engine
2421,91,2023-06-18,Repair,3642.13,2,7,2,Transmission
2422,140,2023-04-10,Repair,2022.93,9,7,1,Transmission
2423,27,2023-04-15,Routine,764.35,7,5,0,Engine
2424,59,2023-12-19,Warranty,995.72,27,6,1,Transmission
2425,61,2024-08-27,Routine,4482.7,30,8,4,Tires
2426,14,2023-07-15,Repair,4466.96,8,3,1,Brakes
2427,90,2023-10-28,Warranty,1383.72,12,10,5,Brakes
2428,11,2022-11-19,Repair,2372.18,17,6,0,Engine
2429,156,2023-03-06,Routine,3227.43,8,5,2,Brakes
2430,173,2023-03-17,Repair,3482.27,14,2,2,Brakes
2431,41,2023-03-03,Repair,4502.22,16,4,5,Tires
2432,112,2025-02-16,Warranty,1820.15,22,2,2,Brakes
2433,55,2025-05-19,Routine,1451.1,16,9,2,Tires
2434,26,2024-05-03,Routine,4167.87,7,4,4,Tires
2435,57,2022-12-20,Warranty,4621.72,30,7,0,Engine
2436,50,2023-12-24,Warranty,2595.46,12,9,4,Tires
2437,92,2025-04-08,Repair,3329.1,16,6,0,Brakes
2438,162,2023-12-31,Repair,4147.82,20,10,4,Engine
2439,200,2024-08-13,Routine,477.23,30,2,4,Engine
2440,147,2024-03-30,Routine,1873.81,11,9,2,Brakes
2441,185,2024-07-10,Routine,2720.63,28,2,0,Transmission
2442,148,2024-10-24,Warranty,296.54,3,8,3,Engine
2443,144,2023-12-20,Repair,1748.96,16,4,2,Transmission
2444,162,2023-10-29,Routine,2280.58,21,9,1,Engine
2445,10,2023-02-01,Routine,3795.35,19,7,1,Brakes
2446,143,2024-01-23,Warranty,610.87,13,1,1,Brakes
2447,38,2025-08-24,Repair,3364.45,15,2,3,Brakes
2448,179,2024-12-09,Repair,4695.69,15,1,2,Engine
2449,169,2023-05-21,Warranty,3355.4,3,4,1,Tires
2450,181,2023-08-03,Routine,846.25,11,4,5,Brakes
2451,13,2022-11-12,Routine,1201.97,17,4,1,Tires
2452,111,2023-12-17,Routine,2103.58,5,5,1,Tires
2453,3,2023-07-13,Routine,3809.8,27,2,3,Tires
2454,44,2025-08-31,Warranty,588.61,12,5,3,Brakes
2455,141,2023-05-10,Routine,4438.51,7,4,3,Transmission
2456,11,2024-04-13,Repair,894.5,15,9,0,Tires
2457,105,2024-02-20,Repair,770.03,1,5,5,Tires
2458,3,2023-04-13,Warranty,1545.98,18,8,5,Engine
2459,5,2025-07-10,Routine,2278.84,2,8,4,Transmission
2460,139,2024-06-22,Warranty,2535.57,16,2,0,Transmission
2461,72,2022-11-18,Routine,714.95,20,5,4,Brakes
2462,191,2023-11-10,Warranty,2236.24,17,7,2,Brakes
2463,165,2023-06-21,Warranty,2414.27,13,7,1,Engine
2464,115,2025-03-07,Warranty,2756.92,6,3,3,Tires
2465,117,2023-01-19,Routine,621.76,21,9,1,Engine
2466,196,2023-11-23,Routine,3967.46,7,4,4,Transmission
2467,194,2023-07-13,Repair,2886.62,2,8,2,Transmission
2468,189,2025-02-19,Routine,879.45,29,3,1,Tires
2469,70,2024-05-30,Repair,4520.68,10,4,4,Transmission
2470,169,2025-05-23,Warranty,4607.26,7,3,3,Transmission
2471,145,2024-09-13,Warranty,2463.54,4,10,3,Brakes
2472,51,2023-12-10,Routine,4045.75,1,2,2,Tires
2473,70,2025-05-30,Repair,2345.79,19,10,2,Tires
2474,116,2025-04-13,Warranty,4256.19,4,8,2,Transmission
2475,147,2022-12-24,Repair,3842.94,22,6,5,Transmission
2476,79,2025-03-07,Warranty,1324.83,21,1,4,Engine
2477,141,2025-07-23,Repair,1664.1,3,7,5,Tires
2478,16,2023-12-26,Routine,1154.7,27,6,5,Transmission
2479,175,2024-05-25,Repair,4785.44,6,5,5,Engine
2480,137,2025-08-17,Warranty,4508.93,12,6,2,Engine
2481,77,2025-03-12,Warranty,1895.67,25,3,5,Brakes
2482,144,2024-12-01,Repair,4924.81,4,6,4,Transmission
2483,12,2025-04-27,Routine,1982.69,11,2,3,Transmission
2484,118,2023-04-25,Warranty,4014.55,18,2,4,Transmission
2485,100,2022-12-20,Warranty,4390.79,15,4,0,Tires
2486,141,2023-05-18,Routine,1397.42,3,8,4,Tires
2487,110,2023-09-24,Repair,3387.34,2,1,5,Brakes
2488,12,2022-11-13,Repair,409.33,13,8,1,Engine
2489,47,2025-09-19,Warranty,3410.05,9,10,0,Tires
2490,55,2024-03-28,Routine,2218.89,13,10,3,Brakes
2491,143,2024-09-14,Warranty,2208.29,11,1,2,Brakes
2492,97,2024-11-09,Repair,2125.65,5,7,2,Tires
2493,134,2025-05-05,Routine,2975.91,30,1,0,Engine
2494,123,2023-12-29,Repair,2705.93,2,3,5,Engine
2495,28,2024-08-22,Repair,1439.54,16,10,4,Transmission
2496,9,2024-10-19,Repair,1849.7,13,5,3,Tires
2497,6,2024-11-01,Warranty,443.36,16,10,3,Brakes
2498,91,2025-08-26,Warranty,2775.4,18,2,1,Brakes
2499,167,2023-10-12,Routine,4902.59,26,9,3,Tires
2500,65,2024-11-25,Warranty,2629.26,5,10,0,Engine
2501,95,2023-08-03,Repair,1584.08,13,9,1,Tires
2502,171,2024-02-28,Routine,1703.77,7,5,2,Brakes
2503,145,2023-02-18,Repair,4428.65,3,1,0,Transmission
2504,186,2025-08-31,Warranty,4436.36,11,9,3,Transmission
2505,14,2023-08-11,Routine,3814.67,9,8,2,Brakes
2506,160,2023-05-07,Repair,4868.72,19,3,0,Tires
2507,184,2023-02-11,Warranty,2163.37,27,9,1,Brakes
2508,193,2024-06-17,Routine,350.81,16,8,1,Brakes
2509,115,2025-07-01,Repair,1130.89,2,9,2,Transmission
2510,124,2025-09-11,Warranty,1606.74,11,10,4,Engine
2511,164,2024-03-17,Warranty,3386.55,2,8,2,Brakes
2512,113,2023-11-10,Repair,4000.22,12,3,3,Engine
2513,183,2023-05-17,Repair,1904.25,17,2,3,Transmission
2514,90,2023-08-14,Repair,4522.33,2,5,2,Tires
2515,103,2024-02-24,Warranty,4475.06,14,2,5,Engine
2516,114,2023-10-07,Repair,536.71,26,3,1,Engine
2517,47,2025-07-09,Repair,2601.66,26,3,4,Engine
2518,55,2024-04-16,Routine,316.5,23,8,1,Tires
2519,123,2024-11-01,Routine,988.7,11,3,2,Tires
2520,76,2025-07-12,Routine,679.65,17,3,5,Brakes
2521,146,2023-11-22,Routine,4373.45,7,2,0,Transmission
2522,154,2024-12-10,Warranty,3872.98,13,2,2,Tires
2523,16,2024-01-23,Warranty,1851.16,24,10,5,Engine
2524,36,2024-07-14,Repair,3736.46,30,7,3,Engine
2525,177,2024-08-13,Routine,1763.84,2,7,1,Engine
2526,69,2025-07-15,Repair,2362.38,7,2,2,Brakes
2527,132,2024-05-09,Routine,3647.97,19,5,2,Transmission
2528,52,2024-02-09,Warranty,1732.93,11,2,0,Engine
2529,32,2023-02-05,Warranty,3565.35,16,3,0,Transmission
2530,123,2024-07-12,Repair,4231.23,2,8,5,Brakes
2531,160,2023-04-13,Repair,1038.11,16,4,5,Tires
2532,108,2025-04-14,Repair,1056.3,12,3,4,Tires
2533,100,2023-08-08,Routine,4926.83,1,9,4,Tires
2534,88,2025-09-07,Warranty,2010.04,6,10,5,Brakes
2535,58,2025-02-18,Warranty,1385.38,17,3,3,Transmission
2536,13,2025-08-01,Warranty,990.27,16,8,4,Engine
2537,140,2025-02-03,Routine,1105.2,16,4,4,Engine
2538,183,2023-11-09,Warranty,2436.88,13,6,0,Transmission
2539,144,2023-08-10,Warranty,2617.42,8,7,5,Tires
2540,90,2023-02-18,Warranty,3144.88,18,2,5,Brakes
2541,84,2025-02-17,Repair,3561.91,10,6,1,Brakes
2542,134,2024-03-11,Repair,4684.46,19,4,5,Brakes
2543,157,2023-10-07,Warranty,3923.43,26,9,4,Transmission
2544,16,2024-05-16,Routine,4861.02,3,6,3,Brakes
2545,159,2023-08-12,Warranty,2249.28,19,7,5,Transmission
2546,199,2023-11-27,Repair,2225.75,3,10,4,Transmission
2547,163,2024-11-27,Routine,4917.8,7,8,2,Tires
2548,5,2024-03-25,Repair,1906.63,28,1,4,Brakes
2549,193,2024-02-29,Warranty,1449.9,9,4,3,Brakes
2550,142,2024-11-16,Warranty,1693.16,20,5,2,Tires
2551,124,2022-12-21,Routine,2704.47,19,10,3,Engine
2552,148,2023-12-30,Warranty,2077.8,6,10,4,Engine
2553,37,2022-12-30,Routine,591.4,22,9,2,Tires
2554,57,2024-05-23,Routine,3049.81,27,3,4,Tires
2555,113,2024-01-30,Warranty,4739.87,22,7,5,Tires
2556,5,2025-05-05,Warranty,1790.49,27,3,2,Transmission
2557,55,2025-03-01,Warranty,126.36,2,1,0,Brakes
2558,177,2025-06-05,Routine,224.28,18,8,2,Engine
2559,45,2022-12-07,Warranty,3769.46,14,1,4,Engine
2560,14,2024-09-28,Routine,780.08,8,1,3,Brakes
2561,153,2023-12-25,Warranty,3458.5,23,5,5,Tires
2562,193,2023-09-17,Repair,1972.7,15,3,1,Transmission
2563,159,2023-11-27,Repair,272.53,13,7,1,Transmission
2564,58,2025-06-21,Routine,2602.69,21,4,2,Tires
2565,184,2024-11-11,Repair,3868.49,12,8,0,Transmission
2566,9,2023-02-23,Repair,2551.02,21,6,2,Engine
2567,114,2023-07-26,Routine,2998.19,4,9,4,Transmission
2568,146,2025-01-21,Routine,495.32,1,7,1,Engine
2569,86,2023-08-14,Warranty,2398.43,17,2,2,Tires
2570,173,2022-10-26,Warranty,4418.09,2,4,0,Tires
2571,35,2025-07-26,Repair,929.45,7,6,1,Brakes
2572,38,2023-11-11,Warranty,3187.18,2,2,1,Transmission
2573,189,2025-02-04,Warranty,3015.37,10,10,0,Engine
2574,2,2025-02-10,Routine,4729.34,24,3,4,Tires
2575,193,2022-12-12,Routine,4087.54,2,8,1,Brakes
2576,67,2025-06-20,Repair,2026.28,23,8,3,Tires
2577,42,2023-01-02,Repair,2793.91,25,10,0,Brakes
2578,104,2022-10-27,Warranty,518.31,27,6,2,Brakes
2579,61,2024-05-28,Routine,2953.23,18,10,3,Engine
2580,179,2025-01-09,Warranty,4357.53,9,2,4,Engine
2581,124,2022-12-24,Routine,3283.86,27,2,2,Engine
2582,148,2024-11-09,Repair,2294.11,24,8,2,Tires
2583,58,2025-10-04,Warranty,4863.9,21,8,5,Brakes
2584,23,2025-09-18,Repair,3407.79,27,4,4,Engine
2585,73,2025-05-09,Repair,147.32,12,7,5,Tires
2586,165,2025-04-15,Warranty,3377.17,30,3,0,Brakes
2587,72,2025-09-04,Repair,1592.73,9,3,4,Tires
2588,149,2024-08-04,Repair,806.7,27,6,1,Brakes
2589,197,2025-08-27,Routine,3503.18,10,10,0,Tires
2590,40,2025-02-22,Warranty,1804.75,22,5,1,Brakes
2591,164,2023-04-26,Warranty,541.3,20,8,4,Engine
2592,123,2023-08-07,Routine,862.93,16,5,0,Tires
2593,195,2023-03-17,Routine,1021.75,13,8,4,Tires
2594,83,2025-06-27,Warranty,1173.64,26,6,0,Transmission
2595,157,2024-12-07,Warranty,2816.78,22,6,4,Tires
2596,39,2025-09-20,Repair,4804.7,12,5,4,Brakes
2597,198,2024-06-16,Warranty,4742.33,12,8,3,Tires
2598,6,2023-04-04,Routine,3799.18,25,7,4,Transmission
2599,66,2023-05-09,Warranty,221.03,14,7,2,Tires
2600,171,2023-02-14,Warranty,1249.91,5,8,0,Engine
2601,198,2024-12-12,Warranty,1524.2,29,6,2,Engine
2602,189,2023-06-23,Repair,3927.39,2,2,3,Transmission
2603,85,2023-07-27,Warranty,4203.42,16,2,5,Brakes
2604,61,2024-01-21,Repair,4172.2,27,9,3,Transmission
2605,98,2024-06-29,Repair,3101.66,6,10,0,Engine
2606,158,2023-06-09,Repair,1278.31,29,3,1,Transmission
2607,198,2024-06-12,Routine,1930.68,25,8,4,Transmission
2608,55,2025-01-22,Repair,397.99,2,4,5,Engine
2609,173,2024-09-23,Repair,3767.59,25,9,4,Transmission
2610,135,2025-07-29,Routine,1318.47,2,3,1,Engine
2611,109,2024-12-23,Warranty,4658.12,10,9,3,Tires
2612,200,2023-08-13,Routine,4116.75,19,8,0,Tires
2613,141,2023-01-28,Routine,1154.06,26,1,3,Engine
2614,186,2025-04-20,Repair,300.86,10,1,4,Tires
2615,132,2024-04-03,Routine,1409.06,16,2,0,Engine
2616,196,2023-04-27,Warranty,2464.29,8,4,0,Brakes
2617,20,2024-09-05,Routine,1911.06,26,2,4,Transmission
2618,195,2024-01-30,Routine,3920.11,18,7,4,Engine
2619,3,2024-12-01,Warranty,4529.52,15,5,1,Brakes
2620,103,2023-01-19,Routine,616.19,27,3,2,Brakes
2621,138,2024-11-27,Warranty,828.18,5,5,1,Tires
2622,27,2023-11-29,Routine,2777.19,12,2,0,Brakes
2623,80,2023-07-03,Warranty,2457.06,1,3,5,Transmission
2624,7,2023-11-17,Repair,2113.43,23,6,5,Tires
2625,190,2023-03-15,Routine,703.77,29,2,1,Engine
2626,160,2023-09-10,Routine,2262.16,14,5,0,Engine
2627,156,2024-03-17,Repair,945.41,25,3,4,Tires
2628,34,2023-05-12,Routine,1625.73,6,4,1,Engine
2629,164,2024-09-21,Repair,4446.59,1,4,0,Tires
2630,8,2023-11-26,Repair,4535.33,30,9,1,Transmission
2631,126,2023-04-19,Repair,3731.94,7,8,5,Brakes
2632,188,2025-04-12,Repair,2176.9,21,6,1,Transmission
2633,124,2024-01-22,Warranty,3390.38,24,10,4,Brakes
2634,87,2025-02-05,Warranty,542.35,24,10,0,Transmission
2635,114,2025-08-28,Routine,2386.96,30,7,3,Engine
2636,110,2024-12-06,Repair,3024.01,6,8,3,Brakes
2637,74,2022-11-23,Repair,4093.63,11,5,0,Tires
2638,54,2024-11-15,Repair,4577.23,20,1,4,Transmission
2639,12,2023-11-06,Repair,2601.64,26,10,2,Engine
2640,164,2024-04-15,Warranty,1896.4,3,5,4,Transmission
2641,140,2024-02-07,Routine,4773.78,15,9,5,Tires
2642,82,2024-09-20,Routine,2629.8,13,2,5,Brakes
2643,74,2024-04-02,Warranty,1068.53,20,2,5,Transmission
2644,121,2022-11-01,Repair,3517.32,12,4,5,Engine
2645,1,2025-01-05,Routine,2694.0,20,9,4,Brakes
2646,159,2023-08-19,Repair,1039.0,12,10,3,Brakes
2647,192,2025-02-05,Repair,3798.02,25,8,4,Engine
2648,25,2022-12-26,Repair,4567.07,19,3,1,Engine
2649,68,2023-10-03,Routine,587.1,5,3,2,Brakes
2650,70,2023-02-11,Routine,1441.51,29,5,2,Tires
2651,1,2023-09-18,Repair,4442.1,28,2,0,Engine
2652,45,2024-01-12,Warranty,1953.65,11,7,3,Tires
2653,106,2025-05-12,Routine,1136.87,4,4,5,Tires
2654,62,2024-10-26,Routine,2952.34,2,7,1,Brakes
2655,149,2022-12-28,Warranty,2487.06,11,6,3,Transmission
2656,129,2024-06-01,Repair,3929.46,20,8,5,Transmission
2657,27,2024-05-25,Repair,4175.47,6,7,2,Engine
2658,198,2024-11-30,Warranty,3018.65,9,5,5,Engine
2659,2,2024-11-24,Warranty,2107.65,2,1,0,Tires
2660,22,2022-12-16,Routine,4011.71,17,4,3,Transmission
2661,37,2022-10-18,Repair,1990.21,2,7,0,Engine
2662,44,2023-11-22,Routine,495.43,25,8,2,Tires
2663,30,2024-11-05,Warranty,2574.11,22,9,4,Brakes
2664,68,2023-12-10,Repair,1184.95,15,1,0,Engine
2665,187,2025-08-01,Repair,350.94,1,4,0,Tires
2666,150,2025-03-18,Routine,2464.57,16,7,0,Brakes
2667,72,2025-04-06,Repair,1827.71,11,10,2,Engine
2668,57,2025-06-12,Warranty,724.31,26,3,3,Transmission
2669,86,2025-03-11,Warranty,4473.61,2,1,0,Transmission
2670,163,2025-06-14,Warranty,3638.82,27,6,3,Tires
2671,154,2022-11-05,Warranty,281.56,24,6,3,Tires
2672,126,2024-08-25,Repair,3188.75,4,6,0,Brakes
2673,4,2023-11-23,Repair,4312.31,2,6,5,Engine
2674,81,2023-01-10,Routine,3739.09,17,5,1,Transmission
2675,85,2024-06-19,Warranty,3649.03,14,9,3,Transmission
2676,161,2025-08-02,Repair,3900.27,9,1,1,Transmission
2677,132,2025-08-28,Routine,482.75,20,5,2,Transmission
2678,28,2024-11-17,Warranty,1727.47,21,3,0,Tires
2679,68,2025-07-18,Repair,2589.23,2,5,2,Transmission
2680,109,2025-04-17,Warranty,746.02,30,6,2,Engine
2681,58,2023-03-23,Warranty,4374.8,25,2,2,Transmission
2682,10,2023-03-10,Repair,2855.57,16,2,4,Tires
2683,53,2024-05-29,Warranty,1207.89,20,6,5,Transmission
2684,188,2023-09-03,Repair,2267.62,18,6,0,Tires
2685,77,2023-11-12,Repair,2529.18,16,5,5,Tires
2686,55,2025-05-12,Routine,4576.92,3,9,3,Transmission
2687,134,2025-04-16,Routine,2192.8,5,8,5,Tires
2688,187,2025-10-01,Routine,3204.21,30,8,5,Tires
2689,11,2025-04-04,Warranty,542.91,11,2,3,Tires
2690,124,2023-02-10,Routine,866.38,21,9,1,Transmission
2691,29,2024-05-30,Warranty,636.88,7,3,0,Engine
2692,34,2024-10-27,Repair,3319.21,18,4,5,Tires
2693,185,2025-05-05,Routine,2101.23,1,8,5,Tires
2694,100,2023-05-30,Warranty,1793.27,5,3,5,Tires
2695,33,2024-10-13,Routine,810.35,20,8,2,Tires
2696,40,2024-04-13,Warranty,350.25,28,3,3,Engine
2697,124,2023-12-05,Warranty,4242.32,12,9,5,Engine
2698,115,2023-02-05,Warranty,1168.56,25,2,3,Engine
2699,21,2022-11-05,Routine,1510.97,23,1,1,Transmission
2700,14,2023-10-17,Repair,139.1,7,3,3,Engine
2701,90,2022-12-22,Warranty,2276.34,26,6,5,Tires
2702,150,2023-11-07,Repair,1849.5,18,6,5,Brakes
2703,134,2024-09-23,Routine,4021.99,27,10,1,Engine
2704,158,2025-02-09,Warranty,1205.52,20,10,3,Brakes
2705,94,2024-09-28,Routine,1229.36,12,4,1,Tires
2706,133,2024-05-22,Repair,962.46,24,9,2,Engine
2707,60,2023-01-05,Warranty,1706.1,27,1,2,Tires
2708,143,2023-04-10,Warranty,339.58,13,1,0,Transmission
2709,170,2025-04-16,Routine,3152.04,7,1,0,Tires
2710,175,2023-09-07,Routine,610.77,25,10,5,Brakes
2711,153,2024-02-01,Warranty,3743.07,13,8,1,Brakes
2712,29,2023-02-12,Repair,2154.05,6,7,0,Tires
2713,39,2025-01-07,Repair,721.16,2,5,0,Brakes
2714,69,2023-10-13,Warranty,3352.07,19,9,4,Brakes
2715,167,2024-03-19,Warranty,716.79,10,8,0,Engine
2716,83,2024-09-08,Routine,1066.55,5,3,4,Tires
2717,24,2025-05-23,Repair,3205.88,26,3,3,Transmission
2718,97,2023-06-14,Warranty,3418.2,12,10,1,Tires
2719,64,2024-07-24,Routine,4117.58,25,5,1,Tires
2720,69,2023-02-14,Repair,1850.72,23,6,3,Transmission
2721,45,2023-11-23,Warranty,969.85,10,9,4,Transmission
2722,169,2025-04-20,Warranty,4612.03,4,6,1,Brakes
2723,133,2024-12-05,Repair,295.38,4,7,1,Tires
2724,81,2024-06-29,Repair,728.68,18,5,5,Brakes
2725,21,2023-03-22,Repair,741.25,14,9,1,Tires
2726,177,2023-01-31,Repair,531.06,22,1,4,Transmission
2727,44,2022-10-09,Routine,2092.52,29,6,4,Engine
2728,154,2024-05-11,Routine,3937.02,10,7,3,Tires
2729,35,2025-01-09,Routine,4264.02,11,6,3,Brakes
2730,149,2023-06-03,Repair,1920.02,15,4,1,Tires
2731,30,2023-12-04,Warranty,2233.29,19,2,4,Tires
2732,189,2025-04-22,Warranty,3934.48,22,2,2,Tires
2733,162,2023-05-16,Warranty,3513.4,30,4,4,Tires
2734,196,2023-03-09,Warranty,3310.77,14,6,5,Brakes
2735,134,2023-06-14,Repair,4949.32,10,7,2,Brakes
2736,127,2023-04-14,Repair,2211.47,24,2,0,Brakes
2737,27,2023-10-22,Repair,1992.1,24,2,2,Transmission
2738,94,2024-07-24,Warranty,111.78,24,5,5,Transmission
2739,15,2025-01-04,Warranty,2289.36,30,3,4,Tires
2740,11,2024-10-31,Routine,4974.0,4,8,5,Transmission
2741,71,2023-04-28,Warranty,3369.69,28,5,0,Tires
2742,109,2022-11-30,Routine,4309.4,2,2,4,Transmission
2743,53,2025-08-02,Warranty,4117.57,5,7,2,Engine
2744,164,2024-01-04,Warranty,3085.91,30,6,5,Brakes
2745,132,2022-12-28,Repair,3394.29,1,5,3,Tires
2746,8,2024-01-24,Routine,843.46,25,1,1,Engine
2747,122,2025-02-10,Warranty,1207.55,1,9,4,Tires
2748,165,2023-05-04,Warranty,3238.2,9,4,5,Tires
2749,195,2022-11-07,Warranty,2679.08,17,8,5,Transmission
2750,195,2023-01-15,Warranty,2983.0,8,7,0,Transmission
2751,161,2025-09-15,Routine,3602.29,23,7,2,Tires
2752,126,2024-09-02,Repair,2126.22,15,1,0,Engine
2753,165,2024-08-28,Warranty,1408.83,2,4,4,Engine
2754,22,2025-09-12,Warranty,3228.71,14,6,4,Transmission
2755,91,2023-10-02,Repair,2033.89,4,1,1,Tires
2756,52,2024-08-08,Routine,3145.63,1,6,5,Tires
2757,11,2024-08-26,Warranty,3626.29,8,5,4,Engine
2758,186,2025-09-20,Repair,3669.47,19,5,0,Engine
2759,116,2024-10-08,Repair,4775.24,15,6,0,Brakes
2760,81,2024-09-01,Repair,3093.59,9,3,2,Brakes
2761,185,2023-01-24,Repair,3953.42,2,2,1,Tires
2762,95,2023-08-19,Routine,4366.53,4,7,5,Tires
2763,2,2025-09-18,Warranty,3025.9,1,4,4,Transmission
2764,90,2024-12-10,Warranty,4944.47,11,9,5,Transmission
2765,139,2025-01-24,Routine,2023.9,27,7,3,Tires
2766,51,2023-03-18,Repair,2303.26,1,9,3,Tires
2767,11,2023-12-22,Repair,4229.51,5,9,3,Brakes
2768,100,2024-09-21,Routine,2793.95,6,9,0,Transmission
2769,118,2025-09-16,Repair,1730.83,29,9,2,Engine
2770,22,2022-12-31,Repair,613.57,14,4,5,Tires
2771,180,2025-01-14,Repair,1528.24,25,3,0,Engine
2772,74,2025-07-30,Routine,1857.38,7,1,5,Transmission
2773,12,2024-06-30,Routine,3218.36,16,1,1,Engine
2774,196,2025-07-13,Warranty,3920.56,5,5,4,Brakes
2775,94,2025-02-08,Warranty,4832.86,2,7,0,Brakes
2776,5,2024-03-26,Warranty,4705.9,8,3,4,Engine
2777,144,2022-10-22,Warranty,3088.3,20,4,1,Tires
2778,11,2022-10-19,Routine,4109.48,27,9,1,Transmission
2779,171,2025-02-22,Warranty,1119.26,21,2,5,Brakes
2780,44,2025-06-27,Repair,3943.2,26,10,0,Engine
2781,164,2025-04-08,Warranty,4409.6,2,3,2,Engine
2782,107,2024-09-03,Routine,4260.98,8,5,2,Brakes
2783,192,2025-01-23,Routine,3238.76,10,1,2,Tires
2784,139,2025-09-06,Warranty,4350.14,23,2,4,Brakes
2785,32,2024-07-13,Routine,363.89,2,6,1,Transmission
2786,6,2023-12-26,Repair,1352.83,7,2,4,Tires
2787,79,2023-07-01,Routine,3569.33,25,4,4,Engine
2788,128,2024-12-14,Repair,1859.48,29,5,5,Engine
2789,86,2024-06-08,Warranty,3918.02,25,6,5,Tires
2790,143,2024-05-21,Repair,1400.02,13,3,3,Tires
2791,101,2022-11-11,Routine,2427.03,12,4,0,Brakes
2792,70,2025-03-01,Warranty,581.38,4,7,1,Tires
2793,71,2024-04-15,Routine,1919.21,18,8,2,Brakes
2794,179,2023-03-19,Repair,2811.64,3,1,4,Engine
2795,13,2024-01-28,Repair,734.5,6,4,1,Brakes
2796,159,2023-09-14,Repair,4967.13,27,10,5,Brakes
2797,6,2024-07-29,Routine,308.8,1,10,0,Transmission
2798,76,2025-07-27,Routine,4261.75,15,6,5,Engine
2799,6,2025-02-20,Warranty,3755.87,24,2,5,Transmission
2800,68,2024-02-01,Routine,3689.63,10,8,0,Transmission
2801,41,2023-01-24,Routine,4467.11,24,9,4,Tires
2802,104,2023-01-15,Repair,866.15,13,9,0,Transmission
2803,131,2023-10-09,Routine,1794.75,17,5,1,Tires
2804,163,2025-07-02,Repair,2221.97,3,6,0,Brakes
2805,111,2025-03-24,Routine,3039.79,1,10,1,Engine
2806,90,2023-04-24,Routine,857.3,22,2,4,Engine
2807,16,2025-07-26,Warranty,3883.43,30,9,2,Tires
2808,105,2024-11-13,Routine,1589.54,11,9,4,Brakes
2809,110,2024-08-18,Routine,1082.4,12,4,0,Tires
2810,11,2025-08-07,Routine,723.99,13,3,4,Tires
2811,99,2025-05-01,Routine,169.98,19,6,1,Tires
2812,185,2025-01-16,Warranty,4228.31,30,6,2,Tires
2813,117,2023-05-20,Warranty,3553.55,20,6,4,Engine
2814,179,2023-09-25,Repair,4924.82,18,1,0,Brakes
2815,6,2022-12-13,Routine,2621.54,17,3,0,Engine
2816,106,2025-03-24,Routine,1410.79,29,1,0,Transmission
2817,198,2024-10-19,Repair,1330.86,26,9,1,Tires
2818,34,2024-12-15,Warranty,3425.02,20,7,1,Engine
2819,122,2025-05-27,Repair,3276.65,22,2,4,Transmission
2820,56,2023-10-22,Routine,1593.29,1,2,0,Engine
2821,12,2023-09-05,Warranty,4810.09,27,10,4,Engine
2822,171,2024-05-29,Repair,2417.14,11,9,2,Transmission
2823,67,2023-11-25,Warranty,3066.99,27,8,4,Transmission
2824,31,2023-07-27,Repair,3852.49,18,1,2,Brakes
2825,166,2023-03-24,Routine,2146.28,4,4,1,Tires
2826,170,2023-02-08,Routine,2212.47,2,4,1,Engine
2827,59,2025-08-15,Routine,1179.32,20,8,1,Transmission
2828,20,2023-06-02,Warranty,2776.8,16,5,5,Brakes
2829,96,2023-05-11,Repair,1610.09,18,5,4,Tires
2830,52,2024-10-07,Routine,1413.44,4,2,3,Tires
2831,159,2024-03-01,Routine,4019.43,25,7,2,Transmission
2832,164,2024-10-28,Repair,2218.72,1,5,5,Engine
2833,14,2024-05-02,Warranty,1450.65,4,10,0,Brakes
2834,64,2024-05-14,Routine,2884.09,16,5,3,Brakes
2835,102,2023-04-06,Routine,4348.0,5,4,0,Tires
2836,120,2024-10-26,Repair,527.7,15,8,2,Brakes
2837,90,2024-12-04,Warranty,629.26,11,4,3,Tires
2838,154,2025-08-04,Warranty,180.7,8,2,3,Tires
2839,192,2025-06-07,Routine,2874.65,12,7,3,Brakes
2840,80,2023-11-05,Routine,1519.39,21,8,0,Engine
2841,80,2024-09-29,Routine,2304.48,20,2,0,Brakes
2842,191,2025-08-29,Warranty,4242.72,13,8,2,Brakes
2843,130,2024-04-18,Routine,2012.71,20,10,0,Tires
2844,106,2023-11-14,Warranty,2225.44,8,4,0,Tires
2845,70,2022-11-26,Warranty,4706.39,24,10,3,Transmission
2846,117,2024-12-21,Routine,4422.56,21,6,3,Transmission
2847,12,2022-12-17,Repair,3971.5,14,1,0,Engine
2848,45,2024-07-14,Warranty,201.7,22,3,2,Brakes
2849,18,2025-07-24,Warranty,4094.95,28,1,0,Brakes
2850,187,2022-12-05,Repair,3517.02,21,4,1,Tires
2851,57,2024-06-27,Repair,4585.04,13,10,5,Tires
2852,115,2023-03-04,Routine,2854.86,1,7,1,Brakes
2853,99,2025-05-26,Warranty,3656.08,11,7,3,Transmission
2854,17,2023-07-27,Warranty,3383.51,9,7,4,Tires
2855,116,2024-11-18,Warranty,4863.35,9,6,1,Brakes
2856,82,2025-01-14,Routine,4463.04,25,4,1,Transmission
2857,120,2024-01-28,Routine,3339.22,17,3,1,Transmission
2858,50,2023-12-21,Repair,2739.69,12,10,3,Transmission
2859,38,2024-11-24,Warranty,2624.63,30,10,4,Transmission
2860,39,2022-10-27,Repair,2955.99,11,4,5,Transmission
2861,78,2024-09-05,Warranty,3338.05,14,4,4,Tires
2862,163,2024-07-27,Repair,1647.56,2,8,1,Tires
2863,135,2024-07-13,Warranty,1273.35,7,2,1,Tires
2864,1,2024-12-18,Warranty,4913.06,8,7,0,Transmission
2865,171,2024-08-09,Warranty,2484.82,7,2,2,Engine
2866,100,2023-04-28,Routine,3277.29,3,1,3,Tires
2867,153,2025-06-20,Routine,3800.74,2,3,4,Engine
2868,127,2024-06-25,Routine,2751.57,7,1,2,Engine
2869,75,2025-06-15,Warranty,1588.42,16,2,3,Engine
2870,40,2024-12-03,Repair,1921.66,8,9,4,Brakes
2871,195,2025-01-23,Routine,1217.3,20,6,3,Tires
2872,191,2023-06-14,Repair,4499.47,15,6,4,Brakes
2873,91,2025-07-27,Warranty,2320.88,21,5,1,Brakes
2874,127,2023-09-04,Repair,992.65,26,5,1,Brakes
2875,72,2023-04-16,Routine,178.27,11,10,5,Tires
2876,27,2024-08-29,Repair,2013.92,19,9,3,Transmission
2877,177,2023-11-25,Routine,3120.23,4,1,1,Tires
2878,69,2024-12-05,Routine,2177.13,7,6,4,Engine
2879,157,2025-09-05,Routine,939.01,23,1,4,Transmission
2880,111,2023-07-06,Warranty,984.47,15,2,3,Brakes
2881,81,2024-07-25,Repair,4769.19,22,6,3,Tires
2882,54,2023-05-19,Repair,1710.28,10,6,0,Engine
2883,131,2023-03-14,Repair,413.35,21,6,5,Transmission
2884,39,2025-01-18,Warranty,3513.48,14,3,4,Tires
2885,102,2024-09-03,Routine,1693.36,23,7,2,Tires
2886,59,2025-05-14,Routine,3723.91,19,6,0,Engine
2887,110,2024-03-30,Repair,4343.35,12,9,4,Transmission
2888,162,2024-03-07,Repair,1301.75,30,3,1,Transmission
2889,86,2025-01-27,Warranty,4008.03,12,10,4,Brakes
2890,54,2023-11-21,Routine,4208.8,27,10,5,Brakes
2891,31,2023-09-01,Warranty,1842.53,29,4,0,Engine
2892,87,2022-11-24,Routine,2180.65,30,7,5,Tires
2893,37,2024-03-18,Routine,4653.59,27,4,0,Tires
2894,97,2023-07-12,Warranty,4705.41,11,5,4,Engine
2895,108,2023-11-01,Repair,3458.51,27,5,3,Brakes
2896,69,2023-02-09,Routine,3540.64,24,2,2,Brakes
2897,85,2024-04-18,Routine,1276.67,14,2,0,Tires
2898,110,2024-12-08,Repair,4381.91,6,10,2,Tires
2899,27,2024-02-18,Warranty,230.76,5,10,2,Brakes
2900,3,2022-10-14,Warranty,3789.66,11,4,2,Engine
2901,167,2025-01-26,Warranty,1596.22,1,8,2,Engine
2902,71,2024-06-03,Routine,1584.47,4,8,2,Brakes
2903,57,2024-07-05,Repair,3398.25,19,6,5,Transmission
2904,70,2023-11-11,Repair,181.26,25,8,4,Engine
2905,139,2025-09-29,Routine,1006.83,7,7,5,Tires
2906,51,2023-10-27,Routine,2484.81,24,3,5,Brakes
2907,151,2025-10-06,Warranty,4417.23,25,6,1,Engine
2908,81,2025-09-12,Routine,4590.48,15,4,0,Tires
2909,143,2025-01-01,Warranty,4845.39,18,6,2,Tires
2910,146,2025-05-09,Warranty,1376.9,14,2,1,Brakes
2911,135,2023-10-12,Warranty,2380.85,18,7,4,Engine
2912,142,2023-05-10,Repair,3888.94,24,7,4,Brakes
2913,13,2024-09-13,Warranty,4749.7,5,4,2,Brakes
2914,196,2023-07-28,Repair,1947.41,17,8,2,Transmission
2915,111,2023-01-04,Routine,3275.87,16,6,5,Tires
2916,32,2024-02-12,Routine,4241.21,15,8,4,Transmission
2917,143,2025-07-16,Routine,3029.44,11,10,0,Transmission
2918,102,2023-03-11,Repair,687.48,23,3,0,Brakes
2919,85,2025-05-15,Warranty,1181.1,2,7,4,Transmission
2920,8,2024-05-29,Repair,4711.53,14,9,2,Tires
2921,151,2025-05-17,Repair,1381.77,25,2,1,Tires
2922,169,2023-03-06,Warranty,3186.53,29,10,1,Transmission
2923,176,2024-07-31,Routine,3262.46,1,10,4,Brakes
2924,23,2024-05-27,Routine,3074.82,20,3,2,Tires
2925,8,2022-11-24,Repair,982.17,15,9,3,Tires
2926,68,2025-05-29,Warranty,2998.12,19,9,0,Tires
2927,151,2025-03-19,Repair,581.21,22,8,3,Tires
2928,63,2024-12-17,Routine,795.07,10,10,3,Engine
2929,44,2024-09-07,Repair,4597.71,1,5,4,Brakes
2930,44,2023-01-13,Repair,4330.32,8,9,3,Brakes
2931,68,2023-10-13,Routine,1892.07,30,3,0,Brakes
2932,143,2024-03-30,Repair,2451.7,24,5,0,Transmission
2933,30,2024-02-01,Repair,2625.31,9,10,0,Transmission
2934,18,2023-07-08,Warranty,1325.34,8,7,4,Tires
2935,93,2024-02-16,Repair,534.52,18,3,2,Tires
2936,200,2024-12-23,Warranty,2598.0,8,10,1,Brakes
2937,178,2025-05-15,Warranty,3598.57,2,5,2,Engine
2938,186,2024-04-20,Warranty,3101.05,17,6,4,Engine
2939,37,2024-07-18,Warranty,3220.95,7,7,3,Brakes
2940,152,2024-03-27,Warranty,1989.09,15,1,4,Transmission
2941,185,2023-12-17,Warranty,2484.48,1,1,2,Engine
2942,56,2025-09-06,Routine,3709.12,7,7,1,Engine
2943,46,2024-10-22,Warranty,3827.25,26,2,5,Transmission
2944,113,2023-01-06,Warranty,2701.78,14,7,3,Engine
2945,62,2024-03-25,Routine,4486.79,19,9,2,Engine
2946,134,2023-03-05,Repair,851.0,11,1,0,Brakes
2947,199,2023-08-22,Routine,2461.36,17,2,2,Tires
2948,39,2024-10-14,Routine,1851.27,3,9,3,Engine
2949,104,2023-06-19,Repair,3960.76,11,3,5,Tires
2950,69,2023-09-17,Repair,834.57,24,10,4,Engine
2951,76,2022-10-11,Routine,2806.36,17,6,2,Engine
2952,167,2024-11-12,Warranty,155.88,12,10,4,Tires
2953,24,2022-11-15,Warranty,1930.0,14,6,1,Brakes
2954,86,2024-08-06,Routine,209.49,9,4,3,Brakes
2955,14,2023-08-26,Warranty,723.53,17,6,3,Tires
2956,100,2023-04-12,Repair,3240.62,30,5,5,Tires
2957,135,2023-07-22,Repair,1070.9,2,5,2,Transmission
2958,132,2023-11-06,Routine,1267.52,2,1,3,Engine
2959,47,2023-03-27,Warranty,2246.58,14,3,5,Transmission
2960,11,2024-08-27,Warranty,4325.35,4,9,0,Brakes
2961,135,2024-09-09,Routine,1525.49,28,10,0,Transmission
2962,4,2025-10-02,Warranty,2677.45,15,5,5,Engine
2963,76,2023-04-09,Repair,1483.23,19,2,0,Transmission
2964,193,2025-07-05,Repair,2869.32,23,7,2,Tires
2965,168,2025-09-17,Warranty,3391.51,18,8,5,Engine
2966,154,2023-06-03,Warranty,1586.64,14,7,2,Tires
2967,96,2025-04-21,Routine,369.72,20,1,5,Engine
2968,126,2023-12-13,Repair,320.96,8,2,2,Brakes
2969,71,2025-08-20,Repair,784.61,17,9,0,Tires
2970,144,2023-05-28,Repair,2673.59,19,10,0,Engine
2971,149,2025-07-26,Repair,659.42,1,1,1,Engine
2972,46,2024-02-19,Warranty,2623.36,24,2,1,Brakes
2973,35,2022-12-27,Warranty,173.02,16,2,0,Engine
2974,77,2023-07-05,Warranty,1023.57,17,8,1,Tires
2975,109,2025-05-02,Warranty,2535.74,30,10,2,Tires
2976,87,2023-01-11,Warranty,997.19,14,1,3,Engine
2977,138,2024-10-28,Repair,4439.19,18,1,1,Transmission
2978,82,2023-12-20,Warranty,1878.09,7,10,3,Transmission
2979,40,2024-07-08,Warranty,1646.13,7,5,3,Transmission
2980,193,2025-05-30,Warranty,1846.51,27,4,4,Brakes
2981,113,2023-07-20,Warranty,738.19,16,10,2,Transmission
2982,74,2024-02-12,Repair,2294.52,2,4,3,Transmission
2983,2,2024-09-22,Routine,2840.96,26,6,2,Brakes
2984,151,2025-01-30,Warranty,4300.86,25,9,0,Engine
2985,33,2024-11-08,Repair,4052.48,29,2,2,Engine
2986,38,2023-12-30,Repair,4756.05,5,1,2,Tires
2987,146,2022-12-27,Warranty,656.32,12,1,2,Tires
2988,150,2025-04-29,Repair,4824.82,13,3,5,Transmission
2989,137,2022-12-14,Routine,3980.76,9,6,3,Transmission
2990,175,2024-01-07,Warranty,2620.55,25,4,1,Engine
2991,100,2022-10-18,Routine,2968.58,6,7,2,Transmission
2992,200,2023-01-24,Repair,4802.17,6,5,2,Brakes
2993,131,2024-11-30,Repair,2280.97,2,5,2,Brakes
2994,22,2025-07-28,Warranty,1729.78,10,1,2,Transmission
2995,155,2024-01-29,Warranty,4006.01,9,8,5,Transmission
2996,73,2023-02-20,Warranty,581.8,10,1,5,Transmission
2997,159,2024-07-27,Repair,4655.42,22,9,2,Brakes
2998,37,2025-06-17,Repair,4966.97,14,6,1,Transmission
2999,184,2024-04-02,Repair,3054.17,3,5,2,Tires
3000,43,2024-12-26,Warranty,1362.25,21,9,3,Transmission
3001,61,2023-10-24,Repair,2633.52,11,7,0,Engine
3002,194,2024-05-17,Routine,2696.8,29,6,0,Brakes
3003,2,2024-08-27,Warranty,752.46,29,10,4,Engine
3004,61,2025-07-12,Routine,3749.97,1,8,1,Engine
3005,156,2023-05-19,Repair,4377.18,12,6,0,Tires
3006,128,2022-11-12,Repair,3209.54,30,2,2,Transmission
3007,67,2023-04-21,Routine,4685.84,27,2,0,Transmission
3008,170,2023-08-17,Repair,1467.37,26,8,3,Brakes
3009,113,2023-06-24,Repair,271.63,27,8,3,Engine
3010,111,2025-02-26,Warranty,1535.09,23,1,5,Brakes
3011,39,2024-11-05,Routine,3288.0,24,6,4,Tires
3012,33,2024-03-03,Routine,4915.55,21,5,0,Transmission
3013,182,2024-03-18,Warranty,4446.57,10,10,4,Tires
3014,123,2025-07-07,Repair,239.43,21,9,0,Transmission
3015,105,2024-10-25,Routine,4710.86,17,1,5,Engine
3016,2,2023-12-30,Repair,2004.61,8,2,2,Tires
3017,187,2024-07-06,Warranty,918.89,29,7,0,Engine
3018,167,2024-04-29,Repair,2479.22,14,5,3,Transmission
3019,54,2023-04-16,Routine,3233.25,3,5,5,Engine
3020,27,2024-07-27,Routine,817.46,16,8,1,Brakes
3021,86,2024-01-29,Repair,2895.24,24,4,1,Transmission
3022,141,2025-04-01,Repair,416.54,28,8,2,Engine
3023,48,2025-05-16,Repair,2577.75,26,10,4,Engine
3024,37,2024-08-25,Repair,3385.18,2,6,2,Brakes
3025,135,2024-07-03,Repair,3692.65,7,8,2,Brakes
3026,186,2025-07-09,Routine,4333.52,5,6,3,Tires
3027,89,2025-01-22,Warranty,1648.48,3,2,4,Brakes
3028,127,2023-12-29,Repair,3924.25,21,5,0,Engine
3029,108,2024-01-25,Repair,2618.81,16,9,4,Brakes
3030,71,2022-10-26,Routine,4742.79,13,9,0,Tires
3031,29,2023-06-13,Routine,435.55,19,7,4,Engine
3032,47,2025-04-10,Warranty,672.21,25,6,4,Tires
3033,69,2025-08-11,Repair,344.45,6,4,2,Tires
3034,35,2025-01-17,Warranty,712.99,14,5,3,Engine
3035,185,2024-09-20,Repair,4306.57,28,10,0,Engine
3036,66,2025-03-12,Warranty,1583.92,28,8,4,Tires
3037,52,2023-05-19,Routine,4240.48,10,1,3,Transmission
3038,109,2024-07-21,Routine,1457.08,13,3,1,Transmission
3039,185,2024-09-21,Warranty,759.77,24,9,1,Brakes
3040,10,2025-01-05,Repair,157.36,28,6,4,Engine
3041,39,2024-09-17,Warranty,1384.72,18,9,1,Engine
3042,86,2023-06-12,Repair,4144.55,8,9,4,Tires
3043,5,2025-04-08,Warranty,4200.49,19,7,3,Engine
3044,155,2024-07-29,Repair,1458.4,18,9,3,Tires
3045,170,2023-11-05,Repair,1631.73,14,4,2,Brakes
3046,64,2023-11-02,Repair,2463.5,17,2,1,Engine
3047,166,2024-04-03,Routine,3367.7,5,1,0,Engine
3048,147,2025-05-14,Warranty,3227.3,5,6,3,Brakes
3049,125,2025-07-25,Warranty,3695.62,22,4,4,Brakes
3050,48,2024-12-16,Warranty,290.99,12,10,1,Brakes
3051,122,2024-05-26,Routine,4630.98,22,7,5,Transmission
3052,166,2025-04-21,Routine,1201.88,24,1,2,Brakes
3053,185,2023-01-15,Routine,3869.48,16,1,4,Brakes
3054,6,2024-09-04,Repair,4733.13,28,4,5,Brakes
3055,118,2023-07-16,Warranty,4455.16,29,6,1,Engine
3056,40,2025-03-15,Repair,4171.4,17,10,2,Brakes
3057,57,2024-12-06,Repair,3770.85,3,3,0,Transmission
3058,112,2024-12-20,Warranty,1343.84,9,5,2,Engine
3059,164,2024-05-10,Warranty,1360.08,15,2,3,Transmission
3060,133,2024-06-11,Routine,234.26,24,6,3,Tires
3061,44,2023-02-06,Repair,2531.89,26,9,1,Transmission
3062,73,2023-04-22,Warranty,4007.65,20,9,5,Transmission
3063,104,2023-10-28,Warranty,481.85,29,7,5,Brakes
3064,3,2024-04-15,Repair,4041.07,1,3,0,Brakes
3065,195,2025-02-18,Warranty,1786.12,13,6,1,Brakes
3066,30,2024-08-14,Warranty,629.76,30,9,4,Transmission
3067,195,2024-05-31,Repair,4907.8,27,10,2,Brakes
3068,45,2023-07-11,Repair,2378.5,3,10,1,Tires
3069,66,2025-09-22,Repair,669.04,19,10,3,Tires
3070,133,2024-11-13,Warranty,4688.99,16,8,5,Transmission
3071,168,2023-08-13,Warranty,4980.01,19,10,3,Engine
3072,144,2022-11-22,Routine,3091.23,15,10,5,Brakes
3073,94,2025-04-09,Warranty,891.45,9,7,1,Brakes
3074,22,2023-09-28,Warranty,2397.75,15,8,3,Brakes
3075,62,2024-10-05,Routine,3376.31,22,10,5,Transmission
3076,111,2024-05-20,Repair,626.24,19,3,0,Brakes
3077,29,2024-04-30,Warranty,707.11,12,8,1,Engine
3078,80,2024-04-30,Routine,251.01,27,10,3,Engine
3079,99,2022-11-21,Repair,230.29,1,1,1,Tires
3080,24,2023-08-01,Warranty,4148.07,25,4,4,Transmission
3081,11,2024-01-30,Warranty,3833.45,10,1,4,Engine
3082,146,2024-05-17,Warranty,768.54,25,3,4,Brakes
3083,38,2022-11-21,Warranty,3203.59,27,1,0,Transmission
3084,81,2024-08-29,Repair,1573.19,12,5,2,Engine
3085,153,2023-01-08,Routine,4362.04,15,10,3,Engine
3086,195,2024-07-28,Repair,916.93,5,3,5,Brakes
3087,112,2023-09-11,Repair,2246.38,4,4,3,Transmission
3088,12,2022-10-09,Routine,2654.57,12,10,2,Tires
3089,82,2025-04-09,Repair,3108.89,6,1,5,Tires
3090,75,2025-04-14,Routine,1176.12,24,4,3,Engine
3091,92,2025-03-01,Repair,4781.78,8,8,4,Tires
3092,59,2024-06-11,Warranty,1563.19,20,6,5,Tires
3093,155,2024-06-03,Routine,2779.9,26,2,5,Tires
3094,179,2025-02-28,Warranty,4084.51,21,6,2,Transmission
3095,62,2024-01-17,Repair,1033.9,13,10,1,Brakes
3096,103,2025-05-21,Repair,804.44,13,1,1,Tires
3097,70,2023-10-29,Routine,794.86,13,1,2,Tires
3098,61,2023-08-04,Warranty,592.09,19,4,1,Brakes
3099,95,2022-12-18,Repair,2175.67,21,1,0,Engine
3100,16,2024-10-11,Repair,3444.1,4,5,3,Brakes
3101,110,2023-08-13,Routine,2362.15,9,9,1,Transmission
3102,35,2023-12-06,Routine,4010.95,7,9,3,Engine
3103,143,2022-10-21,Warranty,3112.53,24,2,4,Transmission
3104,51,2025-04-16,Warranty,3920.98,12,2,1,Tires
3105,113,2024-11-23,Repair,3680.28,1,2,5,Brakes
3106,66,2025-09-01,Routine,739.14,26,2,2,Engine
3107,159,2024-11-27,Routine,3619.52,19,10,5,Brakes
3108,24,2023-02-02,Routine,4310.08,9,2,0,Engine
3109,155,2025-06-22,Repair,1492.66,3,3,1,Tires
3110,140,2024-06-23,Routine,2132.65,24,3,0,Tires
3111,177,2023-09-08,Warranty,3630.63,18,4,1,Brakes
3112,6,2023-12-15,Routine,3619.74,22,7,4,Brakes
3113,151,2025-07-01,Routine,246.0,15,4,2,Tires
3114,50,2025-09-01,Warranty,658.35,18,2,1,Transmission
3115,23,2024-07-11,Warranty,1820.63,3,1,5,Transmission
3116,80,2024-07-02,Repair,1963.13,15,7,0,Brakes
3117,157,2022-10-31,Routine,488.85,14,8,3,Tires
3118,117,2024-03-08,Repair,257.83,8,4,3,Engine
3119,174,2025-05-21,Repair,272.35,17,2,2,Tires
3120,70,2024-07-10,Routine,4132.23,14,9,0,Engine
3121,130,2024-01-21,Repair,4180.44,10,1,1,Brakes
3122,7,2024-09-10,Repair,2488.64,25,3,3,Engine
3123,85,2024-03-05,Warranty,1413.43,14,4,5,Brakes
3124,29,2024-10-12,Repair,4579.42,21,7,4,Tires
3125,195,2025-03-26,Routine,4740.07,13,9,4,Brakes
3126,75,2024-09-18,Repair,3312.41,18,4,5,Engine
3127,19,2023-01-06,Warranty,1551.6,17,6,5,Engine
3128,178,2023-03-15,Repair,3971.1,6,9,2,Brakes
3129,29,2023-06-15,Warranty,1919.11,5,4,0,Brakes
3130,188,2024-08-08,Routine,1929.69,2,10,2,Transmission
3131,45,2025-09-26,Routine,2920.14,21,1,3,Transmission
3132,48,2024-12-05,Warranty,874.88,17,6,1,Tires
3133,66,2023-04-15,Routine,1273.82,6,2,5,Engine
3134,54,2024-12-10,Repair,4488.32,6,4,2,Brakes
3135,31,2025-03-01,Repair,3649.41,15,10,3,Transmission
3136,14,2023-08-26,Warranty,3121.69,28,9,5,Tires
3137,94,2025-07-03,Routine,246.14,6,10,5,Transmission
3138,197,2023-09-15,Warranty,4803.46,20,9,2,Tires
3139,81,2023-05-04,Routine,3541.23,10,4,0,Tires
3140,133,2025-02-13,Repair,4472.96,4,1,4,Engine
3141,164,2023-12-26,Routine,972.4,17,9,0,Tires
3142,147,2024-01-17,Repair,971.22,11,8,3,Transmission
3143,200,2024-11-10,Warranty,2791.41,27,8,3,Engine
3144,88,2022-10-28,Routine,3615.84,20,8,4,Transmission
3145,36,2023-06-24,Warranty,807.52,17,7,1,Tires
3146,143,2024-05-14,Repair,3542.58,22,10,1,Brakes
3147,19,2023-08-08,Warranty,2826.15,2,6,3,Tires
3148,124,2023-08-05,Warranty,154.56,13,8,4,Brakes
3149,154,2023-10-01,Routine,2169.92,21,9,5,Tires
3150,22,2024-10-10,Repair,3194.23,12,10,3,Tires
3151,113,2023-02-11,Warranty,476.22,22,10,0,Transmission
3152,39,2024-09-25,Routine,668.91,28,1,2,Engine
3153,85,2024-08-07,Repair,1590.32,8,9,0,Brakes
3154,121,2023-09-06,Routine,2199.94,2,9,4,Brakes
3155,15,2024-10-03,Routine,4903.47,27,6,4,Brakes
3156,13,2025-03-27,Routine,4341.09,20,8,2,Tires
3157,17,2023-07-10,Routine,1497.63,17,7,4,Tires
3158,175,2022-11-16,Routine,4460.73,21,2,5,Tires
3159,19,2023-04-16,Repair,3804.97,26,1,5,Tires
3160,107,2025-01-06,Repair,742.8,12,2,4,Transmission
3161,38,2024-01-15,Warranty,3777.73,17,5,1,Tires
3162,160,2025-09-17,Warranty,3867.7,15,1,1,Tires
3163,98,2024-10-09,Routine,443.31,12,10,4,Transmission
3164,1,2024-03-26,Repair,3261.53,16,5,0,Brakes
3165,29,2025-05-09,Routine,1932.58,22,10,5,Tires
3166,189,2025-09-12,Routine,4688.67,8,1,4,Tires
3167,134,2023-02-06,Repair,3374.48,1,7,3,Brakes
3168,111,2023-07-08,Repair,2000.62,19,3,5,Tires
3169,193,2024-02-16,Repair,4943.45,19,8,2,Transmission
3170,160,2023-10-13,Repair,3119.6,6,7,4,Brakes
3171,65,2023-06-30,Warranty,1695.58,14,5,0,Brakes
3172,193,2023-03-07,Routine,2103.45,11,2,1,Engine
3173,74,2024-09-04,Repair,2796.66,1,5,1,Transmission
3174,29,2022-11-26,Routine,4240.39,2,2,2,Brakes
3175,157,2023-02-09,Routine,381.69,3,5,0,Engine
3176,104,2024-02-06,Repair,2025.06,7,2,2,Transmission
3177,153,2025-04-03,Routine,4993.51,29,6,0,Brakes
3178,42,2025-03-22,Routine,682.39,20,2,1,Transmission
3179,27,2025-05-10,Warranty,1289.7,18,9,5,Brakes
3180,10,2025-01-23,Repair,3738.4,17,8,0,Engine
3181,40,2024-08-21,Repair,2535.79,29,8,0,Transmission
3182,155,2023-04-20,Routine,1455.13,9,3,4,Brakes
3183,67,2023-02-21,Warranty,1282.32,18,5,2,Transmission
3184,137,2023-07-18,Warranty,4547.8,6,1,2,Engine
3185,21,2025-07-30,Warranty,159.03,29,8,4,Tires
3186,153,2025-04-19,Routine,3417.3,17,1,5,Transmission
3187,90,2024-11-08,Repair,1198.39,20,5,3,Tires
3188,177,2025-02-02,Repair,4358.85,16,2,1,Transmission
3189,14,2025-05-18,Routine,561.94,4,3,0,Engine
3190,125,2023-06-18,Routine,3721.43,21,4,1,Tires
3191,118,2024-09-06,Repair,3491.2,5,3,5,Brakes
3192,77,2025-05-22,Routine,4130.47,13,10,2,Tires
3193,22,2024-02-10,Repair,2870.33,18,7,4,Brakes
3194,81,2025-01-27,Routine,2714.12,1,6,0,Engine
3195,67,2023-12-14,Warranty,3091.94,14,8,1,Tires
3196,53,2025-03-11,Repair,4355.08,22,9,3,Transmission
3197,111,2023-03-15,Warranty,3045.82,26,2,3,Engine
3198,47,2024-08-07,Repair,3877.87,16,6,5,Engine
3199,23,2023-03-25,Repair,3471.0,1,5,4,Brakes
3200,81,2025-08-27,Warranty,4309.44,4,7,3,Engine
3201,27,2025-03-24,Routine,3428.78,1,8,2,Transmission
3202,95,2022-11-06,Repair,3373.02,17,6,4,Tires
3203,103,2024-01-04,Warranty,4112.94,16,9,5,Tires
3204,48,2024-01-23,Routine,620.37,24,8,3,Transmission
3205,71,2023-04-29,Repair,4116.04,25,1,3,Engine
3206,154,2024-11-29,Routine,2100.69,25,6,3,Engine
3207,11,2024-05-15,Routine,1462.06,30,3,4,Tires
3208,170,2023-04-16,Warranty,1970.43,28,9,0,Tires
3209,19,2023-06-21,Warranty,2935.98,3,8,1,Tires
3210,169,2023-06-28,Warranty,3731.63,26,9,3,Transmission
3211,186,2025-02-04,Routine,4579.12,13,7,5,Tires
3212,58,2024-02-14,Repair,3480.24,3,1,5,Engine
3213,9,2025-04-09,Routine,4040.86,6,7,3,Brakes
3214,112,2023-01-06,Repair,516.57,1,2,1,Transmission
3215,73,2024-06-16,Repair,3083.96,9,3,1,Transmission
3216,66,2025-02-04,Warranty,3054.93,26,10,4,Tires
3217,21,2022-12-03,Repair,2073.15,5,3,5,Tires
3218,89,2023-04-29,Repair,3539.19,20,10,1,Brakes
3219,18,2022-10-19,Routine,4180.81,17,5,1,Tires
3220,99,2024-12-01,Routine,1862.93,2,9,1,Transmission
3221,53,2022-12-29,Warranty,607.47,8,5,5,Transmission
3222,6,2023-06-13,Repair,433.83,29,6,5,Engine
3223,71,2023-06-11,Repair,1606.66,17,8,2,Brakes
3224,151,2024-09-15,Routine,3716.81,2,3,5,Engine
3225,130,2025-08-19,Warranty,3062.88,27,5,0,Transmission
3226,72,2025-06-09,Repair,1455.54,13,5,4,Tires
3227,19,2024-11-27,Routine,4282.21,18,8,2,Tires
3228,177,2023-08-29,Routine,4630.37,30,8,5,Engine
3229,78,2024-12-10,Routine,2293.64,21,8,5,Engine
3230,195,2024-06-30,Repair,1446.61,12,10,5,Transmission
3231,190,2024-11-25,Repair,907.18,9,4,3,Transmission
3232,22,2024-07-28,Routine,2353.49,24,2,2,Transmission
3233,4,2023-10-22,Routine,4243.42,29,10,5,Tires
3234,165,2023-01-24,Routine,1348.16,25,9,5,Transmission
3235,19,2025-08-31,Routine,2292.53,4,5,3,Engine
3236,66,2025-02-08,Repair,1817.26,22,5,3,Engine
3237,160,2023-09-02,Warranty,942.92,27,1,0,Engine
3238,186,2024-06-01,Routine,857.39,5,9,4,Tires
3239,92,2024-01-18,Repair,4074.41,23,2,3,Brakes
3240,104,2024-06-03,Warranty,1211.13,16,3,4,Brakes
3241,73,2023-08-17,Repair,2329.89,2,2,0,Transmission
3242,65,2024-01-16,Warranty,4917.03,12,7,0,Brakes
3243,189,2024-12-27,Repair,4246.98,14,5,0,Transmission
3244,39,2024-12-13,Warranty,4266.19,1,7,5,Brakes
3245,17,2024-07-06,Repair,3406.09,30,9,3,Tires
3246,142,2024-10-17,Repair,573.66,20,5,1,Transmission
3247,106,2022-11-07,Warranty,3242.98,25,1,5,Engine
3248,148,2024-06-21,Warranty,2012.07,27,9,0,Engine
3249,8,2025-08-11,Routine,1086.91,3,4,2,Engine
3250,46,2023-07-29,Repair,1747.47,12,2,0,Engine
3251,150,2024-02-23,Warranty,1134.21,26,10,0,Engine
3252,172,2024-10-18,Repair,3853.19,12,6,3,Brakes
3253,105,2023-12-23,Warranty,1704.99,19,6,0,Transmission
3254,84,2023-12-29,Warranty,4622.14,7,10,2,Tires
3255,116,2024-04-13,Warranty,3239.53,14,1,4,Tires
3256,24,2023-03-12,Warranty,1982.02,11,4,0,Tires
3257,147,2023-11-19,Routine,1772.69,2,10,0,Transmission
3258,47,2023-03-22,Routine,1409.16,22,2,1,Brakes
3259,151,2023-11-23,Warranty,1373.24,25,3,5,Transmission
3260,33,2023-09-15,Repair,2146.37,29,2,5,Engine
3261,190,2024-01-17,Routine,887.74,10,1,0,Transmission
3262,168,2022-10-27,Warranty,1022.03,25,1,3,Tires
3263,43,2023-11-30,Repair,2495.63,13,8,3,Brakes
3264,148,2022-12-13,Routine,2370.42,29,2,0,Tires
3265,174,2023-01-05,Repair,3588.03,8,2,0,Transmission
3266,34,2023-02-18,Repair,3515.47,17,8,5,Brakes
3267,52,2025-04-12,Repair,4966.69,3,7,0,Engine
3268,68,2023-09-01,Warranty,4223.67,15,9,4,Brakes
3269,79,2023-06-22,Repair,2751.13,28,6,3,Tires
3270,34,2023-02-24,Repair,4231.98,13,10,5,Transmission
3271,157,2025-02-12,Repair,3037.2,9,6,0,Engine
3272,98,2025-04-05,Routine,598.3,3,5,5,Transmission
3273,178,2022-10-07,Warranty,2901.22,3,6,0,Tires
3274,98,2023-02-04,Routine,4667.16,6,2,5,Brakes
3275,127,2025-03-03,Routine,4204.08,30,10,1,Brakes
3276,120,2024-05-20,Repair,1911.41,13,3,5,Transmission
3277,129,2023-06-22,Routine,167.23,12,5,5,Tires
3278,12,2024-08-09,Warranty,1440.67,4,4,3,Transmission
3279,171,2024-01-12,Repair,3680.59,9,7,4,Engine
3280,42,2023-05-15,Warranty,2200.67,9,7,5,Tires
3281,161,2025-03-23,Routine,717.23,12,10,3,Engine
3282,189,2023-04-05,Warranty,1213.1,17,2,4,Tires
3283,113,2023-12-21,Warranty,3878.52,28,4,2,Brakes
3284,187,2023-12-20,Warranty,2690.11,9,1,3,Engine
3285,157,2023-07-15,Warranty,4170.22,22,4,0,Tires
3286,37,2025-09-26,Routine,2696.99,19,2,3,Transmission
3287,40,2025-01-18,Routine,1579.71,4,10,0,Engine
3288,91,2024-06-24,Warranty,2391.11,20,4,1,Tires
3289,144,2024-04-30,Warranty,4964.4,22,4,5,Engine
3290,157,2024-12-09,Repair,2999.42,3,5,1,Transmission
3291,140,2023-10-29,Repair,1850.74,20,3,4,Transmission
3292,44,2025-03-25,Repair,181.6,24,2,4,Transmission
3293,192,2025-05-16,Warranty,4047.85,1,6,1,Tires
3294,17,2025-03-22,Routine,4797.07,23,10,0,Transmission
3295,30,2023-04-15,Repair,3767.09,8,4,4,Tires
3296,155,2024-10-26,Warranty,1031.04,11,5,1,Tires
3297,144,2023-06-21,Warranty,2516.14,10,3,5,Transmission
3298,120,2025-06-07,Routine,1139.11,19,6,0,Tires
3299,144,2023-12-15,Routine,1994.38,8,7,3,Transmission
3300,68,2023-06-07,Repair,2720.46,11,8,4,Tires
3301,102,2025-10-05,Repair,2264.24,18,8,5,Transmission
3302,191,2025-10-03,Routine,1403.41,24,6,4,Brakes
3303,194,2025-08-19,Warranty,4613.55,23,10,5,Transmission
3304,13,2023-10-09,Repair,3225.11,24,9,1,Brakes
3305,39,2023-11-13,Routine,3436.26,15,6,4,Tires
3306,127,2025-02-13,Repair,3347.27,3,6,1,Tires
3307,170,2024-09-07,Routine,332.28,2,10,4,Transmission
3308,183,2024-01-30,Warranty,3627.13,14,5,3,Engine
3309,117,2025-09-26,Routine,2399.76,23,8,5,Tires
3310,52,2022-10-28,Warranty,2270.23,9,1,0,Brakes
3311,145,2024-11-29,Warranty,354.67,29,10,3,Tires
3312,87,2022-11-30,Routine,1502.47,19,2,5,Transmission
3313,132,2024-10-04,Routine,4436.7,11,7,1,Tires
3314,126,2023-02-12,Routine,133.37,16,10,3,Engine
3315,166,2025-04-05,Warranty,2746.4,29,7,0,Transmission
3316,78,2025-03-26,Warranty,2022.07,12,4,4,Brakes
3317,19,2023-04-23,Routine,698.48,13,10,4,Tires
3318,134,2023-03-30,Warranty,3827.77,23,3,2,Brakes
3319,179,2023-09-17,Repair,3286.08,22,9,5,Engine
3320,192,2024-06-14,Warranty,1307.04,2,1,0,Transmission
3321,93,2024-11-26,Repair,4329.75,8,5,1,Brakes
3322,121,2023-03-15,Warranty,4176.78,13,4,3,Brakes
3323,101,2024-02-28,Repair,1443.87,29,4,1,Transmission
3324,140,2023-10-24,Warranty,1783.67,26,8,2,Brakes
3325,98,2023-02-17,Routine,2479.43,25,8,5,Transmission
3326,53,2024-09-24,Warranty,757.01,1,7,0,Brakes
3327,27,2023-02-15,Repair,282.61,14,8,2,Tires
3328,20,2023-01-04,Routine,4133.28,16,10,5,Brakes
3329,165,2025-03-01,Repair,4216.05,2,2,5,Transmission
3330,168,2025-02-17,Routine,2598.35,15,9,3,Tires
3331,153,2023-09-09,Repair,4459.58,9,3,1,Engine
3332,133,2024-07-09,Routine,1469.97,4,8,1,Engine
3333,160,2024-12-11,Warranty,3475.95,4,10,5,Transmission
3334,90,2024-03-11,Repair,3740.25,25,4,1,Transmission
3335,123,2024-09-24,Repair,4822.65,1,7,4,Transmission
3336,108,2024-09-29,Repair,2635.87,7,7,2,Tires
3337,119,2024-02-25,Warranty,4289.5,26,3,1,Brakes
3338,14,2024-08-18,Routine,3796.89,7,6,4,Brakes
3339,141,2024-06-03,Warranty,2541.27,29,6,3,Transmission
3340,111,2024-07-25,Routine,865.97,17,1,1,Tires
3341,114,2024-10-08,Warranty,4831.44,30,3,1,Brakes
3342,23,2025-02-28,Routine,2249.6,5,9,0,Engine
3343,3,2023-03-05,Warranty,2575.42,18,8,5,Engine
3344,52,2023-01-05,Repair,1623.85,10,1,5,Transmission
3345,122,2024-03-22,Warranty,4727.75,7,4,2,Tires
3346,49,2024-02-25,Repair,4717.15,13,6,4,Transmission
3347,142,2023-02-02,Repair,3563.1,24,9,5,Brakes
3348,140,2023-01-11,Warranty,171.35,27,1,2,Brakes
3349,103,2024-12-12,Warranty,2117.73,25,8,3,Tires
3350,105,2023-07-24,Routine,2056.29,9,1,4,Brakes
3351,8,2024-11-06,Repair,1616.26,8,1,5,Engine
3352,162,2023-07-14,Repair,3242.91,24,4,4,Brakes
3353,69,2025-09-30,Repair,4482.37,20,9,5,Tires
3354,15,2023-03-09,Routine,1224.14,8,4,4,Brakes
3355,122,2025-08-25,Repair,1430.58,22,9,2,Brakes
3356,136,2023-01-25,Repair,526.75,27,8,2,Transmission
3357,85,2024-10-11,Repair,2735.38,13,5,3,Engine
3358,140,2024-04-04,Repair,1713.08,3,5,3,Brakes
3359,97,2025-01-28,Warranty,395.73,17,3,2,Tires
3360,116,2024-02-04,Warranty,4411.48,25,2,3,Engine
3361,97,2025-04-10,Repair,2926.55,21,3,5,Transmission
3362,97,2023-11-22,Repair,1813.48,3,4,1,Brakes
3363,163,2025-09-09,Repair,2239.49,22,3,3,Tires
3364,19,2024-04-24,Warranty,3434.64,30,8,3,Brakes
3365,25,2024-10-14,Warranty,3742.15,28,7,3,Brakes
3366,81,2024-08-23,Repair,3955.41,1,8,0,Tires
3367,148,2023-03-01,Routine,3768.06,25,8,4,Transmission
3368,105,2023-10-31,Warranty,1145.27,14,3,4,Brakes
3369,52,2025-01-27,Routine,3702.1,5,9,1,Tires
3370,112,2023-04-05,Repair,3725.81,6,4,3,Engine
3371,23,2025-06-29,Routine,4153.46,19,3,0,Transmission
3372,1,2024-08-25,Repair,1564.12,10,1,4,Transmission
3373,200,2023-06-09,Warranty,962.06,21,4,5,Engine
3374,17,2023-06-17,Routine,1117.99,25,9,1,Transmission
3375,95,2023-01-01,Repair,513.84,24,9,5,Transmission
3376,142,2024-08-08,Routine,4365.05,25,9,5,Engine
3377,165,2024-10-16,Repair,2438.01,19,5,5,Transmission
3378,60,2023-04-30,Repair,236.08,20,1,1,Tires
3379,200,2023-11-19,Repair,4018.5,22,3,5,Transmission
3380,14,2024-02-07,Repair,1719.76,20,2,3,Transmission
3381,39,2025-07-02,Routine,1141.45,16,4,1,Transmission
3382,167,2023-02-16,Warranty,3828.94,14,2,1,Engine
3383,135,2023-03-11,Warranty,1307.93,25,7,2,Tires
3384,198,2024-03-26,Routine,4309.07,25,9,1,Engine
3385,108,2025-08-26,Repair,1843.53,28,8,3,Transmission
3386,29,2024-02-25,Routine,2834.04,9,1,0,Brakes
3387,126,2025-06-05,Routine,1869.05,10,9,3,Engine
3388,26,2022-12-24,Repair,565.08,14,3,1,Transmission
3389,94,2024-05-16,Routine,345.01,10,6,4,Transmission
3390,81,2025-07-31,Warranty,1739.37,14,5,1,Engine
3391,105,2024-05-31,Repair,4616.98,13,3,2,Tires
3392,69,2023-08-31,Repair,2592.83,8,6,2,Brakes
3393,8,2022-10-12,Warranty,2869.91,23,7,0,Transmission
3394,130,2024-03-18,Warranty,3421.19,9,4,4,Brakes
3395,148,2024-03-13,Warranty,1588.25,6,9,0,Engine
3396,35,2024-01-09,Routine,3174.94,21,3,4,Brakes
3397,140,2022-12-02,Routine,2580.91,27,8,3,Transmission
3398,139,2025-08-30,Repair,1089.42,24,4,2,Engine
3399,60,2025-06-09,Repair,1364.02,12,4,4,Tires
3400,7,2024-07-30,Warranty,4709.63,27,4,4,Transmission
3401,136,2024-08-27,Warranty,4799.58,27,4,0,Tires
3402,7,2025-09-28,Repair,612.55,15,9,4,Transmission
3403,104,2025-09-30,Routine,4293.35,8,9,1,Transmission
3404,122,2025-09-13,Repair,3393.99,10,4,5,Engine
3405,64,2023-03-06,Warranty,1427.04,10,8,0,Brakes
3406,169,2022-11-02,Repair,2824.98,16,7,3,Engine
3407,68,2025-05-12,Routine,1060.87,18,4,2,Brakes
3408,198,2024-05-22,Routine,2226.81,24,1,1,Tires
3409,190,2024-06-22,Repair,1408.66,12,2,3,Transmission
3410,48,2024-03-14,Warranty,138.36,2,10,0,Brakes
3411,44,2024-09-29,Warranty,3106.54,4,1,1,Brakes
3412,112,2024-08-04,Routine,171.2,7,4,4,Engine
3413,144,2024-07-09,Repair,888.13,22,7,5,Transmission
3414,44,2024-10-06,Routine,1052.65,20,10,0,Brakes
3415,46,2024-08-15,Repair,2265.42,13,6,2,Brakes
3416,139,2023-05-15,Repair,3307.6,7,6,3,Transmission
3417,173,2024-12-08,Warranty,1260.66,28,7,4,Brakes
3418,158,2023-01-06,Warranty,3898.92,4,6,1,Engine
3419,199,2024-11-13,Repair,4375.39,23,10,2,Brakes
3420,141,2024-07-30,Warranty,1139.24,14,4,5,Engine
3421,198,2022-12-27,Warranty,1907.78,8,5,3,Brakes
3422,133,2024-01-24,Repair,3113.23,19,5,1,Engine
3423,32,2025-05-09,Repair,3701.86,26,9,2,Transmission
3424,31,2023-02-23,Repair,4403.15,19,9,0,Tires
3425,144,2023-06-18,Routine,3952.2,24,10,5,Engine
3426,40,2025-02-15,Routine,573.82,19,2,4,Engine
3427,66,2022-10-29,Repair,3271.26,2,3,4,Tires
3428,142,2025-07-29,Warranty,4433.93,30,4,0,Engine
3429,2,2023-11-13,Repair,3389.83,2,6,5,Transmission
3430,64,2022-11-27,Repair,1322.45,16,4,4,Transmission
3431,26,2024-12-05,Routine,3006.42,9,7,0,Tires
3432,63,2025-06-22,Warranty,3924.54,25,3,1,Engine
3433,51,2023-10-21,Repair,4696.17,6,5,0,Engine
3434,64,2023-02-27,Routine,3576.39,16,8,3,Brakes
3435,26,2023-09-26,Routine,3448.42,27,2,1,Transmission
3436,101,2025-09-13,Routine,3935.24,12,4,0,Transmission
3437,122,2025-07-28,Routine,4076.56,20,4,4,Tires
3438,59,2023-11-15,Repair,3661.6,23,4,5,Engine
3439,134,2024-04-19,Repair,2270.73,24,2,1,Tires
3440,9,2024-05-27,Warranty,4497.55,13,3,4,Brakes
3441,115,2023-09-29,Warranty,1713.32,17,5,0,Tires
3442,125,2024-12-29,Repair,4628.54,22,8,4,Brakes
3443,44,2025-03-26,Routine,2575.01,29,3,4,Tires
3444,27,2022-10-24,Warranty,2835.29,17,10,2,Transmission
3445,149,2023-02-23,Warranty,4454.54,11,5,3,Engine
3446,53,2023-01-06,Repair,3304.75,30,7,2,Brakes
3447,106,2024-05-28,Routine,821.48,18,2,5,Engine
3448,124,2024-06-23,Warranty,472.9,7,1,2,Brakes
3449,175,2025-08-20,Routine,1713.75,24,3,3,Brakes
3450,19,2024-01-19,Routine,1211.89,26,5,1,Brakes
3451,99,2023-02-14,Repair,1982.96,9,10,3,Tires
3452,14,2023-02-17,Routine,416.37,8,9,2,Engine
3453,116,2024-03-20,Repair,1023.65,21,10,2,Tires
3454,171,2024-07-26,Warranty,2513.29,20,2,2,Brakes
3455,161,2023-11-30,Warranty,4532.44,30,7,4,Engine
3456,114,2024-09-05,Repair,3081.64,3,2,1,Engine
3457,73,2023-03-12,Repair,1544.95,13,7,1,Transmission
3458,68,2024-06-10,Routine,4658.21,3,10,3,Tires
3459,108,2022-12-15,Warranty,2880.27,13,4,2,Transmission
3460,199,2023-01-31,Warranty,388.26,10,6,5,Transmission
3461,81,2024-05-22,Routine,2323.03,6,3,2,Transmission
3462,52,2024-02-01,Warranty,4550.49,4,4,2,Brakes
3463,57,2024-08-10,Warranty,2848.82,27,4,1,Engine
3464,167,2024-10-24,Repair,211.43,4,7,1,Transmission
3465,87,2025-05-08,Repair,1630.93,1,1,1,Transmission
3466,139,2024-11-13,Routine,3674.99,10,10,3,Brakes
3467,41,2023-07-26,Warranty,2366.27,12,4,5,Engine
3468,33,2025-05-23,Routine,2307.73,4,7,2,Brakes
3469,126,2024-11-10,Repair,411.76,6,1,5,Transmission
3470,67,2025-07-22,Repair,4743.74,15,7,2,Brakes
3471,90,2025-04-02,Routine,4018.64,9,7,4,Tires
3472,184,2024-10-15,Routine,1697.3,17,8,0,Engine
3473,143,2025-08-21,Warranty,4634.29,16,8,3,Engine
3474,155,2023-11-10,Repair,1043.43,16,10,5,Brakes
3475,54,2023-10-11,Routine,752.97,15,4,2,Engine
3476,74,2024-07-18,Routine,3717.39,25,6,2,Tires
3477,178,2023-06-21,Routine,1507.14,8,9,5,Transmission
3478,63,2023-09-14,Warranty,1081.94,5,7,4,Brakes
3479,174,2025-02-19,Warranty,2698.99,13,3,3,Engine
3480,132,2025-02-10,Warranty,4103.73,14,6,0,Brakes
3481,18,2025-04-14,Warranty,1174.53,24,1,4,Engine
3482,100,2022-10-17,Warranty,4417.51,2,2,5,Transmission
3483,70,2024-06-09,Warranty,770.26,21,8,2,Tires
3484,136,2023-07-18,Warranty,3013.46,28,9,0,Transmission
3485,191,2023-08-28,Warranty,3490.09,23,4,5,Tires
3486,129,2024-12-29,Warranty,1535.11,28,7,1,Tires
3487,185,2025-04-11,Repair,476.69,1,9,2,Tires
3488,103,2023-11-16,Repair,2196.75,12,1,4,Brakes
3489,134,2024-02-18,Warranty,1253.29,27,7,4,Engine
3490,155,2024-12-17,Repair,4393.06,1,6,2,Tires
3491,92,2025-08-01,Repair,3763.17,22,4,1,Tires
3492,40,2023-11-19,Routine,2162.39,11,6,4,Brakes
3493,98,2023-03-30,Routine,3483.51,17,6,5,Transmission
3494,35,2024-08-04,Routine,2199.48,11,9,0,Brakes
3495,162,2025-06-12,Routine,924.76,13,6,0,Transmission
3496,59,2025-08-04,Warranty,1113.01,11,4,5,Brakes
3497,54,2024-03-21,Repair,990.86,26,10,0,Engine
3498,1,2024-02-11,Repair,2516.48,23,7,4,Tires
3499,81,2023-02-03,Routine,4478.89,20,9,0,Transmission
3500,59,2025-01-10,Warranty,2896.2,2,10,5,Tires
3501,43,2024-02-24,Routine,1971.74,7,2,2,Tires
3502,70,2025-07-03,Repair,4607.01,21,2,2,Brakes
3503,47,2023-11-10,Repair,1932.4,23,6,0,Transmission
3504,128,2023-01-01,Repair,2518.25,11,2,3,Tires
3505,186,2024-07-21,Warranty,391.0,25,5,1,Engine
3506,200,2025-09-16,Routine,3170.41,1,1,3,Brakes
3507,32,2024-04-01,Warranty,943.92,23,6,4,Transmission
3508,53,2025-09-03,Routine,3691.47,13,9,3,Brakes
3509,23,2022-11-29,Repair,3555.3,21,10,0,Tires
3510,72,2022-11-04,Repair,4766.24,19,7,3,Transmission
3511,71,2025-05-29,Repair,382.23,12,3,5,Transmission
3512,169,2024-07-25,Warranty,684.69,28,5,4,Engine
3513,66,2025-05-09,Repair,1389.02,2,3,3,Brakes
3514,54,2024-03-17,Repair,331.1,10,6,3,Brakes
3515,93,2025-03-03,Warranty,2697.17,7,8,3,Brakes
3516,55,2023-11-18,Routine,851.54,13,9,1,Transmission
3517,168,2023-04-01,Repair,700.72,2,6,3,Transmission
3518,105,2024-10-30,Warranty,3096.67,20,4,2,Transmission
3519,155,2025-04-18,Repair,4478.3,26,2,1,Tires
3520,120,2023-03-10,Repair,3012.6,30,4,2,Transmission
3521,116,2024-01-06,Warranty,2415.65,15,4,3,Engine
3522,171,2023-03-25,Routine,4983.53,12,8,1,Brakes
3523,15,2024-05-04,Warranty,352.23,21,7,1,Transmission
3524,113,2024-05-19,Warranty,2357.99,5,2,5,Brakes
3525,84,2023-03-26,Repair,3004.64,21,5,3,Engine
3526,44,2023-04-23,Repair,1196.68,14,6,0,Transmission
3527,190,2024-10-15,Routine,682.37,7,5,0,Transmission
3528,66,2024-04-28,Routine,131.18,20,9,1,Brakes
3529,112,2025-06-17,Routine,4594.12,5,2,5,Brakes
3530,57,2024-10-07,Warranty,160.99,1,9,3,Engine
3531,41,2023-06-22,Warranty,2770.27,1,9,1,Engine
3532,99,2025-07-02,Repair,2029.72,25,4,1,Tires
3533,52,2024-05-07,Repair,2687.24,30,6,5,Brakes
3534,11,2025-02-15,Routine,3358.28,21,2,5,Transmission
3535,81,2025-08-28,Routine,4986.15,16,7,2,Engine
3536,51,2022-12-14,Warranty,4850.99,1,8,2,Engine
3537,159,2025-08-15,Warranty,3765.84,24,10,5,Transmission
3538,85,2023-01-31,Repair,1655.84,27,5,5,Engine
3539,75,2023-03-15,Repair,3886.76,16,7,1,Engine
3540,92,2023-10-28,Repair,1811.32,23,10,2,Brakes
3541,101,2022-10-14,Repair,3013.08,7,5,1,Tires
3542,34,2024-09-30,Repair,1810.34,1,8,3,Transmission
3543,19,2025-04-20,Routine,1203.24,8,7,5,Engine
3544,28,2023-04-24,Repair,1987.49,19,8,1,Engine
3545,137,2024-09-09,Repair,804.58,18,3,2,Transmission
3546,138,2022-12-14,Routine,404.33,20,10,5,Brakes
3547,158,2024-04-29,Warranty,1780.59,1,6,2,Brakes
3548,133,2025-06-26,Routine,2848.67,3,6,5,Brakes
3549,152,2025-05-07,Routine,4314.39,9,1,0,Brakes
3550,80,2025-04-19,Warranty,931.09,4,1,1,Tires
3551,79,2025-09-24,Repair,3231.2,6,9,2,Tires
3552,131,2022-11-18,Routine,4143.1,26,2,1,Brakes
3553,100,2023-11-03,Repair,2477.98,9,10,4,Tires
3554,124,2024-03-26,Warranty,4478.36,1,5,4,Transmission
3555,162,2024-02-02,Repair,1137.33,23,2,1,Tires
3556,96,2025-03-07,Routine,2302.37,30,10,1,Transmission
3557,101,2025-01-31,Repair,1581.31,6,1,0,Engine
3558,59,2023-11-27,Routine,4975.51,24,5,5,Transmission
3559,8,2025-07-11,Routine,3958.88,10,8,5,Transmission
3560,140,2022-11-24,Repair,4863.08,28,1,3,Engine
3561,135,2025-01-20,Repair,1783.91,1,10,3,Brakes
3562,56,2023-09-08,Warranty,3852.07,21,5,5,Brakes
3563,82,2024-04-17,Warranty,4999.72,29,10,3,Brakes
3564,179,2023-04-11,Routine,1795.33,23,2,0,Tires
3565,94,2024-05-09,Routine,1344.27,26,6,5,Transmission
3566,115,2024-06-10,Routine,3229.98,20,9,5,Tires
3567,56,2023-04-10,Routine,4571.0,30,3,1,Transmission
3568,98,2023-11-15,Warranty,2638.93,12,4,5,Engine
3569,194,2024-05-09,Repair,4855.89,9,10,1,Brakes
3570,142,2025-03-29,Repair,1762.29,20,10,0,Engine
3571,85,2025-08-03,Warranty,1103.44,7,9,2,Engine
3572,43,2025-01-03,Routine,3670.61,5,6,5,Brakes
3573,86,2023-03-20,Repair,1431.46,21,1,0,Tires
3574,111,2025-05-20,Routine,4899.47,28,2,0,Tires
3575,144,2023-06-03,Repair,2581.67,17,7,2,Transmission
3576,17,2023-12-16,Repair,2154.76,22,9,2,Transmission
3577,47,2024-10-05,Warranty,2042.19,17,1,4,Engine
3578,33,2023-01-25,Warranty,3419.87,24,10,3,Transmission
3579,163,2023-04-16,Warranty,3072.69,8,2,1,Transmission
3580,55,2023-03-03,Warranty,2249.08,16,8,1,Engine
3581,166,2025-04-17,Repair,251.95,4,6,0,Transmission
3582,11,2022-11-24,Repair,3980.63,17,8,3,Transmission
3583,88,2023-08-27,Routine,3316.67,23,7,0,Engine
3584,33,2023-02-20,Warranty,4442.77,16,10,4,Tires
3585,62,2022-10-08,Warranty,2994.87,8,2,4,Brakes
3586,176,2025-06-27,Warranty,516.96,26,1,3,Brakes
3587,200,2023-01-28,Routine,2122.28,17,10,3,Engine
3588,36,2024-09-19,Routine,4012.18,24,8,4,Tires
3589,146,2025-02-28,Routine,3153.14,16,4,1,Engine
3590,70,2023-03-17,Warranty,3936.52,4,9,2,Brakes
3591,195,2025-06-09,Repair,3479.45,20,1,0,Transmission
3592,184,2023-10-11,Routine,1296.78,10,8,1,Brakes
3593,64,2023-10-30,Routine,3354.76,9,2,2,Tires
3594,56,2023-12-16,Routine,189.71,18,8,1,Brakes
3595,54,2025-05-18,Repair,3511.32,14,8,4,Engine
3596,73,2023-02-19,Warranty,1754.42,14,5,4,Brakes
3597,40,2023-07-03,Routine,1332.88,14,2,3,Brakes
3598,93,2024-10-01,Repair,3709.32,24,1,0,Tires
3599,144,2023-01-02,Repair,587.46,27,3,3,Engine
3600,61,2023-06-11,Warranty,3943.5,24,1,2,Brakes
3601,106,2025-07-16,Repair,446.13,5,8,0,Brakes
3602,84,2022-12-17,Warranty,3315.49,7,10,0,Transmission
3603,198,2024-08-13,Warranty,1822.9,21,5,5,Transmission
3604,154,2025-06-25,Routine,2881.63,13,5,0,Tires
3605,144,2023-12-11,Routine,4644.04,22,8,1,Transmission
3606,91,2023-03-16,Routine,505.65,13,8,5,Tires
3607,13,2024-12-06,Repair,3488.41,23,10,4,Engine
3608,195,2024-06-23,Routine,4261.16,28,6,1,Engine
3609,32,2024-07-09,Warranty,3158.51,12,8,1,Transmission
3610,75,2024-12-27,Routine,3975.01,29,1,5,Transmission
3611,12,2023-08-31,Routine,3180.34,24,10,1,Tires
3612,1,2023-04-27,Repair,4275.72,21,9,3,Transmission
3613,21,2022-12-19,Warranty,623.49,1,7,2,Engine
3614,73,2023-09-04,Warranty,4046.75,21,4,4,Engine
3615,89,2022-11-28,Repair,3984.96,1,3,0,Tires
3616,30,2023-08-04,Routine,1320.92,5,7,1,Transmission
3617,86,2022-11-12,Routine,1113.01,25,6,3,Tires
3618,63,2025-03-08,Warranty,1329.43,14,3,0,Transmission
3619,95,2023-10-18,Routine,4268.67,10,6,1,Brakes
3620,77,2025-06-05,Warranty,2876.37,24,4,5,Brakes
3621,200,2024-05-08,Repair,502.46,28,7,4,Engine
3622,194,2025-05-17,Warranty,3624.68,28,3,4,Tires
3623,111,2025-05-31,Routine,2490.9,1,9,4,Tires
3624,5,2023-02-09,Warranty,679.19,21,9,0,Tires
3625,21,2023-06-07,Repair,672.98,1,2,4,Brakes
3626,22,2023-10-07,Warranty,1493.13,25,1,2,Engine
3627,24,2025-09-07,Repair,2574.31,21,3,1,Brakes
3628,81,2022-10-21,Repair,2384.45,17,8,0,Brakes
3629,145,2023-02-24,Warranty,291.24,18,8,5,Engine
3630,156,2025-05-23,Warranty,1903.98,25,1,2,Brakes
3631,131,2023-05-15,Repair,4667.27,27,7,1,Tires
3632,84,2023-12-12,Warranty,481.63,21,4,5,Transmission
3633,98,2023-12-21,Routine,3894.04,14,9,0,Engine
3634,158,2023-07-18,Warranty,2342.97,21,5,2,Tires
3635,84,2024-09-27,Routine,4568.65,5,3,0,Tires
3636,95,2025-02-08,Warranty,1040.21,13,5,5,Tires
3637,171,2025-09-04,Repair,1685.91,1,7,4,Tires
3638,125,2024-08-25,Repair,1693.73,29,7,1,Transmission
3639,160,2025-05-01,Repair,956.86,4,3,5,Brakes
3640,117,2024-11-20,Routine,1984.97,4,10,3,Transmission
3641,115,2025-07-15,Warranty,4113.6,11,9,1,Engine
3642,21,2024-01-29,Warranty,4184.45,2,3,1,Tires
3643,138,2024-12-03,Routine,4122.41,20,4,3,Tires
3644,164,2025-02-09,Routine,3396.9,11,2,4,Transmission
3645,84,2024-09-18,Warranty,3208.37,20,8,5,Transmission
3646,2,2022-10-09,Warranty,3355.14,18,8,4,Tires
3647,104,2025-01-26,Warranty,636.9,14,1,1,Engine
3648,187,2023-10-09,Repair,1976.55,8,3,0,Brakes
3649,87,2024-08-28,Repair,1390.97,1,3,5,Engine
3650,169,2023-07-24,Warranty,1933.09,21,8,3,Engine
3651,174,2023-07-13,Warranty,3214.49,3,3,5,Engine
3652,61,2024-03-04,Routine,345.89,23,6,3,Engine
3653,93,2025-05-28,Warranty,4424.06,4,10,1,Brakes
3654,123,2024-09-03,Routine,1903.28,29,4,1,Transmission
3655,194,2024-04-15,Warranty,3095.59,7,6,2,Transmission
3656,140,2024-06-07,Warranty,1041.5,5,6,3,Brakes
3657,31,2024-07-08,Repair,2292.88,5,4,2,Engine
3658,81,2025-06-07,Routine,2860.95,7,10,5,Engine
3659,199,2023-03-26,Routine,2162.67,22,10,1,Transmission
3660,103,2025-09-10,Routine,4178.74,11,4,3,Brakes
3661,12,2024-09-12,Routine,2122.42,2,9,4,Engine
3662,122,2024-02-04,Routine,3390.01,16,3,0,Engine
3663,3,2025-01-17,Warranty,4628.4,21,4,1,Brakes
3664,22,2024-11-09,Routine,4758.17,3,4,4,Transmission
3665,75,2023-11-24,Routine,4821.73,16,10,2,Transmission
3666,180,2024-06-15,Repair,4678.29,25,10,5,Tires
3667,126,2024-05-22,Routine,1309.0,23,1,3,Brakes
3668,5,2022-10-12,Routine,133.11,14,9,1,Tires
3669,147,2023-03-21,Warranty,107.23,14,7,5,Engine
3670,100,2023-04-04,Repair,4842.61,24,9,1,Engine
3671,48,2025-03-16,Routine,2046.37,7,2,1,Tires
3672,188,2023-09-29,Repair,2683.7,17,2,5,Engine
3673,173,2023-05-12,Routine,1782.87,2,8,0,Transmission
3674,164,2022-10-30,Routine,788.8,4,1,5,Transmission
3675,178,2025-08-22,Repair,3687.38,4,5,2,Transmission
3676,70,2023-05-19,Repair,1748.94,3,9,1,Brakes
3677,17,2025-07-06,Warranty,2732.23,7,5,1,Transmission
3678,51,2024-04-24,Routine,205.4,8,8,1,Transmission
3679,95,2022-12-12,Repair,2547.31,7,8,2,Transmission
3680,77,2025-03-24,Routine,1045.85,1,1,2,Tires
3681,166,2025-04-12,Warranty,496.75,10,2,1,Tires
3682,38,2023-06-21,Routine,1732.42,17,10,5,Tires
3683,101,2024-10-22,Routine,391.45,30,7,0,Engine
3684,72,2025-08-16,Routine,1232.9,2,8,3,Engine
3685,35,2023-12-20,Repair,3411.14,8,8,4,Engine
3686,8,2023-06-23,Warranty,1019.91,1,2,3,Transmission
3687,183,2023-10-03,Repair,4487.8,25,10,0,Transmission
3688,46,2024-12-16,Repair,4875.02,2,1,4,Transmission
3689,116,2023-01-12,Warranty,2917.33,26,2,2,Brakes
3690,183,2025-05-01,Repair,4976.49,3,6,5,Tires
3691,82,2025-02-17,Repair,4127.12,24,8,2,Tires
3692,71,2022-11-13,Routine,4727.61,18,7,0,Transmission
3693,23,2024-10-17,Routine,3758.63,16,6,3,Transmission
3694,50,2024-03-31,Repair,978.04,19,10,2,Tires
3695,168,2023-02-28,Routine,385.51,20,1,5,Transmission
3696,190,2025-06-14,Repair,2840.43,26,8,0,Engine
3697,37,2023-01-25,Warranty,100.03,16,10,1,Transmission
3698,173,2024-10-12,Repair,599.02,30,8,3,Tires
3699,75,2024-12-16,Repair,273.94,20,4,3,Engine
3700,106,2024-02-20,Routine,2356.01,27,10,4,Engine
3701,26,2024-12-30,Routine,4135.94,26,1,0,Brakes
3702,191,2024-10-31,Warranty,1150.68,29,8,0,Brakes
3703,90,2025-04-07,Repair,4767.91,24,1,1,Brakes
3704,94,2024-05-21,Routine,4847.07,13,1,2,Brakes
3705,182,2022-11-22,Warranty,3237.85,17,1,0,Tires
3706,71,2023-11-24,Routine,4721.18,3,7,2,Transmission
3707,31,2025-03-20,Routine,1833.49,5,2,1,Brakes
3708,170,2023-04-02,Routine,2466.54,7,4,1,Engine
3709,154,2023-10-17,Repair,4107.79,2,7,5,Engine
3710,36,2025-09-28,Repair,4157.88,20,2,0,Tires
3711,101,2023-05-05,Repair,594.92,19,8,5,Engine
3712,107,2024-10-09,Repair,2545.51,5,9,1,Engine
3713,70,2025-06-23,Warranty,1986.61,12,5,5,Transmission
3714,84,2023-04-04,Routine,4604.44,2,2,5,Tires
3715,134,2025-04-08,Routine,2808.21,14,7,0,Brakes
3716,79,2025-05-19,Repair,435.21,29,7,5,Engine
3717,169,2024-11-23,Repair,4520.95,7,9,4,Transmission
3718,119,2023-09-17,Repair,4443.62,27,10,2,Transmission
3719,56,2023-06-09,Warranty,2186.66,15,3,3,Tires
3720,177,2024-03-17,Routine,4301.42,19,8,4,Transmission
3721,50,2023-07-17,Routine,438.27,19,10,1,Brakes
3722,182,2023-05-10,Warranty,2591.24,18,5,0,Brakes
3723,169,2023-04-18,Repair,2572.87,21,3,3,Brakes
3724,137,2023-01-19,Warranty,4058.97,1,10,1,Transmission
3725,61,2025-10-02,Routine,658.39,29,9,3,Brakes
3726,122,2023-12-07,Repair,947.95,15,5,2,Brakes
3727,82,2025-06-24,Repair,4950.38,29,9,0,Transmission
3728,129,2024-05-06,Repair,378.21,19,3,3,Brakes
3729,12,2024-03-20,Repair,2379.93,27,7,2,Brakes
3730,141,2023-08-07,Repair,3852.32,18,4,2,Transmission
3731,42,2023-11-27,Repair,3572.11,6,5,2,Brakes
3732,138,2024-04-08,Routine,936.27,15,4,0,Brakes
3733,2,2025-02-25,Repair,4554.21,28,1,0,Tires
3734,17,2024-02-01,Warranty,3111.37,6,9,3,Brakes
3735,85,2024-05-22,Routine,1558.7,26,6,1,Transmission
3736,167,2024-12-07,Routine,1251.15,10,6,1,Transmission
3737,10,2025-05-13,Warranty,3199.83,7,1,1,Transmission
3738,162,2024-06-09,Routine,1201.57,24,3,3,Brakes
3739,148,2024-04-27,Routine,3861.65,18,9,2,Brakes
3740,76,2023-10-02,Routine,833.8,18,1,4,Tires
3741,70,2022-10-26,Routine,1923.08,3,3,3,Brakes
3742,42,2024-12-22,Warranty,3575.37,17,2,0,Tires
3743,11,2023-10-27,Routine,256.14,28,10,0,Transmission
3744,101,2023-12-06,Repair,3016.03,11,2,0,Tires
3745,10,2025-03-17,Routine,2977.49,7,2,0,Engine
3746,191,2023-06-20,Warranty,132.22,15,8,4,Brakes
3747,40,2023-04-08,Routine,2617.6,28,6,2,Transmission
3748,106,2023-07-22,Warranty,1376.6,21,7,3,Tires
3749,9,2023-09-14,Warranty,4393.56,23,4,2,Tires
3750,120,2023-10-15,Warranty,1431.91,1,5,2,Brakes
3751,127,2023-12-20,Routine,2444.92,9,7,2,Tires
3752,74,2023-06-07,Routine,4508.57,4,2,4,Brakes
3753,12,2024-01-01,Warranty,4980.24,17,2,5,Brakes
3754,37,2024-02-07,Routine,4442.62,5,4,5,Transmission
3755,176,2025-01-20,Repair,1117.01,14,9,5,Tires
3756,36,2024-11-25,Warranty,422.86,19,5,3,Engine
3757,37,2024-07-02,Routine,2935.07,5,9,1,Tires
3758,191,2024-06-24,Warranty,3662.19,12,2,5,Tires
3759,189,2022-11-04,Warranty,4112.96,2,7,2,Brakes
3760,76,2023-08-09,Routine,3134.78,2,3,3,Transmission
3761,128,2022-12-08,Warranty,1166.71,28,7,3,Tires
3762,8,2024-02-25,Routine,2524.8,10,5,2,Brakes
3763,18,2024-03-29,Warranty,2283.64,24,6,2,Brakes
3764,58,2024-05-25,Repair,4584.33,19,9,0,Engine
3765,184,2023-10-03,Warranty,2521.01,24,6,5,Brakes
3766,131,2025-07-29,Repair,1246.94,9,2,0,Tires
3767,197,2023-04-21,Repair,309.15,17,10,0,Tires
3768,142,2025-08-30,Routine,3502.14,23,4,4,Brakes
3769,149,2024-08-08,Routine,3180.75,17,9,3,Engine
3770,78,2023-06-01,Warranty,4574.66,9,6,4,Brakes
3771,136,2024-11-13,Routine,4287.05,11,9,0,Engine
3772,72,2025-09-11,Repair,3509.42,19,7,2,Tires
3773,55,2025-07-09,Warranty,2332.15,8,6,4,Transmission
3774,188,2025-07-28,Routine,1223.96,9,5,1,Tires
3775,19,2025-02-17,Warranty,2575.34,4,6,5,Engine
3776,72,2024-04-29,Warranty,2057.28,30,5,0,Brakes
3777,43,2025-09-27,Repair,3253.24,19,4,0,Brakes
3778,165,2023-11-13,Routine,3709.25,5,9,3,Brakes
3779,135,2023-02-08,Repair,3363.09,15,10,2,Brakes
3780,177,2025-01-06,Warranty,4823.19,12,3,0,Brakes
3781,162,2025-01-07,Warranty,3236.09,4,2,5,Engine
3782,186,2023-11-19,Routine,3213.46,16,9,0,Transmission
3783,96,2023-06-05,Warranty,1825.77,19,5,0,Transmission
3784,199,2025-01-18,Routine,4880.28,7,5,5,Brakes
3785,86,2025-06-25,Routine,2572.68,4,7,0,Transmission
3786,82,2025-02-09,Repair,2148.92,21,2,3,Brakes
3787,166,2023-11-27,Warranty,3153.13,30,5,1,Transmission
3788,39,2024-06-25,Routine,3259.83,24,7,0,Tires
3789,190,2024-07-10,Repair,2640.51,8,6,1,Engine
3790,198,2024-07-12,Warranty,3821.81,12,8,5,Engine
3791,139,2023-06-04,Repair,4153.09,11,2,5,Brakes
3792,74,2024-08-12,Repair,2490.79,23,9,2,Brakes
3793,14,2025-08-03,Warranty,3989.99,1,6,5,Engine
3794,119,2024-06-14,Routine,1696.93,21,6,1,Brakes
3795,66,2023-11-29,Repair,3097.59,10,10,5,Tires
3796,170,2025-04-25,Warranty,2351.56,16,7,5,Engine
3797,35,2025-03-15,Repair,138.11,18,4,2,Brakes
3798,191,2024-07-08,Warranty,917.53,6,7,1,Tires
3799,103,2025-02-23,Warranty,2525.66,23,6,0,Transmission
3800,101,2025-08-19,Repair,1214.08,23,4,0,Transmission
3801,170,2023-04-14,Routine,4102.6,5,7,1,Tires
3802,188,2025-06-13,Repair,933.82,24,7,5,Transmission
3803,18,2023-04-01,Repair,2224.05,22,1,0,Tires
3804,15,2024-08-06,Warranty,3649.18,23,4,4,Brakes
3805,111,2025-08-09,Repair,3429.38,22,7,3,Brakes
3806,101,2023-09-09,Routine,2587.34,29,10,2,Tires
3807,141,2023-04-12,Warranty,1075.26,17,8,0,Engine
3808,54,2025-06-14,Warranty,1710.15,11,5,2,Brakes
3809,128,2024-11-26,Warranty,2887.36,16,4,2,Engine
3810,120,2024-11-09,Routine,1336.33,10,2,2,Brakes
3811,146,2023-12-28,Routine,3507.75,4,4,5,Tires
3812,129,2023-10-03,Repair,4851.59,18,1,2,Brakes
3813,37,2024-03-24,Routine,4484.62,27,1,5,Tires
3814,108,2023-12-15,Warranty,2885.02,17,1,0,Transmission
3815,84,2024-10-01,Repair,3845.65,14,4,1,Tires
3816,167,2023-11-01,Repair,2973.9,30,5,0,Transmission
3817,28,2025-07-24,Warranty,2367.41,25,3,2,Transmission
3818,185,2024-09-20,Repair,3027.58,28,9,4,Tires
3819,5,2025-07-29,Routine,138.79,5,6,1,Tires
3820,102,2024-06-03,Repair,868.35,26,3,2,Tires
3821,140,2023-12-26,Routine,1020.54,14,8,3,Engine
3822,81,2023-06-13,Routine,105.7,10,3,4,Engine
3823,24,2023-03-30,Routine,1588.11,10,9,5,Brakes
3824,73,2024-04-14,Routine,4313.19,12,9,0,Transmission
3825,119,2023-12-25,Repair,4332.71,27,3,2,Brakes
3826,60,2024-02-24,Routine,2040.15,19,6,5,Tires
3827,162,2025-10-05,Routine,1198.77,6,1,0,Brakes
3828,192,2025-07-29,Routine,714.44,11,4,1,Transmission
3829,5,2023-08-17,Repair,3114.4,23,1,0,Brakes
3830,16,2023-10-31,Routine,1462.43,6,3,3,Brakes
3831,25,2023-05-18,Repair,1256.94,13,3,2,Engine
3832,129,2024-04-06,Warranty,535.05,1,5,3,Tires
3833,189,2025-01-01,Repair,775.22,3,6,4,Brakes
3834,186,2025-08-28,Routine,3606.36,17,4,0,Brakes
3835,190,2025-07-29,Routine,2693.08,9,1,0,Transmission
3836,102,2024-02-09,Routine,637.45,20,1,1,Transmission
3837,138,2025-01-15,Warranty,3974.94,9,2,4,Brakes
3838,152,2025-02-05,Routine,2466.07,7,10,3,Tires
3839,91,2023-06-08,Warranty,1223.05,22,6,0,Transmission
3840,38,2024-01-09,Warranty,1557.7,25,1,2,Transmission
3841,106,2023-02-07,Routine,139.05,7,2,0,Brakes
3842,7,2025-08-09,Routine,4685.64,11,5,5,Tires
3843,34,2022-11-01,Repair,2794.74,15,6,3,Engine
3844,8,2024-02-05,Routine,2309.65,4,4,4,Transmission
3845,137,2023-04-08,Repair,1387.92,25,2,3,Transmission
3846,141,2022-11-29,Repair,3750.27,17,6,5,Engine
3847,134,2025-08-13,Warranty,4398.99,1,1,0,Brakes
3848,163,2024-03-20,Repair,4717.53,3,9,5,Engine
3849,109,2023-06-25,Warranty,4037.96,6,3,4,Transmission
3850,77,2024-02-23,Routine,2458.92,3,9,1,Brakes
3851,44,2023-05-23,Repair,4677.41,7,4,1,Brakes
3852,178,2025-07-23,Routine,2970.71,7,8,5,Engine
3853,180,2025-06-26,Warranty,993.23,3,9,1,Engine
3854,61,2024-12-28,Repair,727.92,7,4,3,Tires
3855,182,2024-01-11,Repair,3625.54,8,3,1,Brakes
3856,151,2023-01-09,Routine,2468.07,17,1,3,Transmission
3857,37,2024-08-01,Repair,1021.43,20,10,3,Brakes
3858,68,2024-05-06,Routine,2248.67,5,4,2,Transmission
3859,41,2023-08-21,Warranty,292.51,22,6,1,Brakes
3860,113,2023-07-11,Repair,4914.72,16,9,4,Transmission
3861,32,2023-01-12,Routine,3470.21,10,6,1,Brakes
3862,68,2023-05-14,Warranty,2400.7,15,4,1,Tires
3863,188,2022-10-28,Repair,3839.96,2,7,2,Transmission
3864,88,2023-06-12,Warranty,1629.41,19,4,3,Transmission
3865,150,2024-05-21,Routine,2768.32,5,5,2,Transmission
3866,28,2024-12-06,Routine,3563.43,23,1,3,Tires
3867,123,2024-12-18,Warranty,414.01,26,9,4,Brakes
3868,109,2024-01-05,Warranty,690.82,14,1,0,Brakes
3869,200,2024-02-24,Routine,4074.42,14,4,0,Engine
3870,67,2024-12-25,Repair,1844.33,21,3,1,Transmission
3871,133,2023-06-21,Warranty,210.99,6,6,1,Tires
3872,199,2024-10-10,Warranty,3035.76,26,9,1,Transmission
3873,19,2023-04-26,Warranty,4788.08,25,9,1,Engine
3874,59,2024-09-10,Warranty,1837.65,8,7,3,Brakes
3875,29,2023-05-05,Repair,2932.44,17,4,2,Engine
3876,50,2023-02-22,Repair,4118.41,10,8,0,Engine
3877,127,2023-04-01,Repair,3431.21,16,4,2,Brakes
3878,57,2022-12-08,Repair,4437.68,16,10,5,Tires
3879,193,2023-04-26,Repair,1877.49,28,4,0,Tires
3880,37,2023-10-04,Repair,2141.95,21,4,4,Engine
3881,16,2025-02-09,Repair,2103.39,23,5,3,Tires
3882,177,2023-03-02,Warranty,1263.22,26,3,4,Brakes
3883,86,2024-03-23,Warranty,2413.84,19,6,2,Tires
3884,89,2023-06-30,Routine,4691.47,11,2,2,Transmission
3885,166,2024-08-02,Routine,3939.27,20,9,0,Transmission
3886,11,2023-07-14,Repair,2394.07,25,10,5,Brakes
3887,72,2024-04-03,Repair,3061.44,23,4,4,Brakes
3888,50,2025-09-07,Warranty,757.75,3,6,4,Engine
3889,77,2022-12-28,Warranty,4409.43,13,5,0,Tires
3890,1,2022-12-29,Repair,4421.42,20,4,2,Transmission
3891,69,2023-09-17,Repair,3150.93,29,8,4,Transmission
3892,133,2023-02-04,Repair,2599.79,5,7,1,Tires
3893,83,2024-07-15,Warranty,1051.65,30,5,0,Engine
3894,176,2023-12-15,Repair,639.77,21,8,1,Transmission
3895,9,2022-11-25,Warranty,1070.36,8,6,2,Brakes
3896,83,2023-03-30,Routine,2101.05,7,3,4,Transmission
3897,126,2025-08-26,Repair,365.08,15,4,5,Transmission
3898,168,2022-12-04,Warranty,1159.94,23,3,5,Tires
3899,95,2024-08-14,Warranty,4747.62,9,5,0,Tires
3900,93,2024-07-25,Warranty,4917.92,17,7,1,Brakes
3901,146,2024-11-19,Routine,3139.14,3,8,3,Tires
3902,63,2023-04-13,Warranty,4277.03,9,2,5,Tires
3903,97,2025-09-21,Repair,450.14,29,1,0,Transmission
3904,77,2025-08-26,Routine,4873.54,11,8,1,Tires
3905,37,2022-11-18,Warranty,4148.65,21,2,1,Brakes
3906,76,2024-01-25,Warranty,1212.15,23,7,4,Tires
3907,99,2022-11-03,Repair,2884.02,10,5,2,Engine
3908,2,2022-10-25,Routine,628.24,10,8,5,Transmission
3909,118,2024-07-06,Repair,779.74,27,1,0,Brakes
3910,79,2025-10-05,Warranty,3692.97,19,2,0,Tires
3911,33,2024-10-13,Warranty,885.14,20,5,2,Engine
3912,143,2023-11-23,Repair,568.34,21,9,3,Transmission
3913,40,2023-03-29,Routine,3371.52,10,1,2,Tires
3914,110,2023-10-22,Warranty,3346.87,12,9,3,Tires
3915,165,2022-10-11,Warranty,4229.29,27,7,4,Tires
3916,22,2023-05-31,Routine,4128.93,19,3,4,Transmission
3917,49,2024-07-20,Repair,1171.34,6,2,0,Brakes
3918,155,2025-05-02,Routine,3250.13,18,9,4,Brakes
3919,131,2023-03-31,Warranty,1447.23,1,7,4,Brakes
3920,117,2023-07-14,Warranty,3111.76,14,1,4,Transmission
3921,60,2025-01-08,Warranty,1844.5,6,8,2,Tires
3922,149,2024-10-05,Routine,4144.41,8,8,5,Tires
3923,64,2025-08-10,Routine,2540.94,13,2,2,Engine
3924,162,2025-05-02,Warranty,2504.99,28,3,1,Brakes
3925,5,2024-04-23,Warranty,4987.57,10,8,4,Brakes
3926,135,2025-07-14,Repair,1123.51,17,9,1,Engine
3927,199,2025-07-19,Repair,2951.5,26,7,1,Brakes
3928,161,2025-09-07,Warranty,146.41,10,3,0,Transmission
3929,66,2024-02-06,Repair,3939.78,23,8,0,Brakes
3930,71,2024-07-09,Warranty,4546.99,28,3,4,Transmission
3931,33,2024-06-21,Warranty,4984.1,10,10,5,Brakes
3932,48,2023-11-24,Repair,1209.14,19,3,5,Transmission
3933,196,2024-06-30,Routine,1661.94,4,3,1,Tires
3934,186,2024-03-18,Warranty,446.49,16,9,0,Engine
3935,47,2023-01-04,Routine,1903.07,26,5,0,Tires
3936,132,2025-08-22,Repair,3401.3,5,10,0,Tires
3937,4,2022-12-01,Routine,3691.43,9,7,5,Engine
3938,90,2024-03-08,Routine,2558.09,13,5,0,Engine
3939,79,2025-04-29,Repair,988.12,12,6,1,Transmission
3940,81,2025-06-05,Repair,4676.68,9,7,3,Brakes
3941,105,2025-05-22,Warranty,2590.57,17,4,1,Tires
3942,180,2025-03-05,Warranty,4631.09,12,10,3,Transmission
3943,62,2023-06-14,Warranty,1647.73,1,7,3,Tires
3944,83,2023-07-25,Warranty,1085.54,2,7,5,Tires
3945,190,2025-03-01,Warranty,2944.72,16,2,1,Brakes
3946,157,2024-09-26,Routine,2447.17,1,7,1,Transmission
3947,147,2024-10-18,Routine,370.16,4,6,0,Transmission
3948,165,2025-07-26,Warranty,1151.84,24,6,4,Transmission
3949,127,2025-04-22,Repair,1048.55,13,2,3,Engine
3950,169,2023-10-11,Warranty,3469.91,20,5,5,Engine
3951,96,2023-08-10,Routine,2497.42,28,8,0,Tires
3952,22,2024-06-07,Routine,149.06,11,2,1,Tires
3953,37,2023-08-28,Repair,4656.94,2,6,3,Brakes
3954,70,2022-12-22,Warranty,710.49,27,3,0,Tires
3955,129,2025-09-01,Warranty,2750.75,30,2,2,Tires
3956,126,2025-08-03,Warranty,4418.13,23,7,0,Tires
3957,108,2025-09-15,Routine,2449.75,25,8,3,Engine
3958,196,2023-09-10,Warranty,2742.95,4,3,5,Tires
3959,42,2023-10-09,Repair,4051.07,1,2,1,Tires
3960,182,2024-01-04,Routine,773.89,8,7,5,Engine
3961,148,2023-07-28,Warranty,3715.67,9,8,1,Transmission
3962,193,2023-07-07,Routine,4548.1,23,5,5,Tires
3963,177,2023-08-11,Routine,1514.6,6,1,1,Engine
3964,153,2025-01-18,Routine,3525.6,6,3,5,Brakes
3965,183,2025-02-24,Warranty,2161.07,9,6,2,Transmission
3966,175,2022-11-30,Warranty,2515.49,25,6,2,Brakes
3967,161,2025-03-25,Routine,4642.58,15,6,2,Engine
3968,184,2023-07-26,Routine,4715.22,22,6,5,Brakes
3969,25,2024-02-27,Routine,4771.78,24,2,5,Transmission
3970,150,2024-11-20,Repair,3605.32,27,4,3,Transmission
3971,95,2025-01-09,Routine,3744.85,9,9,0,Engine
3972,72,2023-08-11,Warranty,2034.01,7,6,1,Transmission
3973,134,2024-05-13,Routine,2799.58,10,7,5,Engine
3974,82,2023-04-02,Warranty,295.2,7,1,4,Engine
3975,93,2025-07-08,Repair,4653.88,18,2,1,Transmission
3976,175,2024-01-24,Warranty,3002.65,25,6,3,Tires
3977,106,2022-12-14,Repair,2041.91,11,4,1,Engine
3978,177,2024-03-05,Routine,902.87,18,6,2,Brakes
3979,120,2023-04-18,Routine,4315.54,7,8,3,Transmission
3980,81,2022-12-23,Warranty,3419.1,4,5,5,Transmission
3981,68,2023-08-12,Routine,3522.55,13,7,1,Tires
3982,183,2023-05-23,Routine,254.26,22,9,1,Engine
3983,19,2024-02-05,Repair,3766.32,22,6,2,Transmission
3984,155,2024-12-30,Repair,973.57,13,5,4,Transmission
3985,52,2022-12-12,Routine,613.24,21,4,0,Tires
3986,161,2023-12-02,Repair,2001.56,28,7,4,Transmission
3987,153,2023-02-14,Repair,1109.8,11,7,0,Transmission
3988,72,2023-04-14,Repair,3276.86,19,2,4,Transmission
3989,111,2023-10-20,Warranty,4273.81,12,9,3,Engine
3990,181,2024-12-21,Routine,3632.82,18,3,2,Engine
3991,164,2024-10-30,Routine,4652.45,23,4,4,Transmission
3992,122,2023-12-11,Repair,4973.37,6,1,4,Tires
3993,18,2024-12-26,Warranty,1610.73,13,7,5,Engine
3994,94,2023-07-11,Warranty,1035.85,16,7,1,Tires
3995,106,2023-02-05,Warranty,3789.62,3,1,3,Brakes
3996,165,2023-09-12,Routine,3907.3,18,1,0,Transmission
3997,82,2022-12-18,Routine,2196.83,4,1,5,Brakes
3998,25,2024-08-24,Routine,4900.11,9,4,5,Transmission
3999,95,2023-11-26,Warranty,2973.14,25,7,0,Brakes
4000,110,2023-01-20,Routine,1393.38,9,8,4,Brakes
4001,169,2024-04-12,Routine,3196.83,27,4,1,Engine
4002,85,2022-10-25,Routine,2112.28,22,8,4,Brakes
4003,107,2025-08-30,Routine,157.23,9,8,0,Brakes
4004,20,2024-12-29,Routine,4836.96,4,9,3,Engine
4005,199,2023-02-04,Repair,225.11,6,4,4,Transmission
4006,185,2023-06-08,Warranty,3222.47,4,4,5,Tires
4007,129,2025-04-20,Routine,4718.55,15,5,5,Engine
4008,177,2025-06-14,Routine,2880.75,18,6,5,Transmission
4009,162,2023-09-09,Routine,3615.36,3,10,2,Tires
4010,37,2025-04-28,Repair,4022.78,5,7,5,Tires
4011,2,2023-12-09,Routine,4292.28,29,8,2,Tires
4012,156,2024-06-19,Repair,870.26,4,3,1,Tires
4013,119,2023-04-10,Warranty,4799.46,3,1,2,Transmission
4014,65,2024-04-22,Repair,3137.0,4,4,5,Brakes
4015,22,2025-05-07,Repair,1503.28,21,5,0,Transmission
4016,67,2024-12-15,Routine,2622.87,25,7,0,Engine
4017,87,2024-09-25,Repair,2910.97,5,9,5,Engine
4018,74,2024-10-04,Warranty,2356.58,18,1,3,Tires
4019,182,2023-07-17,Repair,1012.45,27,2,2,Transmission
4020,89,2025-05-15,Warranty,2959.65,25,3,5,Transmission
4021,159,2023-09-03,Repair,1264.89,26,8,3,Transmission
4022,179,2024-10-31,Warranty,524.32,4,1,5,Transmission
4023,32,2023-01-04,Routine,964.91,6,9,1,Tires
4024,42,2025-09-07,Warranty,4904.3,7,2,4,Transmission
4025,109,2024-12-27,Warranty,310.14,28,6,5,Transmission
4026,193,2023-05-11,Repair,4957.87,22,10,5,Tires
4027,92,2025-01-24,Routine,581.08,30,1,1,Engine
4028,53,2024-11-26,Repair,2561.73,13,5,0,Transmission
4029,80,2024-11-27,Warranty,4647.45,4,9,1,Transmission
4030,116,2024-10-21,Routine,703.68,25,9,3,Transmission
4031,138,2025-07-23,Routine,468.56,27,4,1,Transmission
4032,142,2023-02-22,Warranty,1827.1,27,9,5,Brakes
4033,20,2023-10-02,Repair,881.94,2,2,1,Transmission
4034,38,2024-11-19,Routine,2552.7,10,10,1,Transmission
4035,8,2023-01-10,Warranty,2071.29,5,3,2,Transmission
4036,36,2023-08-01,Warranty,1654.16,10,9,0,Transmission
4037,156,2023-05-26,Repair,1142.35,25,3,0,Brakes
4038,54,2025-06-06,Warranty,1757.65,3,2,1,Brakes
4039,132,2023-06-12,Routine,4324.4,12,8,4,Transmission
4040,194,2025-06-18,Routine,1676.91,1,10,0,Tires
4041,184,2024-11-26,Repair,652.36,16,5,5,Engine
4042,70,2024-05-30,Repair,3882.55,9,4,3,Transmission
4043,16,2024-11-15,Warranty,4754.92,26,1,3,Transmission
4044,118,2023-07-10,Routine,1145.4,30,7,3,Tires
4045,89,2025-03-15,Routine,554.02,14,7,0,Brakes
4046,120,2023-02-16,Repair,1582.04,3,4,1,Tires
4047,144,2023-12-10,Warranty,3732.88,15,4,2,Transmission
4048,7,2022-10-30,Routine,3954.0,2,2,0,Transmission
4049,189,2023-03-23,Routine,2311.66,19,5,0,Transmission
4050,131,2023-10-26,Routine,4776.69,14,5,4,Transmission
4051,188,2024-10-28,Routine,1489.69,7,7,0,Engine
4052,13,2025-05-25,Repair,1886.81,9,6,1,Engine
4053,80,2023-10-03,Routine,4855.47,21,2,3,Engine
4054,28,2023-03-05,Repair,1728.6,2,4,4,Tires
4055,36,2024-06-26,Repair,3370.62,15,9,1,Transmission
4056,196,2023-03-09,Warranty,3164.38,11,6,2,Engine
4057,187,2024-05-17,Warranty,3678.93,5,5,2,Tires
4058,134,2024-05-02,Warranty,2504.22,23,10,1,Tires
4059,104,2023-02-13,Repair,3235.96,15,5,4,Tires
4060,179,2024-07-16,Repair,3015.05,23,10,1,Transmission
4061,171,2024-06-16,Repair,4627.51,8,3,0,Tires
4062,116,2025-04-25,Warranty,183.89,24,5,1,Transmission
4063,140,2023-01-21,Repair,3831.28,15,2,1,Transmission
4064,131,2025-07-07,Repair,672.95,3,2,3,Engine
4065,55,2025-05-08,Warranty,329.55,20,2,5,Transmission
4066,131,2023-08-05,Repair,2174.85,12,6,3,Brakes
4067,10,2023-05-09,Repair,3560.91,1,3,0,Engine
4068,59,2024-08-27,Warranty,954.75,8,2,1,Tires
4069,73,2025-05-11,Repair,122.71,19,2,5,Brakes
4070,62,2023-08-06,Warranty,3802.09,10,4,3,Engine
4071,146,2023-08-10,Routine,2958.37,25,8,3,Transmission
4072,122,2023-01-05,Warranty,2123.85,10,2,4,Tires
4073,195,2025-03-30,Repair,4187.15,30,3,2,Engine
4074,178,2023-08-13,Routine,4601.86,19,1,0,Engine
4075,21,2025-09-21,Repair,3676.64,4,4,3,Transmission
4076,85,2023-03-27,Repair,4437.84,10,9,2,Engine
4077,102,2025-03-06,Repair,3336.77,4,3,5,Brakes
4078,148,2024-04-24,Repair,2503.73,28,6,5,Transmission
4079,48,2025-05-16,Warranty,2740.31,30,6,2,Engine
4080,119,2023-01-25,Routine,1560.72,22,10,5,Engine
4081,143,2023-03-16,Warranty,591.94,20,3,0,Tires
4082,40,2024-09-25,Warranty,3942.36,30,9,5,Brakes
4083,58,2023-04-11,Warranty,4259.5,26,2,2,Engine
4084,188,2024-06-25,Repair,3263.61,1,9,3,Engine
4085,90,2024-09-29,Repair,541.36,25,3,0,Transmission
4086,110,2025-07-14,Repair,464.17,23,6,2,Tires
4087,102,2022-12-12,Routine,1377.2,11,7,3,Transmission
4088,94,2024-05-25,Repair,278.34,27,7,0,Tires
4089,180,2025-05-29,Routine,1165.47,15,5,3,Tires
4090,143,2024-03-22,Routine,3103.2,8,10,0,Transmission
4091,109,2025-09-11,Routine,3530.19,16,7,1,Brakes
4092,83,2024-07-23,Routine,3243.41,4,9,1,Brakes
4093,44,2024-02-28,Warranty,2798.74,9,6,4,Engine
4094,153,2025-01-14,Repair,3401.63,25,3,3,Transmission
4095,29,2023-05-03,Routine,4328.84,28,2,2,Engine
4096,185,2024-07-05,Repair,2463.28,15,9,1,Brakes
4097,199,2025-07-17,Repair,480.43,12,6,1,Brakes
4098,118,2025-02-03,Warranty,782.32,12,6,0,Tires
4099,12,2024-05-22,Warranty,404.66,8,8,4,Transmission
4100,131,2025-03-16,Routine,3323.97,11,6,1,Tires
4101,46,2023-02-11,Routine,2692.14,17,7,2,Transmission
4102,6,2023-09-21,Warranty,2591.46,21,7,1,Transmission
4103,119,2024-01-05,Repair,1169.08,19,10,2,Tires
4104,187,2023-08-15,Repair,827.94,13,4,0,Tires
4105,75,2023-12-22,Routine,2711.77,19,2,3,Brakes
4106,36,2024-10-20,Repair,2626.74,26,4,5,Transmission
4107,34,2024-01-28,Warranty,640.38,16,7,1,Brakes
4108,175,2022-10-09,Repair,2897.66,14,7,4,Engine
4109,120,2025-02-24,Repair,4238.41,11,5,5,Engine
4110,22,2023-04-03,Warranty,1992.75,7,7,1,Brakes
4111,15,2025-07-22,Repair,4105.76,26,4,1,Transmission
4112,8,2025-08-29,Repair,280.64,13,8,2,Tires
4113,187,2024-04-19,Repair,1397.68,30,3,2,Brakes
4114,188,2025-04-13,Warranty,4950.31,8,8,4,Engine
4115,194,2025-06-30,Routine,277.07,11,9,5,Engine
4116,112,2023-03-22,Repair,2436.01,20,9,3,Brakes
4117,54,2023-08-30,Repair,4537.46,1,5,2,Brakes
4118,13,2024-06-04,Repair,574.64,23,3,1,Engine
4119,103,2025-06-30,Warranty,2245.86,7,8,5,Engine
4120,89,2025-07-13,Warranty,1015.67,28,9,0,Transmission
4121,153,2024-11-30,Repair,4018.92,28,6,1,Tires
4122,162,2023-04-17,Repair,2050.54,15,5,0,Tires
4123,120,2024-09-10,Warranty,4916.88,9,9,3,Transmission
4124,50,2024-08-10,Repair,3615.24,3,9,5,Tires
4125,157,2024-02-11,Routine,1768.71,28,7,0,Engine
4126,64,2022-11-10,Repair,1579.46,18,8,0,Transmission
4127,66,2024-08-17,Repair,4829.3,10,10,0,Brakes
4128,15,2023-08-10,Repair,1118.13,2,2,3,Tires
4129,3,2025-04-19,Routine,4135.37,23,8,4,Transmission
4130,95,2024-09-20,Warranty,421.32,17,10,3,Transmission
4131,94,2025-01-04,Routine,2865.02,22,2,3,Tires
4132,148,2023-11-21,Warranty,4495.78,20,9,1,Transmission
4133,150,2023-04-23,Warranty,1787.81,15,1,4,Tires
4134,124,2024-03-12,Repair,2885.41,2,8,5,Engine
4135,7,2024-05-17,Routine,4045.81,10,3,3,Transmission
4136,159,2022-11-06,Warranty,3512.57,12,6,1,Tires
4137,168,2023-09-13,Routine,367.83,23,5,2,Brakes
4138,14,2025-06-20,Warranty,945.05,7,1,4,Engine
4139,187,2023-12-06,Routine,4387.1,9,2,4,Tires
4140,29,2024-02-15,Repair,3564.86,18,5,1,Brakes
4141,52,2023-06-17,Repair,2978.12,30,7,0,Tires
4142,53,2023-11-11,Warranty,4367.65,23,10,3,Brakes
4143,77,2023-04-29,Warranty,3155.46,26,6,2,Brakes
4144,158,2025-09-01,Warranty,4156.81,10,2,1,Transmission
4145,199,2024-09-23,Repair,873.27,8,7,3,Brakes
4146,69,2023-02-03,Repair,552.1,7,5,0,Brakes
4147,143,2025-06-23,Repair,4731.24,23,4,5,Engine
4148,142,2025-03-05,Warranty,4665.19,28,10,0,Engine
4149,83,2024-06-01,Repair,1551.02,25,1,0,Tires
4150,4,2023-11-23,Repair,786.78,4,6,5,Engine
4151,55,2024-08-02,Warranty,4785.93,2,7,5,Tires
4152,100,2023-04-23,Repair,3520.73,27,8,1,Engine
4153,172,2022-10-22,Repair,2747.23,7,10,4,Tires
4154,181,2025-05-23,Repair,3877.38,23,7,3,Brakes
4155,186,2024-10-24,Warranty,506.56,13,2,0,Tires
4156,19,2024-10-29,Repair,3526.22,9,8,2,Engine
4157,106,2023-04-28,Warranty,2230.2,9,6,5,Engine
4158,22,2024-01-29,Warranty,3494.13,10,2,4,Engine
4159,134,2024-06-09,Repair,4390.08,27,6,1,Brakes
4160,17,2023-12-24,Warranty,2842.58,7,6,2,Transmission
4161,21,2023-11-22,Repair,3296.2,22,5,1,Transmission
4162,87,2023-01-17,Routine,771.13,11,3,3,Brakes
4163,50,2025-02-18,Warranty,691.84,15,1,1,Tires
4164,12,2023-09-02,Routine,3684.06,21,3,3,Transmission
4165,94,2025-01-02,Warranty,3287.4,5,3,3,Tires
4166,140,2023-09-17,Routine,3327.47,4,3,1,Tires
4167,56,2025-02-26,Warranty,1388.06,1,7,4,Tires
4168,111,2024-08-11,Repair,3183.37,22,2,5,Brakes
4169,34,2023-09-30,Routine,3657.75,27,1,3,Engine
4170,11,2023-03-02,Repair,824.38,18,7,2,Brakes
4171,140,2023-05-02,Warranty,4319.19,10,2,2,Engine
4172,112,2023-05-11,Routine,2935.77,24,10,5,Brakes
4173,194,2025-01-09,Routine,4863.91,6,3,3,Tires
4174,133,2023-06-29,Warranty,2360.24,9,7,2,Engine
4175,120,2024-11-13,Routine,491.54,28,5,0,Engine
4176,130,2025-07-15,Warranty,4820.71,21,8,4,Brakes
4177,79,2023-01-13,Routine,2812.34,13,5,2,Brakes
4178,65,2022-10-10,Repair,3447.07,8,6,1,Tires
4179,59,2024-08-30,Repair,2600.19,27,2,3,Engine
4180,142,2023-07-24,Warranty,2365.55,7,10,3,Engine
4181,10,2024-08-12,Repair,3473.38,26,9,2,Brakes
4182,47,2025-03-30,Warranty,2433.04,4,8,2,Engine
4183,74,2023-04-05,Warranty,2080.56,27,6,2,Transmission
4184,4,2023-06-29,Repair,3295.04,16,9,1,Brakes
4185,27,2023-09-28,Repair,3891.97,21,8,3,Engine
4186,29,2022-11-07,Routine,4887.59,2,3,2,Engine
4187,76,2023-04-15,Repair,1467.81,10,5,0,Brakes
4188,191,2023-07-10,Repair,3057.7,6,2,3,Brakes
4189,45,2025-07-15,Warranty,3863.03,30,9,3,Tires
4190,47,2025-05-19,Routine,3278.38,16,8,0,Engine
4191,98,2022-12-03,Routine,3063.89,21,5,1,Transmission
4192,104,2023-10-19,Repair,599.88,30,3,5,Brakes
4193,121,2024-06-05,Repair,1107.28,10,10,4,Transmission
4194,74,2023-04-10,Repair,777.98,1,6,1,Transmission
4195,63,2024-05-29,Warranty,4443.11,25,2,4,Tires
4196,87,2023-12-12,Warranty,1737.36,13,5,2,Transmission
4197,185,2023-01-08,Repair,1865.34,4,7,0,Tires
4198,41,2024-07-04,Routine,2254.78,6,9,1,Transmission
4199,57,2025-05-14,Repair,4344.04,2,3,5,Engine
4200,117,2023-06-24,Repair,1080.25,1,3,0,Brakes
4201,110,2024-12-30,Routine,1482.88,26,10,3,Engine
4202,126,2022-11-06,Warranty,2640.83,1,6,0,Tires
4203,164,2025-08-23,Routine,525.73,3,1,1,Engine
4204,81,2024-04-08,Routine,2810.44,11,2,3,Engine
4205,91,2025-07-19,Warranty,4173.14,8,9,1,Engine
4206,42,2023-03-21,Routine,1115.82,26,8,4,Transmission
4207,79,2025-02-03,Routine,3151.48,9,2,1,Engine
4208,185,2024-05-02,Warranty,3262.12,19,3,1,Transmission
4209,29,2024-09-08,Routine,1172.59,16,5,4,Engine
4210,124,2023-06-19,Warranty,3160.62,3,4,0,Transmission
4211,66,2023-05-24,Repair,1977.4,2,2,2,Engine
4212,6,2024-08-13,Warranty,3307.59,10,4,4,Tires
4213,182,2023-10-31,Warranty,2155.82,6,2,2,Engine
4214,54,2023-10-27,Routine,3474.76,29,8,0,Tires
4215,63,2023-12-27,Warranty,608.24,25,10,4,Brakes
4216,10,2025-05-02,Routine,735.72,29,2,0,Engine
4217,160,2023-07-28,Warranty,4202.37,7,9,4,Engine
4218,47,2024-06-25,Warranty,4679.17,23,7,2,Transmission
4219,52,2023-05-13,Warranty,2489.38,12,10,1,Engine
4220,47,2024-09-22,Warranty,1031.77,30,7,4,Brakes
4221,160,2024-07-16,Warranty,4901.59,16,7,4,Transmission
4222,73,2024-04-02,Warranty,454.51,16,5,5,Tires
4223,155,2022-10-21,Repair,3802.15,15,10,5,Brakes
4224,64,2023-02-19,Repair,3887.41,27,7,0,Engine
4225,128,2023-12-24,Repair,1293.98,20,4,1,Transmission
4226,138,2023-09-01,Warranty,173.65,29,9,4,Engine
4227,115,2024-05-12,Routine,3016.26,22,4,0,Brakes
4228,40,2025-06-22,Repair,2833.02,17,6,0,Brakes
4229,2,2025-05-02,Repair,4381.84,21,3,2,Transmission
4230,63,2022-10-29,Repair,1038.38,10,2,1,Engine
4231,181,2024-01-29,Repair,4590.15,27,10,0,Engine
4232,119,2022-11-08,Routine,2947.09,19,7,4,Engine
4233,102,2025-07-30,Warranty,2768.86,23,3,4,Transmission
4234,6,2023-05-04,Warranty,2457.15,1,3,2,Transmission
4235,46,2024-08-06,Routine,1471.07,29,3,3,Engine
4236,178,2024-04-21,Routine,1849.39,10,10,2,Transmission
4237,177,2023-10-29,Repair,4413.52,16,7,5,Brakes
4238,102,2023-03-21,Routine,1322.86,7,2,4,Brakes
4239,52,2024-06-20,Warranty,955.7,8,5,3,Transmission
4240,8,2024-04-10,Warranty,4785.03,29,4,3,Brakes
4241,200,2023-03-06,Warranty,4817.64,5,1,5,Engine
4242,82,2025-07-12,Warranty,340.01,12,8,2,Brakes
4243,5,2024-08-20,Routine,3619.64,27,9,3,Engine
4244,62,2025-05-12,Routine,657.13,21,5,5,Transmission
4245,82,2022-12-05,Repair,3070.98,9,9,5,Transmission
4246,152,2023-10-25,Warranty,2017.58,2,3,1,Transmission
4247,42,2025-06-05,Repair,1306.86,2,9,5,Engine
4248,75,2023-03-10,Routine,424.7,3,6,2,Transmission
4249,107,2022-10-12,Repair,4207.0,10,6,3,Transmission
4250,39,2023-11-04,Routine,2819.16,2,1,2,Engine
4251,171,2024-04-22,Routine,1376.13,17,9,4,Tires
4252,71,2024-10-26,Warranty,1744.6,5,4,0,Tires
4253,138,2024-09-11,Warranty,2651.43,19,3,1,Tires
4254,42,2024-05-07,Repair,3008.81,18,4,4,Transmission
4255,108,2024-11-04,Routine,2132.38,13,1,0,Engine
4256,120,2023-12-18,Repair,3416.62,20,6,0,Tires
4257,67,2023-04-09,Warranty,2973.5,30,6,3,Tires
4258,104,2024-07-31,Routine,4951.96,26,6,3,Brakes
4259,28,2024-01-08,Warranty,4411.65,25,8,4,Tires
4260,2,2023-07-09,Routine,3558.66,25,7,5,Transmission
4261,176,2024-04-05,Repair,1463.06,13,9,4,Tires
4262,49,2025-09-01,Warranty,288.16,28,4,1,Tires
4263,55,2024-10-26,Repair,1753.77,5,9,4,Brakes
4264,122,2023-04-15,Warranty,2716.98,14,6,0,Tires
4265,13,2025-10-04,Routine,916.14,28,10,4,Engine
4266,125,2023-09-11,Repair,1834.78,15,9,1,Engine
4267,165,2023-04-06,Warranty,813.46,15,4,2,Transmission
4268,114,2023-02-25,Routine,2631.7,10,1,5,Tires
4269,134,2022-11-25,Repair,2877.85,17,6,0,Brakes
4270,1,2023-01-14,Routine,3170.0,19,8,0,Brakes
4271,137,2023-06-20,Repair,3079.3,8,1,0,Brakes
4272,126,2025-04-23,Warranty,4431.15,7,4,3,Brakes
4273,88,2023-07-03,Warranty,4996.81,23,10,2,Tires
4274,174,2024-05-14,Repair,1275.92,3,3,2,Tires
4275,149,2023-11-12,Warranty,635.89,9,10,1,Brakes
4276,131,2024-06-17,Routine,3854.81,19,6,5,Engine
4277,45,2025-04-23,Repair,3685.97,16,10,2,Engine
4278,106,2024-07-22,Warranty,256.66,23,8,4,Brakes
4279,119,2023-01-20,Routine,1212.1,27,4,4,Transmission
4280,183,2025-03-30,Repair,3648.64,18,8,0,Brakes
4281,38,2023-05-21,Repair,1208.19,7,3,1,Engine
4282,54,2023-05-31,Routine,2387.01,21,6,0,Tires
4283,185,2025-08-05,Routine,757.83,16,7,3,Engine
4284,121,2025-02-06,Warranty,281.62,29,3,4,Engine
4285,118,2025-05-10,Routine,888.26,18,2,3,Engine
4286,79,2025-05-22,Warranty,2958.92,26,2,4,Brakes
4287,197,2024-10-06,Repair,357.14,14,4,4,Engine
4288,93,2025-06-14,Warranty,4433.8,13,5,1,Tires
4289,116,2022-12-04,Warranty,679.75,4,6,5,Engine
4290,50,2023-10-10,Repair,4346.54,19,10,1,Transmission
4291,192,2022-12-28,Repair,1977.58,26,2,3,Brakes
4292,2,2024-09-07,Repair,2642.48,5,4,3,Engine
4293,90,2024-12-09,Routine,4088.26,16,5,0,Transmission
4294,155,2024-09-22,Repair,4197.56,6,2,0,Brakes
4295,64,2023-12-04,Routine,2374.66,11,6,4,Tires
4296,126,2023-04-30,Routine,1621.55,26,5,4,Brakes
4297,117,2024-02-13,Warranty,4470.11,13,2,5,Brakes
4298,20,2025-07-24,Warranty,1910.96,2,6,3,Engine
4299,80,2023-01-28,Warranty,517.08,19,7,2,Tires
4300,170,2024-07-05,Warranty,1579.64,21,8,3,Transmission
4301,95,2023-08-08,Routine,1235.28,18,7,2,Transmission
4302,70,2023-07-25,Routine,4108.56,15,7,0,Engine
4303,200,2024-02-01,Warranty,317.56,14,5,3,Tires
4304,51,2023-10-02,Warranty,3246.41,14,5,5,Transmission
4305,144,2024-09-13,Repair,1508.1,2,7,1,Tires
4306,181,2025-07-09,Routine,1694.78,9,1,2,Brakes
4307,169,2024-02-29,Repair,1286.16,17,8,3,Brakes
4308,96,2023-05-13,Warranty,3011.91,7,3,5,Engine
4309,172,2022-10-11,Repair,4270.62,10,7,4,Tires
4310,20,2023-06-06,Repair,3890.9,5,4,4,Engine
4311,187,2024-04-11,Warranty,2209.52,17,5,5,Brakes
4312,167,2023-08-01,Routine,2487.75,17,1,5,Brakes
4313,94,2024-05-31,Repair,945.18,23,9,2,Engine
4314,170,2025-03-05,Routine,4090.65,29,4,5,Tires
4315,56,2024-12-21,Repair,4324.21,5,6,3,Transmission
4316,129,2024-01-29,Warranty,4145.95,18,4,1,Tires
4317,24,2023-09-23,Repair,288.71,13,8,1,Transmission
4318,101,2024-06-21,Repair,1038.06,29,8,4,Transmission
4319,184,2024-01-09,Warranty,3554.43,23,7,3,Engine
4320,155,2025-09-11,Warranty,2335.82,30,2,5,Brakes
4321,48,2024-12-31,Warranty,3299.04,1,4,1,Transmission
4322,126,2024-10-18,Repair,4595.18,27,3,1,Transmission
4323,174,2022-10-07,Repair,826.75,13,3,1,Brakes
4324,147,2024-08-20,Warranty,4437.04,28,8,2,Transmission
4325,136,2023-03-29,Warranty,4084.55,4,2,4,Tires
4326,83,2022-12-02,Repair,2283.56,28,5,3,Transmission
4327,179,2023-05-29,Repair,593.78,20,10,0,Engine
4328,107,2025-04-27,Routine,4335.77,20,1,4,Brakes
4329,186,2023-08-01,Warranty,4457.67,2,5,2,Engine
4330,2,2023-10-12,Warranty,2070.68,10,8,5,Engine
4331,134,2024-05-06,Routine,2231.46,19,2,3,Brakes
4332,42,2023-01-13,Repair,4362.25,6,1,0,Brakes
4333,104,2023-04-24,Repair,2241.7,3,6,1,Tires
4334,57,2024-08-25,Warranty,1765.18,6,7,5,Tires
4335,101,2024-12-20,Routine,4079.16,1,6,2,Engine
4336,102,2024-02-15,Routine,2423.57,14,9,4,Transmission
4337,84,2024-06-18,Routine,331.68,17,10,4,Brakes
4338,112,2022-12-19,Warranty,1589.6,14,2,3,Tires
4339,5,2023-03-25,Repair,3619.39,26,7,2,Transmission
4340,124,2022-10-09,Routine,2734.02,28,6,3,Tires
4341,17,2024-06-02,Repair,537.84,30,5,2,Brakes
4342,43,2023-09-29,Routine,4097.42,10,10,0,Engine
4343,147,2024-12-01,Routine,3180.9,26,4,4,Engine
4344,73,2022-10-15,Routine,4502.58,2,5,2,Engine
4345,142,2024-04-03,Repair,2172.64,4,10,1,Tires
4346,15,2024-08-06,Routine,3552.5,18,1,0,Transmission
4347,81,2024-08-02,Repair,3480.61,17,10,1,Brakes
4348,188,2023-09-21,Routine,4907.7,27,8,4,Brakes
4349,5,2024-03-01,Routine,2735.46,13,8,3,Transmission
4350,160,2024-08-22,Repair,862.58,30,1,0,Transmission
4351,70,2025-01-29,Warranty,3230.6,8,9,5,Tires
4352,40,2024-03-01,Routine,1319.47,17,7,1,Engine
4353,104,2023-04-18,Warranty,4426.06,28,9,4,Transmission
4354,5,2025-07-30,Routine,2442.43,11,9,1,Transmission
4355,161,2024-10-25,Repair,1397.18,8,9,5,Transmission
4356,104,2025-07-24,Warranty,563.56,28,3,2,Tires
4357,79,2023-05-26,Repair,3313.05,5,6,2,Brakes
4358,177,2023-01-27,Warranty,4733.43,27,6,5,Brakes
4359,52,2025-03-06,Warranty,2834.37,28,8,3,Tires
4360,163,2022-10-23,Repair,1929.4,29,3,2,Engine
4361,142,2023-04-21,Repair,575.85,8,9,5,Tires
4362,144,2024-09-05,Warranty,1034.62,7,7,0,Tires
4363,95,2024-12-26,Warranty,1040.79,22,9,1,Engine
4364,84,2025-05-02,Repair,180.85,19,8,5,Engine
4365,109,2025-07-18,Repair,2568.26,5,6,2,Transmission
4366,70,2025-07-02,Warranty,308.55,5,8,4,Tires
4367,167,2024-03-15,Warranty,4806.73,17,5,1,Tires
4368,46,2023-12-10,Warranty,2123.91,10,8,1,Transmission
4369,150,2025-08-19,Routine,3035.26,13,2,1,Brakes
4370,197,2023-12-27,Routine,1731.67,18,9,5,Brakes
4371,58,2024-03-13,Routine,1630.05,11,6,4,Tires
4372,179,2023-08-28,Routine,3181.99,25,9,5,Transmission
4373,130,2025-03-30,Repair,694.02,7,10,0,Brakes
4374,168,2025-04-21,Warranty,1058.77,12,6,3,Brakes
4375,132,2024-05-05,Repair,4750.16,18,9,2,Brakes
4376,174,2024-02-03,Warranty,3058.63,3,4,2,Tires
4377,167,2023-04-21,Warranty,1578.88,14,3,4,Brakes
4378,122,2023-11-22,Warranty,2322.63,26,3,1,Transmission
4379,142,2024-06-25,Routine,4038.67,3,5,1,Tires
4380,34,2024-06-15,Repair,933.13,1,5,4,Brakes
4381,188,2025-05-20,Repair,4310.19,20,7,4,Tires
4382,172,2024-07-22,Warranty,4123.48,29,5,4,Engine
4383,11,2022-10-26,Routine,1941.49,29,1,5,Brakes
4384,38,2023-03-11,Routine,3086.25,24,7,4,Brakes
4385,199,2023-11-01,Routine,3493.38,28,5,2,Transmission
4386,179,2022-10-24,Routine,1677.4,14,9,1,Tires
4387,27,2025-07-28,Repair,1583.27,21,7,5,Tires
4388,58,2024-03-20,Routine,521.86,21,4,4,Tires
4389,173,2025-08-12,Routine,4532.36,9,5,3,Transmission
4390,182,2025-01-30,Routine,1865.02,12,6,3,Transmission
4391,47,2023-02-09,Warranty,1644.24,18,3,2,Brakes
4392,197,2024-07-28,Routine,4411.27,2,7,3,Brakes
4393,137,2024-05-20,Routine,1591.11,28,8,3,Transmission
4394,189,2024-04-18,Warranty,3280.95,16,10,0,Engine
4395,129,2023-09-07,Warranty,3988.54,7,5,5,Tires
4396,15,2023-01-09,Warranty,3942.51,8,1,0,Engine
4397,52,2023-08-08,Repair,3110.35,21,3,1,Tires
4398,86,2025-05-18,Routine,3767.44,20,2,4,Transmission
4399,36,2024-06-06,Routine,3233.35,5,6,5,Brakes
4400,190,2024-11-27,Routine,1182.29,2,8,4,Brakes
4401,44,2023-03-10,Warranty,2882.37,17,2,3,Transmission
4402,194,2024-05-24,Routine,1983.22,3,9,0,Engine
4403,161,2025-05-14,Warranty,998.28,24,5,4,Brakes
4404,186,2025-05-26,Warranty,3750.96,5,4,1,Tires
4405,83,2023-10-13,Warranty,4557.29,15,5,2,Tires
4406,162,2023-12-24,Warranty,1263.79,14,9,1,Tires
4407,65,2022-10-20,Routine,3580.03,3,3,5,Transmission
4408,119,2023-01-17,Warranty,4219.61,18,10,3,Transmission
4409,31,2023-02-26,Routine,109.67,4,5,2,Tires
4410,75,2024-01-16,Routine,1602.65,4,9,5,Transmission
4411,136,2023-02-26,Routine,2188.76,20,8,3,Transmission
4412,18,2023-09-01,Repair,1347.85,24,9,4,Engine
4413,100,2024-12-09,Warranty,1223.74,11,10,1,Engine
4414,17,2024-02-28,Warranty,4594.35,7,2,0,Tires
4415,184,2023-03-10,Repair,631.19,26,10,5,Tires
4416,58,2025-02-24,Routine,3574.59,19,6,3,Transmission
4417,194,2025-06-18,Repair,3291.77,16,5,3,Tires
4418,133,2023-01-17,Warranty,812.23,13,2,4,Transmission
4419,85,2024-04-27,Warranty,3958.24,10,7,2,Transmission
4420,2,2025-03-23,Routine,4249.29,23,5,2,Tires
4421,40,2022-11-16,Repair,3912.95,15,4,0,Tires
4422,157,2024-08-20,Repair,2193.0,25,9,5,Engine
4423,30,2024-09-11,Warranty,1928.47,12,4,1,Tires
4424,26,2023-07-06,Routine,4938.87,6,2,2,Engine
4425,174,2025-03-21,Routine,1314.42,27,8,3,Tires
4426,188,2023-06-25,Repair,4428.83,26,5,3,Transmission
4427,61,2024-07-02,Warranty,3072.88,24,1,0,Engine
4428,50,2023-09-26,Routine,254.16,25,7,1,Engine
4429,162,2025-04-21,Warranty,2429.76,27,8,0,Brakes
4430,40,2024-04-22,Warranty,343.62,28,5,1,Tires
4431,31,2023-07-04,Repair,4278.94,13,1,3,Brakes
4432,153,2024-10-02,Warranty,3142.81,27,9,4,Tires
4433,87,2025-05-12,Repair,1709.97,7,6,3,Brakes
4434,76,2025-01-08,Warranty,982.09,27,3,3,Transmission
4435,135,2025-02-19,Routine,1366.07,20,9,2,Brakes
4436,52,2025-07-04,Routine,1052.62,29,3,2,Engine
4437,2,2023-11-27,Routine,4756.36,1,1,4,Brakes
4438,143,2023-05-29,Warranty,2094.97,16,2,5,Tires
4439,119,2025-07-12,Routine,994.41,7,3,0,Transmission
4440,191,2023-07-14,Routine,3221.07,22,10,4,Tires
4441,169,2025-02-10,Repair,615.03,8,4,5,Tires
4442,185,2025-01-26,Repair,4984.13,28,6,0,Engine
4443,68,2023-06-25,Repair,1101.69,30,8,5,Brakes
4444,193,2024-06-20,Routine,954.44,2,10,0,Engine
4445,172,2024-03-04,Repair,1288.04,15,7,2,Tires
4446,95,2024-11-15,Repair,4448.48,2,7,1,Brakes
4447,4,2025-05-18,Warranty,1046.59,25,10,4,Tires
4448,122,2023-10-18,Repair,1302.43,23,9,0,Brakes
4449,156,2024-12-29,Warranty,610.42,19,3,5,Engine
4450,34,2023-08-23,Routine,888.45,17,4,1,Transmission
4451,71,2024-12-15,Routine,492.31,23,2,3,Transmission
4452,36,2023-07-30,Warranty,3895.45,17,8,4,Brakes
4453,182,2024-07-06,Warranty,557.31,2,6,2,Tires
4454,9,2023-03-14,Warranty,4696.97,15,7,0,Brakes
4455,174,2023-09-29,Warranty,1701.63,2,6,0,Engine
4456,30,2022-10-18,Repair,2187.02,22,10,1,Engine
4457,178,2025-06-19,Warranty,3136.58,28,1,3,Brakes
4458,193,2023-10-28,Warranty,4616.86,15,10,5,Engine
4459,166,2023-12-01,Repair,4386.78,17,6,4,Tires
4460,106,2022-11-07,Routine,3678.55,7,10,3,Tires
4461,112,2024-12-16,Repair,1002.82,19,5,1,Tires
4462,29,2024-08-01,Repair,3143.29,8,10,4,Brakes
4463,86,2024-05-23,Repair,2971.13,12,10,2,Brakes
4464,144,2025-02-03,Warranty,4002.79,27,2,3,Transmission
4465,35,2025-04-28,Warranty,3741.0,5,5,0,Brakes
4466,141,2024-03-23,Warranty,3326.75,15,6,3,Brakes
4467,109,2022-12-04,Routine,4009.38,29,8,2,Tires
4468,57,2024-06-20,Repair,3786.12,5,7,3,Transmission
4469,127,2023-02-03,Warranty,3822.85,13,4,3,Engine
4470,118,2023-12-09,Repair,3856.78,8,10,5,Transmission
4471,87,2024-08-08,Routine,3186.89,9,4,2,Transmission
4472,196,2025-07-16,Warranty,2345.9,29,5,5,Brakes
4473,158,2024-03-09,Routine,2949.85,3,4,0,Tires
4474,51,2023-01-02,Routine,3430.23,3,4,0,Engine
4475,38,2022-12-14,Routine,3980.16,25,6,2,Engine
4476,10,2024-09-09,Repair,3197.16,4,10,1,Brakes
4477,84,2025-01-19,Warranty,2203.88,27,5,0,Transmission
4478,68,2023-05-23,Warranty,1443.14,5,9,4,Engine
4479,98,2023-09-26,Warranty,3841.84,9,1,3,Tires
4480,140,2025-07-26,Warranty,3190.26,1,7,5,Tires
4481,61,2024-08-06,Repair,3229.15,30,6,4,Transmission
4482,153,2023-06-03,Warranty,3867.11,12,4,1,Tires
4483,121,2023-07-06,Routine,4628.14,3,7,1,Transmission
4484,122,2024-03-26,Routine,2775.16,5,1,3,Tires
4485,140,2025-02-01,Routine,1665.03,26,6,1,Engine
4486,4,2025-03-03,Repair,4511.02,13,2,1,Engine
4487,98,2023-09-25,Routine,1186.73,9,1,4,Transmission
4488,53,2025-07-15,Warranty,3914.22,28,9,5,Transmission
4489,197,2024-10-10,Routine,4179.35,19,3,4,Tires
4490,158,2023-02-27,Repair,168.51,3,4,4,Engine
4491,93,2025-04-02,Routine,595.02,21,3,2,Transmission
4492,76,2024-09-17,Warranty,995.29,4,10,0,Tires
4493,51,2024-10-12,Repair,3162.71,26,2,4,Engine
4494,153,2024-10-17,Warranty,4215.56,26,9,3,Tires
4495,143,2023-01-19,Repair,1051.64,5,7,1,Brakes
4496,45,2025-08-18,Routine,257.54,13,3,3,Engine
4497,52,2023-02-18,Warranty,4442.5,4,5,5,Brakes
4498,89,2024-02-15,Warranty,638.64,25,2,5,Engine
4499,12,2025-01-28,Warranty,3803.31,27,1,2,Brakes
4500,161,2023-09-06,Repair,338.25,29,10,4,Transmission
4501,173,2024-07-10,Warranty,687.58,30,8,1,Brakes
4502,199,2023-05-22,Warranty,1147.98,18,3,5,Brakes
4503,195,2025-02-24,Repair,2159.29,16,3,1,Engine
4504,119,2023-06-23,Repair,1103.5,2,10,3,Engine
4505,123,2025-02-20,Warranty,2384.39,11,3,4,Brakes
4506,113,2024-12-28,Repair,2525.96,20,7,3,Brakes
4507,180,2023-12-17,Repair,1255.07,15,8,1,Brakes
4508,86,2025-10-01,Repair,793.23,9,5,0,Engine
4509,135,2022-12-01,Routine,1868.26,20,10,0,Engine
4510,143,2024-06-27,Repair,2137.2,22,9,4,Transmission
4511,29,2023-08-31,Repair,1910.01,11,4,2,Engine
4512,192,2024-06-23,Repair,3412.98,8,10,1,Engine
4513,118,2023-10-21,Repair,2486.91,13,9,5,Transmission
4514,131,2025-02-09,Routine,4070.04,9,8,2,Tires
4515,173,2024-06-18,Repair,3902.99,21,3,1,Tires
4516,69,2025-04-05,Repair,4040.14,20,3,1,Transmission
4517,140,2023-04-09,Repair,4310.28,16,9,5,Transmission
4518,2,2024-05-13,Repair,247.78,12,2,0,Engine
4519,54,2024-03-01,Routine,4058.58,10,3,4,Transmission
4520,108,2024-01-10,Routine,561.51,10,2,4,Tires
4521,29,2025-02-15,Routine,525.95,17,7,2,Brakes
4522,13,2025-05-06,Routine,351.7,27,1,4,Transmission
4523,173,2025-06-17,Warranty,1964.73,22,10,3,Brakes
4524,138,2025-07-05,Routine,3090.27,26,10,2,Transmission
4525,136,2025-08-18,Routine,3909.94,22,1,0,Engine
4526,61,2025-06-30,Routine,4472.65,12,5,4,Tires
4527,123,2024-05-08,Warranty,2542.17,14,4,4,Transmission
4528,32,2024-06-30,Repair,1529.88,28,10,5,Engine
4529,160,2024-12-30,Repair,795.34,16,3,1,Tires
4530,10,2025-05-06,Warranty,688.15,6,10,1,Engine
4531,48,2023-12-13,Routine,2935.21,26,10,0,Tires
4532,146,2025-04-10,Repair,1252.37,14,4,0,Engine
4533,104,2025-07-11,Routine,4129.51,1,7,1,Engine
4534,93,2023-10-06,Warranty,3237.89,19,9,0,Tires
4535,133,2025-09-06,Warranty,3459.72,14,10,0,Tires
4536,97,2025-02-22,Warranty,3835.52,8,4,5,Transmission
4537,88,2023-11-17,Repair,270.16,4,9,5,Transmission
4538,148,2023-10-14,Routine,890.68,25,1,3,Tires
4539,179,2025-01-24,Routine,2752.04,18,2,0,Brakes
4540,91,2023-09-22,Routine,3184.89,20,2,1,Transmission
4541,198,2024-09-14,Repair,175.4,12,6,4,Tires
4542,179,2025-07-26,Routine,3470.42,18,10,1,Tires
4543,117,2025-08-05,Routine,1777.06,18,2,3,Brakes
4544,155,2025-08-27,Routine,1091.16,22,7,0,Tires
4545,145,2025-06-17,Repair,984.81,2,7,5,Transmission
4546,18,2023-12-29,Routine,3386.27,14,6,3,Brakes
4547,97,2024-05-06,Repair,3763.09,28,8,4,Engine
4548,99,2025-01-18,Repair,3940.74,12,6,4,Engine
4549,38,2024-11-16,Warranty,736.43,17,5,0,Brakes
4550,176,2024-09-28,Routine,256.95,24,10,5,Brakes
4551,49,2023-08-27,Repair,333.07,24,7,3,Engine
4552,154,2022-12-30,Routine,1889.72,29,3,3,Tires
4553,41,2024-05-09,Warranty,3629.15,22,2,5,Brakes
4554,112,2024-11-26,Warranty,3515.43,12,3,5,Tires
4555,54,2025-07-03,Repair,1103.88,19,6,3,Tires
4556,181,2023-03-18,Routine,2071.61,1,6,5,Transmission
4557,20,2024-05-06,Warranty,1326.81,11,4,2,Engine
4558,79,2025-05-26,Warranty,4249.13,30,9,4,Brakes
4559,76,2023-10-24,Repair,4003.4,7,8,2,Engine
4560,12,2022-12-21,Repair,2120.27,28,3,3,Transmission
4561,22,2022-11-13,Routine,622.8,23,3,0,Transmission
4562,78,2024-09-04,Warranty,719.93,8,2,0,Tires
4563,111,2023-09-21,Warranty,254.07,20,2,3,Engine
4564,103,2024-06-13,Repair,1911.87,28,5,0,Engine
4565,182,2024-09-21,Repair,446.48,6,4,5,Tires
4566,22,2023-08-25,Repair,1935.56,21,3,1,Transmission
4567,140,2024-10-11,Warranty,607.3,8,7,4,Tires
4568,38,2023-10-20,Repair,3689.01,8,10,5,Brakes
4569,145,2024-09-17,Warranty,934.61,6,10,0,Brakes
4570,42,2025-06-18,Repair,404.58,28,1,3,Brakes
4571,176,2022-11-27,Warranty,627.09,25,2,4,Transmission
4572,141,2024-11-10,Warranty,4887.02,24,6,2,Brakes
4573,123,2023-07-13,Routine,206.66,1,5,2,Tires
4574,117,2022-11-02,Warranty,2180.97,9,10,4,Engine
4575,196,2024-12-25,Routine,3630.52,10,2,5,Transmission
4576,143,2024-04-26,Routine,2340.0,5,9,2,Brakes
4577,116,2022-12-16,Routine,756.49,11,1,3,Engine
4578,50,2023-09-04,Routine,4559.84,10,10,1,Transmission
4579,28,2024-04-07,Routine,2874.9,7,5,2,Engine
4580,42,2023-08-15,Repair,1864.25,4,2,0,Tires
4581,146,2023-06-01,Repair,3105.39,16,9,5,Transmission
4582,177,2025-01-04,Repair,4777.45,21,4,4,Engine
4583,55,2023-11-23,Repair,444.96,6,6,2,Engine
4584,154,2025-04-13,Repair,1454.87,6,1,4,Brakes
4585,78,2023-06-28,Repair,469.46,29,10,0,Tires
4586,139,2025-07-06,Repair,327.9,21,6,1,Transmission
4587,54,2023-07-24,Warranty,1002.21,13,5,1,Brakes
4588,83,2023-08-23,Repair,1156.74,18,7,1,Tires
4589,7,2023-08-22,Warranty,2927.53,5,4,5,Tires
4590,85,2023-03-29,Routine,3189.95,16,8,2,Transmission
4591,106,2022-11-10,Repair,4768.17,29,9,3,Brakes
4592,176,2024-04-09,Repair,1089.47,18,5,3,Transmission
4593,24,2024-12-04,Routine,1621.8,30,5,1,Brakes
4594,61,2022-12-07,Routine,2095.49,12,10,3,Tires
4595,76,2024-07-15,Repair,2177.33,22,9,5,Transmission
4596,32,2024-03-28,Repair,3069.34,15,10,5,Tires
4597,81,2023-02-03,Warranty,4799.24,6,9,0,Transmission
4598,24,2023-08-03,Warranty,2168.37,16,6,1,Brakes
4599,17,2025-05-06,Warranty,115.9,15,2,0,Transmission
4600,122,2025-03-05,Warranty,2094.1,21,5,4,Transmission
4601,80,2025-06-26,Repair,3719.56,24,9,5,Tires
4602,155,2023-10-13,Routine,3401.38,5,8,2,Tires
4603,114,2022-11-05,Warranty,1332.09,2,10,4,Brakes
4604,102,2024-11-14,Warranty,1127.21,9,7,4,Engine
4605,33,2024-05-18,Repair,4019.5,23,9,2,Tires
4606,195,2024-03-05,Repair,406.66,6,7,0,Brakes
4607,149,2025-01-18,Repair,4439.75,27,1,0,Transmission
4608,156,2023-05-07,Repair,1873.26,23,10,4,Brakes
4609,66,2023-05-14,Repair,317.4,7,5,0,Engine
4610,90,2025-04-28,Warranty,4545.85,6,6,4,Transmission
4611,185,2024-12-17,Routine,390.31,8,4,3,Tires
4612,31,2024-11-08,Routine,4958.31,16,8,0,Tires
4613,195,2023-05-12,Repair,2795.55,16,10,3,Engine
4614,48,2025-04-13,Routine,466.79,23,9,0,Brakes
4615,162,2023-09-11,Repair,355.58,17,8,4,Brakes
4616,33,2024-01-23,Warranty,177.46,1,3,5,Tires
4617,40,2024-07-11,Warranty,3937.14,14,4,3,Brakes
4618,47,2023-04-24,Routine,4582.81,13,9,2,Transmission
4619,112,2023-06-04,Routine,1968.24,24,4,3,Engine
4620,177,2023-02-26,Warranty,928.08,24,9,1,Tires
4621,187,2024-03-26,Warranty,1096.1,25,5,0,Brakes
4622,113,2023-02-10,Routine,229.57,8,4,4,Engine
4623,197,2022-11-09,Routine,2637.15,11,1,5,Tires
4624,151,2025-09-20,Warranty,4114.06,30,4,3,Transmission
4625,11,2023-07-19,Routine,2536.11,22,1,0,Brakes
4626,31,2024-10-09,Routine,235.28,25,6,4,Engine
4627,150,2025-01-18,Warranty,4779.81,20,3,3,Brakes
4628,110,2024-08-13,Repair,2136.7,14,9,0,Tires
4629,38,2024-10-06,Repair,161.07,18,9,4,Tires
4630,58,2023-01-28,Repair,4486.56,14,2,3,Transmission
4631,82,2025-02-15,Repair,2426.67,7,9,1,Tires
4632,46,2023-09-20,Routine,3803.57,21,5,5,Engine
4633,135,2023-06-22,Routine,3989.39,21,5,5,Transmission
4634,28,2023-02-25,Warranty,1223.07,17,4,5,Engine
4635,9,2025-06-12,Routine,3925.37,4,3,3,Tires
4636,127,2023-10-03,Warranty,1640.41,2,1,5,Tires
4637,162,2024-04-27,Repair,2341.96,24,7,5,Brakes
4638,22,2024-07-31,Repair,1332.37,12,5,3,Transmission
4639,103,2025-07-12,Warranty,1653.59,4,5,1,Transmission
4640,105,2023-05-08,Repair,343.5,5,9,2,Tires
4641,23,2024-08-02,Warranty,3811.2,18,9,2,Brakes
4642,132,2024-06-20,Warranty,974.43,3,4,4,Brakes
4643,23,2024-03-11,Routine,1424.88,27,1,0,Tires
4644,120,2025-04-15,Routine,3626.14,17,5,5,Engine
4645,178,2024-03-16,Warranty,3137.96,30,8,3,Tires
4646,178,2024-06-20,Routine,3320.09,8,5,4,Brakes
4647,117,2024-04-17,Routine,539.07,23,6,0,Brakes
4648,152,2025-05-21,Repair,3537.61,21,1,0,Engine
4649,105,2023-02-08,Routine,471.77,18,8,2,Engine
4650,100,2023-11-18,Repair,2886.65,24,3,0,Transmission
4651,64,2023-03-04,Repair,3326.29,26,6,3,Brakes
4652,10,2022-11-25,Warranty,3293.86,5,3,4,Tires
4653,148,2022-12-22,Repair,4834.22,10,4,5,Engine
4654,154,2024-05-16,Warranty,4069.39,30,5,5,Tires
4655,194,2023-12-07,Repair,4421.14,29,1,5,Transmission
4656,17,2024-06-18,Repair,1278.77,23,1,5,Brakes
4657,22,2025-07-04,Repair,3631.91,12,2,1,Tires
4658,191,2024-02-25,Repair,1757.25,16,9,2,Tires
4659,118,2024-10-06,Routine,431.76,13,1,5,Tires
4660,41,2025-05-24,Repair,2727.21,1,1,5,Transmission
4661,151,2022-11-10,Repair,606.98,27,9,3,Brakes
4662,174,2024-05-24,Warranty,3296.85,29,4,2,Transmission
4663,20,2023-09-07,Routine,3985.22,23,1,5,Brakes
4664,192,2024-07-19,Repair,2247.02,8,1,2,Transmission
4665,185,2024-01-11,Warranty,2903.22,5,3,1,Engine
4666,167,2023-05-16,Warranty,4792.03,7,4,3,Brakes
4667,145,2025-05-31,Warranty,667.47,20,8,3,Brakes
4668,43,2024-07-01,Routine,4533.79,28,2,0,Engine
4669,188,2023-11-05,Repair,319.81,9,10,1,Engine
4670,106,2025-04-30,Warranty,4751.57,30,5,4,Brakes
4671,124,2023-03-05,Routine,3361.03,25,5,4,Tires
4672,100,2025-09-08,Repair,2048.92,8,8,3,Engine
4673,66,2022-10-14,Routine,1821.98,25,7,5,Brakes
4674,60,2023-05-23,Repair,721.64,2,4,0,Brakes
4675,190,2024-01-19,Repair,2223.99,26,7,3,Engine
4676,183,2022-12-06,Repair,4476.2,10,10,2,Transmission
4677,29,2024-01-28,Routine,4908.56,9,7,3,Engine
4678,81,2022-12-18,Routine,3746.08,8,3,5,Engine
4679,54,2023-12-10,Warranty,4978.42,8,1,4,Brakes
4680,151,2024-08-26,Routine,4576.34,13,8,2,Tires
4681,58,2025-08-16,Repair,721.59,24,9,0,Engine
4682,131,2025-04-17,Repair,4125.02,10,3,4,Brakes
4683,4,2024-05-11,Routine,4391.36,4,3,1,Transmission
4684,30,2025-07-25,Routine,4933.13,24,5,4,Transmission
4685,141,2023-08-25,Warranty,2703.27,22,4,1,Transmission
4686,59,2025-08-29,Routine,252.46,25,3,2,Brakes
4687,85,2023-02-15,Warranty,4724.76,8,7,2,Tires
4688,2,2023-09-06,Warranty,2388.62,6,9,3,Tires
4689,175,2024-10-24,Repair,303.86,25,5,0,Transmission
4690,138,2024-07-02,Warranty,515.58,28,2,1,Tires
4691,105,2023-09-21,Warranty,1443.68,19,10,4,Tires
4692,95,2023-12-30,Routine,2690.4,30,4,0,Transmission
4693,88,2023-06-01,Routine,3188.95,21,1,5,Tires
4694,105,2023-10-30,Routine,4343.01,21,9,4,Engine
4695,170,2024-04-11,Warranty,1139.07,3,5,1,Tires
4696,153,2025-08-26,Warranty,3740.94,8,8,0,Brakes
4697,193,2025-08-12,Repair,1284.77,9,2,2,Brakes
4698,166,2024-06-03,Repair,2544.64,27,4,2,Tires
4699,112,2024-07-19,Repair,2442.5,10,3,5,Transmission
4700,186,2024-08-23,Routine,4330.96,6,4,1,Transmission
4701,193,2022-11-06,Repair,135.27,20,1,2,Engine
4702,83,2023-07-03,Warranty,2668.51,11,1,0,Engine
4703,179,2024-04-27,Repair,1553.18,26,7,1,Engine
4704,48,2023-07-12,Warranty,833.86,3,4,5,Brakes
4705,186,2024-08-03,Routine,3558.98,3,1,5,Transmission
4706,151,2025-09-03,Warranty,1639.87,5,2,1,Tires
4707,175,2024-09-09,Warranty,163.64,21,3,5,Engine
4708,134,2023-04-02,Warranty,4696.71,29,1,0,Engine
4709,150,2023-07-12,Routine,3882.7,3,6,1,Engine
4710,27,2024-12-28,Warranty,3632.19,5,5,3,Brakes
4711,199,2023-10-09,Warranty,163.12,15,4,5,Engine
4712,194,2024-10-17,Repair,459.4,17,3,2,Engine
4713,93,2024-07-27,Routine,1178.98,8,7,2,Tires
4714,94,2023-03-10,Warranty,215.73,12,3,2,Brakes
4715,188,2024-02-11,Routine,1608.61,14,2,0,Brakes
4716,114,2023-12-16,Warranty,1337.36,27,9,3,Engine
4717,197,2024-10-27,Routine,1549.5,28,6,0,Brakes
4718,100,2025-09-12,Warranty,2169.07,30,10,3,Tires
4719,78,2025-06-21,Warranty,4983.98,29,8,5,Transmission
4720,30,2024-01-08,Warranty,3898.11,2,6,4,Tires
4721,74,2025-02-13,Routine,2710.93,12,8,4,Engine
4722,69,2024-01-11,Warranty,454.14,17,4,2,Engine
4723,96,2024-09-11,Warranty,3005.89,16,10,1,Engine
4724,45,2023-02-05,Warranty,1414.18,14,2,3,Transmission
4725,27,2024-10-03,Routine,298.8,3,10,4,Tires
4726,20,2024-03-15,Warranty,972.88,29,2,4,Engine
4727,69,2024-09-05,Routine,2943.2,28,10,3,Brakes
4728,162,2024-05-18,Routine,2284.73,16,10,1,Tires
4729,56,2023-04-10,Repair,1904.63,4,4,0,Brakes
4730,187,2023-03-11,Repair,3382.55,30,7,5,Engine
4731,48,2025-08-07,Repair,2567.84,30,10,3,Transmission
4732,62,2024-10-16,Repair,4530.88,22,4,2,Transmission
4733,37,2023-08-03,Routine,3928.98,8,2,3,Brakes
4734,74,2023-05-10,Routine,2961.5,30,6,1,Brakes
4735,36,2022-12-30,Repair,260.85,18,4,4,Tires
4736,37,2023-10-02,Routine,1881.46,26,1,1,Brakes
4737,49,2024-01-25,Repair,4458.42,14,7,2,Engine
4738,139,2022-12-21,Routine,1982.48,28,3,1,Engine
4739,153,2025-09-12,Repair,300.3,6,9,5,Transmission
4740,137,2025-03-10,Routine,311.64,20,1,4,Transmission
4741,41,2024-05-14,Routine,1360.54,20,3,4,Engine
4742,98,2023-05-02,Warranty,4027.15,7,10,3,Transmission
4743,116,2025-08-02,Warranty,4323.73,8,4,5,Brakes
4744,164,2025-01-05,Routine,705.6,11,7,4,Brakes
4745,62,2025-01-21,Routine,4379.61,26,5,1,Engine
4746,23,2025-01-03,Routine,4056.74,16,10,4,Engine
4747,12,2023-11-09,Repair,415.15,14,8,5,Tires
4748,88,2023-02-22,Warranty,297.3,27,10,3,Tires
4749,22,2023-06-25,Repair,1489.37,29,10,1,Transmission
4750,59,2023-06-30,Repair,4688.76,1,10,1,Engine
4751,158,2024-05-23,Routine,4546.42,10,7,0,Brakes
4752,27,2023-10-23,Routine,3656.62,18,10,4,Tires
4753,168,2023-01-04,Warranty,1840.06,15,10,0,Engine
4754,175,2024-12-13,Repair,2317.76,3,1,3,Brakes
4755,156,2024-06-13,Repair,3205.06,11,3,1,Engine
4756,200,2025-02-10,Repair,3803.03,6,8,4,Tires
4757,13,2025-01-14,Repair,3859.48,4,9,4,Transmission
4758,37,2024-03-28,Repair,1617.83,22,6,3,Engine
4759,57,2023-09-03,Repair,886.03,13,3,4,Transmission
4760,49,2024-12-19,Repair,2741.43,10,7,1,Engine
4761,145,2024-11-17,Warranty,2664.81,30,2,0,Brakes
4762,26,2022-12-14,Warranty,4701.83,16,10,5,Engine
4763,171,2024-01-27,Routine,754.44,23,7,5,Engine
4764,38,2024-09-01,Routine,873.45,11,5,4,Tires
4765,5,2024-12-03,Warranty,3799.31,12,2,2,Transmission
4766,8,2025-10-03,Routine,3739.41,19,6,0,Transmission
4767,71,2024-05-14,Warranty,4116.48,25,3,1,Transmission
4768,156,2024-12-06,Routine,4800.97,13,4,2,Transmission
4769,133,2023-08-08,Repair,3712.9,6,2,5,Brakes
4770,42,2023-06-19,Repair,501.13,19,2,5,Transmission
4771,136,2024-01-17,Repair,4691.6,14,10,4,Engine
4772,145,2025-06-09,Warranty,4272.51,10,2,3,Engine
4773,77,2024-09-21,Repair,291.62,1,10,1,Brakes
4774,126,2024-01-01,Routine,2718.71,15,7,1,Tires
4775,91,2025-04-07,Warranty,1227.31,29,1,0,Tires
4776,127,2023-06-09,Routine,3972.45,2,10,2,Engine
4777,98,2024-12-21,Warranty,3631.6,10,5,1,Brakes
4778,84,2022-12-09,Repair,1012.37,18,7,3,Engine
4779,141,2022-11-27,Repair,4921.67,29,6,0,Tires
4780,61,2025-01-15,Routine,4583.04,16,2,5,Brakes
4781,84,2024-02-14,Warranty,3646.13,13,9,0,Engine
4782,3,2023-12-05,Repair,2401.46,23,5,4,Tires
4783,61,2025-04-21,Routine,2601.23,25,3,2,Transmission
4784,179,2024-07-19,Repair,396.43,27,8,4,Engine
4785,60,2023-06-29,Repair,3174.01,30,4,1,Engine
4786,137,2023-02-03,Routine,4130.82,28,7,2,Engine
4787,89,2023-06-05,Repair,3101.56,2,7,3,Tires
4788,163,2024-07-07,Repair,2194.89,21,2,5,Brakes
4789,12,2024-01-14,Routine,4364.97,4,9,1,Tires
4790,42,2022-10-09,Warranty,2590.28,5,7,5,Transmission
4791,25,2025-03-09,Warranty,1678.69,19,3,2,Tires
4792,96,2023-06-03,Warranty,2258.24,30,9,0,Brakes
4793,111,2024-07-17,Routine,2256.38,5,7,3,Brakes
4794,115,2023-09-22,Warranty,320.81,23,6,2,Engine
4795,55,2025-04-13,Routine,669.91,29,10,5,Tires
4796,192,2024-05-19,Routine,1290.19,14,9,1,Transmission
4797,162,2025-06-18,Repair,2931.7,7,1,2,Engine
4798,125,2024-06-26,Routine,1618.95,8,2,1,Engine
4799,75,2023-11-20,Repair,2076.25,15,10,2,Brakes
4800,66,2022-10-14,Repair,4046.4,28,7,1,Brakes
4801,22,2024-06-03,Repair,196.2,25,9,0,Engine
4802,115,2025-09-18,Repair,3239.91,7,6,0,Engine
4803,54,2025-04-27,Routine,2352.43,7,5,2,Transmission
4804,164,2024-11-03,Routine,685.93,12,5,4,Brakes
4805,193,2025-04-03,Warranty,2552.87,3,1,5,Transmission
4806,157,2025-06-30,Warranty,428.31,2,4,3,Brakes
4807,188,2022-10-08,Repair,2314.85,25,1,0,Engine
4808,35,2022-11-10,Repair,1207.02,5,4,5,Engine
4809,7,2025-01-04,Routine,3051.98,25,3,4,Engine
4810,160,2023-09-15,Routine,2799.19,28,3,0,Engine
4811,92,2024-11-15,Routine,2762.67,11,7,4,Engine
4812,129,2024-01-03,Warranty,3417.73,15,10,5,Tires
4813,97,2023-03-17,Repair,454.81,6,3,1,Engine
4814,112,2023-05-29,Warranty,989.26,26,1,5,Engine
4815,98,2025-09-02,Routine,2414.39,6,1,0,Brakes
4816,117,2023-07-07,Routine,1505.32,3,7,1,Tires
4817,63,2025-06-06,Repair,1506.91,18,7,3,Tires
4818,38,2025-01-08,Routine,1344.15,24,1,1,Transmission
4819,133,2024-01-31,Routine,1315.16,1,1,5,Transmission
4820,194,2023-04-29,Warranty,3093.9,13,1,0,Transmission
4821,44,2023-10-01,Routine,1106.4,23,10,2,Engine
4822,122,2023-05-17,Warranty,3276.07,18,1,5,Engine
4823,67,2024-06-24,Routine,477.25,28,3,5,Brakes
4824,35,2025-01-12,Warranty,4931.85,27,2,4,Brakes
4825,200,2023-02-08,Repair,3560.3,13,6,4,Brakes
4826,110,2023-04-16,Repair,1455.83,5,9,3,Brakes
4827,154,2025-06-24,Warranty,3575.01,21,8,3,Engine
4828,81,2022-11-19,Repair,705.04,13,1,0,Engine
4829,197,2022-11-03,Routine,1632.04,24,8,5,Brakes
4830,23,2025-09-17,Routine,1465.62,11,10,1,Brakes
4831,92,2023-03-27,Repair,4299.31,5,7,0,Transmission
4832,21,2024-05-07,Routine,2907.59,22,8,5,Transmission
4833,126,2025-08-30,Repair,2283.12,5,5,0,Brakes
4834,83,2025-04-24,Routine,3849.83,13,9,3,Engine
4835,153,2024-11-06,Routine,1845.88,20,8,1,Tires
4836,106,2023-12-02,Routine,2504.34,22,1,0,Brakes
4837,82,2023-10-23,Routine,1056.31,4,2,5,Transmission
4838,48,2022-12-29,Repair,3663.8,26,4,3,Tires
4839,200,2023-07-18,Routine,3419.6,24,5,3,Transmission
4840,115,2025-04-04,Routine,3309.86,8,3,1,Tires
4841,46,2025-02-22,Repair,4402.42,21,3,4,Transmission
4842,109,2025-03-04,Routine,2073.51,24,8,5,Tires
4843,56,2023-01-12,Repair,3439.06,5,8,1,Brakes
4844,74,2025-09-11,Repair,2992.11,1,4,3,Tires
4845,48,2023-04-16,Warranty,3025.73,25,10,4,Tires
4846,164,2023-06-01,Routine,4394.51,11,10,1,Engine
4847,102,2025-08-14,Routine,1308.44,23,1,3,Transmission
4848,159,2024-02-23,Routine,241.26,27,3,4,Tires
4849,81,2024-12-23,Repair,3122.91,26,9,3,Brakes
4850,184,2024-11-22,Routine,3972.26,29,7,1,Brakes
4851,55,2023-03-05,Warranty,2712.37,1,1,5,Brakes
4852,94,2023-08-31,Warranty,2816.82,12,8,0,Tires
4853,199,2023-11-27,Routine,703.1,28,3,1,Transmission
4854,67,2025-08-20,Repair,2054.43,13,5,5,Tires
4855,142,2024-01-06,Repair,1738.11,20,3,4,Tires
4856,185,2023-02-22,Warranty,4013.15,29,4,2,Transmission
4857,131,2023-07-07,Warranty,2685.37,26,8,5,Engine
4858,96,2025-01-26,Repair,645.6,23,10,3,Engine
4859,167,2024-05-31,Repair,3908.51,12,4,2,Tires
4860,59,2025-06-02,Repair,3625.48,2,4,1,Tires
4861,112,2024-10-20,Warranty,1905.41,14,8,1,Transmission
4862,175,2025-09-15,Repair,3833.2,6,3,3,Tires
4863,138,2022-12-16,Warranty,4270.3,11,3,5,Tires
4864,101,2023-11-10,Routine,2594.71,22,1,4,Tires
4865,114,2024-12-02,Warranty,4101.52,27,1,0,Tires
4866,91,2024-10-08,Warranty,2560.68,30,9,4,Brakes
4867,71,2022-11-20,Warranty,3032.11,3,2,3,Transmission
4868,74,2024-08-12,Repair,1258.31,30,10,0,Transmission
4869,105,2023-10-12,Warranty,749.78,11,5,5,Transmission
4870,120,2024-05-30,Warranty,1418.44,26,9,2,Tires
4871,192,2023-08-31,Repair,380.36,18,8,5,Engine
4872,66,2024-05-06,Repair,4199.09,10,5,5,Tires
4873,165,2023-01-23,Warranty,3014.76,12,5,4,Tires
4874,153,2024-09-03,Warranty,4648.8,25,2,0,Transmission
4875,22,2022-12-18,Warranty,1216.64,12,5,1,Brakes
4876,104,2024-01-15,Repair,4259.05,13,3,4,Engine
4877,13,2022-12-05,Repair,4310.62,22,2,0,Tires
4878,131,2025-03-21,Routine,1581.4,29,8,4,Tires
4879,97,2024-06-17,Repair,1006.56,22,3,2,Transmission
4880,102,2025-09-04,Warranty,1889.24,6,4,0,Tires
4881,57,2023-04-19,Routine,1791.18,29,4,1,Transmission
4882,3,2023-03-13,Repair,4156.07,17,6,5,Tires
4883,103,2024-03-18,Routine,909.53,13,1,4,Transmission
4884,30,2025-03-26,Warranty,4756.32,11,10,1,Tires
4885,13,2023-02-20,Routine,1024.82,16,4,4,Tires
4886,154,2023-05-18,Repair,1657.48,22,4,2,Transmission
4887,149,2023-05-11,Repair,2948.72,13,2,2,Engine
4888,192,2023-03-15,Routine,2363.15,15,6,5,Transmission
4889,187,2024-06-04,Routine,3128.11,9,7,5,Engine
4890,47,2024-07-26,Routine,260.42,10,2,4,Transmission
4891,173,2023-02-07,Routine,1661.94,2,7,1,Brakes
4892,98,2025-04-14,Routine,2105.49,10,4,4,Transmission
4893,53,2024-08-23,Routine,4602.83,14,8,2,Transmission
4894,11,2023-07-03,Repair,2124.44,25,8,0,Brakes
4895,22,2022-11-09,Routine,3542.27,2,2,0,Engine
4896,171,2022-12-06,Repair,3623.74,6,7,0,Brakes
4897,131,2023-04-05,Repair,802.5,13,4,5,Brakes
4898,175,2023-05-02,Repair,2810.69,22,7,2,Tires
4899,138,2024-07-18,Routine,3968.22,23,3,4,Tires
4900,138,2024-05-28,Warranty,1704.72,30,6,0,Tires
4901,111,2022-11-01,Repair,4291.66,8,4,0,Transmission
4902,114,2025-09-29,Repair,1188.15,17,5,0,Engine
4903,7,2023-09-03,Warranty,2252.76,29,5,1,Tires
4904,97,2025-08-30,Repair,3782.78,25,2,3,Engine
4905,60,2025-08-19,Routine,2766.42,19,4,0,Tires
4906,129,2023-05-01,Warranty,4009.98,5,10,1,Brakes
4907,134,2022-11-22,Routine,790.2,4,2,3,Engine
4908,174,2023-05-26,Routine,4552.71,18,4,1,Brakes
4909,146,2024-07-04,Warranty,658.22,9,5,3,Engine
4910,180,2023-06-07,Repair,2814.06,1,6,0,Engine
4911,84,2024-12-29,Repair,3644.35,23,6,0,Tires
4912,23,2024-02-12,Warranty,168.83,4,1,3,Brakes
4913,30,2022-12-02,Repair,3048.32,6,3,5,Brakes
4914,148,2024-09-15,Repair,2106.98,30,8,5,Brakes
4915,149,2023-11-28,Repair,1311.73,7,2,5,Transmission
4916,132,2024-06-13,Warranty,379.3,14,9,5,Brakes
4917,167,2025-04-29,Warranty,4271.58,7,1,2,Brakes
4918,41,2023-11-14,Warranty,2904.34,8,5,0,Brakes
4919,164,2023-03-03,Repair,1054.44,12,5,3,Transmission
4920,37,2023-05-31,Repair,429.11,14,5,5,Engine
4921,192,2025-01-24,Repair,4163.11,21,1,4,Transmission
4922,172,2024-04-10,Repair,430.96,7,7,0,Transmission
4923,66,2023-02-03,Routine,1885.23,4,3,3,Engine
4924,5,2025-08-12,Repair,2592.14,17,4,1,Tires
4925,2,2023-03-13,Warranty,2470.06,22,2,3,Brakes
4926,136,2024-03-11,Repair,4769.31,8,8,2,Tires
4927,137,2024-01-09,Routine,4263.66,1,3,4,Engine
4928,70,2025-06-03,Repair,4453.98,26,3,3,Engine
4929,139,2024-08-29,Repair,372.6,18,7,0,Transmission
4930,35,2023-04-21,Routine,2615.25,6,10,3,Engine
4931,140,2024-05-11,Warranty,3669.84,26,6,1,Engine
4932,161,2023-07-19,Warranty,3089.8,29,9,0,Engine
4933,163,2025-03-26,Repair,3135.09,25,1,5,Engine
4934,24,2023-07-23,Warranty,2300.19,24,2,0,Engine
4935,47,2025-08-23,Repair,3682.88,21,8,3,Engine
4936,140,2023-12-27,Warranty,4975.48,4,9,5,Brakes
4937,171,2024-05-13,Routine,3505.15,3,2,4,Brakes
4938,153,2023-01-02,Warranty,3162.92,24,2,0,Brakes
4939,83,2023-12-19,Repair,662.95,16,4,0,Tires
4940,169,2024-02-19,Repair,104.78,16,4,1,Engine
4941,20,2022-10-27,Warranty,3130.69,29,9,3,Brakes
4942,158,2024-07-08,Routine,4881.66,3,1,1,Engine
4943,99,2025-06-14,Routine,3197.9,7,9,2,Engine
4944,129,2023-03-07,Routine,298.83,14,10,5,Brakes
4945,103,2025-07-07,Repair,3355.62,25,9,4,Tires
4946,110,2024-12-25,Routine,1446.51,19,1,3,Tires
4947,138,2025-01-08,Warranty,629.52,14,9,4,Brakes
4948,31,2022-11-15,Routine,2966.68,19,2,4,Brakes
4949,110,2022-10-11,Routine,300.64,21,6,4,Tires
4950,175,2024-11-01,Warranty,631.06,1,4,3,Engine
4951,109,2024-07-10,Routine,1103.9,13,4,4,Transmission
4952,173,2024-11-12,Warranty,169.87,19,6,5,Transmission
4953,24,2025-03-29,Repair,2150.74,26,6,1,Engine
4954,36,2024-06-10,Repair,475.3,7,8,3,Tires
4955,191,2023-02-24,Routine,4118.8,28,5,5,Tires
4956,32,2024-03-26,Repair,2865.25,27,10,1,Engine
4957,116,2025-04-23,Repair,3520.83,25,3,1,Brakes
4958,31,2023-08-14,Repair,1868.65,6,1,4,Brakes
4959,70,2025-02-07,Repair,2578.53,27,4,3,Brakes
4960,38,2022-12-12,Repair,3257.58,15,2,2,Tires
4961,159,2024-05-27,Routine,3438.29,2,4,3,Transmission
4962,166,2023-05-31,Routine,256.91,4,9,0,Transmission
4963,113,2025-06-19,Warranty,4099.79,16,3,5,Engine
4964,182,2022-11-26,Routine,3139.38,17,5,4,Brakes
4965,176,2022-12-05,Repair,4516.93,30,7,3,Brakes
4966,181,2023-12-17,Repair,2913.78,20,4,3,Engine
4967,145,2024-08-23,Warranty,1125.04,11,4,2,Brakes
4968,55,2025-01-11,Repair,2414.36,1,5,3,Transmission
4969,55,2025-10-04,Routine,2013.31,7,2,5,Tires
4970,101,2024-12-18,Routine,4101.66,14,4,1,Brakes
4971,108,2025-08-27,Warranty,3029.21,5,9,1,Transmission
4972,139,2025-04-23,Warranty,3596.9,24,3,3,Tires
4973,158,2024-01-11,Warranty,3599.16,5,6,5,Tires
4974,95,2025-09-06,Routine,3542.03,24,3,2,Engine
4975,98,2025-05-08,Repair,3928.03,3,7,1,Transmission
4976,48,2024-05-31,Routine,2889.85,26,2,3,Tires
4977,82,2022-10-25,Routine,3970.61,21,5,4,Engine
4978,61,2023-03-04,Warranty,3400.09,5,7,3,Brakes
4979,54,2023-12-07,Repair,4318.84,9,7,4,Brakes
4980,114,2024-09-05,Warranty,2990.38,18,3,3,Tires
4981,74,2023-12-26,Warranty,1880.28,29,3,3,Transmission
4982,29,2024-09-21,Warranty,3684.21,22,4,1,Engine
4983,176,2024-12-29,Routine,1196.27,7,4,0,Engine
4984,63,2023-08-02,Repair,1311.66,7,4,3,Engine
4985,151,2025-07-06,Routine,4222.49,3,4,0,Transmission
4986,154,2023-04-21,Warranty,2450.6,4,4,1,Brakes
4987,43,2023-11-30,Repair,362.2,12,2,4,Tires
4988,40,2023-11-15,Repair,4021.62,18,7,5,Brakes
4989,129,2024-02-29,Repair,1088.16,5,1,3,Transmission
4990,175,2024-04-10,Warranty,2184.79,23,2,1,Brakes
4991,107,2024-02-14,Warranty,1435.01,24,2,0,Tires
4992,153,2023-01-03,Repair,3954.83,1,5,3,Transmission
4993,160,2023-12-30,Routine,4648.58,8,4,3,Transmission
4994,6,2022-10-25,Routine,4762.19,12,2,5,Engine
4995,86,2025-05-19,Warranty,4319.13,4,6,0,Brakes
4996,67,2023-04-19,Routine,4616.82,20,3,4,Brakes
4997,91,2024-03-13,Warranty,496.55,11,7,5,Engine
4998,187,2023-03-25,Repair,558.99,27,6,5,Brakes
4999,50,2023-01-10,Warranty,4011.85,24,7,0,Brakes
5000,59,2025-07-28,Repair,4738.3,4,6,1,Brakes
5001,157,2024-02-08,Warranty,663.32,16,1,1,Brakes
5002,167,2024-09-19,Routine,1029.63,7,5,4,Tires
5003,165,2024-11-03,Routine,402.53,14,7,0,Brakes
5004,1,2022-10-19,Routine,2722.2,26,4,4,Transmission
5005,67,2025-09-21,Warranty,4836.6,19,10,1,Transmission
5006,158,2023-04-15,Repair,745.59,5,9,5,Engine
5007,129,2024-09-18,Warranty,2011.59,12,1,4,Engine
5008,175,2023-01-14,Warranty,1411.62,18,3,0,Transmission
5009,146,2024-08-15,Warranty,3669.37,5,7,2,Brakes
5010,155,2023-06-20,Warranty,1091.59,4,6,5,Transmission
5011,124,2025-03-08,Repair,619.29,22,8,1,Transmission
5012,176,2024-10-21,Warranty,3603.31,16,1,2,Tires
5013,44,2022-10-14,Routine,3142.42,5,7,4,Tires
5014,132,2025-01-05,Routine,2964.93,26,1,1,Brakes
5015,17,2024-04-26,Warranty,632.16,15,9,5,Engine
5016,49,2024-03-13,Warranty,1879.56,28,2,3,Tires
5017,93,2024-11-01,Repair,4301.99,9,4,1,Engine
5018,102,2023-02-26,Routine,4232.04,1,4,5,Engine
5019,4,2025-09-13,Repair,3315.7,6,2,5,Transmission
5020,200,2023-03-13,Repair,1063.25,7,8,3,Engine
5021,48,2023-12-19,Warranty,4044.39,10,1,5,Tires
5022,82,2023-03-03,Repair,1827.05,11,6,0,Tires
5023,22,2024-12-23,Routine,317.04,18,8,2,Tires
5024,64,2025-04-08,Warranty,2381.38,18,1,4,Brakes
5025,127,2025-01-19,Routine,861.63,18,10,4,Engine
5026,6,2023-08-27,Routine,2260.3,20,9,5,Engine
5027,62,2024-03-15,Warranty,3340.5,8,8,0,Brakes
5028,47,2023-04-10,Warranty,292.81,16,4,5,Brakes
5029,43,2023-01-10,Repair,3435.72,6,4,5,Engine
5030,77,2024-06-08,Routine,269.37,20,9,4,Engine
5031,74,2023-09-05,Repair,2597.5,22,3,1,Engine
5032,172,2023-11-18,Warranty,1993.8,22,1,3,Tires
5033,191,2025-03-05,Warranty,835.51,30,8,1,Tires
5034,148,2025-09-12,Repair,992.84,9,5,0,Brakes
5035,193,2024-11-03,Routine,4424.78,16,3,4,Tires
5036,170,2023-10-28,Repair,4833.97,22,3,4,Transmission
5037,86,2025-04-11,Warranty,230.91,11,8,5,Transmission
5038,116,2025-09-30,Routine,4464.18,27,7,4,Tires
5039,134,2025-07-05,Warranty,1513.28,2,9,4,Engine
5040,121,2023-06-26,Routine,4426.61,30,7,2,Tires
5041,89,2025-08-25,Warranty,2626.98,3,2,2,Brakes
5042,178,2025-05-10,Routine,1272.49,3,9,1,Engine
5043,179,2024-07-03,Warranty,479.46,24,8,0,Engine
5044,115,2024-12-05,Routine,3805.92,7,6,5,Tires
5045,78,2023-06-27,Routine,4755.5,29,4,4,Engine
5046,126,2024-02-19,Repair,4030.39,4,5,1,Engine
5047,184,2025-07-28,Warranty,2336.05,7,5,1,Tires
5048,90,2023-05-12,Warranty,3423.89,17,3,1,Transmission
5049,191,2024-02-29,Routine,3705.7,22,8,1,Tires
5050,51,2023-07-02,Routine,962.6,27,3,1,Brakes
5051,9,2023-02-01,Routine,3106.72,27,9,5,Transmission
5052,98,2023-11-02,Repair,890.31,22,6,2,Tires
5053,150,2023-05-26,Repair,4133.33,4,3,1,Engine
5054,55,2025-01-29,Warranty,623.55,12,5,2,Transmission
5055,33,2024-07-17,Repair,4252.4,10,8,2,Engine
5056,158,2022-12-26,Repair,3968.56,27,7,4,Transmission
5057,48,2025-02-16,Repair,3249.07,23,6,5,Transmission
5058,73,2024-06-11,Routine,1463.05,30,9,1,Engine
5059,114,2023-03-09,Routine,1865.45,24,1,2,Brakes
5060,65,2024-09-20,Warranty,2206.91,26,5,2,Transmission
5061,195,2023-12-27,Repair,201.09,18,1,2,Brakes
5062,116,2023-02-23,Warranty,2864.11,9,7,0,Brakes
5063,164,2024-12-01,Repair,232.47,8,9,5,Engine
5064,67,2023-09-01,Warranty,4323.41,26,5,2,Engine
5065,104,2023-09-19,Repair,1220.99,22,7,1,Brakes
5066,186,2024-10-05,Repair,3588.47,22,3,0,Brakes
5067,112,2024-06-10,Repair,651.23,13,9,1,Engine
5068,18,2024-12-31,Repair,3263.03,24,6,3,Transmission
5069,46,2023-12-19,Warranty,3528.95,26,8,5,Transmission
5070,115,2025-08-04,Routine,2817.98,23,2,5,Brakes
5071,73,2024-06-29,Repair,1504.97,4,8,0,Transmission
5072,197,2025-04-10,Warranty,2445.06,12,2,4,Brakes
5073,162,2022-10-24,Warranty,3370.89,6,5,2,Brakes
5074,140,2023-03-12,Repair,2748.87,5,10,3,Brakes
5075,19,2023-10-20,Repair,1454.58,30,3,3,Transmission
5076,177,2023-08-16,Warranty,3863.07,28,1,0,Tires
5077,160,2024-10-04,Routine,4479.67,18,1,1,Brakes
5078,88,2023-06-19,Routine,2265.95,21,10,2,Transmission
5079,92,2023-11-22,Warranty,4047.84,4,6,0,Transmission
5080,98,2023-03-13,Warranty,1058.21,27,5,5,Brakes
5081,93,2024-07-23,Repair,1056.83,11,5,0,Transmission
5082,194,2023-06-04,Repair,984.7,1,9,3,Brakes
5083,198,2024-01-02,Routine,4673.97,1,5,5,Transmission
5084,142,2025-04-27,Routine,800.7,6,4,5,Brakes
5085,5,2023-06-04,Routine,432.51,19,8,1,Engine
5086,35,2024-07-30,Routine,4894.16,22,8,4,Transmission
5087,145,2025-03-17,Routine,3061.07,5,4,5,Engine
5088,11,2024-04-03,Warranty,3727.78,8,10,0,Engine
5089,41,2023-08-28,Warranty,4483.7,14,5,1,Engine
5090,78,2024-07-12,Repair,4170.79,13,7,0,Transmission
5091,168,2024-10-17,Repair,825.94,9,10,2,Brakes
5092,160,2024-06-07,Warranty,3251.85,8,5,1,Transmission
5093,74,2025-02-17,Routine,2565.1,2,8,5,Engine
5094,115,2024-01-10,Routine,4615.0,10,8,2,Brakes
5095,84,2025-03-15,Warranty,3827.11,13,7,1,Engine
5096,50,2023-08-04,Routine,2165.52,3,2,1,Engine
5097,146,2023-09-27,Warranty,3990.92,20,7,3,Brakes
5098,43,2024-10-30,Warranty,122.39,30,4,5,Tires
5099,196,2024-11-03,Warranty,128.4,16,4,3,Brakes
5100,200,2023-11-07,Routine,2525.03,12,8,3,Tires
5101,48,2024-08-16,Repair,1443.62,26,10,1,Engine
5102,165,2024-05-10,Routine,4658.0,15,3,4,Transmission
5103,87,2024-08-21,Routine,4695.4,23,4,2,Transmission
5104,54,2023-07-16,Repair,4190.15,22,1,2,Engine
5105,138,2024-05-24,Repair,4800.45,26,5,0,Transmission
5106,134,2023-08-24,Repair,1115.64,10,2,0,Transmission
5107,176,2024-11-15,Routine,3372.0,18,6,4,Tires
5108,26,2023-12-16,Warranty,3061.31,6,1,3,Tires
5109,12,2024-01-19,Routine,1739.05,2,10,2,Brakes
5110,161,2022-11-02,Warranty,2228.73,18,1,4,Tires
5111,97,2023-05-15,Repair,2888.49,6,9,1,Tires
5112,190,2024-02-13,Warranty,3413.17,19,7,3,Transmission
5113,56,2022-12-16,Routine,1479.51,16,9,0,Tires
5114,169,2023-10-13,Warranty,269.51,22,4,3,Transmission
5115,112,2025-02-10,Warranty,4669.08,12,8,4,Brakes
5116,174,2025-03-06,Routine,1344.5,10,4,4,Brakes
5117,72,2025-02-12,Warranty,2675.05,24,1,1,Transmission
5118,28,2025-07-08,Repair,3961.43,6,9,5,Tires
5119,178,2024-11-11,Warranty,4215.81,12,4,0,Brakes
5120,125,2024-01-12,Repair,4948.07,25,1,1,Brakes
5121,132,2024-07-21,Warranty,4542.88,3,1,4,Tires
5122,61,2024-04-15,Warranty,1290.63,28,2,5,Brakes
5123,37,2025-07-28,Routine,3292.78,3,10,0,Engine
5124,163,2025-07-25,Repair,1877.55,25,8,4,Transmission
5125,38,2024-01-29,Warranty,1483.51,17,8,4,Engine
5126,179,2024-01-28,Repair,4643.9,28,10,3,Tires
5127,156,2023-08-23,Routine,4439.02,9,8,5,Brakes
5128,108,2024-06-06,Warranty,276.53,23,3,0,Brakes
5129,161,2024-05-23,Warranty,506.07,11,10,5,Brakes
5130,177,2025-02-26,Routine,694.2,25,1,3,Tires
5131,105,2024-05-23,Warranty,3059.49,14,6,3,Engine
5132,114,2023-04-14,Routine,2739.83,23,3,1,Brakes
5133,127,2022-12-15,Warranty,2832.93,7,3,5,Transmission
5134,181,2024-06-30,Repair,4578.05,19,5,0,Brakes
5135,145,2025-05-17,Warranty,2250.97,21,2,5,Transmission
5136,127,2023-02-10,Repair,2280.78,1,7,0,Tires
5137,147,2023-09-21,Routine,1491.31,22,9,2,Tires
5138,94,2025-02-13,Routine,656.37,22,3,4,Tires
5139,71,2023-02-06,Repair,1406.88,7,1,3,Brakes
5140,181,2023-09-21,Warranty,4941.77,3,8,2,Engine
5141,153,2023-05-02,Warranty,1994.0,1,8,3,Engine
5142,187,2024-07-21,Warranty,1839.33,10,6,0,Engine
5143,100,2025-02-12,Warranty,4548.13,8,6,5,Transmission
5144,64,2024-10-08,Warranty,3177.7,3,9,2,Transmission
5145,177,2025-01-17,Warranty,604.69,1,6,0,Brakes
5146,171,2023-07-14,Repair,3594.61,7,4,4,Tires
5147,197,2024-02-23,Repair,4042.21,6,6,5,Brakes
5148,42,2024-10-22,Repair,4210.07,12,6,4,Brakes
5149,199,2025-05-21,Routine,2253.09,22,4,0,Engine
5150,20,2025-03-15,Warranty,4905.41,23,2,1,Tires
5151,112,2024-07-12,Warranty,4375.82,18,1,5,Brakes
5152,106,2024-01-30,Routine,1883.85,20,5,1,Transmission
5153,15,2024-06-06,Repair,2506.68,6,2,2,Engine
5154,144,2023-12-09,Routine,2969.74,22,4,0,Engine
5155,70,2024-04-25,Repair,2347.45,8,7,2,Engine
5156,55,2022-11-13,Repair,4050.57,3,9,0,Brakes
5157,141,2025-09-28,Warranty,2094.79,22,2,2,Engine
5158,150,2024-01-16,Repair,2803.6,5,9,2,Tires
5159,91,2025-01-07,Repair,3866.69,16,10,4,Tires
5160,118,2025-07-05,Routine,2790.05,24,9,0,Brakes
5161,92,2023-02-25,Repair,1428.21,10,9,3,Engine
5162,155,2025-07-29,Repair,4302.33,16,6,2,Tires
5163,97,2025-06-14,Repair,3821.42,25,10,2,Brakes
5164,8,2023-09-29,Repair,2889.43,29,1,4,Engine
5165,159,2023-01-09,Warranty,1523.82,12,5,2,Tires
5166,16,2024-04-12,Repair,1925.76,12,6,0,Transmission
5167,29,2023-10-26,Repair,559.51,27,3,1,Engine
5168,50,2025-04-08,Routine,293.69,22,9,0,Tires
5169,180,2024-12-07,Repair,2278.42,5,9,3,Engine
5170,44,2023-09-18,Repair,3252.2,5,9,5,Tires
5171,72,2022-10-19,Routine,2475.85,2,3,1,Tires
5172,131,2023-06-19,Warranty,3658.8,23,3,3,Brakes
5173,28,2025-08-23,Routine,4684.43,18,9,4,Brakes
5174,77,2024-03-21,Routine,3294.87,30,8,4,Transmission
5175,84,2024-01-16,Routine,2815.01,22,7,5,Brakes
5176,108,2023-03-07,Repair,2721.52,10,10,2,Tires
5177,160,2024-06-01,Warranty,3746.22,26,8,0,Transmission
5178,5,2024-12-24,Warranty,200.5,17,5,3,Brakes
5179,78,2024-12-17,Routine,723.07,22,2,1,Engine
5180,180,2023-10-12,Repair,238.48,11,10,0,Brakes
5181,49,2024-12-22,Routine,2312.39,25,6,0,Tires
5182,177,2024-07-19,Routine,4149.63,20,9,2,Brakes
5183,110,2023-01-12,Repair,103.32,2,10,5,Transmission
5184,92,2024-08-28,Routine,4267.77,8,6,4,Transmission
5185,78,2023-12-29,Routine,897.22,23,5,4,Engine
5186,18,2023-02-24,Repair,4133.79,29,4,3,Brakes
5187,87,2022-11-21,Repair,2378.1,25,5,0,Engine
5188,105,2023-08-20,Warranty,4114.9,8,9,1,Brakes
5189,137,2024-04-15,Repair,2221.97,6,5,3,Brakes
5190,21,2024-03-26,Routine,3133.91,26,10,5,Tires
5191,68,2024-09-21,Routine,2427.89,11,9,2,Engine
5192,35,2024-06-09,Warranty,2084.95,24,10,0,Transmission
5193,108,2025-01-31,Routine,4970.09,3,5,1,Engine
5194,2,2025-06-18,Routine,4522.79,26,4,5,Engine
5195,99,2023-09-16,Repair,3209.24,21,7,5,Brakes
5196,177,2025-03-22,Routine,2586.82,29,2,1,Transmission
5197,119,2022-11-23,Warranty,1614.69,12,1,5,Brakes
5198,70,2024-06-01,Repair,4573.69,4,2,1,Transmission
5199,155,2025-02-28,Warranty,4642.03,19,10,0,Tires
5200,93,2024-09-30,Repair,2188.56,23,4,3,Brakes
5201,136,2025-05-06,Warranty,4381.93,23,2,3,Transmission
5202,73,2023-02-07,Warranty,4254.82,16,3,3,Transmission
5203,139,2024-06-14,Warranty,1712.13,12,2,2,Transmission
5204,183,2024-04-30,Routine,3360.42,4,5,2,Transmission
5205,91,2024-10-20,Routine,2582.0,17,7,4,Brakes
5206,29,2025-01-26,Warranty,3592.01,13,4,2,Brakes
5207,173,2025-05-31,Repair,828.25,13,6,4,Engine
5208,86,2024-07-29,Warranty,3342.75,30,5,1,Brakes
5209,149,2024-02-21,Repair,4275.01,16,1,4,Transmission
5210,113,2023-06-06,Routine,3495.02,28,7,4,Engine
5211,172,2024-05-29,Repair,3874.88,17,4,2,Tires
5212,23,2024-01-03,Warranty,3366.21,16,3,4,Transmission
5213,137,2024-05-07,Repair,3620.35,16,10,0,Tires
5214,67,2025-05-12,Repair,4546.47,7,7,1,Transmission
5215,120,2025-03-31,Warranty,2013.78,5,1,5,Brakes
5216,38,2022-12-30,Routine,1611.38,6,3,3,Engine
5217,56,2024-12-02,Routine,1354.68,5,2,0,Brakes
5218,37,2023-05-12,Repair,4834.8,10,7,2,Transmission
5219,42,2025-09-13,Repair,254.52,17,9,3,Transmission
5220,172,2023-09-02,Repair,1562.16,10,5,3,Tires
5221,153,2025-03-15,Repair,2898.04,26,4,0,Engine
5222,112,2025-08-06,Warranty,2667.44,26,6,4,Transmission
5223,31,2022-10-20,Routine,2656.19,28,2,0,Tires
5224,72,2024-07-12,Warranty,3489.35,30,3,1,Brakes
5225,110,2023-02-18,Repair,4597.18,11,1,4,Engine
5226,95,2025-01-13,Repair,4969.63,8,4,0,Engine
5227,101,2024-05-18,Routine,1720.43,15,8,1,Brakes
5228,19,2024-03-06,Warranty,3988.74,23,7,2,Engine
5229,192,2024-05-12,Repair,3667.68,28,3,1,Transmission
5230,13,2022-12-20,Repair,3374.09,23,1,1,Brakes
5231,112,2022-11-25,Routine,4735.47,19,5,5,Tires
5232,115,2022-12-17,Routine,2746.55,23,7,2,Engine
5233,29,2023-10-06,Warranty,2763.88,21,1,2,Brakes
5234,95,2024-11-17,Repair,4835.73,9,6,2,Brakes
5235,103,2023-09-24,Warranty,3545.41,6,3,4,Engine
5236,151,2025-03-04,Repair,1888.24,7,2,2,Engine
5237,3,2023-01-06,Warranty,2697.68,11,8,1,Tires
5238,69,2025-04-08,Warranty,305.51,6,8,2,Brakes
5239,58,2024-02-22,Warranty,4455.4,24,10,1,Transmission
5240,82,2023-11-22,Repair,943.85,21,4,0,Brakes
5241,150,2022-10-19,Routine,3762.11,20,2,2,Engine
5242,163,2022-10-18,Repair,503.03,23,2,2,Engine
5243,105,2025-01-31,Warranty,1490.44,28,10,4,Brakes
5244,178,2023-09-13,Warranty,3988.59,26,2,2,Tires
5245,31,2023-04-03,Routine,3006.08,27,5,5,Brakes
5246,40,2025-06-28,Repair,3895.31,14,2,4,Transmission
5247,44,2022-12-30,Repair,1359.0,28,6,5,Brakes
5248,132,2023-06-07,Repair,1717.38,6,1,5,Brakes
5249,71,2024-03-13,Warranty,808.08,17,2,4,Tires
5250,104,2022-10-19,Repair,369.79,21,8,5,Brakes
5251,115,2025-04-01,Warranty,3922.34,5,8,2,Tires
5252,15,2025-06-03,Routine,960.59,28,2,3,Engine
5253,3,2023-11-17,Repair,187.62,28,7,2,Tires
5254,138,2024-09-10,Warranty,2670.42,19,5,0,Transmission
5255,147,2024-06-26,Warranty,3994.88,27,3,5,Brakes
5256,20,2023-08-28,Routine,1202.29,18,2,0,Tires
5257,154,2025-05-03,Routine,2700.29,16,2,1,Brakes
5258,163,2023-04-04,Repair,1008.4,30,5,2,Brakes
5259,116,2025-06-03,Warranty,3818.99,28,2,0,Transmission
5260,167,2023-06-26,Routine,4268.14,11,9,3,Brakes
5261,134,2023-02-21,Routine,2851.38,2,4,4,Brakes
5262,76,2023-01-03,Warranty,4715.38,23,8,5,Brakes
5263,154,2024-10-23,Warranty,3133.48,23,4,1,Tires
5264,51,2025-06-30,Repair,1253.66,13,7,0,Engine
5265,181,2025-07-16,Routine,4893.78,8,3,2,Transmission
5266,194,2024-01-25,Warranty,4595.49,10,4,3,Tires
5267,56,2023-08-04,Routine,3476.59,16,5,0,Transmission
5268,168,2023-09-26,Routine,2918.0,3,6,0,Engine
5269,91,2023-06-27,Routine,2389.88,11,8,5,Tires
5270,126,2024-01-24,Routine,4064.53,11,6,0,Tires
5271,112,2023-02-27,Warranty,2189.06,12,9,1,Brakes
5272,43,2022-11-09,Warranty,596.83,22,8,1,Brakes
5273,110,2024-11-03,Routine,3642.18,16,4,4,Engine
5274,35,2023-01-26,Warranty,4034.0,6,5,3,Brakes
5275,122,2025-09-11,Warranty,678.81,4,2,0,Engine
5276,164,2024-02-20,Repair,581.83,29,8,4,Engine
5277,118,2024-05-22,Repair,3110.15,1,4,5,Transmission
5278,144,2023-01-19,Routine,749.41,15,9,5,Transmission
5279,119,2024-02-05,Warranty,2462.55,16,7,3,Tires
5280,198,2024-02-07,Warranty,1726.54,2,8,2,Brakes
5281,164,2024-09-20,Repair,4457.97,20,8,2,Tires
5282,1,2023-06-16,Repair,1146.49,7,6,1,Brakes
5283,76,2025-03-11,Warranty,1380.73,7,8,0,Engine
5284,99,2025-05-10,Routine,2409.31,28,1,5,Brakes
5285,148,2024-10-22,Repair,4503.49,12,9,1,Brakes
5286,163,2023-10-20,Warranty,4866.75,10,4,3,Transmission
5287,147,2023-11-13,Warranty,888.8,1,2,1,Transmission
5288,39,2024-07-01,Routine,2899.91,19,2,2,Transmission
5289,195,2024-10-18,Repair,2092.67,5,3,4,Engine
5290,175,2023-05-21,Routine,4816.44,10,1,3,Transmission
5291,200,2024-05-12,Warranty,4500.88,8,8,3,Engine
5292,122,2023-04-10,Routine,4002.78,29,2,2,Tires
5293,195,2022-10-21,Routine,2558.94,27,10,0,Transmission
5294,139,2022-10-22,Repair,4773.32,14,10,3,Transmission
5295,23,2024-02-19,Routine,714.36,24,6,3,Brakes
5296,160,2025-07-11,Warranty,2675.89,5,3,1,Transmission
5297,17,2024-06-26,Routine,2027.35,21,4,4,Tires
5298,153,2023-05-17,Repair,2813.91,6,10,0,Engine
5299,125,2023-12-21,Routine,330.44,8,10,4,Engine
5300,166,2025-09-23,Repair,495.46,22,5,4,Tires
5301,192,2023-08-24,Repair,2171.83,22,7,0,Brakes
5302,70,2024-07-17,Routine,1749.73,23,9,3,Transmission
5303,7,2023-06-13,Repair,2405.7,20,3,1,Engine
5304,98,2025-04-15,Repair,1361.11,30,7,1,Transmission
5305,4,2025-03-25,Warranty,3134.56,30,8,4,Tires
5306,40,2024-04-20,Warranty,1872.85,25,6,1,Engine
5307,80,2023-06-03,Routine,3748.11,28,8,4,Tires
5308,32,2023-03-13,Repair,3085.06,5,1,5,Transmission
5309,30,2024-08-16,Warranty,3202.12,2,3,4,Tires
5310,21,2025-07-23,Routine,1978.89,16,9,0,Tires
5311,55,2022-12-02,Warranty,4058.9,22,3,2,Brakes
5312,131,2024-04-20,Routine,1524.44,2,1,3,Tires
5313,162,2025-09-26,Routine,3007.05,16,9,3,Engine
5314,115,2023-01-10,Repair,3566.56,29,1,2,Brakes
5315,157,2024-07-12,Routine,4121.22,21,4,1,Tires
5316,179,2023-08-21,Repair,2539.27,23,7,2,Engine
5317,120,2023-06-02,Warranty,1505.06,19,10,4,Tires
5318,67,2025-02-26,Warranty,1505.54,12,9,3,Brakes
5319,186,2024-07-12,Routine,4287.57,11,2,2,Engine
5320,176,2022-11-04,Routine,4848.92,27,5,3,Transmission
5321,69,2024-09-07,Repair,2674.24,19,8,1,Brakes
5322,123,2022-11-15,Routine,577.19,17,2,5,Engine
5323,24,2024-06-06,Routine,2621.7,12,5,0,Transmission
5324,54,2022-11-12,Warranty,256.73,11,9,3,Transmission
5325,188,2025-01-22,Repair,2644.54,18,7,4,Tires
5326,57,2025-02-02,Repair,1675.79,21,8,0,Tires
5327,154,2023-09-23,Routine,1061.05,25,4,0,Brakes
5328,107,2025-04-19,Repair,219.81,15,9,1,Transmission
5329,141,2024-01-16,Routine,3118.66,25,5,0,Brakes
5330,104,2023-04-09,Warranty,4044.63,22,9,5,Brakes
5331,77,2024-03-27,Warranty,4366.71,13,2,3,Brakes
5332,115,2023-05-02,Warranty,263.86,8,4,5,Engine
5333,41,2024-12-11,Routine,3910.86,21,10,3,Transmission
5334,17,2024-09-19,Repair,1829.98,30,8,1,Brakes
5335,171,2024-03-03,Routine,3097.55,14,5,0,Engine
5336,177,2024-05-14,Routine,2223.72,5,5,4,Brakes
5337,74,2025-08-23,Routine,2472.61,11,7,1,Tires
5338,176,2025-07-27,Routine,3460.04,24,4,3,Tires
5339,61,2024-09-17,Routine,4819.2,30,10,0,Brakes
5340,153,2025-10-05,Repair,4549.12,25,2,2,Transmission
5341,48,2024-05-02,Routine,3043.31,4,7,1,Engine
5342,107,2025-01-14,Warranty,1812.29,25,6,2,Transmission
5343,59,2022-11-27,Routine,4084.55,19,4,5,Brakes
5344,187,2024-03-26,Warranty,853.72,10,5,2,Brakes
5345,71,2024-06-13,Routine,4062.71,29,6,3,Brakes
5346,180,2025-04-29,Repair,1147.37,12,8,4,Tires
5347,33,2024-10-22,Routine,4942.19,15,10,2,Engine
5348,83,2023-10-30,Warranty,2378.75,6,10,4,Brakes
5349,162,2025-08-16,Routine,4862.85,26,1,3,Transmission
5350,50,2023-02-01,Warranty,1415.34,12,7,5,Transmission
5351,123,2024-08-20,Warranty,4404.96,27,6,3,Transmission
5352,10,2023-11-01,Routine,2644.56,26,7,5,Transmission
5353,143,2024-12-20,Warranty,3203.88,6,7,2,Engine
5354,96,2023-02-24,Warranty,1845.81,1,9,4,Brakes
5355,90,2024-09-16,Warranty,3940.5,2,4,4,Transmission
5356,194,2024-05-30,Routine,622.92,25,5,3,Transmission
5357,106,2025-06-18,Repair,2629.64,21,5,2,Tires
5358,172,2023-02-01,Routine,2520.24,21,3,5,Brakes
5359,22,2024-08-17,Repair,1628.83,9,4,4,Transmission
5360,79,2023-07-15,Repair,3363.48,16,2,3,Brakes
5361,91,2024-03-09,Repair,3226.45,10,3,4,Brakes
5362,34,2023-05-07,Warranty,2862.21,18,9,5,Engine
5363,80,2025-01-09,Repair,3481.22,19,10,1,Tires
5364,124,2025-01-02,Warranty,2033.45,4,1,5,Tires
5365,32,2024-01-20,Repair,2651.5,15,5,0,Tires
5366,17,2025-08-20,Routine,4611.73,15,1,3,Transmission
5367,178,2022-11-01,Repair,2614.91,6,6,0,Tires
5368,79,2024-04-03,Routine,650.77,3,7,3,Brakes
5369,41,2023-11-24,Routine,550.98,26,7,3,Tires
5370,75,2023-11-10,Repair,2616.5,17,5,5,Transmission
5371,88,2024-01-13,Warranty,512.8,30,6,4,Transmission
5372,102,2025-08-08,Warranty,1496.83,27,3,3,Engine
5373,188,2025-04-26,Repair,934.91,12,6,2,Transmission
5374,10,2023-11-03,Warranty,3454.76,15,10,5,Brakes
5375,83,2022-11-23,Repair,2381.59,5,10,0,Transmission
5376,108,2025-08-14,Routine,1731.16,22,10,5,Tires
5377,133,2022-11-21,Warranty,522.64,5,5,1,Engine
5378,130,2023-03-02,Repair,1991.83,24,4,2,Engine
5379,125,2022-11-09,Warranty,798.65,9,10,3,Brakes
5380,91,2024-11-01,Routine,3123.78,28,7,5,Brakes
5381,119,2024-05-01,Repair,4383.16,18,10,0,Tires
5382,139,2023-12-05,Routine,1516.67,25,5,2,Transmission
5383,64,2024-03-19,Repair,1491.84,16,8,2,Engine
5384,53,2023-07-14,Routine,565.06,4,1,5,Engine
5385,15,2024-03-11,Repair,3975.49,1,7,1,Engine
5386,59,2024-03-14,Routine,1066.35,3,7,3,Transmission
5387,121,2023-01-16,Routine,3613.96,3,4,1,Brakes
5388,15,2024-03-21,Routine,2846.98,9,1,1,Transmission
5389,168,2023-04-23,Repair,4850.17,27,4,1,Transmission
5390,106,2022-12-12,Routine,1917.52,5,6,3,Brakes
5391,33,2025-10-02,Warranty,4455.38,24,7,2,Engine
5392,87,2023-09-02,Routine,4309.36,29,10,3,Brakes
5393,132,2025-06-27,Repair,3301.91,2,6,4,Engine
5394,99,2025-02-16,Repair,2130.38,18,3,4,Tires
5395,171,2025-01-20,Warranty,3665.49,12,3,4,Tires
5396,10,2024-03-10,Routine,3782.5,14,9,4,Brakes
5397,199,2022-10-16,Routine,3983.44,9,5,1,Tires
5398,183,2023-09-29,Routine,1601.17,29,8,2,Transmission
5399,54,2023-06-20,Repair,2909.59,25,6,1,Tires
5400,63,2025-05-26,Repair,2881.11,15,6,1,Tires
5401,48,2023-05-14,Warranty,4688.4,28,7,0,Tires
5402,126,2023-03-21,Warranty,113.44,22,2,0,Transmission
5403,101,2024-12-17,Routine,2222.43,7,7,0,Engine
5404,95,2023-03-11,Repair,2980.06,3,5,3,Brakes
5405,141,2024-03-05,Routine,984.66,9,6,4,Tires
5406,86,2024-06-28,Warranty,1125.23,26,1,0,Brakes
5407,103,2024-07-03,Repair,4496.98,7,1,0,Tires
5408,132,2025-07-06,Repair,1900.85,20,6,0,Transmission
5409,8,2023-06-27,Routine,503.16,19,10,2,Brakes
5410,135,2024-12-13,Routine,875.62,6,9,3,Engine
5411,90,2023-03-11,Warranty,3720.79,20,6,2,Transmission
5412,29,2023-05-31,Repair,2726.74,16,8,0,Engine
5413,149,2023-06-22,Repair,2681.34,25,9,0,Engine
5414,9,2023-01-12,Routine,3579.33,19,1,5,Tires
5415,52,2024-08-03,Repair,395.81,8,7,0,Transmission
5416,139,2024-04-15,Routine,2819.02,15,3,5,Engine
5417,117,2023-04-05,Repair,2457.56,10,4,5,Brakes
5418,101,2025-04-28,Repair,531.52,15,8,4,Transmission
5419,30,2023-10-21,Warranty,3655.34,14,7,3,Transmission
5420,177,2023-01-17,Repair,4935.34,4,8,0,Transmission
5421,31,2024-01-16,Routine,323.14,18,8,4,Brakes
5422,125,2023-09-06,Warranty,2500.41,11,5,2,Transmission
5423,22,2024-10-26,Warranty,2864.15,29,3,1,Transmission
5424,154,2023-06-22,Repair,3555.04,8,8,2,Tires
5425,30,2023-09-14,Warranty,1818.71,18,4,3,Brakes
5426,108,2024-08-28,Routine,480.55,29,8,4,Transmission
5427,157,2024-07-24,Routine,574.06,7,8,1,Tires
5428,88,2025-06-25,Repair,1238.85,12,10,1,Tires
5429,124,2023-09-01,Warranty,3403.0,23,5,2,Engine
5430,180,2022-12-11,Routine,1294.01,7,8,0,Brakes
5431,99,2025-05-23,Warranty,1090.18,4,8,3,Engine
5432,16,2025-09-11,Routine,1675.53,28,4,5,Brakes
5433,21,2025-01-05,Routine,2519.84,20,3,4,Transmission
5434,1,2025-09-15,Routine,1322.17,4,4,4,Tires
5435,141,2024-10-14,Routine,2429.83,1,7,0,Engine
5436,21,2024-10-17,Routine,665.01,18,7,1,Brakes
5437,105,2023-12-13,Routine,3394.43,29,9,0,Tires
5438,177,2023-01-23,Warranty,4734.3,23,9,2,Engine
5439,133,2023-08-27,Repair,3817.27,14,7,3,Tires
5440,147,2024-03-14,Repair,642.95,21,5,5,Tires
5441,160,2023-02-14,Routine,2346.48,18,4,1,Brakes
5442,118,2025-08-15,Repair,3429.48,15,9,1,Brakes
5443,177,2022-10-11,Warranty,2800.74,13,7,1,Engine
5444,183,2023-08-02,Warranty,4524.39,19,5,3,Engine
5445,191,2023-11-30,Routine,2006.38,3,6,0,Brakes
5446,90,2024-04-24,Repair,925.39,23,7,4,Transmission
5447,119,2022-10-29,Repair,1504.42,29,7,2,Transmission
5448,193,2022-12-24,Routine,3941.62,1,4,2,Transmission
5449,52,2024-09-12,Repair,2800.04,25,8,4,Tires
5450,43,2023-11-14,Routine,2181.67,8,10,3,Engine
5451,115,2025-06-03,Repair,1909.56,27,4,1,Tires
5452,126,2024-06-12,Routine,2511.99,23,8,1,Transmission
5453,97,2024-06-09,Routine,2021.08,20,5,3,Brakes
5454,47,2023-02-23,Routine,1769.45,29,7,0,Tires
5455,156,2025-01-09,Warranty,3359.19,19,1,5,Brakes
5456,127,2024-03-27,Routine,4631.6,12,1,5,Brakes
5457,162,2023-09-02,Warranty,1118.95,22,2,0,Engine
5458,38,2025-04-11,Warranty,1334.54,13,2,3,Tires
5459,176,2023-07-11,Routine,3613.1,18,6,1,Brakes
5460,42,2023-05-17,Warranty,2872.93,25,2,5,Tires
5461,14,2022-10-28,Routine,4054.82,30,6,1,Engine
5462,127,2022-11-25,Routine,3750.75,9,7,2,Engine
5463,130,2023-12-05,Warranty,2683.89,13,5,1,Tires
5464,102,2023-07-04,Repair,3568.59,7,10,3,Brakes
5465,138,2025-01-12,Routine,4259.02,18,6,1,Tires
5466,2,2023-07-12,Warranty,3920.88,20,7,2,Transmission
5467,139,2025-06-14,Repair,655.14,13,10,0,Brakes
5468,200,2025-04-24,Warranty,1518.67,22,3,1,Brakes
5469,57,2024-06-01,Warranty,4158.62,17,8,3,Brakes
5470,151,2024-07-22,Warranty,2628.03,29,7,4,Brakes
5471,17,2025-06-07,Routine,4945.84,7,6,0,Transmission
5472,2,2024-12-01,Routine,1874.84,19,4,0,Transmission
5473,75,2023-03-30,Warranty,1048.96,20,8,4,Engine
5474,136,2024-09-09,Routine,2400.32,12,1,5,Engine
5475,136,2024-09-11,Warranty,3567.74,21,2,2,Transmission
5476,48,2023-05-04,Routine,4699.94,30,10,3,Brakes
5477,143,2023-03-05,Routine,3391.64,30,3,0,Engine
5478,42,2025-03-17,Routine,2657.03,12,9,1,Brakes
5479,122,2023-04-18,Routine,2806.36,20,6,4,Tires
5480,111,2024-01-09,Warranty,1431.24,15,8,1,Engine
5481,162,2024-02-16,Warranty,3054.15,15,9,1,Tires
5482,12,2024-06-14,Repair,1723.6,30,4,1,Engine
5483,171,2024-02-13,Warranty,4867.99,25,9,0,Tires
5484,155,2024-05-19,Warranty,2407.94,8,5,0,Engine
5485,169,2025-10-05,Routine,3642.51,28,6,3,Tires
5486,166,2022-12-18,Repair,1120.11,14,7,2,Brakes
5487,182,2022-11-24,Warranty,1779.98,2,4,4,Engine
5488,96,2023-12-18,Repair,3354.86,2,9,0,Tires
5489,117,2022-11-19,Warranty,881.59,1,9,4,Brakes
5490,13,2024-07-11,Warranty,4894.82,11,8,2,Tires
5491,152,2024-09-19,Warranty,421.91,12,2,1,Transmission
5492,172,2024-01-05,Warranty,4146.45,19,1,1,Tires
5493,75,2023-12-26,Routine,193.78,6,2,2,Engine
5494,127,2025-06-27,Routine,524.42,17,6,3,Engine
5495,104,2023-03-12,Repair,3321.68,24,2,1,Engine
5496,169,2025-09-23,Repair,2566.31,18,1,1,Brakes
5497,130,2023-04-21,Routine,4388.72,5,5,1,Transmission
5498,125,2024-12-30,Routine,271.38,18,5,3,Tires
5499,171,2025-04-05,Repair,630.44,5,7,4,Brakes
5500,190,2023-10-03,Routine,4319.63,4,5,3,Tires
5501,98,2024-07-24,Repair,3180.81,22,3,1,Brakes
5502,80,2024-07-22,Repair,4525.18,24,6,2,Engine
5503,181,2022-11-14,Warranty,501.76,26,6,2,Tires
5504,185,2024-02-15,Routine,1015.16,10,3,3,Engine
5505,141,2025-03-30,Routine,798.06,28,5,5,Brakes
5506,91,2023-01-17,Warranty,3288.0,19,6,0,Engine
5507,196,2023-07-15,Repair,2398.58,3,2,2,Transmission
5508,115,2024-04-22,Repair,4744.57,5,8,4,Brakes
5509,128,2024-07-10,Warranty,3699.71,6,9,5,Transmission
5510,189,2023-03-06,Warranty,1315.98,16,10,2,Engine
5511,130,2024-05-12,Warranty,4469.93,9,10,1,Transmission
5512,74,2025-08-26,Repair,3093.81,14,1,0,Transmission
5513,79,2022-12-21,Warranty,1965.07,1,7,3,Brakes
5514,40,2024-02-09,Repair,4734.92,8,3,4,Transmission
5515,153,2025-04-27,Repair,676.62,4,5,1,Engine
5516,155,2022-10-24,Routine,4927.26,24,8,5,Transmission
5517,161,2023-12-30,Warranty,4521.26,18,7,5,Engine
5518,2,2025-04-05,Routine,3078.99,20,7,0,Transmission
5519,139,2024-08-20,Repair,614.55,25,7,5,Tires
5520,152,2025-04-29,Repair,1427.13,12,7,4,Brakes
5521,52,2023-03-04,Warranty,429.56,22,3,4,Engine
5522,68,2025-05-09,Warranty,581.18,5,1,4,Engine
5523,26,2025-08-03,Repair,4527.48,15,4,4,Brakes
5524,109,2022-12-17,Routine,3503.21,3,2,1,Brakes
5525,118,2025-07-19,Repair,3170.96,21,9,0,Transmission
5526,56,2024-07-02,Warranty,112.7,24,7,5,Brakes
5527,123,2023-01-09,Repair,1802.22,10,5,5,Brakes
5528,83,2023-03-03,Repair,136.15,16,5,0,Engine
5529,96,2024-02-04,Routine,1890.31,1,10,2,Brakes
5530,199,2023-07-11,Warranty,3867.82,7,5,0,Tires
5531,149,2025-02-19,Repair,1152.85,11,8,4,Engine
5532,118,2024-08-09,Repair,430.36,10,10,4,Transmission
5533,171,2023-06-02,Warranty,2278.03,11,2,3,Tires
5534,195,2025-05-25,Repair,2248.06,4,3,0,Brakes
5535,46,2022-11-11,Repair,2083.59,18,6,0,Transmission
5536,25,2025-09-16,Repair,386.2,14,10,5,Brakes
5537,16,2023-08-06,Repair,1253.51,23,1,1,Engine
5538,71,2025-07-18,Routine,418.11,17,1,1,Brakes
5539,98,2025-07-17,Warranty,3217.63,27,10,4,Engine
5540,137,2024-07-01,Routine,3185.91,19,8,2,Transmission
5541,152,2025-08-16,Warranty,4089.56,1,7,0,Brakes
5542,186,2023-01-18,Routine,2878.91,5,2,2,Brakes
5543,21,2023-02-20,Warranty,4794.5,11,7,2,Transmission
5544,10,2024-09-07,Warranty,2970.63,27,3,1,Tires
5545,91,2023-01-03,Routine,983.3,29,3,1,Transmission
5546,66,2024-01-03,Warranty,3316.07,9,2,2,Engine
5547,142,2023-11-27,Warranty,4858.21,7,5,3,Transmission
5548,148,2024-07-18,Warranty,215.06,11,5,0,Tires
5549,166,2023-09-09,Routine,4277.19,30,1,3,Tires
5550,49,2025-04-20,Routine,3023.23,18,3,3,Tires
5551,54,2023-07-13,Routine,2769.95,12,5,0,Engine
5552,195,2025-09-01,Routine,2760.17,8,1,0,Tires
5553,188,2023-12-29,Warranty,2753.67,2,10,5,Tires
5554,109,2023-12-27,Repair,4161.37,5,10,2,Tires
5555,196,2025-04-01,Warranty,1750.55,10,6,1,Engine
5556,159,2025-05-25,Repair,1803.54,2,10,4,Engine
5557,129,2025-07-29,Repair,1307.76,17,5,2,Tires
5558,144,2024-04-27,Repair,3904.63,25,10,0,Engine
5559,119,2025-02-03,Repair,4614.49,5,5,4,Tires
5560,146,2023-08-21,Repair,2938.98,3,1,5,Tires
5561,26,2024-11-03,Routine,3791.33,3,5,2,Engine
5562,176,2023-08-11,Repair,246.14,16,3,1,Tires
5563,113,2022-11-02,Routine,1854.86,28,2,5,Brakes
5564,5,2024-04-11,Routine,180.7,25,4,5,Transmission
5565,86,2024-11-07,Warranty,2916.16,6,5,2,Tires
5566,135,2023-04-05,Repair,1684.87,5,3,3,Brakes
5567,58,2025-09-26,Warranty,2345.85,24,2,1,Transmission
5568,185,2024-09-06,Routine,4611.98,11,10,4,Brakes
5569,111,2024-03-30,Repair,2574.73,20,5,0,Transmission
5570,200,2025-06-08,Repair,2928.66,7,8,4,Tires
5571,104,2023-09-28,Repair,489.6,3,10,0,Engine
5572,10,2025-08-20,Routine,3876.78,5,5,4,Transmission
5573,158,2025-02-26,Routine,4609.61,8,5,4,Brakes
5574,123,2022-10-20,Repair,4880.35,22,9,0,Engine
5575,62,2024-06-30,Repair,2440.16,6,2,3,Brakes
5576,82,2024-09-22,Repair,2723.68,13,1,4,Brakes
5577,38,2024-02-08,Repair,4407.85,7,7,3,Engine
5578,152,2025-07-22,Routine,1851.39,28,8,3,Brakes
5579,79,2024-12-28,Repair,4408.96,16,10,0,Transmission
5580,32,2023-06-11,Warranty,2512.43,24,4,5,Transmission
5581,21,2024-07-28,Routine,3969.16,17,6,1,Engine
5582,146,2023-04-01,Repair,2130.05,18,2,3,Tires
5583,154,2024-03-27,Routine,1991.35,15,3,3,Transmission
5584,27,2024-11-14,Repair,4054.83,5,3,1,Engine
5585,51,2024-03-20,Warranty,4699.19,23,2,0,Engine
5586,172,2025-05-03,Routine,1612.65,13,2,0,Transmission
5587,103,2022-11-18,Warranty,1366.03,29,6,5,Brakes
5588,127,2023-10-06,Warranty,1089.56,13,10,3,Tires
5589,11,2024-02-19,Repair,3870.21,2,2,0,Transmission
5590,76,2025-02-16,Warranty,4749.82,12,8,5,Transmission
5591,199,2023-05-18,Routine,726.97,17,5,5,Engine
5592,71,2024-07-21,Repair,519.43,1,3,5,Brakes
5593,162,2023-03-19,Repair,3568.05,3,5,0,Brakes
5594,6,2023-06-30,Routine,2628.34,30,8,3,Brakes
5595,28,2023-08-17,Repair,1805.74,6,1,3,Tires
5596,76,2022-11-07,Repair,3635.97,2,2,1,Brakes
5597,84,2025-03-31,Warranty,1733.08,12,2,0,Transmission
5598,44,2024-11-20,Routine,586.49,14,3,5,Transmission
5599,36,2025-09-19,Repair,4310.75,1,6,0,Tires
5600,149,2024-04-04,Repair,1128.55,27,7,1,Transmission
5601,37,2024-09-26,Routine,879.57,23,2,1,Transmission
5602,122,2024-05-10,Warranty,4764.44,29,3,2,Brakes
5603,169,2024-04-26,Routine,646.12,18,9,3,Engine
5604,183,2024-10-01,Repair,378.92,10,4,3,Tires
5605,199,2024-03-25,Routine,1218.21,30,5,3,Transmission
5606,57,2024-06-18,Warranty,1576.61,7,6,5,Tires
5607,181,2024-03-04,Routine,1114.52,20,2,3,Transmission
5608,94,2024-06-06,Routine,2838.32,1,3,5,Engine
5609,82,2023-10-14,Repair,4484.95,5,1,0,Engine
5610,139,2022-11-02,Repair,2080.85,13,5,1,Transmission
5611,160,2023-01-20,Warranty,1453.98,23,9,4,Brakes
5612,81,2024-10-07,Repair,690.21,19,10,0,Engine
5613,4,2024-10-10,Warranty,4385.3,13,10,5,Engine
5614,30,2024-06-27,Warranty,1715.14,2,10,1,Engine
5615,121,2024-05-18,Routine,3514.01,17,2,3,Brakes
5616,153,2025-10-04,Warranty,1706.55,17,8,3,Tires
5617,78,2024-08-22,Warranty,1146.57,18,8,2,Tires
5618,136,2025-02-23,Warranty,1620.49,26,9,2,Brakes
5619,187,2025-04-28,Routine,1272.11,7,8,0,Tires
5620,163,2024-03-13,Routine,1924.45,28,2,5,Tires
5621,138,2024-09-23,Routine,3590.41,16,8,4,Transmission
5622,34,2024-12-06,Routine,4923.55,22,6,4,Engine
5623,75,2025-08-07,Routine,3134.05,22,7,2,Engine
5624,20,2023-12-03,Warranty,774.88,23,1,2,Tires
5625,56,2022-11-28,Routine,1780.05,30,8,5,Engine
5626,49,2024-12-05,Routine,4401.31,25,10,5,Engine
5627,14,2023-12-25,Repair,3640.84,9,6,3,Transmission
5628,142,2023-11-02,Warranty,3865.22,28,6,2,Transmission
5629,77,2024-02-13,Routine,4678.24,1,1,1,Transmission
5630,182,2024-12-19,Repair,2123.29,6,7,1,Transmission
5631,88,2023-10-06,Warranty,2732.14,20,4,1,Engine
5632,107,2023-12-13,Warranty,1508.34,18,10,0,Tires
5633,3,2024-03-18,Warranty,3282.74,11,8,1,Transmission
5634,80,2023-12-24,Warranty,1730.03,22,10,0,Brakes
5635,9,2023-09-28,Routine,536.52,22,10,0,Tires
5636,155,2023-08-13,Repair,3599.9,3,9,3,Tires
5637,161,2025-01-15,Repair,1392.99,24,10,1,Brakes
5638,34,2022-10-07,Routine,4402.0,2,9,2,Tires
5639,25,2023-02-11,Warranty,3506.22,13,7,2,Tires
5640,119,2024-06-30,Repair,4897.11,29,7,3,Transmission
5641,42,2023-09-25,Warranty,419.54,27,6,2,Tires
5642,131,2025-07-08,Routine,3646.3,16,10,1,Tires
5643,171,2025-10-06,Repair,1208.47,14,8,2,Transmission
5644,117,2022-12-03,Warranty,1436.66,20,8,5,Tires
5645,7,2024-02-16,Warranty,758.84,17,5,3,Brakes
5646,29,2024-05-21,Repair,3182.38,14,1,0,Brakes
5647,25,2024-04-13,Warranty,4868.12,3,4,1,Transmission
5648,44,2022-10-22,Routine,4527.26,6,8,2,Tires
5649,195,2023-08-10,Warranty,4678.23,21,4,2,Brakes
5650,127,2023-11-11,Warranty,2268.93,13,7,4,Tires
5651,24,2024-04-20,Repair,4938.31,25,8,0,Transmission
5652,56,2024-03-19,Repair,2130.73,19,1,3,Brakes
5653,173,2025-03-10,Warranty,4241.46,19,7,3,Transmission
5654,17,2024-11-09,Warranty,1623.55,8,10,2,Engine
5655,37,2025-07-13,Repair,4715.13,14,2,4,Transmission
5656,48,2025-07-25,Routine,2714.68,27,10,3,Transmission
5657,172,2024-03-31,Repair,450.31,17,10,1,Engine
5658,106,2023-10-14,Warranty,1613.68,27,4,1,Engine
5659,143,2025-05-08,Warranty,640.72,2,2,3,Transmission
5660,138,2024-10-10,Warranty,2225.93,1,5,5,Transmission
5661,3,2023-12-06,Warranty,4591.6,30,10,5,Brakes
5662,39,2023-02-22,Routine,1580.82,5,8,5,Brakes
5663,116,2024-11-18,Warranty,162.75,29,4,2,Transmission
5664,11,2023-01-09,Routine,4678.06,17,5,1,Transmission
5665,12,2025-09-23,Routine,4201.3,6,5,4,Brakes
5666,75,2025-04-23,Routine,3693.3,6,4,0,Tires
5667,192,2023-08-17,Warranty,3679.37,13,2,5,Engine
5668,15,2024-02-03,Routine,1110.56,29,1,1,Engine
5669,129,2024-07-10,Repair,3056.98,21,10,1,Transmission
5670,73,2023-03-24,Routine,1217.78,19,4,5,Transmission
5671,78,2025-06-09,Warranty,736.08,2,1,4,Brakes
5672,88,2024-10-26,Warranty,529.64,16,1,5,Brakes
5673,108,2025-07-08,Warranty,1250.86,6,2,1,Transmission
5674,127,2024-07-28,Warranty,4333.14,26,4,3,Brakes
5675,79,2025-05-22,Warranty,2255.26,17,5,4,Tires
5676,102,2025-05-10,Routine,2840.13,4,5,4,Engine
5677,121,2024-05-23,Repair,4429.14,28,7,3,Brakes
5678,82,2024-03-25,Repair,1367.98,26,1,0,Engine
5679,122,2024-10-27,Warranty,1103.96,27,10,4,Brakes
5680,24,2023-10-23,Repair,4339.67,9,2,4,Engine
5681,148,2022-12-11,Warranty,1094.37,26,2,1,Tires
5682,43,2024-04-24,Warranty,4314.42,28,4,0,Tires
5683,55,2024-12-06,Repair,596.96,2,9,2,Brakes
5684,199,2023-01-14,Routine,1297.97,27,2,5,Brakes
5685,14,2024-03-17,Repair,4518.53,3,8,1,Tires
5686,75,2024-09-02,Repair,794.63,10,10,3,Tires
5687,5,2025-01-08,Warranty,1644.27,4,8,5,Engine
5688,76,2024-07-13,Routine,1858.65,23,3,4,Brakes
5689,89,2024-12-26,Routine,1877.03,28,5,0,Brakes
5690,88,2025-07-15,Routine,310.86,14,2,2,Tires
5691,27,2024-07-15,Repair,4892.88,13,9,5,Transmission
5692,107,2025-02-21,Repair,2212.11,15,5,3,Engine
5693,104,2022-11-15,Routine,1929.81,28,2,2,Tires
5694,154,2025-06-20,Warranty,4093.27,7,1,4,Engine
5695,131,2024-05-18,Repair,4691.42,30,9,4,Brakes
5696,66,2025-02-23,Routine,458.14,5,1,3,Engine
5697,35,2025-06-23,Warranty,1253.02,18,2,5,Tires
5698,100,2023-01-03,Routine,1203.6,29,7,2,Tires
5699,162,2024-10-13,Warranty,3936.89,9,6,0,Brakes
5700,75,2023-06-20,Routine,1608.66,7,9,0,Transmission
5701,67,2023-08-05,Warranty,3239.34,11,2,5,Transmission
5702,48,2025-09-02,Routine,243.03,12,2,1,Brakes
5703,120,2022-12-15,Repair,566.14,16,5,0,Brakes
5704,43,2023-07-18,Routine,3432.71,4,9,0,Engine
5705,31,2024-03-09,Routine,3470.8,19,6,1,Engine
5706,1,2023-01-14,Warranty,4564.71,1,10,3,Tires
5707,195,2025-03-16,Warranty,2604.22,14,5,3,Brakes
5708,79,2025-01-08,Repair,2617.52,9,10,3,Engine
5709,47,2023-05-25,Repair,4330.33,29,7,3,Brakes
5710,123,2025-10-04,Warranty,253.23,3,7,3,Tires
5711,51,2022-12-21,Repair,2775.77,15,7,0,Transmission
5712,135,2024-08-08,Repair,4666.78,17,3,1,Engine
5713,122,2023-01-26,Repair,2990.82,21,8,3,Tires
5714,82,2023-04-19,Warranty,819.32,10,1,4,Transmission
5715,46,2025-08-28,Warranty,2136.58,8,6,4,Transmission
5716,139,2023-01-15,Repair,2389.17,9,7,5,Engine
5717,63,2024-10-01,Routine,2756.59,9,3,1,Tires
5718,25,2024-08-26,Warranty,4716.92,1,3,0,Engine
5719,60,2023-10-31,Repair,4362.23,29,1,0,Tires
5720,181,2024-05-19,Warranty,4492.99,15,4,5,Tires
5721,10,2024-03-02,Repair,1583.05,5,1,4,Tires
5722,4,2022-10-24,Repair,858.27,18,5,3,Transmission
5723,184,2025-09-01,Repair,4022.36,21,10,0,Brakes
5724,90,2024-07-21,Repair,2089.89,2,10,3,Tires
5725,104,2023-09-23,Repair,2756.37,28,3,3,Engine
5726,53,2023-12-21,Repair,3807.92,23,10,2,Engine
5727,114,2024-09-23,Repair,4137.17,29,6,1,Brakes
5728,177,2022-10-13,Repair,2550.88,9,2,2,Brakes
5729,56,2023-08-06,Repair,1458.87,26,6,5,Transmission
5730,39,2024-08-18,Routine,959.9,17,7,2,Transmission
5731,134,2025-06-22,Repair,4318.37,15,8,3,Brakes
5732,38,2023-06-24,Warranty,3086.22,29,3,5,Tires
5733,126,2024-04-11,Repair,4015.78,30,10,1,Brakes
5734,119,2023-02-06,Repair,1047.2,19,1,0,Brakes
5735,58,2025-03-29,Routine,3844.28,10,5,1,Tires
5736,160,2025-04-06,Repair,3161.41,12,7,5,Tires
5737,107,2025-07-05,Repair,2166.61,19,4,1,Transmission
5738,189,2023-01-26,Routine,4557.47,4,2,3,Engine
5739,64,2023-07-30,Warranty,2799.13,11,7,3,Tires
5740,160,2022-10-13,Routine,2570.0,18,8,0,Transmission
5741,19,2022-11-04,Warranty,1904.77,2,6,2,Engine
5742,178,2025-08-25,Repair,1435.05,22,5,4,Transmission
5743,118,2025-08-17,Routine,2834.93,20,10,3,Brakes
5744,198,2024-04-08,Warranty,1337.6,21,2,3,Brakes
5745,115,2025-09-20,Repair,1003.92,23,7,3,Engine
5746,28,2023-05-03,Repair,4166.03,21,7,0,Brakes
5747,176,2025-03-05,Routine,2257.52,3,5,0,Engine
5748,169,2024-07-30,Warranty,1603.51,30,4,1,Brakes
5749,105,2024-12-15,Warranty,2091.6,1,3,3,Transmission
5750,139,2024-01-25,Repair,139.73,17,1,0,Engine
5751,142,2024-04-30,Repair,3892.75,3,4,3,Engine
5752,6,2022-12-24,Routine,3850.26,12,10,1,Brakes
5753,93,2023-08-21,Routine,3137.68,30,4,4,Brakes
5754,24,2023-02-08,Repair,4300.37,29,7,1,Tires
5755,27,2023-01-02,Routine,4595.49,2,4,1,Engine
5756,174,2023-09-19,Warranty,4595.72,29,6,3,Brakes
5757,34,2024-03-30,Repair,3044.99,26,1,5,Transmission
5758,14,2024-12-25,Repair,567.2,25,6,5,Brakes
5759,46,2024-05-18,Routine,2403.67,7,4,4,Engine
5760,154,2024-05-26,Routine,3562.24,12,9,0,Transmission
5761,27,2023-11-04,Warranty,156.71,28,6,4,Tires
5762,83,2024-06-21,Routine,2944.47,20,6,4,Transmission
5763,15,2024-07-10,Routine,2394.76,23,2,5,Tires
5764,3,2023-12-10,Routine,4068.67,17,6,5,Tires
5765,108,2023-05-04,Repair,3815.87,1,5,0,Brakes
5766,57,2025-04-18,Repair,3755.15,30,6,1,Engine
5767,93,2023-07-17,Routine,4072.92,12,3,3,Transmission
5768,29,2023-04-19,Repair,4629.56,7,8,0,Tires
5769,156,2023-10-01,Routine,1136.45,11,5,0,Brakes
5770,9,2022-11-20,Routine,1158.75,14,9,4,Brakes
5771,164,2023-08-08,Routine,4986.82,20,7,5,Brakes
5772,197,2024-01-08,Repair,1399.34,1,7,0,Tires
5773,96,2024-02-09,Repair,1155.89,21,1,1,Transmission
5774,128,2025-05-17,Routine,1691.8,2,9,0,Tires
5775,41,2023-12-18,Warranty,2340.13,18,2,4,Tires
5776,122,2025-06-23,Repair,1950.77,29,3,3,Tires
5777,2,2024-02-22,Routine,3958.33,11,4,3,Engine
5778,156,2024-09-20,Repair,4277.8,7,3,1,Engine
5779,20,2025-01-06,Repair,2171.67,29,1,0,Brakes
5780,136,2025-03-17,Routine,4013.82,21,8,5,Transmission
5781,42,2025-04-15,Routine,515.42,3,3,3,Transmission
5782,71,2023-03-07,Repair,483.53,5,5,1,Transmission
5783,114,2023-08-24,Routine,2885.48,23,5,0,Brakes
5784,166,2024-08-10,Routine,763.38,4,5,3,Engine
5785,121,2024-11-26,Warranty,2076.29,10,10,5,Transmission
5786,122,2024-03-06,Repair,174.01,3,6,3,Transmission
5787,104,2025-09-27,Warranty,1751.67,3,7,1,Brakes
5788,133,2023-08-24,Repair,3477.11,18,2,2,Engine
5789,43,2024-05-31,Warranty,864.88,20,6,3,Tires
5790,114,2023-09-30,Routine,3141.0,4,10,2,Transmission
5791,171,2025-09-17,Routine,500.82,19,4,1,Tires
5792,164,2023-06-08,Repair,2399.15,2,7,2,Brakes
5793,50,2023-06-21,Repair,3120.57,25,4,5,Tires
5794,104,2023-01-24,Warranty,2416.92,15,8,0,Tires
5795,33,2025-06-11,Warranty,4276.53,15,4,0,Transmission
5796,17,2023-12-11,Repair,1429.26,11,7,4,Transmission
5797,155,2025-09-24,Repair,1572.9,7,4,3,Engine
5798,8,2023-09-05,Routine,1050.47,11,2,0,Engine
5799,86,2024-08-11,Repair,4424.84,24,7,1,Tires
5800,20,2025-05-22,Repair,1785.48,21,2,1,Brakes
5801,198,2024-02-28,Routine,4044.62,10,10,5,Transmission
5802,71,2024-08-17,Warranty,3029.58,6,2,3,Tires
5803,18,2023-08-24,Repair,205.78,28,6,0,Transmission
5804,67,2024-06-30,Warranty,1871.29,3,8,1,Brakes
5805,134,2024-02-03,Warranty,2992.6,21,5,1,Transmission
5806,84,2024-02-11,Warranty,788.07,24,4,5,Engine
5807,176,2023-08-20,Warranty,1513.77,26,3,5,Engine
5808,128,2023-05-10,Warranty,492.25,30,4,0,Tires
5809,40,2025-03-27,Routine,1978.06,4,4,4,Engine
5810,60,2024-11-15,Routine,1689.88,20,10,2,Transmission
5811,14,2025-09-27,Routine,3840.97,21,5,2,Tires
5812,126,2024-07-16,Routine,4369.14,22,6,2,Brakes
5813,192,2025-01-30,Routine,2217.29,12,6,0,Engine
5814,74,2024-04-17,Repair,4557.46,29,2,3,Transmission
5815,72,2023-08-09,Repair,1135.56,18,5,5,Brakes
5816,35,2023-09-01,Repair,3057.11,22,4,4,Brakes
5817,92,2022-10-23,Warranty,194.26,1,1,0,Tires
5818,105,2025-01-12,Repair,3475.03,7,2,5,Tires
5819,87,2024-11-29,Warranty,4095.31,28,9,5,Transmission
5820,59,2024-08-16,Routine,2190.44,6,8,0,Tires
5821,6,2023-04-02,Routine,2146.55,9,3,3,Brakes
5822,43,2023-10-07,Warranty,1662.43,6,6,1,Brakes
5823,17,2024-03-20,Repair,138.9,22,1,3,Transmission
5824,181,2025-09-23,Warranty,4567.54,23,4,0,Brakes
5825,7,2025-07-06,Routine,1963.31,9,9,2,Transmission
5826,61,2024-12-19,Repair,4872.8,15,7,4,Tires
5827,105,2025-04-19,Repair,767.38,20,2,5,Brakes
5828,17,2024-12-09,Warranty,4525.59,17,3,2,Engine
5829,81,2024-05-17,Warranty,476.07,21,3,5,Tires
5830,62,2024-11-29,Routine,2361.17,27,2,4,Tires
5831,156,2023-08-05,Routine,2782.94,7,10,0,Tires
5832,101,2023-09-02,Warranty,356.41,14,3,5,Transmission
5833,149,2025-09-29,Routine,1227.02,1,5,4,Tires
5834,25,2023-03-02,Repair,2429.27,23,7,2,Transmission
5835,184,2024-03-07,Routine,1269.44,1,7,1,Brakes
5836,173,2023-12-03,Warranty,2716.48,6,4,0,Brakes
5837,63,2024-02-21,Warranty,3445.32,11,6,1,Engine
5838,139,2024-08-22,Routine,439.05,22,8,4,Transmission
5839,87,2025-02-07,Repair,3851.84,1,9,0,Tires
5840,155,2024-09-04,Warranty,2472.9,22,4,2,Brakes
5841,181,2025-05-05,Warranty,1543.23,9,2,3,Transmission
5842,191,2023-09-12,Warranty,3244.1,5,9,5,Engine
5843,59,2024-06-12,Warranty,4411.34,24,5,0,Tires
5844,59,2024-04-14,Repair,989.63,12,6,3,Tires
5845,37,2024-08-09,Repair,2277.3,7,9,5,Engine
5846,91,2023-10-23,Routine,273.37,11,5,5,Engine
5847,149,2023-01-10,Repair,4882.85,26,8,2,Transmission
5848,108,2024-06-30,Routine,464.14,1,1,4,Tires
5849,39,2024-05-12,Warranty,436.39,30,5,3,Tires
5850,154,2023-03-14,Routine,4795.17,10,3,5,Engine
5851,186,2023-09-06,Routine,1451.43,13,4,5,Transmission
5852,6,2024-04-11,Routine,4751.41,19,6,3,Tires
5853,38,2024-12-23,Repair,3161.84,28,4,5,Engine
5854,127,2025-03-13,Routine,3966.27,14,8,2,Engine
5855,192,2024-05-17,Warranty,4603.45,9,2,2,Transmission
5856,130,2024-09-26,Warranty,1854.93,3,3,3,Engine
5857,102,2023-12-31,Repair,3083.68,10,1,1,Engine
5858,11,2024-02-11,Warranty,3975.6,15,5,2,Transmission
5859,115,2023-11-06,Repair,3504.05,20,7,0,Tires
5860,126,2025-09-13,Warranty,2389.33,30,2,5,Tires
5861,111,2023-12-25,Warranty,2926.03,25,1,1,Brakes
5862,64,2024-12-25,Repair,918.69,1,8,4,Tires
5863,163,2024-02-07,Routine,4669.16,18,3,1,Engine
5864,120,2024-12-18,Repair,4021.93,21,5,4,Brakes
5865,19,2025-04-29,Routine,1934.84,22,1,1,Transmission
5866,91,2023-01-12,Routine,3317.67,18,2,3,Tires
5867,170,2024-10-20,Repair,1116.69,18,8,4,Tires
5868,49,2025-02-08,Warranty,3172.13,20,7,3,Brakes
5869,65,2025-07-01,Warranty,669.72,25,7,3,Tires
5870,184,2024-09-13,Warranty,4588.08,5,4,4,Engine
5871,45,2025-03-23,Routine,4958.51,6,7,1,Engine
5872,160,2023-08-18,Repair,3356.58,16,6,4,Transmission
5873,152,2024-03-31,Repair,4037.56,1,9,5,Engine
5874,187,2023-11-05,Warranty,466.96,13,4,1,Engine
5875,30,2024-03-03,Warranty,2623.94,27,4,1,Brakes
5876,78,2023-09-22,Warranty,4375.81,24,3,1,Transmission
5877,193,2024-01-14,Warranty,3958.77,18,4,0,Brakes
5878,131,2023-05-11,Routine,3369.29,17,10,4,Brakes
5879,176,2023-03-17,Routine,1417.68,5,1,4,Brakes
5880,77,2023-06-01,Repair,1510.34,10,9,3,Transmission
5881,142,2023-08-31,Warranty,4618.21,8,3,4,Brakes
5882,100,2022-11-06,Repair,690.47,23,4,5,Tires
5883,130,2023-04-01,Routine,3957.64,18,5,4,Tires
5884,71,2023-04-10,Routine,1393.16,6,3,1,Brakes
5885,137,2023-06-29,Routine,2129.26,19,8,0,Engine
5886,50,2025-09-08,Warranty,202.26,14,3,3,Engine
5887,85,2023-07-01,Repair,2401.62,2,6,0,Transmission
5888,129,2023-02-19,Repair,3871.88,9,4,0,Tires
5889,108,2023-09-25,Warranty,4409.68,28,6,3,Engine
5890,110,2023-09-20,Repair,1293.19,11,1,0,Brakes
5891,117,2024-11-12,Repair,802.9,10,1,5,Engine
5892,197,2024-07-29,Repair,2995.63,9,1,4,Engine
5893,89,2025-06-16,Warranty,3052.19,17,4,4,Brakes
5894,174,2023-09-10,Warranty,928.5,2,3,5,Transmission
5895,21,2024-04-08,Routine,1591.77,15,3,1,Brakes
5896,33,2023-03-31,Warranty,1292.41,22,10,1,Transmission
5897,147,2025-03-21,Repair,273.7,3,6,1,Brakes
5898,15,2024-09-01,Routine,1879.41,24,7,1,Engine
5899,47,2023-04-25,Warranty,3861.09,7,6,5,Engine
5900,151,2022-10-13,Routine,4377.16,19,1,0,Engine
5901,180,2022-11-11,Repair,2958.12,26,7,5,Transmission
5902,138,2022-10-13,Routine,2222.34,18,6,1,Engine
5903,130,2023-10-02,Warranty,2255.66,15,5,1,Brakes
5904,13,2023-11-03,Repair,2520.81,7,1,1,Brakes
5905,147,2024-12-01,Routine,2431.83,12,1,5,Transmission
5906,171,2023-07-02,Repair,4647.38,14,8,2,Tires
5907,128,2025-06-15,Routine,1628.14,15,4,1,Engine
5908,94,2024-06-30,Repair,1036.61,21,4,3,Brakes
5909,172,2024-08-30,Routine,960.85,20,7,3,Brakes
5910,100,2024-06-22,Warranty,293.86,21,3,3,Brakes
5911,30,2025-07-08,Warranty,2172.94,2,2,5,Tires
5912,191,2022-12-23,Repair,3364.58,10,5,5,Tires
5913,170,2025-02-21,Warranty,799.89,12,4,3,Transmission
5914,79,2025-01-14,Repair,2817.98,30,2,4,Transmission
5915,31,2022-12-13,Repair,4038.15,5,7,2,Transmission
5916,90,2024-06-27,Repair,4060.56,8,5,2,Engine
5917,150,2024-09-24,Routine,154.21,5,2,1,Brakes
5918,181,2023-08-22,Warranty,2498.34,22,1,4,Brakes
5919,10,2023-02-11,Warranty,324.1,27,2,2,Brakes
5920,76,2024-04-15,Warranty,2337.67,10,7,0,Transmission
5921,120,2023-02-05,Warranty,1353.88,1,9,3,Tires
5922,160,2025-01-31,Warranty,969.91,21,5,3,Engine
5923,37,2024-04-28,Routine,2983.25,13,4,0,Tires
5924,135,2024-05-14,Routine,527.12,30,4,1,Tires
5925,122,2024-01-13,Warranty,1485.88,1,8,2,Brakes
5926,78,2022-12-27,Routine,4695.17,19,9,3,Tires
5927,186,2023-02-11,Repair,3924.54,15,5,4,Brakes
5928,112,2023-12-29,Repair,643.83,23,4,1,Engine
5929,135,2025-07-26,Warranty,2778.94,19,5,0,Tires
5930,123,2025-07-03,Warranty,4952.72,3,4,2,Brakes
5931,79,2023-09-05,Routine,322.45,3,6,4,Brakes
5932,131,2022-12-08,Warranty,3945.01,27,3,2,Engine
5933,105,2025-08-12,Warranty,4473.2,29,7,5,Transmission
5934,125,2024-07-29,Repair,2793.51,27,5,5,Engine
5935,146,2025-04-04,Warranty,172.12,8,3,3,Transmission
5936,4,2024-09-11,Routine,4990.75,24,9,1,Tires
5937,78,2023-10-30,Warranty,4576.16,2,4,1,Tires
5938,18,2023-01-16,Repair,3289.74,10,1,1,Engine
5939,154,2024-08-15,Warranty,1897.53,1,3,2,Brakes
5940,30,2025-08-26,Repair,396.55,1,2,2,Engine
5941,34,2024-12-26,Repair,2579.32,21,10,3,Brakes
5942,132,2023-07-11,Routine,3076.52,4,7,1,Engine
5943,64,2023-04-29,Routine,2435.73,29,1,3,Brakes
5944,65,2024-07-30,Repair,1294.58,25,3,4,Engine
5945,49,2025-09-27,Warranty,1545.68,24,2,0,Engine
5946,41,2024-09-09,Repair,4257.63,19,5,0,Transmission
5947,34,2024-10-15,Routine,3292.25,28,2,2,Tires
5948,59,2025-08-15,Routine,4404.17,7,6,2,Engine
5949,146,2024-09-03,Repair,2100.2,9,9,4,Engine
5950,51,2024-08-11,Routine,603.48,28,1,4,Brakes
5951,14,2024-03-14,Repair,2753.27,17,10,0,Brakes
5952,105,2024-09-17,Warranty,4721.66,7,1,1,Transmission
5953,24,2024-01-23,Routine,793.9,14,6,4,Brakes
5954,111,2023-04-22,Repair,863.71,26,4,4,Transmission
5955,69,2025-05-07,Routine,3218.96,29,9,0,Brakes
5956,182,2023-01-17,Routine,2591.45,29,6,5,Brakes
5957,96,2025-01-28,Repair,4268.7,10,9,2,Transmission
5958,153,2024-10-04,Routine,3741.14,20,3,3,Engine
5959,46,2024-04-16,Warranty,3951.4,25,3,2,Engine
5960,200,2023-08-31,Warranty,4287.84,19,8,2,Transmission
5961,37,2022-10-15,Routine,4531.6,25,6,3,Transmission
5962,63,2024-12-16,Routine,493.64,10,3,3,Transmission
5963,128,2023-01-11,Warranty,2677.74,10,8,0,Engine
5964,170,2022-10-17,Repair,2453.36,1,4,0,Tires
5965,141,2024-08-05,Repair,3994.93,6,1,2,Tires
5966,175,2025-04-08,Warranty,4765.23,28,2,4,Transmission
5967,50,2025-09-16,Routine,1930.97,17,4,3,Tires
5968,146,2023-09-25,Repair,648.15,16,8,2,Transmission
5969,35,2023-12-04,Warranty,930.21,13,7,4,Tires
5970,40,2025-09-24,Warranty,4256.11,1,3,5,Engine
5971,59,2025-06-02,Routine,1751.99,14,10,3,Brakes
5972,123,2023-11-06,Routine,1236.23,2,3,4,Tires
5973,51,2023-06-02,Routine,3916.08,9,3,1,Engine
5974,67,2024-07-08,Repair,1181.27,15,5,2,Tires
5975,117,2024-06-14,Warranty,875.76,5,2,4,Transmission
5976,122,2022-11-14,Repair,2520.72,19,3,3,Brakes
5977,89,2023-10-24,Warranty,4281.76,19,5,4,Transmission
5978,1,2022-10-20,Repair,2425.29,3,6,3,Brakes
5979,42,2025-09-10,Routine,3535.65,24,2,2,Transmission
5980,128,2023-02-14,Warranty,4369.16,9,9,4,Engine
5981,81,2023-07-29,Repair,2702.04,1,9,4,Engine
5982,71,2022-12-09,Routine,574.8,13,9,4,Tires
5983,26,2024-07-23,Warranty,1812.16,16,6,4,Engine
5984,164,2025-08-13,Warranty,2046.88,4,7,4,Engine
5985,118,2023-03-25,Repair,3246.52,13,10,1,Transmission
5986,29,2025-06-09,Repair,3681.85,25,4,1,Transmission
5987,26,2023-06-25,Repair,2751.15,10,4,4,Engine
5988,139,2023-02-16,Warranty,4102.12,30,8,1,Brakes
5989,84,2023-10-05,Repair,1671.5,3,5,3,Engine
5990,110,2024-07-03,Routine,4710.61,22,7,2,Engine
5991,57,2025-04-27,Repair,2875.74,23,2,4,Tires
5992,78,2024-03-11,Warranty,2526.88,20,8,0,Tires
5993,197,2022-10-30,Warranty,1451.49,11,3,0,Brakes
5994,84,2024-12-06,Warranty,1486.19,30,10,3,Tires
5995,145,2023-03-30,Warranty,4133.31,23,6,1,Tires
5996,145,2024-03-17,Repair,3814.75,28,3,5,Tires
5997,84,2024-11-06,Warranty,3069.63,11,3,1,Engine
5998,179,2023-02-05,Repair,1073.11,10,3,4,Transmission
5999,140,2024-10-22,Routine,4642.79,23,7,1,Tires
6000,163,2024-06-29,Warranty,4341.23,28,4,5,Engine
6001,56,2022-11-21,Routine,2573.25,12,4,1,Brakes
6002,38,2024-10-10,Warranty,1710.86,8,2,5,Transmission
6003,163,2024-06-17,Warranty,4401.4,13,2,0,Transmission
6004,74,2023-03-11,Repair,3787.65,13,4,4,Brakes
6005,3,2023-08-28,Repair,697.56,27,2,0,Tires
6006,194,2023-11-10,Warranty,2799.34,22,6,3,Brakes
6007,159,2025-01-12,Warranty,1640.47,30,9,3,Transmission
6008,86,2023-07-23,Routine,2336.02,11,9,0,Engine
6009,46,2023-03-28,Repair,3274.34,12,1,4,Tires
6010,194,2025-01-31,Routine,1070.19,8,5,4,Transmission
6011,41,2025-09-13,Repair,3256.68,16,6,2,Transmission
6012,116,2023-08-05,Warranty,3579.63,27,8,0,Engine
6013,183,2025-07-13,Repair,472.63,21,1,4,Tires
6014,112,2023-07-08,Warranty,1552.05,1,6,3,Transmission
6015,94,2025-02-05,Routine,4028.35,18,10,5,Tires
6016,140,2025-01-28,Warranty,213.2,7,2,1,Brakes
6017,154,2023-01-21,Repair,4438.05,28,1,3,Tires
6018,76,2023-05-19,Warranty,3661.95,28,2,4,Brakes
6019,40,2024-02-29,Routine,198.94,10,3,2,Transmission
6020,76,2024-03-06,Repair,1198.57,1,10,4,Engine
6021,167,2024-08-10,Routine,3077.29,9,3,2,Engine
6022,26,2023-12-26,Routine,790.14,19,5,0,Brakes
6023,101,2023-03-22,Routine,2163.97,23,3,3,Transmission
6024,121,2024-12-20,Routine,4359.07,28,8,5,Brakes
6025,162,2025-06-08,Repair,4567.42,5,4,2,Transmission
6026,30,2024-08-12,Repair,3649.39,4,2,3,Brakes
6027,60,2025-02-06,Warranty,2391.99,21,2,4,Engine
6028,133,2023-08-18,Routine,2579.89,25,8,4,Brakes
6029,49,2025-02-24,Repair,2601.56,6,7,1,Transmission
6030,120,2024-06-03,Routine,2050.77,8,4,3,Engine
6031,124,2025-04-20,Warranty,750.02,29,7,0,Tires
6032,115,2024-11-30,Routine,4565.63,15,8,5,Tires
6033,47,2023-02-09,Warranty,3669.51,17,3,0,Tires
6034,14,2024-08-19,Repair,4763.41,20,10,4,Engine
6035,85,2023-06-10,Routine,2880.07,17,8,0,Transmission
6036,199,2025-05-27,Warranty,4601.32,25,10,0,Tires
6037,192,2025-03-17,Warranty,1165.41,17,5,2,Brakes
6038,67,2023-10-28,Repair,1457.44,27,8,5,Transmission
6039,87,2024-07-30,Routine,554.0,28,9,1,Engine
6040,151,2025-02-07,Repair,1152.0,4,9,5,Engine
6041,45,2024-11-21,Warranty,3115.38,1,7,3,Engine
6042,159,2025-06-27,Warranty,2997.21,4,2,3,Engine
6043,152,2023-03-05,Routine,2000.95,4,10,3,Tires
6044,62,2023-01-09,Warranty,4170.72,19,6,1,Brakes
6045,44,2024-03-14,Routine,3667.88,16,7,2,Brakes
6046,120,2023-03-12,Warranty,1125.39,3,4,3,Transmission
6047,111,2023-01-23,Warranty,1885.0,27,2,4,Tires
6048,159,2025-04-07,Warranty,4116.01,4,10,3,Tires
6049,164,2023-10-06,Routine,3924.06,17,2,5,Tires
6050,155,2023-08-31,Repair,2539.63,29,9,0,Tires
6051,102,2023-01-06,Warranty,3123.04,12,4,3,Tires
6052,12,2023-08-03,Routine,4196.71,15,8,5,Brakes
6053,134,2025-02-12,Warranty,3665.52,4,6,4,Brakes
6054,163,2024-02-06,Warranty,165.09,7,7,2,Transmission
6055,56,2023-07-05,Routine,543.03,19,5,4,Transmission
6056,170,2024-02-11,Routine,3610.42,26,8,5,Brakes
6057,9,2025-01-11,Repair,4174.74,25,9,5,Engine
6058,172,2022-10-07,Repair,3041.67,10,9,2,Brakes
6059,28,2022-10-29,Routine,3927.3,21,5,3,Brakes
6060,143,2025-03-10,Repair,4784.8,22,9,4,Engine
6061,144,2025-08-28,Routine,2103.22,4,2,4,Engine
6062,118,2024-11-21,Routine,4313.75,19,8,3,Tires
6063,133,2024-09-04,Routine,4079.01,12,1,0,Transmission
6064,174,2025-04-22,Repair,625.74,29,7,3,Transmission
6065,169,2023-08-07,Routine,1538.06,18,3,3,Engine
6066,63,2023-05-19,Warranty,514.02,12,1,0,Tires
6067,23,2022-12-26,Routine,136.65,11,4,4,Brakes
6068,146,2023-05-21,Routine,2109.96,30,8,0,Transmission
6069,38,2025-09-20,Routine,156.4,3,5,0,Tires
6070,132,2023-04-28,Warranty,2254.69,18,5,3,Transmission
6071,26,2024-03-16,Routine,3282.01,25,10,4,Engine
6072,45,2024-06-29,Repair,2115.4,8,8,1,Transmission
6073,184,2024-08-11,Repair,2323.46,2,9,5,Transmission
6074,89,2024-01-30,Warranty,4042.17,11,1,2,Tires
6075,143,2023-04-03,Repair,4047.88,7,5,3,Engine
6076,109,2024-07-22,Repair,2536.05,25,7,2,Engine
6077,96,2023-08-12,Routine,3907.26,20,5,2,Engine
6078,180,2023-06-07,Routine,1023.7,18,7,4,Brakes
6079,20,2024-11-09,Warranty,773.06,11,1,5,Transmission
6080,77,2022-10-29,Warranty,591.36,10,3,1,Engine
6081,50,2025-01-08,Repair,2740.91,9,5,1,Tires
6082,65,2023-02-17,Repair,3638.23,16,7,0,Tires
6083,135,2023-06-03,Repair,2394.51,1,4,2,Tires
6084,68,2025-08-29,Repair,2825.27,12,3,2,Transmission
6085,25,2024-03-09,Repair,2349.75,22,10,4,Brakes
6086,122,2023-05-01,Warranty,134.14,5,10,1,Engine
6087,55,2024-07-12,Warranty,2727.28,4,4,2,Tires
6088,197,2025-08-18,Warranty,3296.28,25,2,0,Brakes
6089,197,2024-08-05,Routine,4328.06,19,10,4,Engine
6090,184,2023-07-29,Routine,3947.29,8,6,2,Brakes
6091,130,2024-09-23,Warranty,1568.34,14,5,2,Tires
6092,124,2025-01-28,Repair,3338.46,25,7,5,Engine
6093,76,2025-09-09,Repair,2699.5,6,8,4,Brakes
6094,78,2022-12-31,Routine,2924.23,15,6,0,Brakes
6095,66,2023-08-05,Warranty,4222.28,3,10,2,Brakes
6096,74,2025-04-29,Routine,2984.19,11,1,1,Engine
6097,23,2025-03-19,Warranty,1817.01,28,3,4,Tires
6098,1,2024-08-01,Warranty,817.8,24,5,3,Engine
6099,93,2023-08-17,Repair,4628.52,6,7,1,Transmission
6100,98,2023-05-09,Warranty,4106.04,28,1,4,Engine
6101,74,2025-10-04,Routine,2748.4,12,10,2,Transmission
6102,47,2025-01-02,Routine,2368.83,27,10,2,Brakes
6103,103,2025-03-25,Warranty,839.51,18,3,4,Transmission
6104,134,2023-08-07,Routine,4222.85,7,10,3,Engine
6105,57,2024-07-06,Repair,2385.3,26,9,4,Engine
6106,55,2024-07-29,Routine,4103.92,12,6,4,Engine
6107,124,2025-04-27,Repair,3023.97,14,6,2,Engine
6108,15,2024-06-18,Repair,1150.06,19,9,2,Transmission
6109,3,2025-08-28,Repair,4599.4,10,4,5,Tires
6110,1,2025-05-31,Routine,3456.75,11,10,2,Engine
6111,149,2023-12-31,Repair,4661.27,4,9,4,Brakes
6112,160,2024-04-14,Routine,3252.5,15,3,5,Engine
6113,105,2023-09-25,Warranty,270.58,26,7,1,Transmission
6114,110,2024-03-03,Warranty,3266.89,6,4,5,Engine
6115,59,2024-06-04,Repair,480.24,2,7,4,Tires
6116,42,2024-05-10,Repair,2049.15,3,1,2,Transmission
6117,149,2025-07-08,Repair,1228.19,18,3,3,Engine
6118,145,2023-08-23,Routine,440.57,28,9,4,Transmission
6119,93,2024-05-11,Warranty,1459.35,10,2,4,Tires
6120,196,2025-02-03,Repair,3979.48,16,4,5,Brakes
6121,132,2024-05-13,Repair,2983.2,30,4,1,Brakes
6122,89,2025-07-15,Warranty,2948.38,13,2,5,Engine
6123,117,2023-09-21,Routine,2533.74,4,7,2,Tires
6124,97,2023-04-13,Warranty,918.7,6,2,1,Brakes
6125,21,2023-10-08,Repair,4943.2,2,5,1,Transmission
6126,157,2024-03-31,Repair,784.59,30,1,2,Transmission
6127,70,2024-02-13,Warranty,2496.39,29,3,3,Transmission
6128,60,2024-02-10,Warranty,3434.96,11,6,5,Brakes
6129,54,2024-05-19,Repair,4706.91,23,1,3,Brakes
6130,116,2022-11-02,Repair,4305.09,15,9,4,Brakes
6131,141,2022-12-23,Warranty,2751.96,7,3,4,Tires
6132,100,2025-05-28,Routine,585.95,5,2,3,Tires
6133,111,2023-10-27,Warranty,1902.01,27,3,1,Transmission
6134,125,2025-04-25,Repair,3977.12,19,10,4,Engine
6135,116,2024-08-04,Routine,3927.86,19,5,3,Tires
6136,138,2023-06-09,Routine,530.43,16,6,3,Transmission
6137,61,2024-12-05,Warranty,1941.52,21,8,3,Tires
6138,49,2024-01-06,Repair,2228.38,12,10,1,Transmission
6139,39,2024-08-16,Warranty,1208.71,3,10,1,Tires
6140,149,2022-10-19,Repair,3465.59,3,7,0,Brakes
6141,102,2024-12-28,Warranty,524.51,14,3,1,Brakes
6142,66,2024-08-10,Repair,2090.05,12,10,1,Brakes
6143,156,2025-08-12,Routine,4352.38,6,7,3,Brakes
6144,140,2023-04-11,Repair,1064.6,12,10,5,Tires
6145,9,2024-01-22,Routine,2857.68,11,9,5,Transmission
6146,198,2024-08-18,Repair,1751.74,11,1,3,Engine
6147,19,2023-10-21,Routine,2854.98,14,5,5,Tires
6148,149,2025-09-28,Repair,669.14,26,1,1,Tires
6149,155,2023-11-03,Routine,2360.98,30,3,3,Engine
6150,48,2024-05-03,Warranty,3620.63,21,9,1,Brakes
6151,124,2023-06-20,Repair,1139.56,26,7,5,Brakes
6152,101,2024-02-08,Routine,4512.8,28,3,0,Tires
6153,112,2023-12-19,Routine,3689.52,19,8,3,Tires
6154,119,2023-05-31,Warranty,4794.47,13,3,5,Brakes
6155,79,2025-08-02,Repair,2652.86,12,7,3,Brakes
6156,6,2024-07-30,Repair,2554.31,18,1,5,Engine
6157,51,2024-12-25,Routine,1416.53,5,4,1,Tires
6158,87,2025-08-17,Routine,3514.22,22,6,0,Brakes
6159,184,2023-10-14,Warranty,104.01,4,3,2,Tires
6160,25,2023-09-16,Routine,1225.48,30,3,2,Tires
6161,121,2024-12-07,Warranty,1142.67,16,8,4,Brakes
6162,123,2024-08-25,Warranty,2047.6,1,9,5,Brakes
6163,150,2024-11-26,Warranty,2773.55,27,6,1,Tires
6164,166,2025-08-24,Repair,4178.81,19,3,0,Engine
6165,25,2024-01-16,Routine,107.7,7,2,2,Tires
6166,40,2025-01-25,Warranty,3799.07,13,1,0,Engine
6167,160,2022-12-02,Repair,2618.37,23,7,4,Transmission
6168,60,2023-11-16,Repair,2203.08,15,2,3,Engine
6169,80,2024-12-05,Warranty,1056.24,30,8,5,Tires
6170,65,2023-03-20,Repair,1446.78,25,2,5,Tires
6171,13,2025-10-03,Warranty,3434.83,12,6,2,Brakes
6172,40,2024-08-11,Routine,1889.95,13,1,4,Brakes
6173,111,2024-11-13,Repair,2999.68,7,4,3,Engine
6174,117,2023-11-06,Repair,1256.17,16,4,1,Transmission
6175,31,2022-12-27,Warranty,1338.22,17,9,5,Brakes
6176,39,2024-10-03,Repair,3494.7,15,8,5,Engine
6177,141,2024-12-06,Repair,180.8,26,5,1,Transmission
6178,104,2023-06-01,Routine,1344.51,1,2,5,Engine
6179,128,2023-01-18,Routine,2762.01,26,4,5,Tires
6180,87,2023-08-05,Repair,4477.2,21,4,0,Tires
6181,82,2024-12-13,Warranty,3101.39,28,4,0,Tires
6182,20,2025-04-05,Warranty,1981.81,25,1,3,Transmission
6183,119,2025-03-07,Warranty,401.18,6,6,0,Tires
6184,143,2025-07-27,Routine,2315.01,25,2,5,Brakes
6185,152,2024-09-03,Warranty,4289.73,2,4,0,Tires
6186,165,2023-03-01,Warranty,430.98,15,4,4,Tires
6187,37,2024-11-07,Warranty,4997.83,11,8,5,Tires
6188,23,2024-09-10,Warranty,4399.43,7,3,5,Tires
6189,74,2025-01-30,Routine,3162.01,10,4,2,Tires
6190,68,2022-11-05,Repair,901.22,26,7,5,Transmission
6191,96,2024-08-27,Repair,1651.2,30,1,0,Transmission
6192,43,2024-08-22,Warranty,1614.53,2,1,1,Engine
6193,39,2025-04-18,Routine,1679.26,27,6,4,Tires
6194,36,2023-09-09,Routine,1626.3,29,1,3,Transmission
6195,176,2024-06-16,Warranty,1361.88,24,4,1,Brakes
6196,15,2025-07-27,Routine,3174.07,8,1,5,Transmission
6197,165,2024-06-22,Routine,4149.99,11,3,0,Engine
6198,59,2024-12-04,Routine,4993.13,6,5,5,Brakes
6199,79,2025-01-16,Warranty,447.14,10,10,0,Transmission
6200,29,2023-04-02,Warranty,1010.82,16,4,1,Brakes
6201,158,2023-04-13,Routine,3628.96,19,6,1,Tires
6202,194,2023-01-20,Routine,2027.12,18,2,4,Brakes
6203,5,2023-06-12,Routine,2153.33,26,9,2,Engine
6204,190,2024-07-12,Repair,1848.8,2,9,4,Engine
6205,188,2023-07-21,Routine,3247.09,22,3,3,Engine
6206,29,2025-01-20,Routine,3392.05,16,3,1,Brakes
6207,52,2025-04-05,Routine,2187.89,23,9,4,Tires
6208,31,2024-04-21,Routine,2066.73,22,3,3,Engine
6209,94,2023-09-26,Warranty,3143.26,10,8,3,Tires
6210,30,2022-12-31,Routine,1135.01,13,1,0,Transmission
6211,148,2025-07-13,Repair,1558.6,16,3,2,Transmission
6212,84,2024-01-12,Routine,3543.26,7,4,4,Tires
6213,56,2025-10-06,Repair,1411.28,22,10,3,Tires
6214,61,2023-06-02,Repair,536.41,10,9,4,Engine
6215,13,2023-04-03,Repair,443.29,27,10,1,Engine
6216,6,2023-01-17,Repair,601.41,28,10,0,Brakes
6217,185,2024-02-20,Warranty,2129.01,7,1,5,Tires
6218,40,2025-09-09,Routine,4480.81,22,10,0,Engine
6219,107,2024-10-12,Warranty,1684.73,25,5,3,Brakes
6220,153,2024-12-30,Routine,1962.89,10,7,2,Engine
6221,132,2023-08-29,Warranty,2557.15,17,8,2,Brakes
6222,27,2022-12-26,Repair,2327.3,11,3,1,Tires
6223,36,2025-08-13,Routine,1072.69,25,10,0,Engine
6224,104,2023-10-22,Repair,3109.88,30,5,3,Tires
6225,160,2023-10-30,Warranty,3817.69,8,8,3,Transmission
6226,89,2024-12-09,Routine,382.68,15,10,3,Brakes
6227,20,2024-03-05,Routine,4406.13,23,8,3,Engine
6228,110,2025-07-27,Repair,4477.16,22,7,5,Brakes
6229,62,2023-03-15,Routine,3897.34,29,5,4,Brakes
6230,125,2023-03-13,Routine,270.61,5,9,3,Brakes
6231,13,2022-10-19,Routine,2035.75,17,1,0,Tires
6232,90,2024-08-27,Routine,534.9,12,6,1,Tires
6233,54,2023-02-04,Warranty,3116.97,4,5,4,Transmission
6234,169,2024-05-21,Repair,4661.9,28,8,5,Transmission
6235,186,2023-05-15,Repair,3452.33,20,5,5,Engine
6236,114,2023-01-27,Routine,3051.11,6,6,4,Transmission
6237,180,2023-01-23,Routine,4746.54,20,1,0,Transmission
6238,129,2025-09-13,Routine,2033.53,15,2,4,Tires
6239,31,2023-07-23,Repair,3575.94,19,4,3,Brakes
6240,116,2023-10-16,Routine,3780.36,26,2,1,Transmission
6241,27,2025-03-04,Repair,3036.51,10,2,4,Brakes
6242,37,2025-03-10,Repair,2941.3,6,6,4,Tires
6243,19,2023-11-11,Repair,4272.41,13,2,1,Engine
6244,182,2022-12-09,Warranty,2110.23,11,10,0,Engine
6245,161,2023-12-08,Repair,594.8,18,2,4,Transmission
6246,109,2025-03-28,Repair,4575.54,21,5,4,Transmission
6247,123,2024-05-10,Routine,2914.82,4,2,2,Engine
6248,183,2025-06-22,Repair,1666.48,2,7,4,Engine
6249,87,2023-08-22,Warranty,1561.48,15,4,5,Transmission
6250,117,2022-12-13,Warranty,647.59,24,3,4,Brakes
6251,165,2025-02-17,Repair,1492.08,5,3,3,Brakes
6252,47,2023-12-30,Repair,1560.95,13,1,4,Engine
6253,67,2023-10-10,Routine,2445.57,30,3,2,Transmission
6254,183,2023-07-01,Routine,114.46,7,10,0,Engine
6255,149,2024-07-30,Warranty,3293.31,2,5,2,Transmission
6256,126,2024-04-19,Repair,2957.31,13,10,3,Transmission
6257,128,2025-01-26,Repair,4923.63,4,10,5,Transmission
6258,49,2022-11-10,Repair,2230.11,20,5,2,Transmission
6259,73,2025-03-05,Warranty,1381.82,26,2,1,Tires
6260,29,2024-08-27,Repair,1176.47,22,8,5,Engine
6261,127,2025-03-16,Warranty,3646.71,18,6,1,Tires
6262,163,2022-10-15,Routine,4405.74,13,1,4,Engine
6263,4,2022-12-10,Repair,3774.06,6,6,0,Engine
6264,141,2024-01-29,Warranty,4280.91,2,10,0,Tires
6265,172,2024-01-15,Warranty,3424.96,11,10,2,Transmission
6266,57,2025-03-20,Warranty,1855.35,26,6,1,Transmission
6267,164,2024-04-21,Routine,1495.57,6,8,0,Engine
6268,199,2025-05-12,Warranty,4362.46,28,3,4,Transmission
6269,55,2025-10-05,Routine,210.2,19,4,3,Transmission
6270,65,2023-02-12,Repair,2211.18,15,3,0,Brakes
6271,38,2022-10-17,Warranty,2987.87,16,8,3,Tires
6272,198,2024-12-31,Routine,291.44,23,8,3,Engine
6273,15,2023-01-17,Warranty,3026.67,30,4,2,Tires
6274,186,2024-09-22,Repair,4996.85,16,7,2,Brakes
6275,184,2025-09-19,Routine,272.5,8,1,1,Tires
6276,112,2023-04-19,Routine,1174.08,4,4,5,Transmission
6277,95,2023-03-22,Repair,2232.74,26,1,2,Engine
6278,170,2024-02-18,Repair,2743.69,24,2,2,Engine
6279,193,2024-08-26,Warranty,3533.43,8,4,2,Engine
6280,132,2024-10-30,Warranty,2233.03,14,8,2,Brakes
6281,66,2023-11-01,Warranty,4057.09,11,6,3,Tires
6282,17,2024-01-22,Warranty,1644.79,14,6,3,Engine
6283,167,2023-06-06,Routine,4284.44,10,5,4,Brakes
6284,46,2022-10-08,Warranty,4259.47,5,5,2,Brakes
6285,131,2023-09-27,Routine,127.62,21,10,2,Transmission
6286,98,2024-06-13,Repair,3379.86,13,5,0,Tires
6287,178,2025-06-27,Routine,3803.83,15,9,3,Transmission
6288,133,2022-10-08,Routine,3192.01,20,6,4,Tires
6289,24,2023-02-11,Warranty,912.61,16,6,1,Engine
6290,48,2023-06-02,Repair,2198.83,7,10,0,Brakes
6291,37,2025-03-11,Warranty,4085.79,28,7,3,Brakes
6292,109,2023-11-04,Routine,3707.05,9,1,5,Brakes
6293,54,2024-04-29,Routine,557.98,16,2,1,Transmission
6294,62,2023-11-03,Repair,1369.64,7,3,1,Brakes
6295,85,2023-02-19,Routine,3763.07,7,10,1,Brakes
6296,135,2025-02-06,Warranty,1099.79,22,10,2,Brakes
6297,140,2023-02-11,Repair,4855.59,16,4,1,Engine
6298,66,2023-07-27,Warranty,336.76,17,5,1,Brakes
6299,190,2025-02-07,Repair,1004.98,20,10,3,Transmission
6300,147,2025-06-04,Warranty,4579.22,19,6,4,Engine
6301,53,2023-11-09,Repair,4087.18,5,4,1,Transmission
6302,87,2022-10-18,Routine,2049.51,16,8,1,Engine
6303,164,2025-10-05,Routine,2481.26,8,4,0,Transmission
6304,137,2025-01-21,Repair,3732.65,23,2,5,Brakes
6305,102,2024-01-15,Repair,3281.92,1,6,4,Engine
6306,176,2025-09-09,Routine,568.35,26,1,1,Transmission
6307,85,2025-04-07,Warranty,2984.15,12,7,3,Engine
6308,11,2024-09-30,Routine,4034.96,13,4,3,Tires
6309,103,2023-11-03,Routine,280.42,27,10,5,Transmission
6310,123,2024-03-05,Routine,3467.58,15,6,3,Tires
6311,67,2022-10-11,Repair,3249.75,18,8,5,Tires
6312,129,2025-02-15,Warranty,2142.19,22,4,4,Transmission
6313,159,2024-11-28,Repair,3609.38,2,5,5,Tires
6314,168,2025-04-10,Repair,4468.74,24,7,0,Transmission
6315,66,2023-08-07,Warranty,4347.31,30,8,2,Tires
6316,31,2024-12-19,Repair,2129.71,12,1,5,Engine
6317,152,2024-03-05,Warranty,4107.17,16,8,2,Brakes
6318,118,2025-08-30,Routine,2712.76,21,4,2,Engine
6319,179,2023-11-12,Repair,3954.09,23,9,3,Tires
6320,138,2024-10-02,Routine,2459.51,4,8,5,Transmission
6321,60,2025-05-03,Warranty,1967.79,24,10,0,Engine
6322,10,2025-07-12,Repair,3075.19,11,5,4,Brakes
6323,67,2025-04-28,Repair,448.76,24,5,1,Brakes
6324,121,2024-06-05,Repair,2179.23,14,10,5,Engine
6325,110,2023-01-14,Repair,756.1,26,3,2,Brakes
6326,158,2024-07-07,Repair,893.6,16,4,4,Transmission
6327,143,2022-12-12,Routine,4507.27,8,2,0,Tires
6328,5,2025-02-13,Routine,2655.0,5,2,4,Tires
6329,75,2025-07-18,Repair,2308.71,23,6,1,Brakes
6330,65,2024-01-07,Routine,1543.76,26,1,0,Engine
6331,44,2025-02-03,Warranty,1699.49,22,8,4,Transmission
6332,152,2023-02-22,Repair,2283.1,3,1,5,Tires
6333,170,2024-02-02,Routine,3351.82,19,5,3,Engine
6334,125,2024-08-16,Warranty,2820.86,18,1,2,Engine
6335,61,2024-10-01,Routine,2416.93,30,9,0,Engine
6336,67,2025-04-18,Warranty,1870.57,7,6,0,Tires
6337,69,2023-08-19,Repair,1575.85,10,10,2,Brakes
6338,168,2025-02-12,Warranty,2711.69,11,5,5,Brakes
6339,72,2025-09-13,Warranty,2821.34,9,10,1,Brakes
6340,197,2025-05-06,Warranty,1171.53,27,8,2,Transmission
6341,106,2024-11-03,Warranty,3648.89,9,8,2,Engine
6342,51,2022-11-17,Routine,1896.5,23,5,0,Tires
6343,11,2025-04-29,Repair,2400.93,26,10,4,Tires
6344,182,2023-07-04,Repair,3012.06,27,6,0,Brakes
6345,32,2025-05-03,Warranty,270.74,6,2,5,Tires
6346,186,2025-06-29,Routine,1645.75,4,9,2,Brakes
6347,101,2025-05-10,Routine,2759.62,2,7,3,Tires
6348,168,2024-01-03,Repair,1451.29,28,2,4,Brakes
6349,68,2022-11-03,Repair,3097.86,13,2,2,Engine
6350,130,2023-03-12,Routine,800.43,3,3,1,Engine
6351,155,2025-08-08,Repair,1918.13,11,3,1,Transmission
6352,193,2024-05-23,Routine,3060.75,26,8,2,Transmission
6353,165,2023-07-19,Routine,3146.63,27,4,3,Transmission
6354,64,2023-07-23,Routine,2563.79,30,5,3,Transmission
6355,45,2023-05-21,Warranty,3708.02,25,8,0,Brakes
6356,130,2024-04-11,Routine,1706.81,9,6,2,Tires
6357,40,2022-10-19,Routine,3666.66,8,8,1,Transmission
6358,3,2023-03-31,Repair,2708.58,6,7,2,Engine
6359,59,2025-09-03,Routine,4633.79,22,7,0,Tires
6360,92,2024-05-31,Warranty,3718.55,7,9,5,Transmission
6361,67,2023-10-21,Routine,1667.4,16,9,4,Brakes
6362,91,2023-10-05,Routine,1013.08,9,5,5,Brakes
6363,118,2024-03-28,Warranty,544.91,27,9,3,Tires
6364,29,2023-10-30,Repair,1318.37,10,8,1,Brakes
6365,112,2022-10-11,Repair,339.32,17,1,5,Tires
6366,1,2023-04-26,Routine,1818.56,24,4,2,Tires
6367,120,2024-08-22,Warranty,4063.64,23,5,4,Transmission
6368,28,2025-03-19,Warranty,599.53,20,5,0,Engine
6369,8,2024-01-28,Routine,3783.95,24,6,0,Transmission
6370,22,2023-07-14,Warranty,3303.44,13,6,0,Transmission
6371,48,2024-03-21,Warranty,609.61,23,10,3,Engine
6372,165,2022-10-14,Routine,1420.93,14,5,4,Tires
6373,180,2023-02-15,Routine,814.99,17,3,3,Transmission
6374,94,2024-11-18,Repair,3670.5,9,1,4,Brakes
6375,88,2024-06-09,Repair,855.23,17,8,2,Engine
6376,104,2023-04-10,Repair,437.74,9,10,5,Brakes
6377,21,2023-12-08,Warranty,2624.34,5,9,5,Tires
6378,128,2024-05-06,Routine,1988.79,30,4,0,Engine
6379,57,2023-09-02,Routine,300.68,1,4,1,Transmission
6380,1,2024-05-27,Repair,3829.32,8,6,2,Transmission
6381,158,2023-07-20,Repair,1239.25,26,7,2,Brakes
6382,18,2023-04-15,Routine,3426.3,24,10,0,Engine
6383,187,2024-02-08,Repair,2006.61,26,10,4,Transmission
6384,22,2025-09-11,Routine,4381.03,12,5,0,Transmission
6385,105,2024-02-24,Warranty,2386.18,14,2,3,Brakes
6386,113,2025-09-13,Repair,3383.4,10,5,1,Engine
6387,56,2023-01-04,Repair,4974.08,30,8,5,Brakes
6388,50,2025-04-16,Routine,4541.51,2,10,0,Tires
6389,65,2024-02-15,Warranty,4030.56,13,7,5,Engine
6390,25,2022-10-13,Repair,4791.16,11,9,1,Transmission
6391,41,2025-08-12,Routine,180.86,6,10,3,Transmission
6392,129,2024-09-10,Warranty,4335.87,10,10,0,Engine
6393,169,2025-04-20,Warranty,4364.04,22,7,2,Transmission
6394,123,2025-06-21,Routine,2790.58,12,8,2,Tires
6395,47,2025-06-18,Routine,4837.88,28,2,5,Tires
6396,45,2024-03-25,Warranty,3870.9,26,10,4,Tires
6397,119,2025-09-14,Warranty,4897.55,21,4,4,Brakes
6398,70,2025-03-25,Routine,2835.67,4,4,4,Engine
6399,74,2024-01-29,Repair,4966.95,1,5,2,Transmission
6400,140,2023-07-15,Routine,3625.04,4,6,4,Tires
6401,13,2023-03-30,Warranty,3078.09,4,9,0,Tires
6402,55,2024-04-27,Warranty,3657.9,17,3,4,Transmission
6403,35,2023-11-26,Repair,501.09,7,9,2,Transmission
6404,173,2024-05-24,Repair,2998.68,16,6,0,Brakes
6405,170,2024-10-13,Routine,2469.61,10,10,5,Tires
6406,56,2025-08-06,Warranty,4336.96,7,9,1,Engine
6407,166,2023-10-12,Routine,1574.77,25,2,4,Brakes
6408,44,2024-02-28,Warranty,1874.53,9,7,2,Tires
6409,47,2025-06-18,Warranty,1613.22,8,7,4,Transmission
6410,9,2024-02-19,Warranty,590.11,6,7,3,Tires
6411,162,2025-03-10,Warranty,276.38,22,3,1,Engine
6412,195,2023-09-22,Warranty,3693.97,20,3,2,Transmission
6413,14,2023-03-14,Repair,989.81,15,7,1,Brakes
6414,116,2023-03-19,Warranty,4592.59,9,6,3,Engine
6415,44,2025-07-06,Repair,1252.28,18,4,1,Engine
6416,26,2023-06-25,Routine,343.72,8,9,1,Engine
6417,188,2023-10-24,Repair,2781.81,23,1,5,Transmission
6418,97,2024-10-15,Routine,2757.22,20,4,3,Engine
6419,166,2024-03-16,Warranty,597.93,5,10,3,Engine
6420,109,2023-04-15,Warranty,1685.09,4,7,1,Tires
6421,127,2022-12-11,Routine,3549.98,26,8,5,Tires
6422,171,2024-05-17,Warranty,498.72,18,10,0,Engine
6423,85,2023-03-12,Repair,2633.39,25,1,5,Engine
6424,54,2024-11-12,Routine,2821.58,3,8,5,Transmission
6425,63,2024-06-03,Repair,1502.06,4,1,4,Transmission
6426,84,2023-08-21,Repair,1145.37,12,1,0,Engine
6427,51,2025-08-17,Routine,4527.64,10,5,4,Tires
6428,79,2023-12-16,Warranty,3000.52,24,5,5,Transmission
6429,58,2025-06-20,Warranty,2402.1,3,9,3,Tires
6430,54,2024-04-10,Warranty,1787.36,7,9,1,Brakes
6431,115,2024-05-07,Routine,3368.52,3,8,2,Transmission
6432,101,2025-05-16,Warranty,2991.96,8,4,5,Brakes
6433,188,2023-11-08,Routine,1637.96,3,2,1,Engine
6434,193,2022-12-26,Repair,1591.65,5,7,3,Tires
6435,155,2025-07-12,Warranty,2927.95,19,10,5,Tires
6436,108,2023-04-06,Warranty,2337.16,5,2,2,Brakes
6437,72,2023-08-25,Warranty,3686.57,5,7,0,Brakes
6438,180,2023-03-10,Warranty,654.76,30,3,4,Tires
6439,126,2023-09-03,Routine,3102.22,5,6,2,Brakes
6440,52,2022-12-27,Repair,3403.39,23,6,1,Transmission
6441,161,2022-12-13,Warranty,4569.36,28,9,2,Transmission
6442,12,2023-05-21,Repair,1293.92,29,3,5,Brakes
6443,144,2024-05-31,Repair,1662.6,12,5,4,Engine
6444,141,2025-05-15,Routine,1515.36,27,10,1,Brakes
6445,31,2024-09-20,Routine,4663.42,14,1,4,Engine
6446,183,2023-06-19,Routine,374.36,23,4,3,Transmission
6447,64,2022-11-15,Routine,2794.54,23,2,0,Tires
6448,18,2025-03-13,Routine,1864.65,29,4,4,Brakes
6449,149,2023-02-02,Repair,1474.45,22,10,2,Transmission
6450,33,2024-01-10,Repair,4850.84,8,6,4,Brakes
6451,43,2025-05-07,Repair,1025.21,2,4,3,Tires
6452,141,2023-08-01,Routine,3321.36,8,5,1,Engine
6453,148,2024-06-30,Routine,176.73,22,3,5,Transmission
6454,57,2023-08-17,Repair,3114.61,9,2,4,Engine
6455,45,2022-11-19,Repair,3661.11,5,9,2,Brakes
6456,125,2024-03-31,Repair,4080.85,1,8,2,Tires
6457,36,2025-08-17,Routine,2775.43,22,5,2,Tires
6458,9,2024-01-03,Routine,4891.04,22,2,0,Brakes
6459,198,2025-03-28,Warranty,4572.93,16,6,5,Transmission
6460,22,2023-12-31,Routine,2743.81,22,2,3,Brakes
6461,195,2023-02-20,Routine,4229.26,12,6,4,Engine
6462,18,2022-11-08,Repair,2133.37,27,6,3,Brakes
6463,125,2024-08-26,Warranty,682.92,2,7,2,Brakes
6464,146,2023-07-31,Warranty,4312.99,11,2,1,Brakes
6465,106,2022-11-11,Warranty,909.53,14,8,2,Engine
6466,65,2024-12-09,Warranty,2068.61,2,5,2,Transmission
6467,88,2024-11-02,Repair,457.29,21,6,5,Transmission
6468,199,2023-02-28,Routine,3997.46,15,1,3,Brakes
6469,89,2024-02-12,Repair,1359.86,4,2,1,Transmission
6470,140,2024-01-02,Routine,2592.72,8,3,1,Brakes
6471,174,2024-01-11,Warranty,1763.64,20,3,5,Brakes
6472,198,2025-09-10,Routine,504.29,12,6,2,Transmission
6473,113,2025-06-07,Routine,3828.97,12,6,2,Transmission
6474,53,2023-09-26,Warranty,3335.46,17,5,4,Tires
6475,54,2024-05-22,Warranty,3362.01,12,8,1,Brakes
6476,200,2023-05-22,Routine,3286.88,25,6,0,Tires
6477,11,2022-10-11,Warranty,631.04,26,3,4,Engine
6478,159,2024-01-16,Repair,2967.76,10,4,5,Tires
6479,38,2024-04-24,Routine,1813.63,25,8,3,Tires
6480,46,2025-01-11,Routine,2371.24,13,1,1,Brakes
6481,86,2023-02-16,Routine,1029.21,11,3,1,Engine
6482,82,2023-12-30,Routine,1004.78,16,9,2,Engine
6483,83,2023-12-13,Routine,2895.38,25,3,3,Engine
6484,31,2024-07-06,Routine,1101.06,27,4,4,Brakes
6485,1,2024-03-27,Repair,195.7,4,5,0,Tires
6486,58,2024-12-03,Repair,1346.47,2,8,3,Brakes
6487,53,2023-05-12,Warranty,732.33,24,3,3,Engine
6488,155,2023-02-28,Repair,1271.81,3,2,0,Engine
6489,151,2025-04-24,Repair,399.96,10,6,2,Brakes
6490,145,2025-07-31,Warranty,4022.74,28,5,3,Engine
6491,96,2024-05-06,Warranty,3509.58,11,8,2,Engine
6492,16,2023-10-01,Routine,689.8,8,2,5,Brakes
6493,82,2023-07-17,Warranty,3057.43,24,3,1,Transmission
6494,163,2023-06-16,Repair,3074.56,3,8,5,Transmission
6495,156,2023-01-06,Routine,3832.49,14,6,2,Engine
6496,58,2023-09-24,Routine,1551.44,13,9,4,Transmission
6497,182,2023-08-23,Routine,1223.92,25,3,3,Engine
6498,181,2025-07-07,Routine,624.9,9,1,4,Brakes
6499,39,2024-10-18,Repair,226.9,9,6,4,Engine
6500,47,2023-04-26,Warranty,2431.79,19,4,4,Tires
6501,76,2025-02-26,Routine,1430.74,11,4,0,Tires
6502,110,2022-11-19,Repair,3635.79,3,10,5,Transmission
6503,195,2024-05-08,Warranty,3968.8,4,3,2,Tires
6504,74,2023-02-15,Routine,2838.87,8,9,2,Tires
6505,94,2025-01-02,Routine,3328.32,18,3,3,Engine
6506,87,2025-02-20,Warranty,858.29,18,10,5,Transmission
6507,30,2024-08-06,Routine,2651.75,25,1,1,Engine
6508,120,2023-03-23,Repair,389.65,28,4,0,Tires
6509,69,2023-12-30,Repair,3299.41,9,5,0,Transmission
6510,74,2023-03-24,Repair,703.33,30,6,4,Engine
6511,161,2024-03-21,Repair,1761.61,10,3,1,Engine
6512,64,2024-12-29,Routine,4176.38,10,5,0,Engine
6513,17,2025-03-22,Routine,3827.44,21,5,4,Transmission
6514,101,2024-11-23,Routine,1360.16,6,7,4,Transmission
6515,132,2024-10-19,Warranty,4277.03,24,1,2,Tires
6516,7,2025-04-12,Repair,2253.02,29,10,2,Brakes
6517,150,2023-12-29,Warranty,1023.03,6,10,1,Tires
6518,168,2024-05-16,Routine,2673.85,30,1,1,Transmission
6519,81,2025-05-02,Warranty,4317.01,1,8,5,Brakes
6520,126,2024-10-04,Warranty,2938.89,30,9,4,Engine
6521,4,2025-02-04,Routine,665.85,19,8,3,Brakes
6522,176,2025-04-18,Warranty,1278.07,13,8,4,Brakes
6523,164,2022-11-11,Routine,563.28,1,1,4,Engine
6524,149,2023-01-08,Routine,2944.87,10,4,5,Transmission
6525,199,2023-08-21,Warranty,1700.93,27,4,2,Brakes
6526,127,2024-05-19,Repair,3011.23,7,10,5,Tires
6527,67,2023-09-28,Warranty,1396.18,14,4,5,Tires
6528,73,2025-07-31,Warranty,3620.63,28,10,5,Transmission
6529,135,2025-07-06,Repair,2779.05,2,2,0,Engine
6530,89,2024-06-20,Repair,1786.68,27,7,1,Transmission
6531,66,2022-11-28,Warranty,3131.51,3,7,3,Tires
6532,96,2024-06-09,Warranty,1451.55,12,4,3,Transmission
6533,29,2023-07-01,Repair,2451.06,2,2,3,Transmission
6534,16,2024-04-24,Warranty,583.57,3,3,1,Tires
6535,176,2023-06-18,Warranty,2141.8,10,6,4,Engine
6536,46,2024-05-21,Warranty,2777.48,7,2,4,Transmission
6537,48,2025-01-28,Repair,3971.03,15,8,3,Transmission
6538,196,2023-10-28,Repair,4370.37,17,3,1,Engine
6539,87,2022-10-09,Routine,432.66,13,4,1,Tires
6540,137,2024-08-21,Repair,1186.77,10,8,0,Engine
6541,70,2025-09-08,Repair,3547.4,23,5,5,Engine
6542,149,2025-06-06,Warranty,4971.98,18,1,4,Engine
6543,93,2024-06-13,Repair,1259.12,13,10,5,Brakes
6544,25,2023-03-09,Warranty,999.92,4,4,1,Engine
6545,158,2024-07-29,Warranty,3495.86,4,7,3,Transmission
6546,66,2023-07-12,Warranty,3598.45,13,1,1,Engine
6547,122,2024-04-05,Repair,2101.33,21,2,0,Brakes
6548,132,2024-04-14,Warranty,3174.84,22,1,5,Tires
6549,189,2024-09-24,Routine,2107.68,30,7,3,Tires
6550,196,2024-04-29,Routine,2267.79,19,6,2,Tires
6551,106,2023-12-08,Routine,3937.24,17,10,2,Transmission
6552,102,2023-10-16,Repair,4460.18,20,3,2,Transmission
6553,108,2023-03-27,Repair,1048.05,22,1,2,Transmission
6554,176,2024-05-18,Repair,3640.63,30,9,5,Engine
6555,59,2025-08-02,Routine,4629.05,26,6,1,Engine
6556,99,2023-11-18,Repair,2869.14,30,9,2,Transmission
6557,147,2024-06-11,Routine,3785.25,9,9,0,Engine
6558,133,2025-07-08,Routine,813.4,7,5,4,Transmission
6559,108,2024-07-10,Repair,556.82,10,4,1,Brakes
6560,53,2025-10-05,Repair,4425.72,8,7,3,Engine
6561,6,2023-12-09,Repair,4746.2,29,2,0,Transmission
6562,114,2023-10-19,Repair,4149.61,23,1,1,Engine
6563,138,2025-09-29,Warranty,3857.75,29,5,1,Engine
6564,55,2024-04-08,Routine,2095.44,18,6,0,Brakes
6565,24,2024-08-13,Warranty,3474.51,30,2,3,Transmission
6566,154,2023-10-07,Routine,623.3,30,2,0,Brakes
6567,28,2022-11-06,Warranty,171.65,29,3,3,Transmission
6568,153,2023-11-15,Routine,1641.98,19,8,0,Engine
6569,172,2023-11-18,Repair,2226.37,22,4,0,Transmission
6570,106,2025-01-13,Routine,2663.09,3,10,0,Transmission
6571,6,2024-06-21,Repair,4044.72,4,5,1,Engine
6572,186,2024-04-19,Repair,736.42,27,9,0,Tires
6573,83,2024-07-11,Routine,1658.52,3,7,1,Tires
6574,69,2022-11-25,Repair,4526.8,22,1,4,Transmission
6575,143,2023-03-26,Routine,1654.15,2,9,2,Engine
6576,27,2025-06-18,Routine,2582.1,9,10,4,Engine
6577,36,2024-04-17,Repair,160.72,22,8,2,Tires
6578,86,2023-09-25,Repair,2783.58,2,9,0,Engine
6579,86,2023-05-09,Warranty,1634.35,12,2,2,Engine
6580,163,2022-12-01,Repair,2502.38,7,10,2,Transmission
6581,117,2023-12-29,Repair,4898.4,13,4,3,Transmission
6582,38,2025-09-12,Repair,4461.08,5,6,0,Transmission
6583,116,2024-02-20,Routine,4832.46,13,5,4,Brakes
6584,17,2023-04-01,Repair,1052.49,29,2,2,Engine
6585,35,2023-09-19,Routine,4505.26,21,2,3,Brakes
6586,137,2024-05-05,Routine,2050.26,21,5,1,Tires
6587,83,2024-11-18,Routine,1652.59,26,1,3,Brakes
6588,50,2025-01-17,Warranty,2434.53,26,4,0,Engine
6589,147,2024-12-25,Warranty,1086.52,7,3,4,Engine
6590,161,2023-04-12,Warranty,3443.02,8,5,0,Brakes
6591,144,2025-08-01,Repair,1600.82,7,6,5,Engine
6592,24,2022-11-13,Warranty,4217.46,15,10,0,Transmission
6593,84,2024-06-13,Repair,2360.76,30,8,5,Transmission
6594,77,2024-08-27,Repair,930.87,10,1,3,Engine
6595,166,2023-04-15,Routine,4596.93,19,1,0,Tires
6596,140,2023-04-07,Repair,124.54,25,2,5,Engine
6597,84,2025-06-17,Warranty,1086.85,28,3,3,Transmission
6598,166,2024-03-27,Warranty,306.06,22,5,4,Tires
6599,116,2022-10-08,Warranty,3845.37,24,9,0,Engine
6600,68,2025-08-08,Routine,3386.13,15,5,2,Transmission
6601,19,2024-09-08,Warranty,2050.29,6,8,1,Engine
6602,114,2023-06-23,Routine,354.85,24,10,0,Engine
6603,89,2025-08-17,Repair,1952.83,9,9,0,Transmission
6604,194,2023-11-04,Repair,4394.47,20,5,1,Tires
6605,81,2025-07-29,Warranty,3484.77,7,2,0,Transmission
6606,200,2025-05-14,Repair,4223.9,18,8,5,Engine
6607,80,2025-07-23,Repair,2428.99,1,5,5,Tires
6608,134,2025-07-23,Repair,1574.89,19,2,4,Transmission
6609,162,2023-09-22,Repair,1074.17,9,6,3,Brakes
6610,155,2023-05-10,Repair,769.1,27,7,3,Engine
6611,11,2025-07-11,Warranty,4430.48,20,9,1,Brakes
6612,2,2024-12-06,Warranty,1261.63,12,9,0,Brakes
6613,116,2023-04-25,Routine,2447.73,29,10,5,Brakes
6614,174,2024-09-09,Routine,3663.31,16,5,3,Brakes
6615,75,2024-08-16,Routine,3534.34,10,4,3,Transmission
6616,93,2024-06-06,Warranty,4109.74,23,10,2,Brakes
6617,57,2024-10-09,Routine,1284.08,28,2,5,Transmission
6618,192,2024-05-13,Warranty,3923.31,17,2,2,Engine
6619,152,2023-11-04,Repair,1491.08,30,7,2,Tires
6620,85,2024-05-18,Warranty,2338.34,7,8,2,Brakes
6621,35,2024-03-31,Warranty,1820.95,4,10,1,Brakes
6622,6,2024-09-07,Repair,1732.12,26,8,0,Brakes
6623,128,2023-03-16,Repair,4080.99,8,2,2,Engine
6624,42,2024-05-20,Routine,2466.32,19,10,4,Engine
6625,174,2022-11-29,Warranty,1285.61,17,10,0,Transmission
6626,177,2023-05-15,Warranty,4351.48,16,7,3,Brakes
6627,127,2023-08-10,Repair,4767.41,2,2,4,Transmission
6628,175,2023-09-26,Routine,2008.02,21,2,0,Brakes
6629,12,2024-11-14,Repair,3607.98,3,1,2,Engine
6630,193,2024-02-08,Repair,4247.17,23,10,1,Brakes
6631,177,2025-01-27,Warranty,4892.87,18,3,0,Tires
6632,22,2024-09-29,Repair,2586.41,12,2,2,Brakes
6633,28,2024-07-24,Repair,1437.89,22,8,0,Tires
6634,146,2025-04-18,Routine,2616.71,22,6,3,Tires
6635,20,2023-03-02,Repair,4637.56,15,5,3,Tires
6636,138,2024-09-23,Repair,1671.84,9,5,1,Brakes
6637,3,2022-12-29,Routine,4606.47,5,3,5,Engine
6638,123,2023-01-27,Repair,3862.21,23,2,3,Brakes
6639,106,2022-10-09,Warranty,2340.99,12,2,1,Brakes
6640,154,2024-10-12,Warranty,2399.17,2,1,0,Brakes
6641,134,2023-03-02,Repair,3970.32,29,9,1,Brakes
6642,44,2023-12-11,Warranty,1761.55,8,2,3,Engine
6643,29,2024-12-27,Routine,1307.1,19,4,1,Transmission
6644,24,2025-07-05,Warranty,2281.34,29,7,3,Transmission
6645,72,2024-10-08,Routine,4769.66,27,4,2,Brakes
6646,53,2023-04-05,Warranty,3045.19,2,9,0,Engine
6647,149,2024-08-31,Repair,1852.25,24,5,4,Engine
6648,139,2024-02-03,Warranty,2454.61,27,7,0,Brakes
6649,162,2023-09-20,Routine,974.43,14,7,1,Brakes
6650,51,2023-10-11,Routine,1376.59,12,10,1,Transmission
6651,122,2024-10-17,Repair,2197.48,15,10,4,Tires
6652,121,2023-11-09,Routine,2239.0,27,7,0,Tires
6653,109,2024-08-04,Repair,676.01,3,10,1,Brakes
6654,78,2025-06-05,Warranty,3742.06,3,2,4,Transmission
6655,183,2025-04-16,Routine,2875.65,29,10,1,Tires
6656,40,2024-01-29,Routine,2652.57,11,8,3,Brakes
6657,155,2024-09-02,Warranty,563.31,15,2,0,Brakes
6658,57,2023-06-22,Warranty,895.87,17,1,3,Tires
6659,32,2025-01-20,Repair,4972.26,20,1,5,Brakes
6660,166,2024-11-06,Warranty,1732.87,10,2,4,Engine
6661,123,2023-02-18,Warranty,1284.0,8,7,4,Transmission
6662,180,2023-05-21,Repair,3317.93,23,3,3,Transmission
6663,119,2025-08-31,Warranty,276.42,22,10,0,Brakes
6664,198,2023-02-14,Repair,4945.54,26,10,5,Engine
6665,99,2025-07-09,Repair,3578.58,15,4,1,Transmission
6666,58,2024-01-25,Routine,4322.07,24,2,4,Transmission
6667,93,2024-10-10,Routine,1575.41,15,7,5,Transmission
6668,72,2023-09-17,Repair,2696.15,22,9,2,Engine
6669,185,2024-10-29,Repair,973.05,4,7,0,Tires
6670,132,2024-10-10,Repair,762.01,4,2,1,Engine
6671,45,2024-05-16,Repair,4355.33,6,2,3,Tires
6672,194,2024-09-05,Warranty,4915.05,2,3,1,Engine
6673,86,2025-04-09,Routine,1755.46,28,8,2,Tires
6674,86,2024-08-11,Routine,3448.57,11,10,4,Transmission
6675,26,2024-01-26,Warranty,4667.94,26,9,4,Engine
6676,191,2025-06-29,Routine,1637.26,30,5,0,Tires
6677,118,2023-11-27,Repair,4560.63,15,10,0,Tires
6678,83,2023-07-03,Warranty,2055.82,10,2,2,Tires
6679,149,2024-08-14,Warranty,2936.12,26,3,3,Engine
6680,92,2024-12-31,Warranty,2827.84,27,8,2,Brakes
6681,59,2023-05-07,Routine,1883.53,29,7,2,Tires
6682,148,2023-04-24,Warranty,2612.28,10,5,3,Tires
6683,85,2024-06-02,Warranty,3976.49,12,2,1,Brakes
6684,97,2022-10-16,Routine,4148.28,27,10,2,Brakes
6685,197,2024-02-03,Routine,3138.35,11,4,0,Tires
6686,104,2025-09-01,Warranty,3200.75,3,2,2,Brakes
6687,125,2023-05-11,Repair,4620.71,5,8,1,Brakes
6688,1,2025-08-24,Warranty,4241.07,5,5,0,Transmission
6689,106,2024-02-21,Repair,4899.23,28,6,4,Engine
6690,60,2023-10-21,Warranty,1711.73,20,9,5,Transmission
6691,43,2025-04-06,Routine,4515.49,21,1,0,Brakes
6692,53,2024-09-11,Warranty,1503.6,25,5,1,Brakes
6693,52,2023-06-15,Routine,4895.51,12,6,2,Transmission
6694,93,2022-12-26,Routine,4480.98,12,3,5,Engine
6695,59,2024-08-29,Warranty,4484.07,8,4,3,Engine
6696,131,2025-05-18,Repair,1956.73,30,10,5,Brakes
6697,187,2024-04-27,Warranty,3559.03,14,6,5,Tires
6698,82,2024-01-15,Warranty,2516.25,25,7,4,Tires
6699,21,2023-07-28,Repair,2783.42,27,8,5,Transmission
6700,91,2023-10-09,Routine,3170.44,4,8,0,Engine
6701,141,2022-10-09,Routine,943.46,25,10,4,Transmission
6702,18,2024-03-06,Warranty,1476.02,13,6,2,Tires
6703,137,2025-06-25,Routine,3511.59,4,5,1,Brakes
6704,42,2025-06-13,Warranty,3358.17,6,1,5,Transmission
6705,116,2023-01-17,Repair,1528.44,22,3,4,Transmission
6706,153,2022-12-18,Routine,4109.34,26,8,1,Engine
6707,86,2022-12-23,Routine,2698.32,26,3,0,Tires
6708,89,2024-02-18,Routine,3883.43,3,10,3,Brakes
6709,84,2025-06-27,Routine,280.88,6,7,1,Brakes
6710,63,2023-03-24,Warranty,4869.74,18,8,0,Engine
6711,11,2023-10-08,Warranty,3791.1,16,2,1,Engine
6712,159,2022-12-11,Warranty,1936.1,28,1,2,Tires
6713,36,2025-05-21,Routine,4021.42,26,7,0,Transmission
6714,162,2024-06-05,Repair,4674.67,22,2,4,Tires
6715,199,2025-08-23,Warranty,3601.47,4,5,3,Tires
6716,99,2024-08-04,Repair,2486.92,17,4,3,Tires
6717,8,2023-11-26,Warranty,4211.73,29,8,5,Engine
6718,15,2024-10-21,Routine,2615.47,10,9,1,Brakes
6719,44,2025-01-21,Warranty,2392.78,6,5,3,Transmission
6720,181,2023-08-19,Routine,3752.28,5,4,2,Brakes
6721,134,2024-11-14,Warranty,3141.87,29,2,5,Brakes
6722,125,2023-04-20,Warranty,4953.61,14,3,1,Tires
6723,184,2023-11-09,Routine,4203.16,14,2,5,Brakes
6724,6,2024-03-19,Repair,1387.75,18,8,5,Engine
6725,148,2025-09-15,Repair,784.26,10,3,2,Brakes
6726,108,2024-06-23,Routine,3368.66,27,5,3,Transmission
6727,140,2023-04-30,Routine,2719.85,10,9,4,Brakes
6728,6,2025-08-02,Routine,4946.07,25,5,1,Brakes
6729,73,2024-02-28,Routine,1642.39,15,5,1,Tires
6730,85,2024-04-15,Warranty,922.0,30,10,1,Transmission
6731,144,2023-10-07,Routine,843.84,13,2,4,Tires
6732,18,2025-02-12,Warranty,1251.45,26,4,5,Brakes
6733,146,2023-03-18,Routine,1373.64,18,4,5,Transmission
6734,133,2023-03-07,Warranty,1402.96,27,6,1,Transmission
6735,77,2025-08-31,Warranty,1160.92,30,5,2,Brakes
6736,75,2024-07-21,Repair,4932.08,26,10,4,Transmission
6737,25,2025-02-11,Repair,3644.49,20,1,1,Transmission
6738,190,2023-03-22,Routine,390.05,24,8,1,Engine
6739,13,2025-05-31,Repair,3111.99,6,9,4,Tires
6740,95,2024-06-22,Repair,2433.68,1,6,5,Engine
6741,85,2022-12-26,Repair,2198.04,29,6,1,Tires
6742,76,2025-01-30,Repair,2007.26,7,5,4,Engine
6743,40,2024-07-08,Routine,849.0,30,10,3,Brakes
6744,87,2023-12-31,Routine,1574.5,13,7,5,Transmission
6745,170,2025-06-27,Repair,2907.66,5,9,1,Transmission
6746,126,2024-04-30,Repair,1133.02,16,4,4,Brakes
6747,4,2023-11-15,Routine,1147.58,24,5,2,Transmission
6748,70,2025-07-20,Warranty,658.68,16,2,5,Tires
6749,40,2023-09-01,Warranty,2240.84,9,8,5,Tires
6750,10,2023-11-03,Warranty,3948.18,2,6,3,Engine
6751,104,2022-12-31,Warranty,1507.31,4,5,4,Transmission
6752,3,2022-11-17,Warranty,2252.72,26,1,3,Transmission
6753,12,2024-02-05,Repair,3956.82,17,3,1,Brakes
6754,33,2024-10-12,Repair,3294.45,20,4,2,Engine
6755,175,2023-03-15,Routine,160.72,20,7,1,Brakes
6756,138,2023-03-14,Warranty,1897.41,29,1,3,Tires
6757,11,2024-05-12,Repair,1253.66,20,1,3,Engine
6758,71,2024-03-10,Repair,2865.85,18,6,3,Brakes
6759,62,2024-11-28,Repair,2355.05,25,7,2,Transmission
6760,149,2023-04-15,Warranty,159.12,27,1,4,Tires
6761,128,2023-10-24,Repair,4844.3,18,10,0,Engine
6762,56,2025-01-31,Repair,2949.34,28,7,1,Transmission
6763,172,2025-02-28,Warranty,1078.52,1,4,1,Engine
6764,113,2024-07-19,Repair,698.3,7,3,1,Transmission
6765,115,2022-12-23,Repair,1386.48,17,7,5,Engine
6766,162,2025-09-19,Warranty,4703.17,26,8,1,Brakes
6767,164,2025-07-05,Warranty,3687.87,9,10,2,Tires
6768,47,2024-10-03,Warranty,3960.97,23,4,4,Brakes
6769,52,2023-12-13,Repair,2084.61,14,6,2,Brakes
6770,2,2025-05-26,Routine,1646.3,28,4,3,Tires
6771,198,2024-11-16,Repair,1892.24,24,2,1,Transmission
6772,116,2023-08-26,Repair,2560.04,5,1,1,Transmission
6773,87,2024-11-24,Warranty,2462.46,27,6,1,Tires
6774,22,2025-02-12,Routine,1044.57,5,10,0,Tires
6775,12,2023-05-03,Repair,946.37,7,10,0,Tires
6776,101,2024-07-30,Routine,1720.69,15,6,4,Transmission
6777,89,2024-07-24,Routine,1473.63,21,10,1,Brakes
6778,135,2023-12-31,Warranty,4633.96,27,3,4,Engine
6779,60,2023-09-05,Warranty,1221.32,13,7,2,Brakes
6780,132,2022-11-25,Warranty,1335.74,1,6,2,Engine
6781,23,2023-04-21,Routine,2044.72,16,8,0,Brakes
6782,120,2025-04-01,Routine,4372.52,24,2,5,Engine
6783,63,2023-01-12,Repair,2909.51,15,10,3,Transmission
6784,175,2025-08-09,Repair,1210.52,5,5,2,Tires
6785,149,2024-09-08,Repair,2285.25,13,7,0,Transmission
6786,24,2025-07-26,Routine,1132.44,12,2,5,Tires
6787,182,2022-12-20,Warranty,602.8,6,10,3,Brakes
6788,65,2024-07-07,Repair,4578.48,25,8,5,Engine
6789,193,2024-10-08,Repair,3453.51,1,2,2,Engine
6790,198,2025-01-18,Warranty,782.26,17,2,3,Engine
6791,114,2023-02-27,Warranty,4263.37,2,10,5,Engine
6792,99,2023-06-19,Repair,3491.75,2,5,2,Transmission
6793,65,2023-10-09,Routine,3962.55,14,1,4,Brakes
6794,136,2024-11-01,Routine,2660.68,21,2,0,Brakes
6795,111,2024-10-06,Routine,3324.26,20,7,4,Brakes
6796,155,2023-05-01,Routine,3759.04,12,4,4,Brakes
6797,4,2023-11-21,Routine,997.7,25,5,2,Brakes
6798,20,2023-11-18,Warranty,1270.63,26,3,0,Tires
6799,120,2025-01-31,Routine,1079.61,21,3,2,Brakes
6800,154,2023-02-19,Warranty,2046.5,8,7,2,Transmission
6801,112,2024-08-15,Warranty,797.1,26,1,3,Engine
6802,67,2024-02-16,Routine,3250.33,24,7,0,Brakes
6803,6,2024-11-13,Repair,549.12,9,7,4,Transmission
6804,8,2024-10-30,Routine,3780.72,7,10,2,Tires
6805,87,2024-08-14,Routine,883.03,10,4,3,Brakes
6806,172,2024-12-28,Warranty,4093.04,7,3,5,Brakes
6807,19,2023-08-03,Warranty,170.11,22,10,2,Brakes
6808,143,2025-07-10,Repair,4152.84,20,3,3,Brakes
6809,143,2025-01-18,Warranty,1920.52,4,3,1,Brakes
6810,2,2023-10-12,Warranty,3097.88,9,8,3,Brakes
6811,129,2023-09-11,Routine,1208.88,2,9,2,Transmission
6812,96,2023-06-27,Warranty,3580.68,22,5,0,Engine
6813,102,2024-10-05,Routine,4837.71,20,8,3,Tires
6814,23,2023-10-24,Warranty,2861.7,19,2,4,Engine
6815,139,2025-08-14,Warranty,666.02,15,4,3,Engine
6816,102,2023-03-18,Warranty,2444.46,1,4,5,Engine
6817,95,2024-02-14,Routine,1616.14,4,7,0,Transmission
6818,132,2025-01-22,Repair,3335.28,7,9,2,Tires
6819,145,2024-10-25,Repair,3604.36,29,9,1,Engine
6820,66,2023-05-14,Routine,822.85,27,5,4,Brakes
6821,92,2024-01-11,Repair,694.5,23,9,1,Engine
6822,86,2024-04-10,Warranty,4690.81,27,1,5,Tires
6823,69,2023-05-22,Warranty,2116.17,12,8,1,Tires
6824,167,2025-09-27,Warranty,3088.59,3,8,0,Brakes
6825,18,2023-04-14,Repair,793.61,5,2,0,Transmission
6826,125,2025-06-01,Repair,580.32,20,8,4,Transmission
6827,32,2025-02-12,Routine,4608.41,27,9,0,Engine
6828,9,2023-05-09,Repair,2893.93,2,5,2,Transmission
6829,98,2025-01-14,Repair,2592.65,15,6,1,Engine
6830,27,2024-08-29,Warranty,1837.45,12,8,3,Transmission
6831,41,2025-07-12,Routine,615.74,4,10,3,Brakes
6832,5,2023-10-29,Repair,1924.2,22,10,4,Transmission
6833,25,2024-03-02,Routine,3379.33,26,9,4,Tires
6834,158,2024-04-29,Repair,294.52,13,5,1,Engine
6835,91,2023-08-01,Routine,2001.56,27,10,2,Transmission
6836,76,2023-02-09,Warranty,516.07,23,8,1,Engine
6837,172,2023-11-11,Repair,1297.41,29,7,1,Transmission
6838,78,2025-02-11,Routine,827.46,22,10,1,Brakes
6839,5,2023-05-19,Warranty,3513.05,3,5,2,Brakes
6840,109,2024-02-13,Repair,1752.49,27,2,1,Tires
6841,78,2024-10-20,Repair,3508.28,7,5,2,Tires
6842,142,2023-10-16,Warranty,4957.85,22,3,2,Transmission
6843,142,2024-09-10,Routine,265.11,12,3,0,Brakes
6844,101,2023-03-17,Repair,3052.85,10,7,0,Engine
6845,27,2023-10-01,Repair,3820.93,1,7,2,Transmission
6846,36,2025-07-11,Routine,924.15,24,8,4,Tires
6847,191,2023-09-17,Repair,3139.81,27,2,2,Transmission
6848,56,2024-01-29,Routine,4316.95,6,2,5,Transmission
6849,83,2023-04-03,Routine,222.27,5,10,0,Tires
6850,192,2025-01-29,Routine,2330.36,20,7,5,Transmission
6851,125,2023-06-04,Repair,857.72,1,5,3,Engine
6852,96,2024-05-17,Warranty,135.63,14,7,2,Engine
6853,11,2023-09-10,Warranty,590.6,6,9,3,Tires
6854,45,2023-07-13,Repair,1487.32,7,6,2,Transmission
6855,40,2024-04-29,Repair,4360.61,30,5,1,Brakes
6856,102,2025-09-12,Warranty,4727.28,12,1,3,Brakes
6857,10,2024-04-04,Repair,557.27,10,7,3,Brakes
6858,133,2025-06-24,Warranty,4631.79,10,6,1,Tires
6859,165,2023-08-08,Warranty,1716.89,5,2,0,Brakes
6860,97,2023-05-19,Routine,4804.76,20,7,5,Brakes
6861,132,2024-08-25,Warranty,3833.14,25,8,2,Engine
6862,170,2023-08-27,Repair,4311.71,17,1,3,Brakes
6863,151,2023-12-18,Repair,3301.84,17,10,1,Brakes
6864,162,2025-09-06,Warranty,4010.9,5,8,2,Engine
6865,35,2024-07-02,Warranty,4191.82,19,1,3,Transmission
6866,68,2024-04-27,Repair,4705.63,8,5,4,Transmission
6867,119,2023-05-05,Routine,502.68,16,10,3,Brakes
6868,39,2024-05-12,Routine,4335.54,10,3,0,Engine
6869,50,2023-09-01,Repair,535.25,4,2,4,Tires
6870,128,2024-08-05,Warranty,4333.39,10,3,4,Engine
6871,11,2023-05-26,Routine,4430.85,23,7,1,Brakes
6872,153,2024-05-22,Warranty,4652.26,24,3,0,Engine
6873,44,2024-08-07,Repair,2449.07,21,7,0,Brakes
6874,54,2025-06-24,Routine,3455.13,9,6,3,Tires
6875,193,2022-12-10,Repair,1799.24,20,2,0,Brakes
6876,70,2025-02-17,Routine,1950.03,27,1,5,Transmission
6877,3,2025-01-09,Repair,3552.51,16,2,1,Engine
6878,59,2024-08-23,Repair,4507.38,3,8,3,Brakes
6879,33,2025-04-26,Repair,3728.66,11,4,3,Brakes
6880,168,2024-07-20,Repair,3679.4,24,10,1,Transmission
6881,110,2022-10-16,Repair,4454.59,15,4,0,Tires
6882,21,2025-05-16,Routine,253.61,1,1,5,Transmission
6883,106,2025-09-29,Routine,330.89,15,1,0,Transmission
6884,50,2025-03-02,Repair,950.4,5,5,1,Engine
6885,53,2024-11-21,Warranty,1758.61,1,2,1,Tires
6886,119,2024-04-18,Repair,527.43,26,3,3,Tires
6887,180,2025-04-20,Routine,2053.07,9,5,1,Transmission
6888,151,2025-04-06,Warranty,2955.46,27,5,2,Engine
6889,144,2024-08-01,Routine,2389.1,30,8,3,Tires
6890,110,2023-10-26,Warranty,4407.92,1,5,3,Tires
6891,11,2025-07-07,Routine,372.67,4,3,1,Engine
6892,37,2023-01-24,Repair,2616.03,4,4,3,Tires
6893,67,2024-03-07,Routine,1724.5,9,10,1,Transmission
6894,92,2024-02-24,Warranty,2248.01,8,7,2,Brakes
6895,36,2023-08-01,Routine,4347.73,22,2,5,Transmission
6896,67,2024-03-19,Routine,2872.03,25,2,0,Transmission
6897,175,2024-02-18,Routine,3649.62,3,5,1,Brakes
6898,182,2023-06-22,Routine,3304.05,20,5,5,Brakes
6899,73,2023-03-28,Routine,2961.98,29,9,1,Tires
6900,51,2025-01-03,Repair,839.46,25,4,0,Engine
6901,93,2024-07-04,Repair,2945.91,15,1,4,Engine
6902,84,2024-09-15,Warranty,4777.04,21,7,4,Engine
6903,57,2023-02-21,Warranty,2351.79,26,4,5,Engine
6904,121,2023-06-05,Warranty,1322.96,13,5,0,Brakes
6905,178,2024-09-01,Repair,636.06,7,2,0,Brakes
6906,110,2024-09-28,Warranty,2451.61,20,4,4,Engine
6907,101,2024-09-27,Routine,4201.21,24,1,0,Tires
6908,200,2024-05-04,Routine,1742.19,12,5,4,Transmission
6909,112,2024-10-27,Repair,3795.25,16,9,4,Tires
6910,69,2025-02-16,Routine,4096.2,9,4,0,Transmission
6911,14,2023-08-01,Warranty,2657.29,12,6,1,Transmission
6912,111,2023-05-13,Repair,1852.47,25,8,3,Transmission
6913,192,2023-12-13,Routine,4430.74,5,6,0,Brakes
6914,16,2023-08-09,Routine,361.79,11,1,0,Engine
6915,186,2023-12-18,Routine,1660.45,27,3,2,Engine
6916,61,2023-09-29,Repair,4198.48,20,4,0,Transmission
6917,193,2024-02-14,Repair,1181.12,16,2,0,Transmission
6918,192,2023-12-29,Routine,3376.17,29,7,4,Brakes
6919,189,2022-10-27,Warranty,2781.36,17,10,0,Brakes
6920,92,2023-04-02,Repair,4242.42,10,9,1,Engine
6921,99,2022-12-05,Warranty,4084.83,6,2,3,Brakes
6922,169,2025-03-05,Warranty,916.74,20,3,1,Engine
6923,111,2023-02-08,Repair,423.55,29,8,4,Brakes
6924,76,2022-11-21,Routine,521.18,30,1,5,Brakes
6925,134,2025-06-22,Warranty,1577.27,25,7,5,Engine
6926,125,2022-11-23,Repair,3824.13,9,2,2,Tires
6927,48,2025-04-03,Routine,3903.61,11,4,0,Brakes
6928,174,2025-10-06,Warranty,459.24,9,4,2,Engine
6929,137,2023-01-27,Warranty,3300.25,27,1,5,Engine
6930,118,2023-05-02,Repair,2539.78,13,2,5,Transmission
6931,155,2022-12-29,Warranty,3166.12,26,5,2,Engine
6932,87,2023-02-27,Warranty,4011.56,19,2,2,Transmission
6933,53,2022-10-07,Warranty,1634.13,12,6,1,Brakes
6934,175,2024-11-04,Routine,4646.35,8,5,1,Tires
6935,51,2024-10-14,Routine,1493.21,29,3,1,Brakes
6936,13,2024-01-02,Warranty,349.95,14,9,3,Engine
6937,15,2025-08-11,Warranty,1762.91,17,10,0,Brakes
6938,172,2024-11-21,Routine,2794.88,1,7,5,Brakes
6939,3,2025-10-06,Warranty,2687.13,6,2,4,Tires
6940,65,2023-01-05,Warranty,698.15,5,9,4,Transmission
6941,36,2023-08-12,Warranty,4696.53,14,3,3,Transmission
6942,176,2025-08-13,Routine,2034.47,15,10,2,Engine
6943,198,2023-04-07,Warranty,3667.77,30,4,3,Tires
6944,99,2022-12-03,Routine,2423.43,8,2,2,Tires
6945,29,2024-12-16,Warranty,4716.33,3,10,2,Transmission
6946,94,2025-03-04,Routine,249.78,20,1,2,Brakes
6947,186,2025-09-26,Warranty,4852.08,30,4,4,Tires
6948,165,2024-03-26,Routine,2633.17,9,10,5,Transmission
6949,58,2024-11-14,Routine,1327.24,23,9,0,Tires
6950,23,2025-03-23,Repair,3800.6,28,7,2,Tires
6951,12,2025-08-29,Repair,2713.33,26,5,0,Transmission
6952,126,2023-04-06,Repair,2377.11,15,5,3,Engine
6953,175,2022-12-19,Repair,4079.31,24,3,1,Transmission
6954,170,2023-02-08,Repair,1369.09,6,10,0,Engine
6955,159,2023-10-31,Routine,1959.73,18,4,0,Engine
6956,64,2024-12-29,Repair,4137.64,13,5,3,Transmission
6957,178,2024-11-11,Repair,1126.19,11,6,5,Tires
6958,15,2023-10-16,Warranty,3260.79,27,3,3,Engine
6959,198,2023-04-07,Repair,687.26,29,2,5,Transmission
6960,197,2023-01-15,Routine,2195.87,29,2,1,Brakes
6961,80,2025-07-01,Warranty,398.3,20,10,0,Transmission
6962,16,2024-01-25,Routine,725.12,21,3,5,Tires
6963,84,2024-10-04,Warranty,4992.8,20,10,2,Transmission
6964,142,2024-07-19,Repair,210.27,21,7,1,Engine
6965,174,2023-01-19,Warranty,1971.57,12,3,4,Tires
6966,183,2022-12-11,Routine,3529.88,8,4,0,Engine
6967,103,2023-12-12,Warranty,1402.12,10,8,5,Transmission
6968,101,2024-04-25,Warranty,960.88,19,3,2,Engine
6969,100,2023-05-15,Warranty,1507.54,11,2,1,Engine
6970,42,2025-07-07,Repair,1284.17,17,4,4,Engine
6971,52,2024-10-20,Warranty,3030.55,28,5,5,Tires
6972,186,2025-04-03,Routine,1777.26,30,7,3,Brakes
6973,195,2024-01-04,Warranty,2970.33,20,8,4,Brakes
6974,29,2023-01-24,Repair,4786.75,27,3,5,Brakes
6975,67,2025-08-27,Warranty,3642.35,12,1,2,Tires
6976,190,2024-12-02,Repair,2715.12,16,5,0,Tires
6977,60,2025-07-06,Routine,4334.56,11,1,4,Brakes
6978,152,2024-05-05,Warranty,4752.87,11,10,2,Transmission
6979,197,2022-10-07,Warranty,2961.67,16,3,1,Transmission
6980,180,2024-01-29,Warranty,3173.42,2,9,3,Transmission
6981,2,2025-06-09,Routine,1794.97,24,5,0,Transmission
6982,94,2025-02-18,Repair,2188.56,25,3,3,Transmission
6983,168,2024-08-20,Routine,924.89,4,7,4,Brakes
6984,36,2023-07-16,Routine,249.55,6,5,1,Brakes
6985,193,2023-10-11,Repair,2441.21,11,10,4,Brakes
6986,191,2022-12-06,Repair,2140.26,22,8,3,Engine
6987,115,2024-07-26,Routine,3931.08,10,9,0,Transmission
6988,65,2023-02-09,Repair,1212.06,1,6,5,Tires
6989,35,2022-11-12,Repair,1632.93,27,3,2,Engine
6990,71,2023-08-11,Warranty,4763.1,4,8,3,Engine
6991,81,2024-05-14,Routine,3614.46,19,7,0,Tires
6992,99,2024-07-30,Routine,4100.06,23,2,4,Transmission
6993,26,2025-03-02,Repair,3218.15,4,2,5,Transmission
6994,199,2023-11-19,Routine,4312.96,16,3,3,Tires
6995,159,2023-01-01,Routine,2182.4,13,6,0,Brakes
6996,58,2023-10-22,Routine,409.24,5,3,1,Brakes
6997,90,2025-03-10,Warranty,293.53,10,2,2,Transmission
6998,10,2024-08-20,Routine,3466.32,19,5,3,Tires
6999,56,2025-01-28,Routine,3789.58,17,8,4,Tires
7000,17,2022-12-01,Routine,4004.79,24,4,1,Brakes
7001,144,2022-10-16,Repair,2818.48,8,2,0,Brakes
7002,110,2025-08-04,Routine,2730.96,25,5,4,Brakes
7003,5,2022-10-10,Warranty,4446.66,4,6,3,Tires
7004,199,2025-01-02,Repair,1850.28,27,5,1,Transmission
7005,40,2025-01-12,Repair,4349.12,21,8,5,Engine
7006,191,2025-08-31,Routine,3730.15,28,5,3,Brakes
7007,168,2025-08-03,Warranty,856.43,18,5,2,Transmission
7008,97,2023-01-25,Routine,464.45,18,3,5,Engine
7009,24,2024-04-20,Routine,4691.9,22,10,5,Brakes
7010,32,2024-09-15,Warranty,811.71,9,8,3,Brakes
7011,173,2024-09-17,Warranty,561.48,10,6,1,Tires
7012,48,2023-02-10,Routine,983.27,3,10,4,Transmission
7013,35,2024-06-22,Warranty,2395.04,14,4,2,Transmission
7014,141,2023-01-02,Repair,3452.95,3,6,4,Brakes
7015,27,2023-02-17,Routine,853.59,2,10,5,Brakes
7016,197,2023-03-28,Warranty,2087.07,22,7,2,Engine
7017,140,2025-03-23,Routine,1189.83,3,3,5,Brakes
7018,161,2023-07-28,Repair,3028.7,9,3,5,Tires
7019,80,2024-06-01,Routine,1506.77,24,10,0,Tires
7020,98,2024-08-12,Routine,4883.42,30,7,1,Transmission
7021,164,2023-10-13,Repair,896.9,11,7,5,Engine
7022,47,2024-06-26,Routine,2117.98,4,3,5,Engine
7023,22,2023-03-20,Repair,2745.12,29,7,2,Brakes
7024,78,2024-10-29,Repair,3724.25,9,3,4,Transmission
7025,174,2024-03-03,Warranty,4478.51,23,6,5,Brakes
7026,181,2023-06-29,Warranty,2384.76,5,7,1,Transmission
7027,149,2025-06-12,Warranty,1208.78,5,1,5,Engine
7028,56,2024-11-14,Repair,2235.11,26,9,2,Brakes
7029,39,2023-07-12,Routine,1847.13,27,5,1,Brakes
7030,102,2025-07-28,Repair,4130.38,27,7,0,Engine
7031,21,2025-06-26,Warranty,753.85,8,4,2,Engine
7032,45,2025-08-02,Routine,1802.5,3,3,2,Tires
7033,157,2024-05-19,Warranty,3676.9,25,3,3,Brakes
7034,170,2023-07-10,Repair,2147.92,14,8,0,Transmission
7035,146,2023-07-27,Warranty,1579.46,30,1,3,Engine
7036,36,2023-09-17,Warranty,790.39,21,8,0,Engine
7037,84,2025-01-28,Routine,1107.09,8,2,3,Tires
7038,64,2023-09-07,Routine,3355.53,20,2,1,Engine
7039,107,2025-05-19,Warranty,429.02,22,9,4,Tires
7040,51,2023-01-24,Routine,2585.83,6,9,2,Tires
7041,128,2023-01-30,Repair,2518.73,20,7,3,Engine
7042,89,2023-03-19,Routine,1979.44,1,7,5,Brakes
7043,115,2022-12-13,Repair,1716.72,8,3,0,Engine
7044,107,2025-10-06,Repair,477.69,26,7,3,Transmission
7045,85,2023-06-27,Repair,385.18,26,6,1,Engine
7046,157,2025-07-23,Routine,3120.79,9,8,4,Tires
7047,155,2023-09-13,Warranty,4405.8,26,10,1,Transmission
7048,131,2023-06-21,Routine,1475.5,24,4,2,Brakes
7049,27,2024-09-07,Routine,972.11,17,4,0,Brakes
7050,83,2025-09-29,Repair,4584.86,14,7,5,Brakes
7051,25,2025-08-10,Warranty,4894.14,16,5,2,Brakes
7052,143,2024-10-21,Repair,324.24,22,4,0,Brakes
7053,30,2022-12-29,Repair,1235.24,29,10,2,Engine
7054,28,2025-04-13,Warranty,3159.98,29,7,0,Tires
7055,140,2024-02-05,Routine,925.12,7,10,1,Engine
7056,126,2025-03-17,Routine,313.53,18,7,3,Tires
7057,50,2024-11-25,Repair,2004.92,8,8,1,Brakes
7058,75,2023-01-01,Warranty,4314.14,7,10,4,Brakes
7059,67,2025-03-01,Warranty,689.48,2,2,5,Transmission
7060,4,2025-01-29,Routine,4432.61,20,6,1,Engine
7061,159,2025-01-22,Repair,1814.52,19,4,0,Transmission
7062,82,2023-03-04,Warranty,4794.48,8,6,5,Transmission
7063,127,2024-06-26,Warranty,2799.35,13,1,5,Engine
7064,177,2024-12-28,Repair,1089.75,1,10,0,Engine
7065,121,2024-01-30,Routine,3921.28,10,3,1,Transmission
7066,99,2023-08-15,Repair,4775.91,29,5,4,Brakes
7067,117,2022-11-09,Warranty,945.26,11,7,1,Transmission
7068,108,2025-06-12,Repair,475.07,3,8,4,Tires
7069,99,2022-11-01,Routine,2919.54,12,10,0,Tires
7070,55,2024-05-11,Warranty,3961.72,14,9,5,Brakes
7071,15,2023-03-28,Routine,2308.84,13,6,3,Transmission
7072,135,2024-01-01,Warranty,1078.0,14,8,0,Transmission
7073,39,2025-06-29,Routine,1028.33,10,4,2,Tires
7074,167,2023-03-30,Routine,4120.2,11,7,0,Transmission
7075,121,2024-10-02,Repair,3964.58,11,3,1,Brakes
7076,54,2023-11-03,Repair,4853.54,16,3,3,Transmission
7077,158,2023-12-06,Repair,2673.65,15,8,0,Transmission
7078,73,2024-05-18,Repair,3056.24,25,4,1,Engine
7079,169,2023-11-07,Routine,3663.35,27,8,5,Tires
7080,164,2022-11-10,Warranty,2294.86,12,8,3,Engine
7081,30,2024-05-19,Routine,3171.66,15,2,4,Brakes
7082,19,2025-04-24,Warranty,1096.56,19,10,3,Brakes
7083,23,2023-11-01,Repair,4486.31,14,8,3,Brakes
7084,175,2025-01-25,Routine,4260.31,22,6,3,Transmission
7085,161,2024-06-23,Routine,2674.59,3,2,5,Engine
7086,171,2024-04-05,Warranty,4907.84,11,9,0,Tires
7087,57,2023-12-06,Warranty,3666.03,27,3,2,Tires
7088,58,2025-06-05,Repair,3935.83,9,2,5,Transmission
7089,152,2022-11-30,Routine,360.15,11,5,0,Brakes
7090,87,2025-03-21,Routine,4925.36,5,6,3,Tires
7091,117,2023-10-11,Repair,3199.92,22,2,3,Brakes
7092,102,2023-10-13,Repair,841.0,4,10,3,Transmission
7093,19,2022-11-04,Warranty,4590.0,15,6,5,Tires
7094,155,2024-03-28,Warranty,3798.47,7,5,2,Tires
7095,117,2023-02-14,Routine,1361.88,16,4,2,Tires
7096,66,2024-06-14,Repair,4803.37,17,3,1,Engine
7097,177,2024-02-24,Warranty,2484.99,5,9,2,Brakes
7098,107,2024-11-23,Repair,4788.75,22,4,3,Brakes
7099,157,2025-03-17,Routine,2913.26,10,10,3,Engine
7100,64,2025-06-09,Routine,1175.58,10,4,2,Transmission
7101,173,2023-01-29,Warranty,797.19,22,10,4,Tires
7102,47,2023-09-25,Repair,1917.4,16,2,4,Tires
7103,157,2024-07-07,Routine,283.49,13,3,4,Brakes
7104,86,2025-03-03,Warranty,1284.59,19,7,4,Transmission
7105,76,2024-07-31,Warranty,1926.07,18,4,4,Brakes
7106,12,2024-06-17,Warranty,4265.45,22,3,3,Brakes
7107,142,2024-03-08,Routine,769.44,13,8,1,Engine
7108,83,2023-06-20,Repair,3539.0,10,10,4,Engine
7109,109,2024-06-19,Warranty,3418.82,3,1,2,Engine
7110,32,2023-08-15,Routine,2480.05,7,10,3,Tires
7111,58,2025-03-04,Routine,4880.61,1,5,1,Engine
7112,131,2025-06-28,Warranty,3753.02,23,3,0,Engine
7113,196,2024-08-22,Routine,3705.41,19,9,5,Brakes
7114,122,2024-04-26,Repair,4880.1,24,10,3,Engine
7115,45,2025-06-11,Repair,1076.16,24,4,3,Engine
7116,118,2025-08-25,Repair,349.47,15,4,4,Transmission
7117,54,2022-11-09,Repair,4906.83,22,8,1,Tires
7118,140,2023-12-11,Repair,1707.14,25,8,1,Transmission
7119,56,2024-03-09,Routine,3201.73,14,5,0,Transmission
7120,44,2025-02-03,Routine,4660.96,11,5,5,Engine
7121,161,2022-12-16,Routine,4396.02,18,2,3,Tires
7122,25,2023-05-03,Repair,1232.43,25,4,1,Tires
7123,76,2023-11-12,Repair,4447.16,16,4,5,Tires
7124,23,2022-12-07,Warranty,4189.71,16,8,2,Engine
7125,23,2023-12-29,Warranty,4479.01,29,3,5,Transmission
7126,194,2022-12-25,Routine,2750.6,16,5,4,Transmission
7127,115,2025-07-25,Repair,1104.78,28,3,0,Engine
7128,3,2023-07-18,Routine,3102.14,15,9,0,Tires
7129,123,2022-12-21,Warranty,2726.01,4,6,0,Transmission
7130,114,2024-10-28,Repair,3008.48,7,3,5,Tires
7131,13,2025-03-28,Repair,875.83,27,4,3,Engine
7132,99,2025-07-13,Repair,1500.26,17,6,5,Tires
7133,79,2024-04-01,Repair,1848.69,23,4,3,Brakes
7134,24,2024-03-02,Routine,3189.27,7,3,4,Tires
7135,21,2025-04-27,Warranty,2735.89,6,8,5,Transmission
7136,96,2023-03-29,Warranty,1294.65,24,5,3,Tires
7137,131,2023-04-30,Repair,3540.55,18,1,5,Brakes
7138,24,2024-02-13,Warranty,2502.69,22,7,1,Brakes
7139,170,2024-02-27,Warranty,4121.11,16,2,2,Engine
7140,170,2022-12-26,Warranty,591.86,3,3,3,Transmission
7141,17,2024-03-13,Repair,389.04,1,6,3,Engine
7142,74,2025-01-17,Routine,3971.08,13,2,5,Engine
7143,21,2023-02-01,Repair,3418.38,18,10,3,Engine
7144,159,2023-09-19,Routine,121.74,24,6,0,Engine
7145,12,2023-10-06,Warranty,3520.01,6,5,1,Engine
7146,86,2025-08-30,Warranty,1808.84,14,1,4,Transmission
7147,192,2023-06-13,Repair,2959.4,2,8,3,Tires
7148,172,2022-11-29,Repair,1554.92,17,1,0,Transmission
7149,12,2025-03-15,Repair,3269.43,25,6,4,Brakes
7150,75,2023-04-19,Warranty,1617.48,22,7,5,Brakes
7151,115,2025-03-13,Repair,4839.96,15,5,2,Engine
7152,196,2024-08-03,Routine,260.4,17,8,4,Brakes
7153,97,2025-03-28,Routine,4286.13,12,3,5,Transmission
7154,174,2023-01-27,Warranty,4625.19,19,5,4,Tires
7155,190,2023-09-09,Repair,2214.93,10,3,5,Tires
7156,91,2023-04-11,Warranty,1119.95,14,7,2,Tires
7157,138,2024-12-22,Repair,1154.33,5,6,1,Engine
7158,160,2025-03-23,Repair,3245.85,23,4,1,Transmission
7159,58,2023-07-15,Warranty,2661.67,7,3,0,Engine
7160,19,2025-04-13,Repair,2129.68,11,10,0,Tires
7161,53,2023-05-04,Repair,1394.58,10,5,3,Engine
7162,178,2023-11-16,Routine,4196.88,25,8,1,Engine
7163,83,2024-02-04,Routine,762.49,5,3,1,Tires
7164,143,2024-03-13,Routine,1731.41,3,6,3,Brakes
7165,105,2024-07-21,Routine,4356.18,21,3,4,Brakes
7166,200,2022-11-13,Repair,158.08,2,8,1,Engine
7167,171,2023-01-24,Routine,2344.45,2,2,3,Engine
7168,21,2022-12-07,Warranty,235.88,22,10,5,Tires
7169,143,2024-10-24,Repair,160.0,7,3,4,Tires
7170,41,2023-08-16,Routine,965.4,4,2,2,Brakes
7171,190,2023-10-08,Repair,2012.84,3,6,4,Brakes
7172,107,2025-05-15,Routine,3030.81,14,5,3,Engine
7173,57,2023-02-11,Routine,818.52,3,9,1,Brakes
7174,153,2023-12-09,Repair,191.86,5,9,2,Engine
7175,65,2023-03-25,Routine,1998.64,8,5,4,Engine
7176,63,2024-02-22,Warranty,1526.62,26,1,2,Transmission
7177,51,2024-08-22,Routine,3610.95,9,7,4,Transmission
7178,105,2023-04-07,Repair,1322.48,16,5,2,Brakes
7179,144,2024-04-27,Warranty,2843.3,2,6,3,Tires
7180,25,2025-08-05,Warranty,866.0,30,8,3,Transmission
7181,18,2024-07-22,Routine,3087.72,21,2,2,Engine
7182,184,2023-11-17,Warranty,4034.73,21,7,5,Brakes
7183,160,2025-07-12,Repair,1940.05,21,7,3,Transmission
7184,39,2022-12-22,Routine,769.7,15,3,3,Tires
7185,158,2024-12-26,Warranty,4413.83,30,9,1,Engine
7186,165,2024-12-20,Warranty,2571.21,29,1,3,Transmission
7187,40,2023-07-22,Routine,2938.29,21,2,0,Engine
7188,51,2024-12-30,Routine,2344.76,23,4,4,Brakes
7189,187,2025-01-13,Warranty,1172.04,9,1,1,Engine
7190,2,2025-09-16,Repair,2627.4,17,1,2,Tires
7191,184,2025-02-19,Warranty,1934.77,18,6,4,Transmission
7192,171,2024-12-19,Routine,1312.55,13,4,4,Transmission
7193,70,2023-12-15,Warranty,3911.8,14,2,5,Brakes
7194,8,2025-07-22,Routine,549.93,25,9,2,Brakes
7195,88,2024-07-24,Routine,4350.61,14,5,1,Brakes
7196,142,2023-12-03,Routine,4334.34,8,6,4,Brakes
7197,72,2025-08-19,Routine,3802.4,16,2,2,Engine
7198,180,2024-04-12,Warranty,4711.24,27,3,4,Tires
7199,166,2025-08-25,Repair,3829.99,22,8,4,Tires
7200,19,2025-05-13,Warranty,2459.47,1,3,4,Transmission
7201,22,2023-08-12,Routine,3677.68,8,7,5,Transmission
7202,108,2025-09-04,Warranty,2878.5,15,9,5,Engine
7203,45,2023-01-07,Repair,2407.4,30,10,4,Brakes
7204,174,2023-07-24,Routine,3143.99,28,2,3,Engine
7205,135,2023-05-08,Repair,1998.51,15,9,3,Tires
7206,173,2024-07-09,Repair,2573.73,22,7,1,Engine
7207,132,2023-06-08,Repair,4894.52,4,9,5,Brakes
7208,98,2023-02-14,Warranty,801.57,27,4,4,Brakes
7209,81,2024-10-17,Repair,518.88,19,10,5,Engine
7210,135,2024-09-01,Warranty,3181.42,7,8,3,Tires
7211,83,2022-10-10,Repair,2931.45,27,4,5,Transmission
7212,131,2023-05-29,Routine,196.22,8,10,1,Brakes
7213,92,2025-02-03,Routine,2906.07,8,7,0,Engine
7214,146,2024-03-01,Warranty,3497.36,3,8,5,Tires
7215,172,2025-06-30,Routine,3795.43,7,4,5,Brakes
7216,2,2022-12-03,Warranty,957.55,21,7,2,Engine
7217,48,2025-07-05,Repair,2588.75,16,2,5,Tires
7218,169,2025-04-23,Warranty,1809.24,15,3,0,Tires
7219,162,2025-04-03,Routine,1011.39,6,10,0,Brakes
7220,51,2025-04-04,Warranty,3863.62,5,2,1,Tires
7221,22,2024-02-09,Routine,457.51,2,8,0,Transmission
7222,32,2025-01-30,Warranty,3035.33,24,1,3,Transmission
7223,118,2025-03-18,Warranty,4563.01,4,9,2,Transmission
7224,168,2025-07-03,Routine,1935.05,14,5,2,Tires
7225,10,2023-07-10,Warranty,4944.64,11,6,2,Engine
7226,24,2025-09-12,Repair,1651.88,15,9,5,Tires
7227,163,2024-01-12,Repair,3833.22,20,10,4,Transmission
7228,150,2024-03-07,Warranty,1176.23,29,7,4,Transmission
7229,43,2025-07-03,Repair,4179.85,17,9,3,Tires
7230,98,2025-10-06,Routine,3357.51,10,1,3,Engine
7231,188,2025-09-15,Warranty,1385.72,18,6,3,Transmission
7232,105,2022-11-16,Repair,4939.31,9,2,4,Transmission
7233,24,2025-06-10,Routine,1224.47,11,4,2,Tires
7234,101,2025-04-20,Repair,2086.05,16,3,2,Tires
7235,37,2023-10-26,Warranty,4446.57,27,8,2,Brakes
7236,173,2023-11-13,Warranty,4550.76,27,9,3,Tires
7237,121,2023-07-05,Routine,4121.96,7,5,1,Tires
7238,60,2023-05-28,Repair,515.31,10,4,3,Engine
7239,165,2024-10-15,Routine,3376.13,11,3,2,Transmission
7240,58,2024-12-25,Warranty,1228.73,12,5,5,Transmission
7241,16,2023-03-04,Repair,4700.1,22,5,4,Brakes
7242,22,2025-01-07,Warranty,402.45,16,2,1,Brakes
7243,132,2023-06-02,Repair,3074.8,3,1,3,Transmission
7244,140,2024-08-29,Repair,3533.77,10,9,0,Engine
7245,114,2023-12-11,Routine,2287.0,20,3,0,Brakes
7246,151,2023-08-11,Repair,4292.31,5,6,4,Transmission
7247,11,2024-11-12,Repair,4750.37,5,6,0,Brakes
7248,162,2025-08-14,Warranty,3708.27,17,6,1,Engine
7249,114,2025-03-08,Warranty,4603.81,24,3,3,Tires
7250,60,2023-02-07,Routine,4935.67,27,8,0,Tires
7251,26,2023-12-25,Warranty,493.93,18,8,4,Brakes
7252,63,2023-06-03,Routine,3737.64,27,4,3,Brakes
7253,151,2023-08-21,Repair,319.85,1,9,0,Engine
7254,170,2024-07-08,Repair,3166.36,1,2,5,Tires
7255,177,2025-03-04,Routine,3682.26,19,4,5,Brakes
7256,42,2024-08-01,Routine,1079.65,2,9,3,Brakes
7257,2,2023-01-16,Repair,976.69,4,2,5,Engine
7258,124,2023-08-05,Warranty,1145.65,16,9,5,Tires
7259,190,2025-09-06,Repair,1433.09,20,10,4,Engine
7260,126,2024-01-08,Repair,923.76,4,2,0,Tires
7261,13,2023-02-04,Repair,3240.07,9,5,5,Engine
7262,2,2024-06-16,Warranty,1764.21,15,1,4,Brakes
7263,4,2023-01-19,Warranty,3940.32,14,7,0,Transmission
7264,96,2024-10-05,Repair,2360.95,5,7,1,Engine
7265,15,2024-07-22,Routine,4027.67,19,4,3,Transmission
7266,139,2024-10-12,Routine,1004.56,22,5,5,Transmission
7267,72,2023-08-23,Warranty,4280.38,10,9,3,Transmission
7268,38,2025-04-18,Repair,3855.74,15,7,0,Brakes
7269,134,2024-02-12,Repair,3674.77,9,4,3,Transmission
7270,98,2023-11-29,Warranty,3783.81,18,7,1,Engine
7271,21,2025-01-18,Routine,1356.14,6,5,3,Transmission
7272,95,2023-12-18,Warranty,376.83,6,8,5,Tires
7273,187,2025-06-03,Routine,1248.35,15,5,1,Transmission
7274,73,2024-05-03,Warranty,1469.3,23,9,3,Transmission
7275,198,2025-07-26,Warranty,4873.8,29,7,2,Transmission
7276,105,2022-11-29,Warranty,1144.85,27,3,3,Tires
7277,22,2025-01-30,Repair,4894.26,27,3,2,Transmission
7278,115,2025-01-17,Warranty,1770.94,13,4,2,Brakes
7279,135,2024-02-23,Warranty,168.56,19,3,2,Tires
7280,16,2023-10-01,Routine,4226.74,9,9,5,Tires
7281,48,2023-11-17,Repair,2053.63,1,5,4,Transmission
7282,134,2023-04-10,Routine,2076.58,22,7,3,Tires
7283,164,2023-04-04,Warranty,1887.55,12,4,3,Brakes
7284,178,2023-07-14,Warranty,792.6,4,5,1,Tires
7285,195,2024-03-28,Warranty,3320.47,30,6,2,Brakes
7286,110,2025-07-02,Routine,533.4,24,4,5,Brakes
7287,154,2022-12-20,Routine,4923.49,16,6,2,Brakes
7288,169,2024-06-17,Routine,2076.99,20,7,4,Transmission
7289,173,2023-08-15,Warranty,763.74,21,9,1,Transmission
7290,59,2024-10-26,Repair,4198.96,26,1,4,Tires
7291,90,2025-10-06,Repair,381.58,3,2,1,Engine
7292,139,2023-04-05,Routine,2667.14,5,4,4,Engine
7293,85,2023-06-30,Repair,1990.71,28,6,2,Brakes
7294,47,2024-01-05,Warranty,1818.38,14,6,3,Tires
7295,123,2023-03-23,Repair,2880.48,28,5,4,Tires
7296,183,2023-01-15,Routine,464.35,30,9,2,Brakes
7297,187,2025-10-04,Repair,1097.32,17,7,1,Transmission
7298,157,2024-12-14,Repair,2611.9,16,8,1,Tires
7299,42,2024-04-10,Warranty,1526.52,15,10,5,Transmission
7300,167,2023-12-16,Warranty,4434.24,1,9,1,Transmission
7301,44,2025-06-22,Repair,1902.37,25,4,2,Tires
7302,64,2025-02-16,Repair,4395.24,20,8,3,Tires
7303,140,2023-10-17,Warranty,1319.31,28,8,1,Transmission
7304,24,2023-07-26,Warranty,1421.31,28,7,4,Transmission
7305,142,2023-04-04,Repair,1941.89,4,4,3,Engine
7306,117,2024-10-28,Warranty,1178.57,23,2,2,Engine
7307,104,2023-01-04,Routine,4905.03,26,3,0,Engine
7308,137,2022-10-08,Routine,1334.83,19,3,3,Transmission
7309,119,2022-11-27,Warranty,506.25,18,8,1,Transmission
7310,19,2025-01-05,Warranty,3440.25,23,4,4,Brakes
7311,149,2022-10-16,Warranty,132.23,4,1,2,Transmission
7312,26,2022-10-14,Warranty,4567.78,20,1,2,Engine
7313,89,2024-08-08,Warranty,2227.83,7,5,1,Transmission
7314,184,2025-08-09,Repair,4105.82,16,3,0,Tires
7315,164,2024-09-14,Routine,2933.06,5,6,3,Brakes
7316,17,2024-07-05,Repair,348.63,25,9,0,Brakes
7317,25,2024-11-26,Warranty,3391.17,4,2,1,Tires
7318,74,2022-12-13,Warranty,3924.32,24,4,5,Transmission
7319,185,2022-12-08,Routine,4770.59,7,2,4,Transmission
7320,65,2022-12-19,Repair,3106.13,5,4,4,Tires
7321,43,2022-11-08,Repair,4064.95,16,7,1,Transmission
7322,87,2024-10-26,Routine,2243.65,10,3,2,Transmission
7323,64,2024-10-19,Repair,1607.14,9,7,2,Engine
7324,77,2023-03-08,Warranty,801.76,14,9,4,Transmission
7325,85,2023-01-17,Warranty,1788.06,30,4,1,Tires
7326,77,2023-08-21,Warranty,564.8,24,6,3,Transmission
7327,159,2024-04-26,Routine,2865.58,4,10,1,Transmission
7328,183,2024-04-02,Warranty,3393.09,1,5,5,Engine
7329,45,2022-11-01,Repair,2892.92,24,8,0,Transmission
7330,87,2022-11-01,Routine,2704.61,30,10,5,Tires
7331,176,2023-03-02,Warranty,1619.24,30,9,0,Tires
7332,182,2025-08-14,Routine,2547.29,11,2,4,Brakes
7333,181,2025-09-12,Repair,1051.88,22,4,5,Tires
7334,92,2025-07-27,Repair,748.77,26,2,3,Tires
7335,68,2024-10-10,Warranty,577.32,14,7,1,Transmission
7336,60,2023-10-16,Warranty,3451.25,8,3,3,Tires
7337,118,2024-08-24,Warranty,1764.48,26,6,1,Engine
7338,41,2024-07-03,Repair,117.62,25,2,0,Transmission
7339,32,2024-03-27,Repair,4167.21,28,9,3,Brakes
7340,160,2023-01-03,Repair,3437.37,5,2,4,Brakes
7341,113,2024-06-03,Repair,1658.8,28,10,4,Transmission
7342,79,2022-12-22,Routine,1287.84,5,3,4,Brakes
7343,106,2023-03-22,Repair,2118.57,15,10,5,Transmission
7344,52,2024-08-21,Repair,4652.22,4,8,4,Engine
7345,67,2025-08-18,Routine,4617.95,2,8,4,Tires
7346,196,2023-02-05,Routine,3577.87,4,7,3,Tires
7347,94,2025-03-25,Routine,543.09,14,4,2,Engine
7348,154,2023-11-06,Routine,758.68,3,7,2,Brakes
7349,13,2023-06-01,Warranty,2324.18,27,3,2,Engine
7350,161,2023-09-02,Repair,2893.53,13,8,3,Tires
7351,200,2024-07-24,Repair,1213.74,16,2,0,Transmission
7352,24,2023-12-05,Routine,1763.35,29,9,0,Engine
7353,153,2024-06-26,Warranty,2597.54,19,10,3,Transmission
7354,139,2023-08-13,Warranty,3416.84,20,10,0,Transmission
7355,35,2024-09-06,Repair,1251.1,24,4,4,Transmission
7356,44,2023-09-03,Repair,2419.75,4,2,2,Engine
7357,179,2024-03-29,Warranty,863.61,1,2,0,Engine
7358,19,2022-12-23,Routine,3324.71,19,4,4,Tires
7359,166,2024-06-25,Routine,4527.96,9,9,4,Transmission
7360,193,2025-06-16,Repair,619.23,29,5,1,Tires
7361,79,2024-11-24,Repair,353.84,30,10,3,Transmission
7362,99,2025-05-15,Warranty,2690.24,2,9,0,Engine
7363,163,2023-12-29,Routine,2288.33,3,8,5,Transmission
7364,70,2025-07-01,Routine,868.67,19,6,5,Transmission
7365,177,2024-05-10,Warranty,4185.7,18,9,1,Transmission
7366,42,2023-05-07,Repair,4346.98,18,6,3,Brakes
7367,198,2023-08-18,Warranty,1287.1,5,10,0,Tires
7368,152,2025-09-30,Warranty,425.52,28,2,5,Engine
7369,75,2025-07-28,Routine,3667.79,20,3,2,Brakes
7370,159,2024-08-04,Warranty,2641.1,24,2,4,Tires
7371,75,2024-01-09,Routine,3392.52,3,9,5,Tires
7372,119,2025-05-26,Routine,2176.73,6,1,2,Brakes
7373,91,2024-04-10,Warranty,2459.42,3,5,2,Transmission
7374,62,2025-03-02,Warranty,3238.71,14,3,2,Tires
7375,85,2024-08-10,Repair,2546.82,6,9,4,Tires
7376,87,2025-02-17,Warranty,4123.89,8,4,1,Tires
7377,47,2024-03-18,Repair,1248.45,6,1,2,Engine
7378,125,2024-11-06,Warranty,4964.21,18,2,0,Tires
7379,186,2022-11-07,Repair,2924.63,6,5,1,Tires
7380,124,2025-05-17,Warranty,4704.08,20,9,1,Transmission
7381,137,2025-01-10,Repair,1821.27,21,9,5,Transmission
7382,200,2025-04-09,Routine,3854.13,9,10,5,Engine
7383,29,2025-03-31,Repair,4331.28,22,9,0,Brakes
7384,122,2023-08-01,Warranty,1097.76,5,3,4,Engine
7385,11,2024-07-31,Warranty,2453.96,29,2,1,Transmission
7386,131,2025-04-28,Repair,253.91,25,4,0,Brakes
7387,156,2023-10-13,Warranty,2555.87,24,2,3,Transmission
7388,58,2025-09-03,Repair,1300.98,29,6,5,Engine
7389,143,2024-05-24,Routine,3716.5,28,5,5,Tires
7390,133,2023-10-21,Repair,707.36,16,9,3,Tires
7391,42,2022-11-05,Warranty,3372.35,2,6,4,Engine
7392,170,2025-08-15,Routine,741.6,20,7,5,Engine
7393,134,2023-09-05,Repair,2737.6,30,1,2,Transmission
7394,6,2024-06-10,Warranty,1986.46,13,3,1,Tires
7395,162,2025-09-12,Warranty,3040.42,17,3,1,Brakes
7396,192,2025-06-13,Repair,2641.42,30,7,3,Transmission
7397,74,2025-09-08,Routine,698.19,9,2,4,Engine
7398,148,2024-12-29,Warranty,2781.95,11,7,3,Transmission
7399,97,2025-09-21,Warranty,2153.61,13,2,1,Transmission
7400,121,2023-08-26,Routine,2141.77,16,9,1,Brakes
7401,165,2024-06-09,Routine,2497.05,25,3,2,Engine
7402,166,2024-09-09,Warranty,4962.61,27,7,2,Tires
7403,158,2025-07-20,Warranty,2507.49,13,8,3,Engine
7404,152,2025-07-07,Routine,2996.12,6,6,2,Brakes
7405,143,2024-07-23,Routine,3006.57,28,9,4,Brakes
7406,119,2023-05-11,Repair,2651.6,19,6,2,Tires
7407,176,2024-06-20,Routine,3050.25,12,3,1,Engine
7408,164,2024-08-29,Routine,2155.45,13,1,2,Engine
7409,198,2024-06-18,Repair,4355.62,23,5,4,Brakes
7410,190,2023-03-20,Routine,3991.47,2,5,1,Tires
7411,124,2022-12-26,Warranty,886.81,8,6,1,Transmission
7412,165,2022-10-31,Routine,2991.97,21,3,1,Transmission
7413,48,2023-11-05,Warranty,1680.77,18,6,1,Tires
7414,155,2024-11-03,Repair,4291.51,23,5,0,Brakes
7415,81,2023-12-10,Warranty,2233.34,5,5,5,Engine
7416,73,2023-06-02,Repair,1597.01,13,2,0,Engine
7417,197,2023-09-22,Repair,1992.83,22,9,3,Engine
7418,84,2025-05-07,Routine,1606.05,22,5,5,Engine
7419,187,2025-05-21,Repair,1280.12,24,10,3,Brakes
7420,158,2024-05-22,Repair,1957.16,7,7,4,Tires
7421,11,2023-12-04,Warranty,3378.38,7,8,0,Tires
7422,22,2025-07-06,Warranty,3250.4,23,8,4,Engine
7423,128,2024-09-29,Repair,2570.52,7,3,1,Brakes
7424,175,2023-12-03,Warranty,2718.59,18,8,0,Tires
7425,16,2024-06-24,Routine,177.74,14,3,4,Brakes
7426,18,2023-12-27,Repair,2464.65,16,7,4,Tires
7427,112,2024-10-23,Repair,3691.68,30,5,5,Transmission
7428,171,2024-09-26,Routine,4144.42,20,8,0,Transmission
7429,60,2023-05-29,Repair,3671.56,12,7,0,Transmission
7430,167,2025-03-16,Routine,4960.47,9,2,2,Brakes
7431,110,2023-10-03,Warranty,4882.64,12,1,2,Engine
7432,122,2024-02-26,Warranty,627.98,20,5,1,Tires
7433,188,2022-12-15,Routine,4010.9,30,10,3,Engine
7434,75,2025-04-20,Repair,2388.08,20,8,4,Brakes
7435,152,2024-05-10,Repair,481.8,20,2,1,Transmission
7436,22,2025-08-30,Warranty,4100.71,2,1,3,Tires
7437,97,2025-03-18,Warranty,858.05,30,3,3,Tires
7438,10,2024-05-29,Repair,4896.86,6,9,3,Engine
7439,39,2024-03-08,Warranty,1643.87,1,3,3,Brakes
7440,69,2024-02-17,Repair,3393.51,14,7,2,Engine
7441,40,2023-09-23,Routine,541.99,30,6,1,Brakes
7442,106,2025-03-07,Routine,3151.37,7,8,4,Tires
7443,66,2025-06-20,Routine,1299.06,25,9,3,Engine
7444,54,2025-02-16,Repair,3456.27,2,4,1,Engine
7445,192,2023-08-16,Warranty,553.36,5,1,2,Tires
7446,3,2024-10-28,Routine,3262.45,8,5,4,Engine
7447,14,2025-05-13,Repair,3765.59,11,6,5,Transmission
7448,23,2024-06-05,Routine,4918.91,6,8,1,Brakes
7449,45,2023-12-28,Warranty,421.52,26,8,2,Engine
7450,106,2022-12-24,Repair,2271.1,27,6,3,Engine
7451,104,2025-06-24,Repair,4879.11,30,3,1,Transmission
7452,187,2025-03-25,Routine,3511.5,29,6,2,Tires
7453,30,2023-06-06,Routine,3498.04,3,1,1,Brakes
7454,63,2023-07-16,Warranty,1900.62,5,10,5,Brakes
7455,176,2025-08-27,Warranty,3446.2,16,2,4,Engine
7456,32,2022-12-27,Repair,608.4,11,10,1,Tires
7457,14,2025-03-06,Warranty,4394.64,28,10,0,Transmission
7458,32,2024-04-21,Repair,2265.94,12,6,0,Transmission
7459,63,2025-03-13,Warranty,949.41,12,3,2,Transmission
7460,178,2022-11-28,Routine,4349.45,24,1,0,Tires
7461,84,2025-04-13,Routine,1131.15,24,5,4,Engine
7462,41,2023-04-20,Routine,3021.29,17,6,3,Transmission
7463,52,2024-12-07,Routine,3329.13,14,2,3,Engine
7464,164,2022-12-19,Routine,471.32,19,6,0,Transmission
7465,161,2023-02-10,Repair,207.17,13,5,0,Brakes
7466,53,2023-04-18,Repair,3133.33,14,8,1,Transmission
7467,177,2023-01-14,Routine,1843.12,10,2,0,Brakes
7468,167,2025-07-21,Routine,4519.59,22,1,5,Transmission
7469,40,2023-12-28,Repair,100.44,9,5,1,Transmission
7470,58,2024-06-10,Routine,2519.26,18,9,1,Transmission
7471,47,2025-03-28,Repair,3193.15,30,5,2,Transmission
7472,37,2024-09-30,Routine,235.08,21,2,2,Brakes
7473,144,2025-01-13,Routine,2821.97,1,1,5,Transmission
7474,106,2024-01-27,Repair,4112.61,1,8,5,Engine
7475,135,2025-02-19,Repair,634.97,17,4,5,Transmission
7476,26,2025-09-16,Repair,3144.5,2,1,1,Engine
7477,39,2023-06-11,Routine,578.0,9,6,0,Tires
7478,132,2023-01-09,Routine,3010.99,20,7,3,Transmission
7479,82,2024-09-16,Repair,1121.85,2,9,4,Tires
7480,193,2024-05-19,Routine,1737.15,24,8,3,Transmission
7481,41,2025-09-23,Routine,4023.02,26,7,5,Tires
7482,72,2023-10-28,Repair,952.94,8,5,3,Brakes
7483,71,2024-06-06,Repair,238.06,28,2,0,Brakes
7484,46,2023-01-16,Routine,1398.02,19,3,5,Brakes
7485,56,2025-09-02,Repair,3381.49,12,2,4,Transmission
7486,111,2023-05-22,Repair,1245.51,18,6,5,Engine
7487,61,2024-05-23,Warranty,4740.77,11,6,2,Brakes
7488,86,2023-12-03,Warranty,1809.02,10,9,3,Transmission
7489,22,2024-01-24,Routine,1478.11,28,10,3,Tires
7490,145,2022-10-27,Routine,991.31,21,6,2,Brakes
7491,33,2024-05-28,Routine,2764.27,19,10,5,Transmission
7492,99,2025-05-26,Warranty,4130.43,20,2,1,Tires
7493,144,2024-07-23,Repair,150.19,3,6,5,Tires
7494,95,2023-10-09,Repair,2050.58,15,6,5,Transmission
7495,117,2025-04-11,Warranty,2372.23,28,8,4,Tires
7496,147,2023-08-19,Routine,1414.18,29,3,0,Transmission
7497,132,2024-05-06,Repair,3153.92,5,1,2,Brakes
7498,74,2024-03-29,Routine,1665.78,19,1,1,Brakes
7499,138,2024-05-08,Warranty,2189.67,1,2,4,Transmission
7500,61,2025-09-19,Repair,4055.38,13,8,3,Brakes
7501,90,2023-06-30,Repair,2767.33,26,4,0,Transmission
7502,5,2023-06-12,Warranty,4243.22,30,1,2,Engine
7503,45,2023-05-02,Routine,856.53,9,9,0,Tires
7504,143,2024-11-09,Warranty,2991.42,21,8,4,Brakes
7505,32,2023-11-22,Warranty,2359.01,13,3,1,Brakes
7506,2,2023-10-02,Repair,1754.6,25,7,2,Brakes
7507,187,2024-10-21,Warranty,2649.7,5,7,5,Tires
7508,176,2023-07-09,Routine,1622.99,6,4,1,Transmission
7509,39,2025-08-03,Routine,1455.14,5,5,0,Transmission
7510,152,2025-05-21,Warranty,4434.7,18,6,1,Engine
7511,7,2025-07-16,Repair,2772.68,22,7,4,Transmission
7512,195,2024-06-13,Routine,1206.74,6,2,2,Brakes
7513,173,2023-04-09,Warranty,1736.32,12,6,0,Brakes
7514,33,2025-05-06,Warranty,3193.16,3,8,1,Transmission
7515,50,2024-03-20,Routine,3941.17,22,1,1,Brakes
7516,81,2024-03-11,Repair,977.16,1,8,0,Engine
7517,196,2024-12-28,Warranty,1355.19,19,7,5,Transmission
7518,154,2023-12-31,Warranty,2732.26,7,3,4,Engine
7519,43,2023-05-31,Repair,759.51,11,7,1,Brakes
7520,184,2024-07-31,Repair,2045.07,26,3,4,Transmission
7521,83,2023-11-15,Repair,2668.25,26,8,2,Brakes
7522,70,2025-09-13,Repair,669.17,24,6,4,Transmission
7523,64,2025-08-31,Repair,1433.49,24,8,5,Brakes
7524,47,2024-05-18,Warranty,933.24,13,10,4,Engine
7525,79,2023-10-08,Routine,391.13,9,5,1,Transmission
7526,107,2025-07-14,Repair,4159.67,8,8,3,Tires
7527,62,2023-06-07,Warranty,162.7,25,8,2,Tires
7528,89,2023-03-12,Warranty,3631.4,19,4,5,Brakes
7529,59,2023-10-25,Warranty,1333.12,14,2,4,Engine
7530,156,2025-02-12,Repair,117.51,7,1,2,Engine
7531,22,2024-04-19,Routine,4916.17,22,2,0,Brakes
7532,138,2025-01-07,Warranty,1734.64,29,2,3,Transmission
7533,134,2024-01-23,Routine,2221.31,24,7,2,Transmission
7534,35,2023-07-17,Warranty,475.87,2,3,1,Brakes
7535,53,2025-04-30,Repair,3760.91,3,9,3,Tires
7536,33,2023-11-02,Routine,2764.04,7,3,4,Brakes
7537,27,2024-11-10,Warranty,1393.24,27,6,3,Tires
7538,37,2024-11-25,Repair,3923.44,25,3,1,Transmission
7539,80,2025-03-27,Repair,4291.56,20,2,0,Transmission
7540,21,2023-10-12,Routine,667.89,10,2,4,Engine
7541,93,2023-04-28,Routine,3529.68,5,10,2,Engine
7542,177,2025-04-05,Routine,2615.26,18,8,4,Transmission
7543,37,2023-12-22,Warranty,4565.08,4,4,2,Brakes
7544,13,2024-10-31,Warranty,956.59,14,8,2,Brakes
7545,54,2024-04-30,Repair,3687.24,14,9,4,Transmission
7546,169,2023-08-18,Warranty,846.09,14,10,0,Engine
7547,32,2025-07-08,Routine,2476.23,9,8,4,Transmission
7548,60,2022-10-20,Repair,2041.19,24,1,5,Brakes
7549,74,2023-07-03,Routine,3489.01,19,3,4,Brakes
7550,133,2023-06-27,Warranty,387.63,20,9,2,Transmission
7551,65,2024-04-27,Routine,263.34,9,10,0,Tires
7552,188,2025-07-14,Routine,2613.1,13,3,2,Transmission
7553,95,2025-01-12,Routine,1393.41,12,2,5,Engine
7554,69,2025-07-01,Repair,952.09,28,5,1,Transmission
7555,135,2022-10-15,Warranty,678.83,10,3,4,Tires
7556,167,2024-05-18,Repair,4157.74,12,4,5,Tires
7557,188,2025-06-02,Warranty,2914.34,23,3,4,Brakes
7558,124,2024-12-13,Warranty,3090.09,15,6,2,Brakes
7559,9,2023-06-04,Repair,3852.37,5,5,4,Tires
7560,92,2024-02-01,Routine,1315.01,15,6,2,Engine
7561,168,2023-06-05,Repair,1763.52,19,3,2,Brakes
7562,76,2023-04-26,Warranty,3165.22,26,10,2,Brakes
7563,196,2023-03-04,Warranty,3052.2,1,7,1,Tires
7564,120,2023-09-28,Repair,4996.61,27,4,2,Brakes
7565,65,2025-05-28,Routine,1114.66,28,2,5,Tires
7566,150,2025-02-06,Warranty,4048.97,28,7,3,Transmission
7567,65,2023-08-04,Warranty,428.96,14,7,3,Brakes
7568,169,2024-03-02,Routine,754.12,16,9,4,Transmission
7569,40,2023-03-11,Warranty,1598.16,12,1,1,Brakes
7570,66,2023-01-26,Repair,4196.74,5,3,1,Engine
7571,117,2024-06-10,Repair,4347.18,5,1,0,Tires
7572,186,2024-08-28,Routine,3260.65,16,3,1,Tires
7573,148,2022-11-09,Warranty,173.44,8,6,4,Engine
7574,138,2024-09-10,Routine,1902.25,30,5,5,Transmission
7575,169,2024-01-25,Routine,1302.21,18,7,5,Engine
7576,140,2022-12-11,Repair,4795.9,11,5,4,Transmission
7577,45,2022-11-28,Warranty,2838.42,8,8,5,Tires
7578,44,2025-01-03,Routine,545.12,26,4,0,Tires
7579,151,2024-01-31,Routine,3567.89,19,1,0,Transmission
7580,92,2025-07-17,Warranty,4995.35,8,2,3,Transmission
7581,170,2023-12-29,Repair,3951.26,29,9,4,Transmission
7582,123,2025-07-07,Warranty,3128.78,16,5,2,Engine
7583,4,2023-11-06,Repair,3816.37,2,5,3,Engine
7584,100,2024-02-10,Repair,2266.27,25,1,1,Tires
7585,17,2024-05-14,Routine,3615.7,10,8,4,Brakes
7586,173,2024-03-10,Repair,4602.89,20,2,4,Transmission
7587,122,2025-01-23,Repair,1713.05,29,6,4,Tires
7588,151,2024-10-17,Warranty,1097.58,11,10,0,Engine
7589,69,2024-08-22,Routine,566.32,8,8,2,Brakes
7590,85,2024-08-18,Routine,910.17,16,7,3,Brakes
7591,73,2023-09-13,Repair,1028.78,24,8,0,Transmission
7592,113,2024-02-01,Repair,4620.49,9,7,4,Tires
7593,111,2024-09-14,Warranty,4029.54,21,7,0,Engine
7594,127,2023-04-24,Warranty,1778.31,15,8,3,Tires
7595,34,2022-11-01,Routine,1719.97,28,7,3,Brakes
7596,159,2025-08-07,Repair,834.78,18,7,0,Brakes
7597,53,2024-09-30,Warranty,350.17,1,5,5,Transmission
7598,191,2023-11-24,Warranty,940.01,5,5,0,Transmission
7599,28,2025-07-09,Routine,4253.79,10,3,0,Tires
7600,104,2024-08-11,Repair,3966.59,14,9,4,Brakes
7601,185,2025-07-16,Warranty,922.11,5,3,3,Engine
7602,92,2023-12-17,Warranty,2328.28,21,10,3,Engine
7603,74,2025-05-14,Warranty,4749.55,23,6,1,Brakes
7604,88,2024-05-17,Routine,2377.07,9,1,4,Tires
7605,199,2024-12-25,Warranty,1365.73,1,3,1,Transmission
7606,82,2023-06-10,Warranty,3165.73,6,4,0,Tires
7607,51,2023-01-17,Routine,3140.59,30,3,0,Engine
7608,108,2024-09-10,Repair,1014.15,18,7,2,Engine
7609,174,2023-04-09,Repair,679.5,28,10,3,Transmission
7610,154,2022-11-18,Routine,1892.93,18,4,0,Tires
7611,60,2024-06-27,Routine,4960.71,30,5,0,Engine
7612,146,2024-05-09,Repair,2241.1,21,6,4,Engine
7613,103,2023-03-18,Routine,2130.35,11,5,4,Transmission
7614,98,2024-03-08,Routine,4636.23,2,5,0,Transmission
7615,111,2024-01-13,Repair,738.33,23,1,0,Transmission
7616,6,2023-03-29,Repair,3503.64,16,2,5,Transmission
7617,33,2023-07-31,Routine,298.48,9,3,5,Tires
7618,106,2022-12-22,Routine,2247.87,7,4,2,Transmission
7619,138,2023-10-18,Repair,2645.61,6,1,5,Engine
7620,153,2024-01-26,Repair,478.93,21,7,5,Transmission
7621,116,2023-12-15,Routine,306.71,16,10,1,Engine
7622,34,2023-06-13,Repair,1993.75,2,6,3,Engine
7623,22,2025-04-26,Repair,4180.09,28,6,2,Transmission
7624,54,2023-05-08,Routine,1412.34,26,9,5,Brakes
7625,143,2025-02-09,Repair,2539.34,25,1,0,Engine
7626,176,2024-02-01,Warranty,4108.4,25,5,4,Engine
7627,164,2023-06-13,Warranty,3807.77,21,9,0,Tires
7628,86,2025-07-26,Warranty,387.22,15,1,1,Brakes
7629,79,2024-04-01,Warranty,245.09,5,5,3,Tires
7630,180,2023-08-04,Repair,4734.16,18,1,4,Tires
7631,16,2022-10-24,Routine,1011.92,11,3,2,Transmission
7632,181,2024-02-04,Warranty,2640.14,6,7,5,Brakes
7633,84,2023-02-22,Repair,2422.36,6,6,1,Tires
7634,194,2024-08-01,Warranty,4592.98,21,1,5,Transmission
7635,9,2023-09-05,Routine,4076.5,3,5,1,Transmission
7636,14,2024-10-16,Routine,2680.42,3,10,3,Engine
7637,145,2023-06-13,Repair,569.13,1,7,4,Engine
7638,71,2025-01-01,Warranty,1380.13,2,4,3,Tires
7639,87,2023-04-23,Routine,2304.88,11,4,5,Brakes
7640,159,2025-04-20,Warranty,2655.44,26,2,4,Transmission
7641,76,2023-03-13,Routine,2339.99,28,2,1,Transmission
7642,77,2025-05-12,Warranty,3926.43,8,9,0,Engine
7643,185,2024-07-19,Warranty,1629.3,2,5,0,Transmission
7644,56,2022-10-21,Routine,429.9,4,2,2,Tires
7645,193,2023-05-22,Repair,2003.37,6,10,0,Engine
7646,52,2023-10-23,Routine,3158.83,2,4,2,Brakes
7647,78,2024-04-12,Routine,329.33,3,8,2,Engine
7648,25,2023-08-04,Warranty,4811.23,7,9,2,Brakes
7649,175,2023-03-19,Warranty,3419.01,23,7,2,Brakes
7650,14,2022-12-17,Routine,2969.57,27,6,1,Transmission
7651,155,2022-12-25,Routine,228.86,28,7,4,Brakes
7652,121,2025-08-03,Routine,1371.51,11,2,1,Tires
7653,190,2024-01-04,Repair,2601.76,1,6,2,Tires
7654,90,2025-03-27,Warranty,228.05,27,3,2,Transmission
7655,18,2024-08-24,Warranty,2033.85,16,1,0,Tires
7656,97,2025-06-07,Routine,1573.28,5,6,3,Transmission
7657,151,2023-03-16,Repair,3765.81,3,10,5,Engine
7658,74,2024-10-11,Routine,1580.05,22,3,4,Transmission
7659,164,2023-06-06,Warranty,2892.33,15,1,0,Transmission
7660,42,2022-12-16,Repair,1784.38,12,6,1,Engine
7661,44,2025-07-03,Warranty,1223.95,3,2,4,Transmission
7662,66,2023-12-25,Routine,2400.98,7,9,5,Engine
7663,45,2025-09-03,Routine,1948.81,17,1,2,Tires
7664,76,2024-02-20,Repair,4065.78,29,3,0,Engine
7665,142,2024-04-26,Repair,1964.58,27,8,5,Tires
7666,79,2022-12-06,Warranty,4528.29,19,6,4,Tires
7667,32,2024-06-18,Repair,2027.48,1,9,3,Engine
7668,134,2024-09-01,Repair,2700.5,20,7,5,Transmission
7669,171,2024-07-06,Repair,3299.18,14,3,0,Transmission
7670,100,2023-05-15,Warranty,1840.15,11,7,4,Engine
7671,97,2024-03-29,Warranty,888.89,12,6,1,Brakes
7672,97,2023-07-04,Routine,1647.34,25,10,4,Engine
7673,99,2023-11-19,Repair,3797.67,23,10,3,Brakes
7674,97,2023-10-01,Routine,3630.25,23,1,0,Engine
7675,120,2024-06-20,Routine,1743.01,3,7,3,Engine
7676,125,2025-03-15,Warranty,4006.72,5,6,5,Transmission
7677,90,2024-07-13,Warranty,2800.92,10,1,2,Tires
7678,50,2023-07-31,Repair,4800.39,20,5,5,Engine
7679,172,2025-07-23,Routine,3753.12,11,5,1,Tires
7680,101,2025-08-06,Routine,2985.55,5,10,1,Tires
7681,79,2025-09-09,Warranty,2002.73,5,2,3,Tires
7682,173,2025-01-12,Repair,737.17,27,9,1,Transmission
7683,104,2025-09-17,Warranty,452.74,24,4,0,Transmission
7684,179,2022-11-19,Routine,3219.97,11,1,4,Engine
7685,4,2024-12-22,Repair,266.99,21,6,0,Engine
7686,161,2023-06-19,Warranty,2217.15,6,5,1,Brakes
7687,23,2024-01-09,Routine,1009.47,7,6,2,Transmission
7688,5,2024-10-28,Warranty,1981.0,30,6,0,Tires
7689,172,2023-10-21,Warranty,3934.42,1,9,4,Tires
7690,80,2023-06-28,Warranty,946.23,16,7,2,Tires
7691,165,2025-03-07,Warranty,1211.87,17,4,0,Brakes
7692,57,2025-09-17,Routine,4463.02,13,10,1,Tires
7693,21,2024-06-25,Routine,2476.85,19,7,2,Brakes
7694,164,2023-12-27,Repair,739.95,4,5,4,Brakes
7695,54,2023-05-24,Warranty,3341.49,29,5,1,Engine
7696,185,2024-08-04,Routine,2131.24,18,4,4,Brakes
7697,73,2025-04-27,Repair,2898.46,13,4,4,Brakes
7698,80,2024-06-15,Routine,4079.51,20,9,4,Transmission
7699,182,2023-12-03,Warranty,191.67,22,5,0,Transmission
7700,61,2023-11-26,Warranty,2310.75,18,9,5,Engine
7701,149,2022-10-13,Repair,3943.27,24,4,5,Engine
7702,116,2023-07-01,Repair,2478.4,27,10,0,Tires
7703,133,2025-10-02,Warranty,3087.94,13,1,0,Transmission
7704,20,2023-10-10,Repair,2126.84,19,8,1,Brakes
7705,97,2023-03-20,Warranty,2265.05,20,7,3,Tires
7706,149,2024-03-04,Warranty,944.43,4,1,5,Tires
7707,65,2024-05-30,Routine,3259.83,8,7,4,Tires
7708,76,2023-02-23,Repair,179.84,30,3,4,Transmission
7709,91,2024-08-16,Warranty,2610.94,29,1,0,Engine
7710,69,2024-01-21,Warranty,3295.78,10,7,1,Brakes
7711,64,2025-03-19,Routine,2929.18,18,8,4,Transmission
7712,92,2023-12-25,Warranty,4130.06,1,9,0,Engine
7713,159,2023-06-26,Repair,2749.42,17,10,2,Tires
7714,157,2025-08-04,Warranty,3300.9,2,6,4,Transmission
7715,38,2024-09-01,Warranty,1769.78,6,1,3,Transmission
7716,140,2023-05-03,Routine,4158.59,30,4,5,Transmission
7717,53,2023-08-18,Repair,4867.93,21,3,3,Brakes
7718,162,2025-08-27,Routine,1182.09,10,5,3,Brakes
7719,95,2023-06-01,Repair,4254.7,12,1,5,Brakes
7720,199,2024-02-09,Routine,111.6,1,1,2,Transmission
7721,135,2024-12-13,Routine,2674.87,2,4,2,Transmission
7722,29,2025-08-17,Repair,1595.77,15,5,4,Engine
7723,44,2024-05-18,Warranty,1861.38,22,5,0,Transmission
7724,185,2024-01-12,Warranty,2698.93,3,5,3,Engine
7725,120,2022-11-11,Warranty,4291.88,21,2,2,Transmission
7726,58,2023-06-16,Warranty,3969.78,23,5,1,Tires
7727,183,2025-08-03,Routine,3860.43,9,7,0,Tires
7728,62,2024-03-07,Repair,2717.54,24,3,0,Transmission
7729,161,2025-05-26,Repair,3724.28,3,2,4,Brakes
7730,14,2022-10-18,Warranty,4464.77,12,7,3,Tires
7731,146,2024-09-29,Warranty,3549.07,22,6,5,Transmission
7732,111,2025-07-01,Routine,1513.03,15,10,5,Engine
7733,155,2025-06-23,Routine,4783.37,23,5,3,Transmission
7734,151,2025-01-17,Warranty,4436.59,10,2,3,Transmission
7735,124,2025-07-08,Repair,2734.74,14,8,3,Transmission
7736,65,2023-12-22,Warranty,3384.92,20,8,3,Transmission
7737,173,2025-06-02,Repair,2215.2,20,9,0,Tires
7738,180,2023-09-12,Repair,4752.25,7,8,1,Transmission
7739,63,2024-06-05,Routine,1262.04,7,5,0,Brakes
7740,7,2023-03-17,Routine,1547.02,20,5,4,Transmission
7741,96,2023-07-11,Warranty,3524.45,19,2,0,Tires
7742,14,2023-03-23,Routine,717.23,1,6,2,Engine
7743,197,2024-06-30,Warranty,4406.55,25,8,1,Engine
7744,137,2025-01-07,Repair,3213.73,11,9,2,Transmission
7745,166,2024-05-28,Routine,2635.02,12,6,0,Tires
7746,144,2024-08-08,Routine,3735.63,10,10,2,Tires
7747,17,2022-11-19,Warranty,1885.76,29,2,3,Brakes
7748,1,2023-01-13,Routine,1688.61,3,4,0,Engine
7749,184,2023-10-14,Routine,1314.88,15,4,0,Tires
7750,110,2025-06-02,Routine,2085.5,20,10,5,Transmission
7751,41,2022-10-09,Routine,4016.03,1,3,0,Brakes
7752,137,2024-07-23,Routine,1849.44,27,2,2,Engine
7753,81,2023-11-19,Warranty,3112.98,11,7,4,Transmission
7754,53,2024-02-06,Repair,3911.87,28,3,0,Transmission
7755,117,2025-05-02,Routine,3890.04,23,2,1,Transmission
7756,107,2025-01-07,Routine,965.95,23,7,1,Tires
7757,17,2023-07-04,Warranty,640.73,14,5,5,Engine
7758,92,2023-10-27,Repair,2624.89,12,3,4,Transmission
7759,48,2025-03-22,Routine,4437.78,17,6,2,Tires
7760,86,2024-05-18,Repair,1827.71,8,10,3,Transmission
7761,128,2025-04-07,Routine,913.09,6,7,2,Engine
7762,138,2022-12-19,Routine,2610.86,22,4,2,Transmission
7763,177,2023-12-21,Routine,714.46,2,6,1,Tires
7764,166,2025-04-02,Warranty,3451.89,14,10,2,Transmission
7765,193,2024-08-21,Warranty,3192.44,2,9,4,Tires
7766,49,2023-02-22,Repair,3938.28,18,3,1,Tires
7767,45,2023-01-07,Warranty,4558.91,18,5,0,Transmission
7768,16,2024-10-20,Warranty,4839.03,29,2,3,Tires
7769,132,2023-07-02,Warranty,1998.71,16,6,0,Transmission
7770,40,2022-10-30,Warranty,4324.2,12,8,3,Tires
7771,197,2023-02-08,Warranty,3356.68,22,5,5,Brakes
7772,151,2023-11-12,Repair,3862.98,24,5,5,Transmission
7773,15,2024-04-30,Routine,537.14,7,2,1,Engine
7774,158,2023-02-09,Routine,2797.57,22,6,0,Tires
7775,175,2025-08-01,Routine,130.6,26,10,0,Brakes
7776,176,2024-10-12,Warranty,4305.7,27,10,1,Transmission
7777,100,2025-05-24,Warranty,3787.96,28,2,2,Tires
7778,59,2024-08-14,Warranty,335.63,11,6,5,Tires
7779,198,2025-09-16,Routine,1450.54,22,5,5,Transmission
7780,21,2023-11-22,Warranty,3447.6,16,3,3,Transmission
7781,10,2024-11-14,Repair,3129.75,6,8,3,Brakes
7782,110,2025-09-06,Warranty,2086.05,24,3,1,Transmission
7783,68,2025-02-07,Warranty,4880.4,15,5,5,Brakes
7784,36,2025-04-21,Routine,2044.69,16,1,0,Tires
7785,160,2024-03-01,Warranty,3845.96,23,1,1,Engine
7786,186,2023-04-04,Routine,3259.71,4,6,2,Brakes
7787,166,2024-03-20,Repair,3005.98,22,6,4,Transmission
7788,63,2024-09-12,Warranty,2966.14,2,8,5,Transmission
7789,17,2023-01-26,Routine,4051.88,29,6,5,Engine
7790,85,2024-02-06,Routine,174.29,11,1,1,Engine
7791,6,2023-02-25,Warranty,1812.91,22,9,1,Engine
7792,185,2025-08-23,Warranty,352.81,8,6,1,Brakes
7793,40,2024-01-28,Routine,1856.31,13,5,2,Brakes
7794,50,2024-07-26,Repair,2497.99,26,1,0,Tires
7795,176,2025-08-11,Repair,467.89,3,5,4,Engine
7796,40,2023-08-16,Routine,3941.68,9,2,1,Transmission
7797,84,2025-06-03,Repair,3308.73,24,6,3,Transmission
7798,178,2023-01-12,Warranty,1280.64,23,8,5,Transmission
7799,14,2023-07-16,Repair,3320.57,28,7,0,Brakes
7800,160,2023-09-01,Warranty,2274.95,18,9,3,Tires
7801,51,2025-03-04,Warranty,1868.25,7,6,4,Tires
7802,84,2024-03-10,Repair,3020.44,23,6,5,Engine
7803,76,2025-08-04,Repair,3550.63,19,7,4,Engine
7804,23,2025-03-15,Repair,2210.48,1,8,2,Tires
7805,120,2023-12-08,Routine,3051.98,16,2,5,Brakes
7806,54,2025-01-21,Routine,4790.09,17,9,1,Tires
7807,134,2025-06-15,Repair,4632.47,18,7,3,Brakes
7808,164,2025-03-11,Warranty,3249.03,26,9,4,Engine
7809,82,2024-10-15,Routine,2324.88,1,9,2,Tires
7810,125,2023-05-15,Warranty,4555.86,8,5,2,Tires
7811,55,2023-05-17,Routine,1884.56,4,7,3,Transmission
7812,41,2024-06-19,Routine,790.19,10,8,2,Engine
7813,162,2025-03-02,Repair,3481.25,16,1,4,Engine
7814,145,2025-05-07,Routine,4995.11,23,6,3,Tires
7815,79,2025-07-18,Routine,4928.3,5,5,1,Tires
7816,6,2024-06-03,Warranty,4969.01,3,5,4,Transmission
7817,105,2025-05-21,Warranty,3524.18,30,3,1,Transmission
7818,200,2025-07-12,Routine,295.87,11,5,0,Brakes
7819,195,2023-03-04,Warranty,4452.62,25,8,3,Tires
7820,13,2025-03-29,Warranty,142.91,8,6,5,Engine
7821,7,2025-01-11,Routine,2992.76,11,10,3,Transmission
7822,40,2024-11-18,Repair,1583.53,28,1,1,Brakes
7823,158,2023-10-17,Warranty,3450.92,8,3,1,Brakes
7824,10,2024-04-19,Routine,4799.48,10,6,4,Engine
7825,6,2024-12-30,Repair,4968.61,5,9,5,Transmission
7826,95,2025-02-13,Repair,4498.44,5,7,0,Transmission
7827,157,2024-03-25,Repair,721.57,13,10,0,Transmission
7828,153,2023-04-27,Warranty,4270.11,14,2,1,Engine
7829,169,2024-07-28,Warranty,2667.37,19,8,4,Transmission
7830,35,2022-10-28,Repair,4211.68,23,10,1,Brakes
7831,17,2024-08-06,Routine,4453.17,7,8,1,Brakes
7832,121,2023-07-02,Routine,4451.66,21,5,1,Tires
7833,162,2023-11-17,Routine,3675.62,6,1,3,Brakes
7834,164,2024-08-29,Repair,959.61,11,1,0,Brakes
7835,33,2025-01-11,Routine,3528.97,15,10,5,Engine
7836,198,2025-06-25,Warranty,1754.26,11,5,2,Engine
7837,69,2025-06-09,Routine,3540.04,4,10,4,Brakes
7838,118,2025-09-18,Routine,2334.94,10,2,2,Brakes
7839,187,2022-12-10,Repair,1305.49,8,1,1,Brakes
7840,67,2024-02-21,Warranty,2181.22,20,7,0,Transmission
7841,95,2025-07-25,Repair,3441.13,13,6,2,Transmission
7842,17,2023-01-16,Routine,763.38,17,6,4,Brakes
7843,156,2023-05-28,Repair,4625.08,2,10,5,Brakes
7844,187,2023-06-03,Warranty,3112.71,16,9,1,Engine
7845,195,2025-02-17,Routine,936.76,13,5,5,Tires
7846,136,2025-02-22,Repair,530.04,16,2,0,Transmission
7847,182,2024-02-18,Warranty,3528.47,16,7,2,Brakes
7848,191,2024-08-14,Routine,3526.45,10,7,2,Tires
7849,180,2024-12-26,Warranty,1131.93,24,7,3,Tires
7850,8,2025-04-01,Routine,1143.92,28,3,4,Transmission
7851,45,2023-10-12,Routine,624.35,24,3,3,Engine
7852,26,2025-10-02,Routine,2580.56,5,8,3,Engine
7853,21,2023-11-21,Warranty,2483.76,8,8,4,Brakes
7854,45,2024-11-04,Routine,4240.94,9,3,5,Brakes
7855,170,2023-02-08,Warranty,4805.22,9,7,1,Transmission
7856,125,2023-05-26,Warranty,1458.45,7,5,4,Brakes
7857,133,2023-12-07,Routine,2136.1,12,7,0,Transmission
7858,135,2024-07-10,Routine,2843.75,28,1,2,Brakes
7859,47,2023-12-18,Repair,1849.35,5,8,3,Transmission
7860,3,2024-08-06,Warranty,3639.59,16,7,2,Transmission
7861,51,2025-01-29,Routine,1582.75,28,3,4,Engine
7862,184,2024-06-14,Warranty,3109.39,8,5,0,Tires
7863,40,2024-05-21,Warranty,2530.66,18,3,5,Transmission
7864,129,2025-05-26,Warranty,3680.21,13,6,3,Engine
7865,158,2023-01-07,Routine,2464.19,28,2,5,Transmission
7866,17,2024-02-05,Warranty,368.26,10,5,2,Engine
7867,64,2023-02-24,Repair,875.6,17,8,2,Tires
7868,136,2025-04-20,Warranty,3967.24,17,1,3,Engine
7869,39,2024-06-17,Warranty,1920.76,27,4,1,Tires
7870,14,2023-09-03,Repair,1108.91,15,2,2,Tires
7871,94,2024-02-17,Repair,2181.59,14,8,0,Transmission
7872,38,2023-02-23,Warranty,4895.93,13,9,4,Transmission
7873,9,2024-10-02,Repair,3977.41,14,8,0,Brakes
7874,191,2025-03-08,Routine,353.88,20,7,1,Transmission
7875,67,2025-05-17,Warranty,2523.81,29,9,2,Transmission
7876,76,2024-09-03,Routine,3261.44,26,1,5,Brakes
7877,199,2024-10-06,Warranty,1980.63,1,4,4,Brakes
7878,54,2023-09-28,Warranty,1689.86,8,9,1,Tires
7879,9,2023-08-16,Routine,1028.35,7,4,3,Brakes
7880,95,2023-06-04,Warranty,3661.18,16,5,0,Engine
7881,37,2025-05-02,Routine,2782.05,13,1,0,Engine
7882,173,2024-07-23,Routine,1261.45,21,1,4,Engine
7883,126,2023-12-20,Warranty,3197.81,29,9,0,Engine
7884,194,2025-01-13,Routine,657.65,21,3,2,Brakes
7885,24,2024-12-13,Routine,1393.62,14,9,4,Engine
7886,159,2025-05-10,Repair,1386.31,26,10,5,Engine
7887,130,2025-03-01,Repair,3173.51,12,5,4,Brakes
7888,23,2024-02-20,Repair,4770.65,9,9,2,Engine
7889,34,2023-08-12,Warranty,183.11,7,3,5,Transmission
7890,43,2023-01-23,Routine,4737.92,30,1,5,Engine
7891,163,2024-10-12,Routine,763.7,9,7,0,Transmission
7892,56,2023-02-06,Repair,3940.43,14,6,0,Tires
7893,63,2024-08-05,Warranty,3642.28,14,10,1,Brakes
7894,20,2025-03-23,Repair,4469.28,4,3,5,Engine
7895,180,2024-08-31,Warranty,970.21,17,5,4,Engine
7896,16,2023-05-23,Repair,1174.56,9,1,4,Tires
7897,122,2024-07-06,Repair,3373.44,17,2,4,Tires
7898,72,2024-10-21,Repair,4476.45,5,5,5,Brakes
7899,121,2025-08-29,Warranty,658.31,11,5,4,Engine
7900,28,2024-09-11,Warranty,4460.83,16,6,4,Brakes
7901,135,2022-12-07,Warranty,2050.05,17,7,3,Brakes
7902,110,2023-09-27,Warranty,1971.11,29,4,4,Tires
7903,61,2025-10-06,Warranty,1568.7,30,3,0,Transmission
7904,167,2024-05-23,Repair,2180.42,8,6,0,Brakes
7905,64,2023-08-12,Routine,2530.13,15,9,1,Engine
7906,114,2023-04-10,Repair,1117.15,10,2,2,Tires
7907,63,2025-07-06,Warranty,3942.53,6,6,4,Engine
7908,138,2023-08-15,Repair,2769.07,3,4,1,Engine
7909,38,2023-05-17,Repair,3109.62,19,9,2,Brakes
7910,106,2022-12-28,Warranty,278.53,1,3,0,Engine
7911,59,2024-10-13,Warranty,4747.21,7,8,3,Tires
7912,16,2023-10-01,Warranty,547.29,22,5,4,Brakes
7913,106,2024-09-03,Routine,2917.06,19,3,3,Tires
7914,169,2023-01-25,Routine,1090.68,21,4,5,Engine
7915,4,2023-10-08,Repair,4467.27,18,4,0,Brakes
7916,131,2023-07-02,Repair,819.45,2,8,0,Transmission
7917,139,2025-05-18,Routine,1838.32,26,3,4,Transmission
7918,17,2023-05-10,Repair,526.69,14,5,5,Tires
7919,80,2025-06-14,Warranty,1698.47,21,6,0,Tires
7920,103,2023-08-23,Repair,174.77,4,7,2,Engine
7921,197,2023-09-01,Warranty,3289.18,13,9,5,Transmission
7922,118,2025-07-14,Routine,4175.26,2,3,3,Brakes
7923,94,2024-04-06,Routine,570.56,13,4,0,Transmission
7924,77,2023-02-01,Repair,2849.19,13,9,3,Tires
7925,39,2024-05-12,Repair,926.58,5,3,2,Brakes
7926,66,2024-01-07,Repair,2169.88,17,10,5,Transmission
7927,141,2024-12-28,Routine,2818.73,3,6,0,Engine
7928,162,2024-04-22,Repair,2349.29,13,10,5,Tires
7929,25,2024-02-12,Routine,1053.25,29,5,2,Brakes
7930,159,2024-01-25,Warranty,4784.08,29,4,1,Brakes
7931,24,2024-11-30,Warranty,3681.24,6,10,4,Engine
7932,64,2025-04-28,Repair,765.23,18,6,0,Engine
7933,109,2024-10-13,Warranty,300.74,22,7,2,Transmission
7934,21,2024-01-16,Routine,1251.72,15,4,3,Tires
7935,29,2023-03-25,Repair,520.11,24,5,4,Brakes
7936,1,2025-01-25,Routine,1453.24,4,2,5,Brakes
7937,17,2023-11-24,Repair,4465.65,2,8,3,Brakes
7938,135,2023-12-16,Warranty,2783.65,11,6,4,Engine
7939,149,2025-05-19,Warranty,1234.83,27,5,1,Transmission
7940,19,2024-06-05,Repair,332.81,1,1,4,Transmission
7941,32,2023-09-21,Routine,1094.7,15,6,3,Brakes
7942,126,2024-04-06,Repair,884.87,11,4,0,Transmission
7943,64,2024-01-18,Repair,1377.89,5,1,2,Brakes
7944,162,2024-11-19,Repair,1900.84,27,2,5,Brakes
7945,64,2022-10-11,Repair,282.1,17,6,5,Engine
7946,45,2024-11-27,Routine,1548.79,9,1,3,Transmission
7947,115,2022-10-17,Warranty,4296.04,25,2,4,Tires
7948,68,2025-05-07,Warranty,3439.23,8,2,5,Engine
7949,170,2024-07-19,Routine,2434.82,12,3,0,Engine
7950,65,2023-04-03,Warranty,2835.61,3,7,2,Brakes
7951,50,2023-12-25,Repair,3589.34,30,7,1,Engine
7952,168,2025-06-06,Repair,2014.22,10,4,4,Tires
7953,140,2023-08-04,Warranty,1356.49,8,8,2,Transmission
7954,193,2023-06-04,Routine,4259.09,13,2,1,Transmission
7955,133,2024-12-23,Repair,1259.48,28,7,0,Engine
7956,55,2025-03-17,Routine,2886.23,9,9,3,Engine
7957,67,2024-06-18,Routine,2937.01,19,8,2,Brakes
7958,160,2022-12-29,Warranty,2215.5,18,7,0,Tires
7959,181,2024-03-15,Warranty,395.99,29,9,4,Transmission
7960,4,2022-10-14,Routine,4268.16,7,8,1,Transmission
7961,52,2023-03-17,Repair,812.68,14,6,4,Tires
7962,109,2024-04-15,Repair,325.87,20,4,0,Tires
7963,13,2023-05-30,Warranty,4706.6,20,5,5,Tires
7964,10,2022-12-29,Repair,3250.59,8,9,2,Engine
7965,145,2025-10-01,Routine,1551.61,6,9,2,Transmission
7966,169,2023-07-14,Routine,4269.29,21,10,0,Transmission
7967,85,2025-09-06,Warranty,829.74,26,1,5,Brakes
7968,124,2023-08-06,Repair,2105.45,16,6,4,Tires
7969,2,2023-12-12,Routine,1305.14,21,7,3,Tires
7970,53,2023-04-22,Warranty,4855.48,26,5,2,Brakes
7971,166,2024-08-09,Repair,3210.58,29,3,5,Engine
7972,87,2024-11-01,Routine,4570.11,9,6,1,Engine
7973,79,2024-03-12,Warranty,3416.74,4,8,0,Engine
7974,194,2023-09-10,Repair,3584.16,22,3,1,Brakes
7975,151,2024-07-11,Routine,478.86,23,6,1,Transmission
7976,179,2024-01-09,Routine,1310.37,29,8,2,Brakes
7977,120,2024-06-06,Routine,3457.57,26,3,4,Engine
7978,155,2022-12-26,Repair,4032.64,21,9,5,Engine
7979,128,2024-12-05,Warranty,1027.27,12,4,4,Brakes
7980,103,2023-08-14,Routine,4849.48,7,1,5,Brakes
7981,142,2023-03-28,Repair,4492.48,28,3,3,Transmission
7982,6,2022-12-20,Routine,3851.08,20,9,0,Brakes
7983,74,2025-01-28,Warranty,1644.67,19,3,0,Tires
7984,119,2024-10-16,Repair,1424.33,7,8,3,Engine
7985,91,2025-02-22,Routine,4020.04,1,4,1,Brakes
7986,42,2024-08-23,Routine,330.48,9,10,2,Tires
7987,144,2023-06-04,Routine,3824.35,4,9,2,Tires
7988,132,2024-09-16,Repair,1249.93,6,10,2,Transmission
7989,130,2023-03-19,Warranty,4720.0,30,9,2,Transmission
7990,142,2023-08-09,Repair,3747.52,29,10,1,Transmission
7991,143,2024-10-30,Warranty,1132.79,24,8,3,Brakes
7992,110,2025-07-25,Repair,4835.14,28,1,3,Transmission
7993,68,2023-10-28,Routine,2969.24,20,8,5,Brakes
7994,196,2025-03-24,Routine,4910.34,27,10,0,Brakes
7995,123,2024-07-08,Warranty,4597.88,1,5,4,Tires
7996,77,2024-02-05,Warranty,1852.46,23,5,0,Tires
7997,158,2024-11-21,Routine,2068.77,4,10,3,Transmission
7998,135,2025-03-31,Routine,319.77,23,1,2,Tires
7999,195,2022-12-05,Repair,4266.59,24,4,0,Brakes
8000,146,2023-06-18,Repair,4021.04,5,4,0,Brakes
